"country_sector_vec","ESRI_weight_1","ESRI_d_weight_1","ESRI_u_weight_1"
"('CN', 'Production of electricity by coal')","0.424992938476085","0.424900301806199","0.00805409927788298"
"('CN', 'Steam and hot water supply')","0.420140648889647","0.42013898957567","0.000844473839780499"
"('CN', 'Manufacture of ceramic goods')","0.417341097620569","0.417307800354024","0.010826926710181"
"('CN', 'Mining of coal and lignite; extraction of peat (10)')","0.416317177859147","0.416084246814419","0.0118876611780347"
"('CN', 'Manufacture of furniture; manufacturing n.e.c. (36)')","0.412955692633576","0.412888837823303","0.0124287171731179"
"('CN', 'Aluminium production')","0.403730488208617","0.403709494919911","0.00706300891932967"
"('CN', 'Manufacture of coke oven products')","0.402950059489019","0.402916683588525","0.00325960388681587"
"('CN', 'Manufacture of glass and glass products')","0.396737920731807","0.39671854861647","0.00924984998216077"
"('CN', 'Manufacture of other non-metallic mineral products n.e.c.')","0.396568036714551","0.3965371353048","0.00717917699382672"
"('CN', 'Manufacture of basic iron and steel and of ferro-alloys and first products thereof')","0.396242253850632","0.396146896436944","0.0268895036516068"
"('CN', 'Other non-ferrous metal production')","0.396163990559395","0.396136373598271","0.00193638023567914"
"('CN', 'Lead, zinc and tin production')","0.366627329024299","0.366622605169931","0.00127765890892135"
"('CN', 'Production of electricity by hydro')","0.309984023085469","0.309981761959272","0.00120190150906782"
"('CN', 'Research and development (73)')","0.29188462712646","0.291821862728902","0.00909185536575232"
"('CN', 'Manufacture of rubber and plastic products (25)')","0.279052932070795","0.278772276636697","0.0225342786543949"
"('CN', 'Production of electricity by solar photovoltaic')","0.261365296405491","0.261365086103797","0.000236456543046873"
"('CN', 'Transmission of electricity')","0.245324715686076","0.245313228795541","0.003086624615649"
"('CN', 'Production of electricity by wind')","0.222349930602261","0.222349318962971","0.000415130555233092"
"('CN', 'Transport via railways')","0.213393665482301","0.213378306813928","0.00432780725664448"
"('CN', 'Plastics, basic')","0.202107929098623","0.201819592677188","0.0109970744052203"
"('US', 'Activities auxiliary to financial intermediation (67)')","0.187935783801782","0.187929675879216","0.00870244582110367"
"('US', 'Real estate activities (70)')","0.177106112926442","0.176820879858213","0.0306979675602947"
"('CN', 'Casting of metals')","0.175305479401722","0.175293552913747","0.00273332448041404"
"('CN', 'Retail trade, except of motor vehicles and motorcycles; repair of personal and household goods (52)')","0.162356073472517","0.162254163552778","0.0128754984636753"
"('CN', 'Precious metals production')","0.160200159426718","0.160192582860458","0.00102384041546245"
"('CN', 'Manufacture of cement, lime and plaster')","0.15005785396898","0.150021062729785","0.0053198661833804"
"('CN', 'Retail sale of automotive fuel')","0.14524356498532","0.145231415768138","0.000844964233614245"
"('CN', 'Financial intermediation, except insurance and pension funding (65)')","0.141741414606083","0.141719938608085","0.0122971231544784"
"('US', 'Insurance and pension funding, except compulsory social security (66)')","0.139638862882947","0.138907823058947","0.0166991895413768"
"('CN', 'Inland water transport')","0.13946791694873","0.139466424045998","0.000391458713228926"
"('CN', 'Petroleum Refinery')","0.130568473033524","0.126108745704141","0.0224268459308526"
"('US', 'Post and telecommunications (64)')","0.120181235156086","0.120133862333778","0.0125088939981634"
"('CN', 'Distribution and trade of electricity')","0.11888607930606","0.118871743073073","0.0037237622762681"
"('CN', 'Sea and coastal water transport')","0.118318720659584","0.118247497350918","0.0041230473606353"
"('CN', 'Hotels and restaurants (55)')","0.117162168575246","0.117004147083719","0.0124753135812879"
"('CN', 'Recycling of waste and scrap')","0.116414799448451","0.11641478574858","2.57807025388197e-05"
"('CN', 'Manufacture of other transport equipment (35)')","0.109049442353369","0.109013139319228","0.00504726199953536"
"('CN', 'Manufacture of wood and of products of wood and cork, except furniture; manufacture of articles of straw and plaiting materials (20)')","0.108457312091581","0.108061633927845","0.00489335272509021"
"('CN', 'Wholesale trade and commission trade, except of motor vehicles and motorcycles (51)')","0.10256341325242","0.102396420287457","0.0189997934211426"
"('CN', 'Air transport (62)')","0.101146679422509","0.10111610713787","0.00458982359620606"
"('CN', 'Real estate activities (70)')","0.0966257541095005","0.0965834050897455","0.0123406385527686"
"('CN', 'Manufacture of bricks, tiles and construction products, in baked clay')","0.0909499552727808","0.0909481930351605","0.000361411391157897"
"('CN', 'Production of electricity by nuclear')","0.0802271555975725","0.0802262692691023","0.000316893710302911"
"('US', 'Financial intermediation, except insurance and pension funding (65)')","0.079914282253519","0.0796923710319181","0.0140506096772915"
"('CN', 'Re-processing of secondary steel into new steel')","0.0799106661438262","0.0798797408357589","0.00524600343560231"
"('CN', 'Construction (45)')","0.0788956412647773","0.0216890375779527","0.0761636682895308"
"('IE', 'Renting of machinery and equipment without operator and of personal and household goods (71)')","0.0776912762335689","0.0776808978799078","0.00137330077415846"
"('CN', 'Other land transport')","0.0727168324715215","0.0725945832755026","0.011865992106746"
"('WA', 'N-fertiliser')","0.0707683304345675","0.0707644641053411","0.00020070480992044"
"('US', 'Wholesale trade and commission trade, except of motor vehicles and motorcycles (51)')","0.0691899120138364","0.0687360452627315","0.0190505576109465"
"('CN', 'Public administration and defence; compulsory social security (75)')","0.0688399243898394","0.0685510049275001","0.00928518890706946"
"('CN', 'Copper production')","0.0684308733194791","0.0684184286745584","0.00223111729574781"
"('CN', 'Insurance and pension funding, except compulsory social security (66)')","0.0643349792703783","0.0641531507051286","0.00483671937078914"
"('US', 'Manufacture of gas; distribution of gaseous fuels through mains')","0.0639310618805045","0.0639224868464114","0.00181536621509417"
"('SE', 'Mining of copper ores and concentrates')","0.0636079343359437","0.0636068173926363","7.63720685372861e-05"
"('CN', 'Manufacture of medical, precision and optical instruments, watches and clocks (33)')","0.0634443963475318","0.063416095419227","0.00140022386123201"
"('US', 'Supporting and auxiliary transport activities; activities of travel agencies (63)')","0.0624943425715313","0.0624676187409494","0.00745586044886547"
"('US', 'Hotels and restaurants (55)')","0.0619610736905311","0.0616785329499065","0.0103017197354622"
"('US', 'Other land transport')","0.0600261568201545","0.0599862000903161","0.0101669802382288"
"('CN', 'Post and telecommunications (64)')","0.0589608615884674","0.0588208703017642","0.00654497246770717"
"('CN', 'Manufacture of fish products')","0.0558523737957271","0.0494672387193745","0.011583765595326"
"('DE', 'Quarrying of sand and clay')","0.0539077502146627","0.0539011824248015","0.000457872877489195"
"('CN', 'Chemicals nec')","0.0521466644603621","0.0511874203221264","0.0137914562914246"
"('CN', 'Fishing, operating of fish hatcheries and fish farms; service activities incidental to fishing (05)')","0.0518370897702074","0.0517169118996453","0.00361198662978217"
"('US', 'Construction (45)')","0.0512540722429328","0.0474310123672465","0.0174586221159664"
"('US', 'Production of electricity by gas')","0.0482518155080583","0.0482239071326171","0.00101894367385362"
"('DE', 'Production of electricity by biomass and waste')","0.0470558831177351","0.0470558142114853","4.50359591883507e-05"
"('IN', 'N-fertiliser')","0.0460794558082575","0.0460772431844895","0.000294829236428256"
"('US', 'Sale, maintenance, repair of motor vehicles, motor vehicles parts, motorcycles, motor cycles parts and accessoiries')","0.0455286007083641","0.0454934930551077","0.00289368772659267"
"('US', 'Production of electricity by nuclear')","0.044738900011025","0.0447377245454421","0.000263030079199038"
"('CN', 'Sale, maintenance, repair of motor vehicles, motor vehicles parts, motorcycles, motor cycles parts and accessoiries')","0.0431779815618767","0.0431383922977646","0.00390666605069863"
"('CN', 'Production of meat products nec')","0.0418718687655775","0.0418549173499979","0.00145831237279858"
"('CN', 'Transport via pipelines')","0.0418114580040569","0.041809010129285","0.000883180912160172"
"('AU', 'Mining of nickel ores and concentrates')","0.0417091258244504","0.0417052788916566","3.63242632941449e-05"
"('CN', 'Pigs farming')","0.0407845938266619","0.0405936697108277","0.00440778730414838"
"('AU', 'Mining of aluminium ores and concentrates')","0.0401908632925948","0.0401908517545861","4.09126577032067e-06"
"('US', 'Distribution and trade of electricity')","0.0397148210939632","0.0397106601330854","0.00123571585929968"
"('CN', 'Manufacture of electrical machinery and apparatus n.e.c. (31)')","0.0392553331093921","0.0349838673501734","0.0231718598165718"
"('CN', 'Extraction, liquefaction, and regasification of other petroleum and gaseous materials')","0.0388031135553071","0.0388014749504746","0.000151932736569286"
"('JP', 'Production of electricity nec')","0.0386273200771029","0.0386271879417309","1.275154937725e-05"
"('CN', 'Computer and related activities (72)')","0.0380859449663679","0.0377862785762467","0.00633918863766924"
"('CN', 'Production of electricity by gas')","0.0380276003086175","0.0379428566729467","0.000663435185247042"
"('CN', 'Processing of Food products nec')","0.0371473410906817","0.032258883988307","0.0168722786849001"
"('CN', 'Cultivation of vegetables, fruit, nuts')","0.0366286245136963","0.0350210587084519","0.00628375987839849"
"('US', 'Air transport (62)')","0.0361396306768154","0.0360200793578197","0.00349342605032011"
"('CN', 'Supporting and auxiliary transport activities; activities of travel agencies (63)')","0.035965431683882","0.0357187987380103","0.00619001410617775"
"('US', 'Computer and related activities (72)')","0.0350304853817824","0.0348662197397542","0.00814134353257531"
"('WA', 'Production of electricity by Geothermal')","0.034332080172609","0.034332046361461","1.03294569665172e-05"
"('CN', 'Cultivation of sugar cane, sugar beet')","0.0338904657699311","0.0338775742956712","0.000490925581775201"
"('US', 'Manufacture of other transport equipment (35)')","0.0337968265023434","0.0336147073368691","0.00235207005944265"
"('CN', 'Paper')","0.0329921545513112","0.0307948338384051","0.0105615447171019"
"('US', 'Retail trade, except of motor vehicles and motorcycles; repair of personal and household goods (52)')","0.0320441183957651","0.0310841204688916","0.00994961910452299"
"('US', 'Petroleum Refinery')","0.0312965201077433","0.0251296257368834","0.0160511095334488"
"('US', 'Renting of machinery and equipment without operator and of personal and household goods (71)')","0.0309429052622139","0.0309403395104361","0.00118906770609781"
"('US', 'Retail sale of automotive fuel')","0.0305492776798175","0.0305042338195546","0.00106755492965118"
"('CN', 'Activities auxiliary to financial intermediation (67)')","0.0304167018823802","0.0304079585669088","0.00205446785097118"
"('CN', 'Manufacture of motor vehicles, trailers and semi-trailers (34)')","0.0301795362878209","0.013863257881721","0.0259171160514753"
"('US', 'Other business activities (74)')","0.029746802884597","0.0269798760776089","0.0232064719070003"
"('DE', 'Quarrying of stone')","0.0292948557776302","0.0292919686309778","0.000172830805743479"
"('US', 'Extraction of crude petroleum and services related to crude oil extraction, excluding surveying')","0.0286998150631189","0.0285910332789935","0.0114225597549087"
"('US', 'Production of electricity by Geothermal')","0.0283135213046568","0.0283135211150714","6.45495190711618e-06"
"('CN', 'Cultivation of paddy rice')","0.0276820676344165","0.0276587061035939","0.00135018024890475"
"('CN', 'Manufacture of textiles (17)')","0.0275825081242972","0.0241353294197662","0.0179698642251371"
"('CN', 'Manufacture of fabricated metal products, except machinery and equipment (28)')","0.0273197111258404","0.0176745140243071","0.0244834963669553"
"('CN', 'Manufacture of wearing apparel; dressing and dyeing of fur (18)')","0.027287911279854","0.0234209143532792","0.0141410847757056"
"('US', 'Transmission of electricity')","0.0271532168447415","0.0271525085593604","0.000286870105420614"
"('CN', 'Manufacture of gas; distribution of gaseous fuels through mains')","0.0263761946534607","0.0262995159933863","0.00107693743534361"
"('US', 'Production of electricity by solar thermal')","0.0256745287408941","0.0256745287007849","1.19447018755344e-06"
"('SE', 'Incineration of waste: Metals and Inert materials')","0.0253603166169837","0.0253458864030198","0.000145309200047894"
"('CN', 'Tanning and dressing of leather; manufacture of luggage, handbags, saddlery, harness and footwear (19)')","0.0251541417425907","0.0241241044467029","0.00552325427894117"
"('US', 'Production of electricity by wind')","0.0249755522657205","0.024975142962292","0.000118675212594257"
"('WM', 'Production of electricity by petroleum and other oil derivatives')","0.0243497143956067","0.0243324367284833","0.00027457451875845"
"('CN', 'Wool, silk-worm cocoons')","0.0240696734280334","0.0240694992619755","0.000100305307667874"
"('WM', 'Extraction of natural gas and services related to natural gas extraction, excluding surveying')","0.0234475074793607","0.0234418195464554","0.00120144482703831"
"('CN', 'Manufacture of office machinery and computers (30)')","0.0234004920567688","0.0190481234760019","0.0204452885273652"
"('US', 'Inland water transport')","0.0231203292575075","0.0231151860652703","0.000341703488980235"
"('CN', 'Processed rice')","0.0216256359586097","0.0209830472218126","0.00155557056546432"
"('WA', 'Processing vegetable oils and fats')","0.0210954873989826","0.0206259824437752","0.00127393025690914"
"('ES', 'Mining of copper ores and concentrates')","0.0207514463261741","0.0207441966866678","8.74415291285442e-05"
"('WA', 'Extraction of natural gas and services related to natural gas extraction, excluding surveying')","0.0207174129103066","0.0207069165053895","0.00118725041417384"
"('WM', 'Extraction of crude petroleum and services related to crude oil extraction, excluding surveying')","0.0206126222852292","0.0203462440358498","0.00581689455850313"
"('US', 'Health and social work (85)')","0.0205411437723269","0.000814495801253596","0.0205411437721537"
"('CN', 'Poultry farming')","0.0202187730144966","0.0192264396425639","0.00407806959664125"
"('IT', 'Incineration of waste: Food')","0.0200475777002742","0.0200382749408568","0.000103126025384066"
"('BE', 'Mining of chemical and fertilizer minerals, production of salt, other mining and quarrying n.e.c.')","0.0196466748362933","0.0196371238005131","0.000106512731185045"
"('US', 'Research and development (73)')","0.0195115833898819","0.0148721214416991","0.0134355370289329"
"('WA', 'Production of meat products nec')","0.0192418061958953","0.018587978059171","0.0014205134210304"
"('DE', 'Renting of machinery and equipment without operator and of personal and household goods (71)')","0.018959494914004","0.0189546474406743","0.00123137324523834"
"('CN', 'Other business activities (74)')","0.0187736316903819","0.0129221884721878","0.0185758179365424"
"('CN', 'Extraction of natural gas and services related to natural gas extraction, excluding surveying')","0.0181976706396362","0.0181012591670469","0.00176468949498193"
"('FR', 'Production of electricity by nuclear')","0.0181020138090143","0.017974311399192","0.000562144902235282"
"('US', 'Production of electricity by solar photovoltaic')","0.0175497096520236","0.0175496314822544","4.1512294915276e-05"
"('CN', 'P- and other fertiliser')","0.017493638449046","0.0136033990925963","0.00648209048014052"
"('AU', 'Mining of precious metal ores and concentrates')","0.0173842920340314","0.0173151180067066","0.000194625568524995"
"('ES', 'Mining of lead, zinc and tin ores and concentrates')","0.0173557227042718","0.0173551073126806","1.21305270582623e-05"
"('IT', 'Quarrying of sand and clay')","0.0173492514418386","0.0173276364889052","0.000234560765053691"
"('US', 'Production of electricity nec')","0.0166861867322696","0.0166861866444709","1.50318485809968e-06"
"('US', 'Incineration of waste: Plastic')","0.0165031501637279","0.0165019281428881","5.30798655404005e-05"
"('CN', 'Processing of meat pigs')","0.016472576813776","0.0141970787276099","0.00486850313101305"
"('WM', 'N-fertiliser')","0.0164047005400756","0.0163985455482361","0.000100754097577426"
"('DE', 'Sale, maintenance, repair of motor vehicles, motor vehicles parts, motorcycles, motor cycles parts and accessoiries')","0.0163214813352299","0.0162826300621904","0.000884265189800146"
"('US', 'Transport via railways')","0.0160803558596268","0.0160632981954501","0.000782584727694472"
"('DE', 'Incineration of waste: Plastic')","0.0158370267567433","0.0158306377081742","0.00023255310254189"
"('CN', 'Meat animals nec')","0.0156168365743888","0.0156064716274286","0.000438731631420636"
"('US', 'Extraction of natural gas and services related to natural gas extraction, excluding surveying')","0.01515398474122","0.0151406671317205","0.00150476529793394"
"('CN', 'Processing of meat poultry')","0.0150697500443189","0.0142704688273117","0.00252408993757607"
"('TR', 'Quarrying of stone')","0.014971254695695","0.014943675232504","0.000125052642912504"
"('IT', 'Production of electricity by biomass and waste')","0.0144065376526682","0.0144053362344563","4.95387832258621e-05"
"('CN', 'Extraction of crude petroleum and services related to crude oil extraction, excluding surveying')","0.0142092418497561","0.0136817125002901","0.00686221866628954"
"('CN', 'Cultivation of wheat')","0.0138293084800649","0.0137277304817227","0.000830954601953753"
"('CN', 'Animal products nec')","0.0137472096553331","0.013726704525108","0.000186574274767634"
"('CN', 'Education (80)')","0.0135384534753394","0.0125920451328093","0.00534662444388552"
"('WA', 'Sale, maintenance, repair of motor vehicles, motor vehicles parts, motorcycles, motor cycles parts and accessoiries')","0.0131419419484741","0.0130683963921903","0.00199681411340882"
"('NL', 'Renting of machinery and equipment without operator and of personal and household goods (71)')","0.0122767347652826","0.0121900549414556","0.000897328631535489"
"('KR', 'Plastics, basic')","0.0122621731077532","0.0121440303591986","0.00131426243668761"
"('GB', 'Landfill of waste: Textiles')","0.0122060254959446","0.0122048200372233","9.49949841569553e-05"
"('US', 'Plastics, basic')","0.0121304721314883","0.0119048962162727","0.00310021166185808"
"('CN', 'Cultivation of cereal grains nec')","0.0113580348553235","0.0109427135315903","0.00157691224467886"
"('US', 'Chemicals nec')","0.0110549466399436","0.00911953471233712","0.00625177574156877"
"('RU', 'Extraction of crude petroleum and services related to crude oil extraction, excluding surveying')","0.0109185882132958","0.0108491359747468","0.00233473076614886"
"('US', 'Production of electricity by coal')","0.0107919234463936","0.0106466158948434","0.00051424030357977"
"('CN', 'N-fertiliser')","0.0107682796233511","0.0107677668699623","8.2855638323153e-05"
"('US', 'Manufacture of motor vehicles, trailers and semi-trailers (34)')","0.0107402428654153","0.00407791828606683","0.00946632396763022"
"('WA', 'Pigs farming')","0.0106902306335674","0.0106380632808569","0.00104672764030082"
"('DE', 'Supporting and auxiliary transport activities; activities of travel agencies (63)')","0.0104881890899526","0.0101560232372359","0.00382650974346446"
"('WA', 'Cultivation of crops nec')","0.0104847177747438","0.0103078792055282","0.000623852731414387"
"('DE', 'Incineration of waste: Paper')","0.0104707074698401","0.010462242359233","0.000229238439821268"
"('US', 'Manufacture of rubber and plastic products (25)')","0.0104157405940953","0.0089565144718404","0.00637427423676864"
"('DE', 'Biogasification of paper, incl. land application')","0.0103872042794192","0.0103871743361661","1.06258150690756e-05"
"('CN', 'Cultivation of oil seeds')","0.0103646317509306","0.0100673063220461","0.00133016067604994"
"('DE', 'Collection, purification and distribution of water (41)')","0.0102663969602621","0.0102641257651616","0.000158733493294099"
"('DE', 'Construction (45)')","0.0101947288709172","0.00820556190807116","0.00532406848392019"
"('DE', 'Production of electricity by wind')","0.0100677753302933","0.0100674632282181","0.000132560198544708"
"('WA', 'Inland water transport')","0.00963048112775087","0.00962531047203177","0.000130301165792475"
"('IT', 'Production of electricity by Geothermal')","0.00945718161579446","0.00945715852418801","1.65043351426971e-05"
"('BE', 'Incineration of waste: Metals and Inert materials')","0.00941250722446932","0.00939406814770918","0.000100794907101393"
"('US', 'Production of electricity by biomass and waste')","0.00936420047403383","0.00936419846400914","4.74632494718029e-06"
"('WA', 'Wholesale trade and commission trade, except of motor vehicles and motorcycles (51)')","0.00926427691840859","0.00902953821948009","0.00465344623324343"
"('CN', 'Production of electricity by petroleum and other oil derivatives')","0.00923320255875201","0.00923311259725042","2.1128367062331e-05"
"('NL', 'Incineration of waste: Paper')","0.00922167400705286","0.00921203772191679","8.27361255648224e-05"
"('US', 'Public administration and defence; compulsory social security (75)')","0.00894372096830205","0.00751552204600787","0.00539859031730717"
"('DE', 'Mining of chemical and fertilizer minerals, production of salt, other mining and quarrying n.e.c.')","0.00891980375939157","0.00891504404053388","8.9324747225533e-05"
"('DE', 'Incineration of waste: Food')","0.0088712938742101","0.00886570150901964","0.000162224693474244"
"('US', 'Manufacture of bricks, tiles and construction products, in baked clay')","0.00879047647662009","0.00878701376824695","0.000237974138653436"
"('TR', 'Mining of chemical and fertilizer minerals, production of salt, other mining and quarrying n.e.c.')","0.00877444232192163","0.00877413664762302","2.56642031046978e-05"
"('ES', 'Production of electricity by solar thermal')","0.00873848266692564","0.00873847901078269","3.95107866394728e-06"
"('CN', 'Cultivation of crops nec')","0.00871086686413387","0.00867905369623326","0.000552718242008342"
"('JP', 'Mining of other non-ferrous metal ores and concentrates')","0.00864092994300414","0.00850102335170295","0.000353689053047227"
"('CN', 'Health and social work (85)')","0.00862508780928662","0.00209152131582462","0.00862503382406364"
"('WA', 'Sea and coastal water transport')","0.0085824258632391","0.00855668405150964","0.000860507858860711"
"('US', 'Processing of Food products nec')","0.00850825285750527","0.0047412121532593","0.00718609480843547"
"('WL', 'Retail sale of automotive fuel')","0.00845765677526256","0.0084538168691626","9.82120473446448e-05"
"('IT', 'Incineration of waste: Plastic')","0.00842693026615553","0.00841239431333839","0.000215716952966269"
"('WA', 'Air transport (62)')","0.00829487467510273","0.00763922817394323","0.00186026514820582"
"('WA', 'Construction (45)')","0.00809879057542799","0.00425305102789055","0.00670157594332221"
"('IN', 'Petroleum Refinery')","0.00786384605603051","0.00489765991025178","0.00606079708364635"
"('IT', 'Renting of machinery and equipment without operator and of personal and household goods (71)')","0.00785790856195255","0.00782913676878786","0.000568472351107269"
"('DE', 'Public administration and defence; compulsory social security (75)')","0.0078310436025922","0.00769999349880012","0.0016705651873758"
"('IN', 'Cultivation of paddy rice')","0.00782252742783528","0.00730385280282736","0.00116584654238184"
"('AU', 'Mining of coal and lignite; extraction of peat (10)')","0.00773523827831201","0.00747982062401048","0.00167753783779803"
"('US', 'Production of electricity by petroleum and other oil derivatives')","0.00769745016981223","0.00769571359887825","3.36033571715258e-05"
"('US', 'Manufacture of fabricated metal products, except machinery and equipment (28)')","0.00763921666450777","0.00446591052018004","0.00752213270444075"
"('IN', 'Construction (45)')","0.0075066786356503","0.00266103463883022","0.00701410088528431"
"('SE', 'Mining of lead, zinc and tin ores and concentrates')","0.00748365483982361","0.00748234161659991","2.50685997790067e-05"
"('DE', 'Transport via railways')","0.00740250964966143","0.00738193670146059","0.000779358412284826"
"('JP', 'Construction (45)')","0.00738044024306004","0.0023295357515665","0.00719781639585409"
"('WA', 'Transport via railways')","0.0073386859042431","0.0072648763438119","0.000673323662846626"
"('IT', 'Waste water treatment, food')","0.00733230126230734","0.00732450372910768","0.000114531920743261"
"('GB', 'Collection, purification and distribution of water (41)')","0.00719554984551199","0.00719359659500886","0.000163083419462981"
"('US', 'Education (80)')","0.00717109040665559","0.00144189543325496","0.00707196428847326"
"('WA', 'Other land transport')","0.00712415120188444","0.00700406266381685","0.00193771755208445"
"('FI', 'Mining of nickel ores and concentrates')","0.00710602355904815","0.00709833488677337","2.96987071773457e-05"
"('IT', 'Supporting and auxiliary transport activities; activities of travel agencies (63)')","0.00709005780703961","0.0068440315161912","0.00177763359561838"
"('IT', 'Mining of chemical and fertilizer minerals, production of salt, other mining and quarrying n.e.c.')","0.00703404752063555","0.0070293646026635","4.04927262943758e-05"
"('US', 'Processing of dairy products')","0.00697155100722306","0.00580187366642022","0.00241686533895592"
"('WA', 'Manufacture of furniture; manufacturing n.e.c. (36)')","0.00692915449208106","0.0061445174885263","0.00233944546099762"
"('CN', 'Manufacture of radio, television and communication equipment and apparatus (32)')","0.00692455750235886","0.00374191320171515","0.00605099409413267"
"('WA', 'Extraction of crude petroleum and services related to crude oil extraction, excluding surveying')","0.00680021113177403","0.0066653728979014","0.00269202196239277"
"('US', 'Steam and hot water supply')","0.00677677793883263","0.00677363564207588","5.60498622548149e-05"
"('AU', 'Extraction of natural gas and services related to natural gas extraction, excluding surveying')","0.00677576170971728","0.0066070766224092","0.00138566411395568"
"('US', 'Incineration of waste: Paper')","0.00675655047639777","0.00675587770258875","2.97802118889418e-05"
"('JP', 'Manufacture of medical, precision and optical instruments, watches and clocks (33)')","0.00673300150928571","0.00672331545408174","0.000208878488135707"
"('JP', 'Retail trade, except of motor vehicles and motorcycles; repair of personal and household goods (52)')","0.00673267648809898","0.00650874448282505","0.00342606336211904"
"('DE', 'Manufacture of motor vehicles, trailers and semi-trailers (34)')","0.00664764160212224","0.00323702968798918","0.00601887122355361"
"('IE', 'Air transport (62)')","0.00659756004187907","0.00613321135844626","0.00146757290816869"
"('DE', 'Incineration of waste: Textiles')","0.00658922213348797","0.00658808260946871","4.21479403438359e-05"
"('US', 'Casting of metals')","0.00658009965433123","0.00644208916386918","0.00112038682176505"
"('US', 'Re-processing of secondary steel into new steel')","0.00653229551064737","0.00618667853295457","0.00233769311091199"
"('WL', 'Production of electricity by Geothermal')","0.00643909014622332","0.00643908358090461","4.66938063892472e-06"
"('WA', 'Petroleum Refinery')","0.00640588459471127","0.00473012855007904","0.00441818075558119"
"('US', 'N-fertiliser')","0.00632239339939865","0.00632206777554367","4.93139383309633e-05"
"('NL', 'Incineration of waste: Food')","0.00631364051873134","0.00630193846480284","8.07961914680448e-05"
"('WA', 'Plastics, basic')","0.00625129946030803","0.00613136340595187","0.00100181419379135"
"('IT', 'Recycling of waste and scrap')","0.00624844546075409","0.00624811289747328","2.78658230814666e-05"
"('WA', 'Production of electricity by gas')","0.00624771489612909","0.00617568526541226","0.000386517779633911"
"('DE', 'Production of electricity by solar photovoltaic')","0.00612277471349878","0.0061226560065204","4.63953649748889e-05"
"('DE', 'Incineration of waste: Metals and Inert materials')","0.00609326697969985","0.00606993242977218","0.000249651293007196"
"('CN', 'Mining of aluminium ores and concentrates')","0.00609268953290223","0.00609268627913997","6.79541905583469e-07"
"('WA', 'Public administration and defence; compulsory social security (75)')","0.00602875822876766","0.00495714245383638","0.00221042688352742"
"('JP', 'Sale, maintenance, repair of motor vehicles, motor vehicles parts, motorcycles, motor cycles parts and accessoiries')","0.00601822890954351","0.0057409379964419","0.00215015907472593"
"('AU', 'Manufacture of gas; distribution of gaseous fuels through mains')","0.0059095295714044","0.00589542789644794","0.000770121867990483"
"('JP', 'Wholesale trade and commission trade, except of motor vehicles and motorcycles (51)')","0.00580379766896386","0.00558202245797534","0.00416021313955653"
"('CN', 'Manufacture of tobacco products (16)')","0.00576820610762164","0.0054836369197809","0.000585736661743388"
"('US', 'Paper')","0.00576599398839643","0.00439706920573727","0.00403436601016376"
"('CA', 'Production of electricity by hydro')","0.00576451155793935","0.00576338574043246","0.000132780043841792"
"('WM', 'Production of electricity by gas')","0.00572149816523526","0.00555640901081469","0.000695900734074619"
"('DE', 'Manufacture of machinery and equipment n.e.c. (29)')","0.00555023217558218","0.00414131565028329","0.00452438955800736"
"('KR', 'Petroleum Refinery')","0.00552518509675083","0.0039120156068629","0.00390639051354115"
"('TR', 'Mining of precious metal ores and concentrates')","0.00551674298409588","0.00549444746888225","0.000101975755091373"
"('US', 'Production of electricity by hydro')","0.00545779302548575","0.00545742123349033","9.84926990577624e-05"
"('WA', 'Retail trade, except of motor vehicles and motorcycles; repair of personal and household goods (52)')","0.00545680756775401","0.00522200049758249","0.00216555537747823"
"('ID', 'Processing vegetable oils and fats')","0.00540479272682988","0.00518212791911992","0.000507515424151025"
"('US', 'Manufacture of wood and of products of wood and cork, except furniture; manufacture of articles of straw and plaiting materials (20)')","0.00531880047644532","0.00472116813185791","0.00253047955197819"
"('CN', 'Other service activities (93)')","0.00531187696962308","0.00296120018481902","0.00468228055974192"
"('RU', 'Manufacture of coke oven products')","0.00529215909998273","0.00526671143699644","9.76327041328146e-05"
"('PT', 'Incineration of waste: Food')","0.00525709223160726","0.00525011549525049","2.70023352642655e-05"
"('JP', 'Manufacture of motor vehicles, trailers and semi-trailers (34)')","0.00523920840664716","0.00316170142965276","0.00473491441843896"
"('ES', 'Collection, purification and distribution of water (41)')","0.00519223308721711","0.00518783378166869","0.000148301816043722"
"('CN', 'Raw milk')","0.00515419624798395","0.00504103061941425","0.000681899297315919"
"('US', 'Landfill of waste: Textiles')","0.00507600268088624","0.00507580340375889","6.22196605156151e-06"
"('GB', 'Financial intermediation, except insurance and pension funding (65)')","0.00507461432778692","0.00472604231465412","0.00269309953576873"
"('JP', 'Sea and coastal water transport')","0.00503075344574225","0.00481874672710597","0.00112661930047609"
"('WA', 'Hotels and restaurants (55)')","0.00501037200023803","0.00437759381790078","0.00248943888471934"
"('WA', 'Supporting and auxiliary transport activities; activities of travel agencies (63)')","0.00493729683240609","0.00487082068273584","0.00130005175633911"
"('DE', 'Wholesale trade and commission trade, except of motor vehicles and motorcycles (51)')","0.00491555198079474","0.00383725086610509","0.00385523301720334"
"('WA', 'Sugar refining')","0.00487394982099183","0.00474079131154642","0.000222765597495498"
"('CN', 'Publishing, printing and reproduction of recorded media (22)')","0.00484104141562379","0.00233682492867443","0.00484067281864933"
"('AU', 'Construction (45)')","0.00478563466894787","0.00400282651669843","0.00305234928365852"
"('JP', 'Quarrying of sand and clay')","0.00475562309065208","0.00472235991187951","0.000437765284096111"
"('WA', 'Meat animals nec')","0.00474234906173621","0.00451079398331914","0.00039007174193687"
"('DE', 'Manufacture of other transport equipment (35)')","0.00474051458602937","0.00452616667452548","0.00102645070986359"
"('WA', 'Transport via pipelines')","0.00470943249757615","0.00470178136901822","0.000189496567355529"
"('WA', 'Research and development (73)')","0.0045526903214465","0.00427418497905698","0.00162701632919525"
"('GB', 'Construction (45)')","0.00451382360757524","0.00371830265991134","0.00340635240609899"
"('DE', 'Computer and related activities (72)')","0.00448777875236031","0.00444607108728552","0.00190308925217027"
"('WA', 'Financial intermediation, except insurance and pension funding (65)')","0.00447767129326202","0.00424396877234258","0.00206779049955624"
"('US', 'Manufacture of cement, lime and plaster')","0.00442689748131402","0.00425057184833136","0.00181619951455999"
"('US', 'Cultivation of cereal grains nec')","0.00438142055882921","0.00366348459738339","0.00164104194189454"
"('JP', 'Mining of chemical and fertilizer minerals, production of salt, other mining and quarrying n.e.c.')","0.00433675896697667","0.00432378102141464","5.20938465854119e-05"
"('DE', 'Recycling of waste and scrap')","0.00432529663100022","0.00432526307496123","1.73152394330802e-05"
"('FR', 'Manufacture of other transport equipment (35)')","0.00425197050713134","0.00402824992614235","0.00109665451509429"
"('JP', 'Petroleum Refinery')","0.00424005488962939","0.00291497266495419","0.00353553443015494"
"('CN', 'Mining of copper ores and concentrates')","0.00420821553813583","0.00420791106551131","1.63306154580326e-05"
"('DE', 'Plastics, basic')","0.00419652780464614","0.0040449768809379","0.00137901356431622"
"('CN', 'Mining of iron ores')","0.00418942850802581","0.00418936694078185","7.01353069542196e-06"
"('NO', 'Extraction of natural gas and services related to natural gas extraction, excluding surveying')","0.00418447014456884","0.00402290977480335","0.00087669600570726"
"('JP', 'Manufacture of rubber and plastic products (25)')","0.00418026246044544","0.00296289350579108","0.0029446331462056"
"('WA', 'Activities auxiliary to financial intermediation (67)')","0.00418016931934936","0.0041408604326233","0.000903048870483036"
"('US', 'Publishing, printing and reproduction of recorded media (22)')","0.00417959888123999","0.00284400313776975","0.00417665318677002"
"('FR', 'Renting of machinery and equipment without operator and of personal and household goods (71)')","0.00417886671544146","0.00414965405820583","0.0010961983412261"
"('WM', 'Construction (45)')","0.0041625095599668","0.00144828912968878","0.00390062110307505"
"('IT', 'Incineration of waste: Metals and Inert materials')","0.00415980029366072","0.00413131356277101","9.71145225525382e-05"
"('JP', 'Real estate activities (70)')","0.00412733397888983","0.00366557518873206","0.00297140641004352"
"('CH', 'Recycling of waste and scrap')","0.00412002984877437","0.00411962392754196","3.80480390624303e-05"
"('CH', 'Chemicals nec')","0.00397357198427184","0.00268520439051794","0.00301885885408796"
"('WA', 'Production of electricity by petroleum and other oil derivatives')","0.00392865290013225","0.00392747392729133","3.38830516203533e-05"
"('JP', 'Health and social work (85)')","0.0039262076988272","0.00290088927023261","0.00389511913656371"
"('US', 'Incineration of waste: Metals and Inert materials')","0.00391829745877931","0.00391770159762872","2.89497276878667e-05"
"('US', 'Processing of meat cattle')","0.00391051768441212","0.00304587677716542","0.00148743237315796"
"('DE', 'Manufacture of gas; distribution of gaseous fuels through mains')","0.00387257877191596","0.00384127657931946","0.000588227721869436"
"('DE', 'Retail sale of automotive fuel')","0.00386777464790064","0.00386688357116452","0.000113994800394707"
"('TR', 'Quarrying of sand and clay')","0.00386723008341087","0.00386181602400964","5.52073167502377e-05"
"('WA', 'Manufacture of office machinery and computers (30)')","0.00383586552418924","0.00146614447476242","0.00380026405135033"
"('IT', 'Incineration of waste: Paper')","0.00382494033537558","0.0038112941245917","0.000150968640228542"
"('CN', 'Manufacture of beverages')","0.00380653588697361","0.00289850543959548","0.00166074420340495"
"('DE', 'Transmission of electricity')","0.00378722804397149","0.00377341162070606","0.000197052633610666"
"('WA', 'Production of electricity by hydro')","0.00374241673900502","0.00373434250365399","0.000121626323101607"
"('US', 'Manufacture of furniture; manufacturing n.e.c. (36)')","0.0037219691999601","0.00365262017150345","0.000632247192519851"
"('WA', 'Manufacture of medical, precision and optical instruments, watches and clocks (33)')","0.00369470884717532","0.00363193686725307","0.000396910779428693"
"('JP', 'Manufacture of basic iron and steel and of ferro-alloys and first products thereof')","0.00367078149941695","0.00290779053893085","0.00285391707692795"
"('DE', 'Air transport (62)')","0.00366940281229808","0.0035394474984455","0.00101485854406474"
"('US', 'Forestry, logging and related service activities (02)')","0.00366817026635967","0.0036584710408581","0.000672932107733645"
"('IN', 'P- and other fertiliser')","0.00365857394831635","0.0032418370503316","0.00157941238402332"
"('WA', 'Real estate activities (70)')","0.00365816582950132","0.00329457722102608","0.0016856225417438"
"('WM', 'Petroleum Refinery')","0.00364557181250866","0.0032389728976135","0.00218906911230784"
"('CA', 'Extraction, liquefaction, and regasification of other petroleum and gaseous materials')","0.00360442314996203","0.00358213753322373","0.000382895027656569"
"('WL', 'Production of electricity by petroleum and other oil derivatives')","0.00359115012561763","0.00359026155835073","9.12046682199486e-05"
"('RU', 'Petroleum Refinery')","0.003544402495694","0.00238755465530073","0.00247763812826429"
"('WA', 'Processing of meat cattle')","0.00352858689715058","0.00281354061754621","0.000971246244876642"
"('WA', 'Steam and hot water supply')","0.00351764344382516","0.00350494178400133","7.39657933901804e-05"
"('WA', 'Post and telecommunications (64)')","0.00351596986188191","0.0033010857001323","0.00146824218528623"
"('KR', 'Construction (45)')","0.00351496611299581","0.000261634771673265","0.00351167518658948"
"('DE', 'Distribution and trade of electricity')","0.00350402747450017","0.00343392244644626","0.000540672136307228"
"('DE', 'Sea and coastal water transport')","0.00348614766870061","0.00336216616694598","0.000799879718827404"
"('DE', 'Other land transport')","0.00347841359919216","0.0032413821680169","0.00197525330166196"
"('DE', 'Other business activities (74)')","0.00346476662272274","0.00296158414079224","0.00341044108066404"
"('CN', 'Cattle farming')","0.00345820865884909","0.0031142548750502","0.00116059937786586"
"('DK', 'Sea and coastal water transport')","0.00345525708067008","0.00299209726107614","0.00108903971608152"
"('AT', 'Recycling of waste and scrap')","0.00344906615877783","0.00344890076817714","1.48076231294962e-05"
"('WA', 'Manufacture of basic iron and steel and of ferro-alloys and first products thereof')","0.00344017103645801","0.00286149311503612","0.00232793259240232"
"('DE', 'Production of electricity nec')","0.00343877300351358","0.00343877218050893","1.27656716221669e-06"
"('IN', 'Other land transport')","0.00342915363213654","0.00227750642415299","0.00262285245233833"
"('JP', 'Plastics, basic')","0.00342384083164082","0.00317414687587458","0.00181164626662543"
"('US', 'Processing of meat poultry')","0.00342337235809956","0.0028114432093062","0.00110185718004422"
"('FR', 'Collection, purification and distribution of water (41)')","0.00340666366114333","0.00339278292059039","0.000188262282668532"
"('FR', 'Other business activities (74)')","0.00340035492008345","0.00285009606468761","0.00334457482362751"
"('TW', 'Construction (45)')","0.00335415390485526","0.000482721409001001","0.00326337925797109"
"('WM', 'P- and other fertiliser')","0.0033413571715177","0.0028263581480762","0.00132104573630245"
"('JP', 'Processing of Food products nec')","0.00333782939626887","0.00162631355992461","0.00296003780701115"
"('GB', 'Waste water treatment, food')","0.00331247748893012","0.0033034810302798","0.000167682445530802"
"('JP', 'Production of electricity by solar photovoltaic')","0.00330824819580205","0.00330807821550149","4.95689009033417e-05"
"('JP', 'Post and telecommunications (64)')","0.00330697076856257","0.00295694297663551","0.00213691837463234"
"('WL', 'Construction (45)')","0.00330158636842124","0.000818397653105083","0.00325797021267978"
"('DE', 'Financial intermediation, except insurance and pension funding (65)')","0.0032929364469929","0.00296399176194943","0.00199639724277415"
"('US', 'Manufacture of beverages')","0.00326689514355713","0.00176320589392665","0.00229423214936943"
"('JP', 'Manufacture of furniture; manufacturing n.e.c. (36)')","0.00323426235237459","0.00264488161182504","0.00206793435333893"
"('GB', 'Insurance and pension funding, except compulsory social security (66)')","0.00322430283296468","0.00299451300524387","0.00130237091352525"
"('IT', 'Landfill of waste: Textiles')","0.00322095582003921","0.00322004826800078","3.74220215919231e-05"
"('JP', 'Financial intermediation, except insurance and pension funding (65)')","0.00321631597889693","0.0030153686622968","0.00207121525448398"
"('WL', 'Copper production')","0.00321224348794264","0.00305193905739418","0.000780126031432342"
"('CN', 'Manufacture of machinery and equipment n.e.c. (29)')","0.00320306930162013","0.00154655205629978","0.00307113486371388"
"('WF', 'Construction (45)')","0.00317657579555534","0.000669592485280574","0.00315637677946645"
"('US', 'Precious metals production')","0.00317022718761503","0.00309096111208325","0.000438023016276473"
"('DE', 'Manufacture of rubber and plastic products (25)')","0.00316669288017348","0.0025112629006442","0.00220013018284213"
"('FR', 'Manufacture of gas; distribution of gaseous fuels through mains')","0.00313611444926718","0.00305296327448796","0.000988066463517277"
"('IT', 'Collection, purification and distribution of water (41)')","0.00313054071327657","0.00311797712474239","0.000120422507743307"
"('DE', 'Post and telecommunications (64)')","0.00312351794468064","0.0030484566171401","0.0014752548388428"
"('ES', 'Quarrying of stone')","0.00310522532140134","0.00309296565864654","0.000139338917131762"
"('JP', 'Production of electricity by gas')","0.00309628278487513","0.00302955753046303","0.0003535577900445"
"('IT', 'Production of electricity by solar photovoltaic')","0.0030858319825779","0.0030787062278075","6.4086360840559e-05"
"('KR', 'Mining of other non-ferrous metal ores and concentrates')","0.00302920839942339","0.00302788299877711","1.75667543401074e-05"
"('DE', 'Retail trade, except of motor vehicles and motorcycles; repair of personal and household goods (52)')","0.00302855266369616","0.00267469668151675","0.00189012391535207"
"('US', 'Cultivation of oil seeds')","0.00299999978005564","0.00273636156704677","0.000732555924340304"
"('US', 'Transport via pipelines')","0.00299789486911148","0.00299035375543729","7.07072127955471e-05"
"('WF', 'Extraction of crude petroleum and services related to crude oil extraction, excluding surveying')","0.00299687879074215","0.00281273398619993","0.0021795537864435"
"('US', 'Processing of meat pigs')","0.00296302529078808","0.00260971264454864","0.000717578320419401"
"('JP', 'Other business activities (74)')","0.00295090578799003","0.00233330529732115","0.00294868620866903"
"('DE', 'Insurance and pension funding, except compulsory social security (66)')","0.0029279816635495","0.00250561165580548","0.00127178569442842"
"('FR', 'Wholesale trade and commission trade, except of motor vehicles and motorcycles (51)')","0.00290246604032385","0.00214007052990046","0.00275261542377406"
"('IT', 'Wholesale trade and commission trade, except of motor vehicles and motorcycles (51)')","0.00288755568940676","0.00187433688348288","0.00256483046287441"
"('IN', 'Re-processing of secondary steel into new steel')","0.00288444804450679","0.00201436917963426","0.00176302648702833"
"('KR', 'Mining of nickel ores and concentrates')","0.00285756950143949","0.00284372651212004","7.8174422769044e-05"
"('DE', 'Manufacture of fabricated metal products, except machinery and equipment (28)')","0.00285149734770387","0.00181682567794378","0.00282236187184485"
"('US', 'Aluminium production')","0.00284714080942796","0.00261641561495945","0.00120640162975811"
"('FR', 'Construction (45)')","0.00284445069874393","0.00133211310800904","0.00268509206474267"
"('JP', 'Hotels and restaurants (55)')","0.00281604444438628","0.00153411469733511","0.00244893395761252"
"('IT', 'Production of electricity by gas')","0.00281499723703808","0.00264761931661852","0.000422082357577958"
"('GB', 'Production of electricity by nuclear')","0.00278696224260555","0.00277816846085682","6.67750934445872e-05"
"('JP', 'Manufacture of gas; distribution of gaseous fuels through mains')","0.00276083235434645","0.00270262912054779","0.00055578111592776"
"('FR', 'Supporting and auxiliary transport activities; activities of travel agencies (63)')","0.00275903320558265","0.00260417193816863","0.00181873046800189"
"('WL', 'Petroleum Refinery')","0.00272824593620423","0.00114106726857163","0.00253942377854787"
"('IN', 'Processed rice')","0.00272594996237783","0.00243565658896052","0.000468725172163229"
"('KR', 'Processing of Food products nec')","0.00272238316065407","0.00146659990716715","0.00269995275660048"
"('WA', 'Cattle farming')","0.00265143239994384","0.00248736082908356","0.000616745202961621"
"('BE', 'Quarrying of sand and clay')","0.00264939461756468","0.00259497352684372","0.000201216368483085"
"('GB', 'Renting of machinery and equipment without operator and of personal and household goods (71)')","0.00264686892340839","0.00261240808823352","0.000669144009654898"
"('CA', 'Construction (45)')","0.00264415119712397","0.000810367034821059","0.00261630318866967"
"('WL', 'Extraction of crude petroleum and services related to crude oil extraction, excluding surveying')","0.00262369465759931","0.00226462167649793","0.0023970104201173"
"('CN', 'Processing of dairy products')","0.0026205169842745","0.00218407738980263","0.000769518421364941"
"('WA', 'Insurance and pension funding, except compulsory social security (66)')","0.00260634177390013","0.00245924788392664","0.000944571138268115"
"('ID', 'Construction (45)')","0.0025939591604436","0.000232690196196469","0.00258132702251004"
"('JP', 'Chemicals nec')","0.00257810314834428","0.00195000911763983","0.00185849157830773"
"('CA', 'Extraction of crude petroleum and services related to crude oil extraction, excluding surveying')","0.00256785287045959","0.00240490903870139","0.00237294831862826"
"('DE', 'Real estate activities (70)')","0.00253797108478103","0.00233240830803211","0.00155690662988633"
"('WA', 'Cultivation of vegetables, fruit, nuts')","0.00253373021977726","0.00199674175646625","0.00117912646340885"
"('JP', 'Manufacture of other transport equipment (35)')","0.0025243243437192","0.00246442455949357","0.000679978763311115"
"('GB', 'Production of electricity by biomass and waste')","0.00251869735361403","0.00251717092694343","1.38649900306843e-05"
"('BR', 'Extraction of crude petroleum and services related to crude oil extraction, excluding surveying')","0.00251160188980356","0.00225482746789615","0.00209437512244084"
"('IT', 'Incineration of waste: Oil/Hazardous waste')","0.002490735553366","0.00243296611398486","0.000134980529817239"
"('JP', 'Manufacture of fabricated metal products, except machinery and equipment (28)')","0.0024732600247729","0.00119680660726402","0.00247247497483748"
"('US', 'Manufacture of tobacco products (16)')","0.00246829728834026","0.00215038201400234","0.000444856012425167"
"('IT', 'Other land transport')","0.00246128698362231","0.00209282866957637","0.00182407788147817"
"('CN', 'Mining of other non-ferrous metal ores and concentrates')","0.0024515455239665","0.00245137281410414","7.63243340757028e-06"
"('IN', 'Mining of coal and lignite; extraction of peat (10)')","0.00243472298200195","0.00216135220412014","0.00146643613880525"
"('CZ', 'Waste water treatment, other')","0.00243379541528739","0.00239316042787192","0.000114194387828674"
"('WA', 'Retail sale of automotive fuel')","0.00242469634639909","0.00242099325300024","6.98714337204272e-05"
"('GB', 'Wholesale trade and commission trade, except of motor vehicles and motorcycles (51)')","0.00242238137970427","0.00141233725798761","0.00235395635453008"
"('GB', 'Other business activities (74)')","0.00242165649525204","0.00192398852733108","0.00240221141011726"
"('GB', 'Computer and related activities (72)')","0.00241741527526809","0.00234357956193962","0.00150773616181657"
"('JP', 'Production of electricity by petroleum and other oil derivatives')","0.00240996443061417","0.00240265349843747","3.57046506659581e-05"
"('WL', 'N-fertiliser')","0.00240944339810488","0.00240099727767211","9.08594931377367e-05"
"('US', 'P- and other fertiliser')","0.00240148021416624","0.00202109353462142","0.00129142916027764"
"('IT', 'Manufacture of machinery and equipment n.e.c. (29)')","0.00238305915856822","0.00078169578794176","0.00236980156342286"
"('WM', 'Re-processing of secondary steel into new steel')","0.00235726057612954","0.00231541965225922","0.000637866899405335"
"('IT', 'Construction (45)')","0.00235559963841428","0.00147840072433405","0.00190599067621534"
"('IE', 'Processing of nuclear fuel')","0.00235539437749408","0.00233511143118314","0.000335621836389268"
"('WA', 'Manufacture of other transport equipment (35)')","0.00234550931964298","0.00216533022834663","0.000716910409590277"
"('IT', 'Landfill of waste: Wood')","0.00234012671710846","0.00232981151002622","6.43446209658884e-05"
"('JP', 'Other land transport')","0.00233279977510279","0.00195391144556924","0.00176892614365853"
"('GB', 'Landfill of waste: Food')","0.00232782630258411","0.00221366640867136","0.000507473523414397"
"('AU', 'Hotels and restaurants (55)')","0.00231138596685877","0.00204938030523256","0.00112482443634228"
"('IT', 'Hotels and restaurants (55)')","0.0023075579447087","0.00145734898136541","0.00177572579944726"
"('ES', 'Other land transport')","0.00229817912199492","0.00209319862404553","0.000861018750265741"
"('KR', 'Production of electricity nec')","0.00229710697092601","0.00229710141946772","2.63105397759542e-06"
"('DE', 'Waste water treatment, other')","0.00229505881476506","0.00228249870690356","0.000123160897707852"
"('KR', 'Manufacture of motor vehicles, trailers and semi-trailers (34)')","0.00227614553255594","0.00110898348242834","0.00222166752747296"
"('WA', 'Distribution and trade of electricity')","0.00225875585316497","0.0022204333743717","0.000278548185170118"
"('DE', 'Transport via pipelines')","0.00225814561344268","0.00224401065150494","9.18837989263089e-05"
"('DE', 'Manufacture of furniture; manufacturing n.e.c. (36)')","0.00225626360615444","0.00204966008654219","0.000763097581519733"
"('WL', 'Production of electricity by hydro')","0.00223789494896149","0.0022302556602558","0.00022595132621166"
"('CH', 'Wholesale trade and commission trade, except of motor vehicles and motorcycles (51)')","0.00222336663274656","0.00181464624942444","0.0020748543853832"
"('DE', 'Casting of metals')","0.00221836559640975","0.0020895990688517","0.000573267011130038"
"('WA', 'Production of electricity by solar photovoltaic')","0.00221759921432216","0.00221507858192881","2.24723100155336e-05"
"('CN', 'Recreational, cultural and sporting activities (92)')","0.00219602462216881","0.00099907612408753","0.00180112388305138"
"('JP', 'Manufacture of radio, television and communication equipment and apparatus (32)')","0.00219576794005604","0.00136499404618244","0.00194380295233758"
"('FR', 'Incineration of waste: Food')","0.00218313945376695","0.00214393251300921","0.000230949799787867"
"('IN', 'Wholesale trade and commission trade, except of motor vehicles and motorcycles (51)')","0.00217547857816316","0.00210812057482344","0.00175613236461723"
"('JP', 'Re-processing of secondary steel into new steel')","0.00214071886497179","0.00169063500479599","0.00133699046388953"
"('GB', 'Production of electricity by wind')","0.00213818877593471","0.00213574983644134","8.69087132848757e-05"
"('KR', 'Manufacture of rubber and plastic products (25)')","0.00213500436188786","0.00160388570179646","0.00161679297301335"
"('ES', 'Construction (45)')","0.00211079554038577","0.00133168442160288","0.00172947253540773"
"('WA', 'Transmission of electricity')","0.00210465757959205","0.00209518831949711","9.53969355613836e-05"
"('KR', 'Chemicals nec')","0.00210052555732597","0.00163074405398269","0.00135953186315226"
"('WA', 'Chemicals nec')","0.00209732149490433","0.00131697937455181","0.00170560213432521"
"('WL', 'Insurance and pension funding, except compulsory social security (66)')","0.00209291866078267","0.00206263538342853","0.000733447174432262"
"('FR', 'Financial intermediation, except insurance and pension funding (65)')","0.00208512092068581","0.00187948159498221","0.00164576105689741"
"('DE', 'Mining of uranium and thorium ores (12)')","0.00207458004801789","0.00207454796807374","2.50538641255716e-06"
"('US', 'Raw milk')","0.00207379188965956","0.0017052830955783","0.000955649548012855"
"('DE', 'Production of electricity by gas')","0.00207320987082291","0.00200550654513793","0.000171217170691371"
"('TW', 'Petroleum Refinery')","0.00207100610686513","0.00163419903110695","0.00198182621143781"
"('LU', 'Financial intermediation, except insurance and pension funding (65)')","0.00207014850713639","0.00124217639690831","0.00167840846427107"
"('WA', 'Other business activities (74)')","0.00205612836674015","0.00155484128703522","0.00205146931211027"
"('KR', 'Manufacture of basic iron and steel and of ferro-alloys and first products thereof')","0.0020548275525108","0.00155328637148619","0.00167915803335834"
"('IE', 'Supporting and auxiliary transport activities; activities of travel agencies (63)')","0.00204730306140712","0.00188342806566783","0.000810436537458522"
"('GB', 'Retail trade, except of motor vehicles and motorcycles; repair of personal and household goods (52)')","0.00203409023712837","0.00174077380072728","0.0015071267090237"
"('GB', 'Supporting and auxiliary transport activities; activities of travel agencies (63)')","0.00203110485418033","0.00184953641514185","0.00141032521658256"
"('WA', 'Cultivation of wheat')","0.0020173740234824","0.00186196129330854","0.000357822470311183"
"('IN', 'Cultivation of plant-based fibers')","0.00201053564476987","0.00198050393115334","0.000312562685134644"
"('NL', 'Other business activities (74)')","0.00200731107791345","0.00164418861514367","0.00194524936356292"
"('IT', 'Manufacture of gas; distribution of gaseous fuels through mains')","0.00200701625428009","0.00196478936088595","0.000519053340767422"
"('US', 'Manufacture of glass and glass products')","0.00199329263442867","0.00192502886545205","0.000752659861613178"
"('CA', 'Inland water transport')","0.00199284238190589","0.0019903901924836","2.91591032667005e-05"
"('KR', 'Manufacture of fabricated metal products, except machinery and equipment (28)')","0.00198369818123762","0.00105143610208175","0.00198026768431654"
"('IN', 'Manufacture of furniture; manufacturing n.e.c. (36)')","0.00198315555177528","0.00167144013748441","0.00097742484227732"
"('IT', 'Production of electricity by petroleum and other oil derivatives')","0.00197570489116541","0.00197040486754108","3.93993085481996e-05"
"('IE', 'Activities auxiliary to financial intermediation (67)')","0.0019655183528055","0.00183026773943356","0.000561982839738087"
"('SE', 'Mining of iron ores')","0.00195321188073611","0.00195300298667632","5.67093189614413e-06"
"('AU', 'Mining of iron ores')","0.00194446227367975","0.00194130835933367","1.64944046386441e-05"
"('IN', 'Chemicals nec')","0.00193158900937838","0.00163938012930996","0.00137114059420292"
"('CN', 'Mining of lead, zinc and tin ores and concentrates')","0.00192999706850334","0.001929913477671","1.17921725438495e-06"
"('IN', 'Manufacture of coke oven products')","0.00192561812814675","0.00181900982978959","0.000294032004789653"
"('AU', 'Financial intermediation, except insurance and pension funding (65)')","0.00192115071960627","0.00181099851146123","0.0012961395357727"
"('IT', 'Petroleum Refinery')","0.00191108238612532","0.000864838652674918","0.00174024777311431"
"('RU', 'Construction (45)')","0.00190521876038385","0.00093467603467816","0.0017865475901002"
"('US', 'Waste water treatment, other')","0.00190231561188687","0.00190229019807142","2.74970218815915e-05"
"('AU', 'Wholesale trade and commission trade, except of motor vehicles and motorcycles (51)')","0.00189088815861259","0.00146095492178173","0.00147425808538231"
"('WA', 'Cultivation of sugar cane, sugar beet')","0.00188019596420249","0.00184706114023916","0.000118457795937624"
"('TW', 'Mining of iron ores')","0.00187377243961326","0.00183967772823955","0.000244756541683475"
"('WA', 'Manufacture of wearing apparel; dressing and dyeing of fur (18)')","0.00186742505959195","0.000352582118843412","0.0018475151240816"
"('GB', 'Hotels and restaurants (55)')","0.00186518395342741","0.00132563633600428","0.00140313067146486"
"('CA', 'Petroleum Refinery')","0.00185455235248309","0.00104901912632441","0.00159943035964433"
"('WA', 'Manufacture of fabricated metal products, except machinery and equipment (28)')","0.00184503850605676","0.000906471661620659","0.00183878329725705"
"('FR', 'Incineration of waste: Paper')","0.00184438006299859","0.00179830126682925","0.00023942893500218"
"('GB', 'Other land transport')","0.00184108159207928","0.00161628332509453","0.00144667488412111"
"('TW', 'Mining of aluminium ores and concentrates')","0.00184046341834725","0.00183967748961811","5.22237556195477e-06"
"('RU', 'Production of electricity by gas')","0.00183975098988682","0.00182041467886545","0.000243931777887335"
"('GB', 'Production of electricity by solar photovoltaic')","0.00182972460746084","0.00182949687226577","1.60552337503285e-05"
"('KR', 'Wholesale trade and commission trade, except of motor vehicles and motorcycles (51)')","0.00182672276489185","0.00151028108168302","0.00163616517503371"
"('FR', 'Other land transport')","0.00182467234658831","0.00167180590352036","0.0014453354510295"
"('WA', 'Production of electricity by coal')","0.00181956200870342","0.0016677749239929","0.000342427042121524"
"('IT', 'Retail trade, except of motor vehicles and motorcycles; repair of personal and household goods (52)')","0.00181181767717528","0.00117798513341593","0.00128029737992654"
"('JP', 'Other non-ferrous metal production')","0.00181045599997798","0.00146469457567589","0.000660154556368096"
"('DE', 'Chemicals nec')","0.00181003606809191","0.0010159409226669","0.00154997604167048"
"('IN', 'Production of electricity by coal')","0.00180684789663411","0.00157072089435835","0.000540795319442002"
"('GB', 'Air transport (62)')","0.0018061380939487","0.00165883010826307","0.000776043122767383"
"('WM', 'Wholesale trade and commission trade, except of motor vehicles and motorcycles (51)')","0.00180197841569211","0.00163081206169683","0.00134939336420688"
"('IN', 'Manufacture of textiles (17)')","0.00180033845316812","0.00100012914726909","0.00179316077798722"
"('JP', 'Manufacture of other non-metallic mineral products n.e.c.')","0.00179182094796917","0.00140287507121709","0.00116042561645194"
"('KR', 'Re-processing of secondary steel into new steel')","0.00178495945127779","0.00146457342149994","0.00106755719656145"
"('BE', 'Construction (45)')","0.00177798446740665","0.00126181034296954","0.0012303913203196"
"('FR', 'Hotels and restaurants (55)')","0.00177380847890612","0.0013683287149048","0.00136862787463018"
"('GB', 'Manufacture of gas; distribution of gaseous fuels through mains')","0.0017720187700344","0.00143871123951759","0.000743305215143252"
"('WM', 'Manufacture of furniture; manufacturing n.e.c. (36)')","0.00176922406108817","0.00154905894162966","0.00067743529748139"
"('WA', 'Cultivation of oil seeds')","0.00176567551588603","0.00165621036442895","0.000314527480200573"
"('US', 'Manufacture of textiles (17)')","0.00176526322166537","0.00106329698363923","0.00176237977076566"
"('IT', 'Landfill of waste: Food')","0.00175918030907765","0.00169248889354418","0.000247791502367802"
"('IN', 'Financial intermediation, except insurance and pension funding (65)')","0.00174972211799939","0.00158329262875354","0.00123618285336993"
"('US', 'Copper production')","0.00174871732021373","0.00157406190958992","0.000633299160234948"
"('KR', 'Sea and coastal water transport')","0.00174650843213353","0.0016416864172608","0.000683758313681091"
"('DE', 'Petroleum Refinery')","0.00174476311831691","0.000991271764016279","0.00147384849394234"
"('US', 'Waste water treatment, food')","0.00174443360731446","0.00174406198860098","3.37878932344595e-05"
"('GB', 'Public administration and defence; compulsory social security (75)')","0.00174392945234928","0.000771448907980211","0.0014956875431341"
"('WA', 'Manufacture of motor vehicles, trailers and semi-trailers (34)')","0.00173737548404704","0.000604862462685281","0.00172425400424323"
"('ID', 'Petroleum Refinery')","0.00173450479723986","0.000916861674311672","0.00164949855992805"
"('DE', 'Production of electricity by nuclear')","0.00172875920419931","0.00172708093500574","6.05423175846306e-05"
"('IE', 'Computer and related activities (72)')","0.00172258926930581","0.00113739651106528","0.00134052309921982"
"('GB', 'Real estate activities (70)')","0.00171931920852929","0.0013464907971568","0.00132390486415905"
"('IT', 'Quarrying of stone')","0.00171204674925629","0.001673436626505","0.000121418825518235"
"('DE', 'Production of electricity by coal')","0.00169998966357023","0.00163375011873289","0.000240296158214164"
"('IT', 'Retail sale of automotive fuel')","0.00169814546693388","0.00169463903408055","0.000101689617283342"
"('AU', 'Mining of lead, zinc and tin ores and concentrates')","0.00169162583525084","0.00168952050765856","9.23655141157712e-06"
"('US', 'Mining of coal and lignite; extraction of peat (10)')","0.00168830976850575","0.00167257614420844","0.000491774646868959"
"('KR', 'Manufacture of textiles (17)')","0.00168455573704936","0.00117182206095004","0.00168097895905346"
"('JP', 'Publishing, printing and reproduction of recorded media (22)')","0.00167304404759607","0.000876035114860904","0.00167304404759607"
"('IT', 'Manufacture of fabricated metal products, except machinery and equipment (28)')","0.00167163872973139","0.00104568866348883","0.00166683920967065"
"('WA', 'Cultivation of paddy rice')","0.00166674693524494","0.00148910885258453","0.00051379383898166"
"('GB', 'Sale, maintenance, repair of motor vehicles, motor vehicles parts, motorcycles, motor cycles parts and accessoiries')","0.00166268062747014","0.00145727058942863","0.000788191021060605"
"('CA', 'Sale, maintenance, repair of motor vehicles, motor vehicles parts, motorcycles, motor cycles parts and accessoiries')","0.00166070712850435","0.00156285579663812","0.000791201582104492"
"('CN', 'Processing of meat cattle')","0.00166063890418739","0.000662418733112572","0.00135460837486765"
"('US', 'Cattle farming')","0.00165902530242014","0.00123639061825469","0.00113831308569381"
"('WM', 'Plastics, basic')","0.0016534840239355","0.00159032055957256","0.000576220628396677"
"('BR', 'Petroleum Refinery')","0.00165311154387751","0.000759124879894275","0.00160615807873725"
"('RU', 'Wholesale trade and commission trade, except of motor vehicles and motorcycles (51)')","0.00165040269469132","0.00132583006948935","0.00143395215067859"
"('FR', 'Manufacture of motor vehicles, trailers and semi-trailers (34)')","0.00164829194172383","0.000430352649670294","0.00164796356071956"
"('WA', 'Lead, zinc and tin production')","0.00164687312131344","0.00157552664642906","0.000224641792206354"
"('WA', 'Manufacture of glass and glass products')","0.00164405368637982","0.00151200943773771","0.00072844025551712"
"('IT', 'Other business activities (74)')","0.00162363974352085","0.00133660221733738","0.00150596919963418"
"('KR', 'Mining of chemical and fertilizer minerals, production of salt, other mining and quarrying n.e.c.')","0.00161749334572359","0.00161271002772349","2.28558693753932e-05"
"('GB', 'Production of electricity by gas')","0.00161639495602618","0.00148929436450881","0.000289208238951038"
"('WF', 'Wholesale trade and commission trade, except of motor vehicles and motorcycles (51)')","0.00159536063121474","0.00133636730029079","0.001521381670606"
"('GB', 'Distribution and trade of electricity')","0.001593000554786","0.00147317938562589","0.000553762610188642"
"('US', 'Sea and coastal water transport')","0.00159200524394257","0.00151829747574082","0.00040075910947144"
"('NL', 'Incineration of waste: Plastic')","0.00159157480884761","0.00158817628099238","2.3779185028738e-05"
"('WM', 'Transport via pipelines')","0.0015849881172625","0.00156958762367826","0.000127467472526181"
"('IT', 'Waste water treatment, other')","0.00158475479383817","0.00155639702657815","0.000154130037246615"
"('GB', 'Manufacture of other transport equipment (35)')","0.00158338163518708","0.00145999866388212","0.000554181387373846"
"('IN', 'Manufacture of motor vehicles, trailers and semi-trailers (34)')","0.00158236189764156","0.000297027610221482","0.00158182950654638"
"('NO', 'Extraction of crude petroleum and services related to crude oil extraction, excluding surveying')","0.00157457576613696","0.00139577280755413","0.00139776051039578"
"('FR', 'Activities auxiliary to financial intermediation (67)')","0.00157401646774599","0.00152125442592259","0.000936991829782623"
"('JP', 'Research and development (73)')","0.00154745246076263","0.000411753683853859","0.00152074803108542"
"('WA', 'Manufacture of textiles (17)')","0.00154731374556833","0.000850824243310709","0.00153681131705478"
"('US', 'Landfill of waste: Wood')","0.0015399333842946","0.00153946314445908","2.43114747575145e-05"
"('IN', 'Cultivation of wheat')","0.00153156533184334","0.00140607064643936","0.000306563403179275"
"('KR', 'Financial intermediation, except insurance and pension funding (65)')","0.0015314375095405","0.00145650577777339","0.00109787652514987"
"('BE', 'Plastics, basic')","0.00153061526718499","0.00137699735662653","0.000570195231032604"
"('DE', 'Processing of Food products nec')","0.00152989067363617","0.000533540053576803","0.00151542963887601"
"('IT', 'Manufacture of rubber and plastic products (25)')","0.00152386573135655","0.00088809997307118","0.00130046602318088"
"('KR', 'Retail trade, except of motor vehicles and motorcycles; repair of personal and household goods (52)')","0.00151554602435558","0.00137682418318136","0.00104801950511571"
"('ES', 'Landfill of waste: Textiles')","0.00149867297524544","0.00149655311904157","3.85753825036956e-05"
"('AU', 'Mining of copper ores and concentrates')","0.00149809463690513","0.00149190321247309","2.89677578871918e-05"
"('IN', 'Manufacture of rubber and plastic products (25)')","0.00149631257053008","0.000815959592126114","0.00144081013507486"
"('IN', 'Sea and coastal water transport')","0.00148336871760622","0.00140969226364452","0.000482937627073232"
"('KR', 'Air transport (62)')","0.00147935481100256","0.00103426736568961","0.000915852753935628"
"('WA', 'Processing of meat poultry')","0.00147916132152067","0.00123757223774902","0.000313287652774842"
"('AU', 'Real estate activities (70)')","0.00147799092640198","0.00088005942888119","0.00132014236439982"
"('ES', 'Wholesale trade and commission trade, except of motor vehicles and motorcycles (51)')","0.00147664400344588","0.00110772116803268","0.00129628308746903"
"('BE', 'Other business activities (74)')","0.00147411140759919","0.001179931482596","0.00146539434319721"
"('ES', 'Supporting and auxiliary transport activities; activities of travel agencies (63)')","0.00147402554993991","0.00134882251309836","0.000970880472854984"
"('NL', 'Wholesale trade and commission trade, except of motor vehicles and motorcycles (51)')","0.00147366301265848","0.00120352971535173","0.00127535781955624"
"('GB', 'Transmission of electricity')","0.00146995662757954","0.0014465493226117","0.000204410480328205"
"('KR', 'Health and social work (85)')","0.00146813296014181","0.000430883898497982","0.00146813296011705"
"('ID', 'Mining of coal and lignite; extraction of peat (10)')","0.0014648302838617","0.00137086172251877","0.000595910185286553"
"('DE', 'Research and development (73)')","0.00146229189590629","0.00121582395982594","0.000959884486808667"
"('TR', 'Petroleum Refinery')","0.00145987584958453","0.000911807873883307","0.00126829369892704"
"('IN', 'Cultivation of crops nec')","0.00145514753669246","0.00143680066819705","0.000231874448692413"
"('NL', 'Construction (45)')","0.00145058538284221","0.00104096131125298","0.0011837661627475"
"('GB', 'Post and telecommunications (64)')","0.00144916193020564","0.00140721767735915","0.000825333293089569"
"('JP', 'Copper production')","0.00143660022534956","0.00133287131852375","0.000428622434532478"
"('TR', 'Mining of lead, zinc and tin ores and concentrates')","0.00143448263569564","0.00143381198518613","4.25038569532429e-06"
"('CN', 'Sugar refining')","0.00143402449123352","0.00137067693012254","0.000109225612931928"
"('WM', 'Research and development (73)')","0.0014282042904459","0.00117488544175205","0.000853603302938598"
"('WA', 'Computer and related activities (72)')","0.00142436727269726","0.001128800697369","0.000917990630800131"
"('JP', 'Paper')","0.00142100824898018","0.0010164127873068","0.00131108121346335"
"('ES', 'Hotels and restaurants (55)')","0.00141794864840627","0.00101894248619839","0.0010151474839399"
"('IT', 'Financial intermediation, except insurance and pension funding (65)')","0.00140958429706872","0.0012198565480577","0.00101605642130303"
"('WF', 'Cultivation of crops nec')","0.00140318642748805","0.00136120671103933","0.000270637372863848"
"('KR', 'Inland water transport')","0.0013988187754534","0.00139422066521082","6.90195845113258e-05"
"('IN', 'Processing vegetable oils and fats')","0.0013975965556671","0.00119444339534981","0.000375320213281116"
"('ES', 'Biogasification of food waste, incl. land application')","0.00139655825544449","0.00135773154491936","0.000150476077732092"
"('DE', 'Hotels and restaurants (55)')","0.00139172357863927","0.000984590241087451","0.000940218792273161"
"('JP', 'Transport via railways')","0.0013910855243485","0.00136684924507132","0.000292519133017779"
"('FR', 'Retail trade, except of motor vehicles and motorcycles; repair of personal and household goods (52)')","0.00139085533152488","0.000942668200345757","0.00120559195346543"
"('WM', 'Sea and coastal water transport')","0.00139012039924838","0.00135441407734797","0.000366852953232262"
"('PL', 'Construction (45)')","0.00138631475260665","0.000731511006986666","0.00132349489560713"
"('JP', 'Other service activities (93)')","0.00138538617324594","0.000281577749035524","0.00137631291428694"
"('CZ', 'N-fertiliser')","0.00137294631072385","0.00136363273540033","7.4523561412485e-05"
"('WA', 'Health and social work (85)')","0.00137131537154355","0.000199854882282004","0.00137129795799241"
"('WL', 'Post and telecommunications (64)')","0.00136642322594205","0.00130944503028091","0.000965591339988445"
"('KR', 'Other land transport')","0.00136007296555934","0.000874415585417941","0.00119225797025215"
"('JP', 'Computer and related activities (72)')","0.00135929982992477","0.0012223262357877","0.000945090527998995"
"('IT', 'Incineration of waste: Textiles')","0.00135500686547604","0.00135205494065257","2.43228568411475e-05"
"('JP', 'Manufacture of wearing apparel; dressing and dyeing of fur (18)')","0.00135010606833689","0.000360696558511402","0.00134798233231605"
"('KR', 'Manufacture of other transport equipment (35)')","0.00134800428689849","0.0011016060720203","0.000714070748328978"
"('KR', 'Post and telecommunications (64)')","0.00134660202372954","0.00113467233545278","0.000938775220442404"
"('IN', 'Cultivation of cereal grains nec')","0.00134414779564463","0.00131600909440028","0.000236756080791442"
"('JP', 'Supporting and auxiliary transport activities; activities of travel agencies (63)')","0.00133958486297894","0.0012070128074769","0.000891713109897113"
"('WL', 'Processing of meat cattle')","0.00133850182557349","0.000992860514454157","0.00055141392624546"
"('GB', 'Composting of food waste, incl. land application')","0.00132279129838405","0.000584239101198701","0.0010991058451244"
"('GB', 'Manufacture of motor vehicles, trailers and semi-trailers (34)')","0.00132063774272489","0.000316807188254283","0.00131891975434922"
"('WL', 'Cultivation of crops nec')","0.00131261781105992","0.00127425443698493","0.000188722856654157"
"('AU', 'Post and telecommunications (64)')","0.00131181377684297","0.00121806645128465","0.00082714150362894"
"('ES', 'Incineration of waste: Food')","0.00130992593874209","0.00129624497652197","7.12363856429132e-05"
"('IT', 'Processing of Food products nec')","0.00130654525040416","0.000622721793594432","0.00129419193647743"
"('ID', 'Wholesale trade and commission trade, except of motor vehicles and motorcycles (51)')","0.00130112457762843","0.000976777084358824","0.0012538276294483"
"('WL', 'Retail trade, except of motor vehicles and motorcycles; repair of personal and household goods (52)')","0.00129796819401836","0.00105329727453889","0.00106842188510325"
"('JP', 'Manufacture of beverages')","0.0012928316051014","0.000721287370805036","0.000949028961935246"
"('GB', 'Activities auxiliary to financial intermediation (67)')","0.0012874862870063","0.00120343977930073","0.000790176388326086"
"('FR', 'Incineration of waste: Plastic')","0.00128462841151031","0.00127086369054111","0.000117577719119891"
"('FR', 'Transport via railways')","0.00128357524888853","0.00124180487262231","0.000463697937213558"
"('NL', 'Inland water transport')","0.00128184227160605","0.00127431599258208","6.15370503061588e-05"
"('IN', 'Manufacture of ceramic goods')","0.00127915652551823","0.00118164058479682","0.000464940439708628"
"('RU', 'Research and development (73)')","0.00127519937623186","0.00106453780174915","0.000517784640934189"
"('AU', 'Wool, silk-worm cocoons')","0.00127479935353484","0.00126283548992688","3.85292495120443e-05"
"('WM', 'Retail trade, except of motor vehicles and motorcycles; repair of personal and household goods (52)')","0.00127008341050048","0.00117264359814497","0.000794863582990846"
"('US', 'Recreational, cultural and sporting activities (92)')","0.00126964489904997","0.000896364208388354","0.00117784224775535"
"('FR', 'Processing of Food products nec')","0.00126922774963716","0.000573735752782495","0.00121416058041623"
"('GB', 'Petroleum Refinery')","0.00126562773894961","0.000370721325125212","0.00125478444822558"
"('RU', 'Transport via railways')","0.00126466763126713","0.00124731057277078","0.000213712756969445"
"('KR', 'Hotels and restaurants (55)')","0.00126195933230948","0.000373746882463513","0.0012086765383834"
"('BE', 'Incineration of waste: Plastic')","0.00126173648080479","0.00125813280082059","3.68655999646819e-05"
"('DE', 'Pulp')","0.00125945967969221","0.00103951505145119","0.000446358842686334"
"('WA', 'Processing of meat pigs')","0.00125665002892903","0.0006278604006254","0.000713994061946442"
"('CA', 'Wholesale trade and commission trade, except of motor vehicles and motorcycles (51)')","0.00125329369466833","0.000939725044020244","0.00119966328155946"
"('IN', 'Cultivation of vegetables, fruit, nuts')","0.00125017425405432","0.00120514366083984","0.000914354892696117"
"('IT', 'Plastics, basic')","0.00124894655009374","0.00103868919982668","0.000803840932098733"
"('FR', 'Insurance and pension funding, except compulsory social security (66)')","0.00124845444206521","0.000725833720281824","0.000991426173714561"
"('WA', 'Production of electricity by biomass and waste')","0.00124528508465647","0.00124504200521796","2.96101813346026e-06"
"('ZA', 'Mining of coal and lignite; extraction of peat (10)')","0.00123985990852841","0.00112474356640551","0.000576588339015215"
"('IN', 'Cultivation of sugar cane, sugar beet')","0.00123937336094197","0.00122301973798581","0.000141349722496684"
"('AU', 'Petroleum Refinery')","0.00123593160484136","0.000539573918469502","0.00117396683402561"
"('BG', 'Mining of copper ores and concentrates')","0.00122864915132475","0.00122256024211475","2.58291383228498e-05"
"('DE', 'Manufacture of basic iron and steel and of ferro-alloys and first products thereof')","0.00122800386305199","0.000841056854696269","0.0010337670854854"
"('KR', 'Manufacture of office machinery and computers (30)')","0.00122316323022155","0.000863380379424732","0.00120171436242529"
"('SE', 'Construction (45)')","0.00122278957601618","0.000835328934502407","0.000819834704444682"
"('WF', 'Extraction of natural gas and services related to natural gas extraction, excluding surveying')","0.00122233014695553","0.00119129734554061","0.000449269714410201"
"('RU', 'Real estate activities (70)')","0.00122229414113146","0.00105066124007519","0.00110871781204698"
"('JP', 'Production of electricity by coal')","0.00122120422165361","0.00109477226159776","0.00026623547400724"
"('JP', 'Activities auxiliary to financial intermediation (67)')","0.00121990670132214","0.00117963706328129","0.000508668982160653"
"('JP', 'Manufacture of textiles (17)')","0.00121977039935394","0.000724382727502408","0.00121721911710505"
"('WF', 'Production of electricity by petroleum and other oil derivatives')","0.00121970029720689","0.00121116145014819","5.64855265013373e-05"
"('IT', 'Distribution and trade of electricity')","0.00121642487572466","0.00109462151719356","0.000409311955402237"
"('GB', 'Incineration of waste: Food')","0.0012162495257778","0.00118241902275932","0.000132378650880664"
"('WM', 'Post and telecommunications (64)')","0.00121450393693159","0.00113269341356962","0.000760125598176499"
"('FR', 'Production of electricity by tide, wave, ocean')","0.00121432868480034","0.00121432701587533","3.11974633487557e-07"
"('ID', 'Production of electricity by Geothermal')","0.00121056865539642","0.00121055519273765","6.27491984125713e-06"
"('FI', 'Mining of other non-ferrous metal ores and concentrates')","0.0012079640592114","0.00120544503845088","9.75786702449273e-06"
"('BR', 'Cultivation of oil seeds')","0.00120490284666284","0.00107267206228502","0.000392557144605589"
"('IN', 'Extraction of crude petroleum and services related to crude oil extraction, excluding surveying')","0.00119994431082672","0.000947038662947822","0.00113958677710543"
"('IN', 'Processing of Food products nec')","0.00119465422506091","0.000318455943385608","0.00113734105033372"
"('RU', 'Extraction of natural gas and services related to natural gas extraction, excluding surveying')","0.00119432314895301","0.00117190556286661","0.000327577706327468"
"('FR', 'Manufacture of fabricated metal products, except machinery and equipment (28)')","0.0011942509522455","0.000748687601395615","0.00119223913135434"
"('KR', 'Manufacture of radio, television and communication equipment and apparatus (32)')","0.00119174912671499","0.000801741061018083","0.0011083814432934"
"('IN', 'Post and telecommunications (64)')","0.00119009017777633","0.000974672802866949","0.000849135555767771"
"('RU', 'Production of electricity by nuclear')","0.00118283646589789","0.00118126538906914","7.83224640847607e-05"
"('US', 'Activities of membership organisation n.e.c. (91)')","0.00117728489349166","0.000285638932046264","0.00117717310818801"
"('TW', 'Manufacture of other non-metallic mineral products n.e.c.')","0.00117568489690174","0.000624483970725175","0.0011428497680644"
"('US', 'Manufacture of basic iron and steel and of ferro-alloys and first products thereof')","0.00117287905868809","0.000872133389417553","0.000960904649185978"
"('GB', 'Sea and coastal water transport')","0.001171619724073","0.0011272884573088","0.000394907035493831"
"('TW', 'Manufacture of basic iron and steel and of ferro-alloys and first products thereof')","0.0011713056628464","0.000580068352478254","0.00116536787727057"
"('US', 'Extraction, liquefaction, and regasification of other petroleum and gaseous materials')","0.00116814392631288","0.00116182864801482","5.41983082728396e-05"
"('IN', 'Retail trade, except of motor vehicles and motorcycles; repair of personal and household goods (52)')","0.00116447126166209","0.00112963432227506","0.000722448814461079"
"('BR', 'Cattle farming')","0.00115736490071579","0.00111301518960771","0.000176378194568691"
"('AU', 'Other business activities (74)')","0.00115631903905362","0.000889508384263281","0.00115622547133426"
"('KR', 'Manufacture of furniture; manufacturing n.e.c. (36)')","0.00115014731644718","0.00095529246865434","0.000714734350844459"
"('IT', 'Real estate activities (70)')","0.00115005229109972","0.00105873229733863","0.000823942190445605"
"('WA', 'Wool, silk-worm cocoons')","0.00114974862800651","0.00114194334141554","1.82808560339875e-05"
"('FR', 'Real estate activities (70)')","0.00114633452531377","0.00100413444588112","0.00094199623828424"
"('CA', 'Extraction of natural gas and services related to natural gas extraction, excluding surveying')","0.00114588375948656","0.00101038692547831","0.000290194643552877"
"('WA', 'Manufacture of rubber and plastic products (25)')","0.00114571481479506","0.00101457527630393","0.00087835124074625"
"('ES', 'Incineration of waste: Paper')","0.0011440979653381","0.00112751637734955","7.56728823239236e-05"
"('ES', 'Manufacture of gas; distribution of gaseous fuels through mains')","0.00114259526502023","0.000865363484173415","0.000571194756368615"
"('JP', 'Public administration and defence; compulsory social security (75)')","0.00113871457438649","0.000244236668473672","0.00111765558070375"
"('CH', 'Sea and coastal water transport')","0.00113779077729837","0.00108413853633771","0.000473858524976226"
"('WF', 'Petroleum Refinery')","0.00113523320700727","0.000482497100887469","0.00108888330783415"
"('MX', 'Extraction of crude petroleum and services related to crude oil extraction, excluding surveying')","0.00113503903379822","0.00109751483353081","0.00106194143013066"
"('NL', 'Petroleum Refinery')","0.00113417412322435","0.000395046712487638","0.00109025644117231"
"('GB', 'Research and development (73)')","0.00113316034586962","0.000996237828919939","0.000839379148610463"
"('IT', 'Manufacture of furniture; manufacturing n.e.c. (36)')","0.00113130370408103","0.00104641433349185","0.000456324739230307"
"('IT', 'Manufacture of motor vehicles, trailers and semi-trailers (34)')","0.00112183873911749","0.000369942733169032","0.00111989678122465"
"('IN', 'Manufacture of basic iron and steel and of ferro-alloys and first products thereof')","0.00112044579137482","0.000549568720123905","0.00107982782753183"
"('IE', 'Wholesale trade and commission trade, except of motor vehicles and motorcycles (51)')","0.00111757947476206","0.000842456012857194","0.000830226388390585"
"('NL', 'Plastics, basic')","0.0011159688215295","0.000975101871045698","0.000592289203489444"
"('BR', 'Construction (45)')","0.00111101470706489","0.000263492162042801","0.00110894323416451"
"('FR', 'Computer and related activities (72)')","0.00111090636986809","0.000905430945007073","0.000847862498722504"
"('US', 'Incineration of waste: Food')","0.00111082825801066","0.00110989199311885","7.53957100810296e-06"
"('TW', 'Processing of Food products nec')","0.00110450954426877","0.000706759172258777","0.00110095535120428"
"('SE', 'Supporting and auxiliary transport activities; activities of travel agencies (63)')","0.00110078898204398","0.000847425940948356","0.000745032681184739"
"('WA', 'Mining of coal and lignite; extraction of peat (10)')","0.00109730537602293","0.000952102966021693","0.000488469298866008"
"('WM', 'Other business activities (74)')","0.00108749701680794","0.000900011819093893","0.00108696437820416"
"('IN', 'Manufacture of cement, lime and plaster')","0.00108700545480702","0.000778169865598266","0.000863636172297903"
"('IN', 'Other business activities (74)')","0.0010845035991873","0.000898946713031693","0.0010830329043102"
"('WL', 'Wholesale trade and commission trade, except of motor vehicles and motorcycles (51)')","0.00108433779268512","0.00080501246514846","0.00101822940433007"
"('IT', 'Activities auxiliary to financial intermediation (67)')","0.00108263608570245","0.00105667652349442","0.000575012570652974"
"('IN', 'Supporting and auxiliary transport activities; activities of travel agencies (63)')","0.00108217911298848","0.000972807707069858","0.00073228174324034"
"('IN', 'Transport via pipelines')","0.00108175552101563","0.00107493274780225","0.000109536456909925"
"('WM', 'Distribution and trade of electricity')","0.0010801376110225","0.00103876032993143","0.000257774861557517"
"('GB', 'Waste water treatment, other')","0.00108003401326595","0.00101740772707166","0.000250468502468855"
"('SE', 'Collection, purification and distribution of water (41)')","0.00107906904901854","0.00107603597139476","2.74939345100974e-05"
"('JP', 'Retail sale of automotive fuel')","0.00107445968697712","0.00107354187760264","7.13075498609083e-05"
"('WL', 'Cultivation of oil seeds')","0.00107306827596753","0.00100081685621056","0.000302718362889337"
"('WM', 'Manufacture of fabricated metal products, except machinery and equipment (28)')","0.00106867017073976","0.000446137721508587","0.00106722764752748"
"('FR', 'Manufacture of machinery and equipment n.e.c. (29)')","0.00106524775921169","0.000509930248781521","0.0010607457571755"
"('MX', 'Manufacture of motor vehicles, trailers and semi-trailers (34)')","0.00106437805713101","0.000259760685579922","0.00105994456273471"
"('IT', 'Production of electricity by hydro')","0.00106152098047728","0.00103686840453544","0.000120484390066304"
"('IN', 'Casting of metals')","0.00105962460047816","0.000583947443357316","0.000903395857692837"
"('TW', 'Wholesale trade and commission trade, except of motor vehicles and motorcycles (51)')","0.00105737761761816","0.00100656606795408","0.000844372445116517"
"('WM', 'Hotels and restaurants (55)')","0.00105528377132123","0.000894198410239904","0.000619911391524686"
"('TR', 'Processing of Food products nec')","0.00105463180775939","0.00059588695677359","0.00102605234449064"
"('JP', 'Processed rice')","0.00105343981081618","0.000597251633313682","0.000630741738704126"
"('FR', 'Landfill of waste: Textiles')","0.00104808098070701","0.00104724751595816","1.7680813768203e-05"
"('MX', 'Wholesale trade and commission trade, except of motor vehicles and motorcycles (51)')","0.00104707302630338","0.000972213756595862","0.000988048042366234"
"('NL', 'Other land transport')","0.00104492661077824","0.000913830577131432","0.000773338488454004"
"('CH', 'Construction (45)')","0.0010437482982355","0.000304581137290913","0.00103505789795099"
"('CA', 'Retail trade, except of motor vehicles and motorcycles; repair of personal and household goods (52)')","0.00104239484036483","0.000819189354510836","0.000879191137760109"
"('ES', 'Manufacture of motor vehicles, trailers and semi-trailers (34)')","0.00104162559222008","0.000406410553319001","0.00103488354187798"
"('DE', 'Steam and hot water supply')","0.00104050952201692","0.00102937055716807","3.6982703481536e-05"
"('IN', 'Sugar refining')","0.00104015855099453","0.000990292826387171","9.65087402131901e-05"
"('DE', 'Manufacture of glass and glass products')","0.00103924041613912","0.000977900515280729","0.000358866817053666"
"('GB', 'Transport via railways')","0.00103774809786061","0.00101292078311083","0.000341196232868262"
"('NL', 'Processing of Food products nec')","0.00103540464039228","0.000394998317160312","0.00102085651911815"
"('WL', 'Cattle farming')","0.00103372202224406","0.000965183394042944","0.000467823658849588"
"('WL', 'Public administration and defence; compulsory social security (75)')","0.0010336603547283","0.000250613591789058","0.000979698730112265"
"('GB', 'Extraction of crude petroleum and services related to crude oil extraction, excluding surveying')","0.00102921226587668","0.000791551854728677","0.00100832167195047"
"('WA', 'Other service activities (93)')","0.00102637004352066","0.000424602027173675","0.000987186629482523"
"('IN', 'Computer and related activities (72)')","0.00102493251743279","0.000941535255579252","0.000602387125016515"
"('AU', 'Activities auxiliary to financial intermediation (67)')","0.00101877155947055","0.000992748185775136","0.000576932011772712"
"('FR', 'Processing of dairy products')","0.00101634824502699","0.000537174961245012","0.000784943164202477"
"('WL', 'Processing of Food products nec')","0.00101452486117895","0.000435675343742892","0.000996833692942687"
"('US', 'Other service activities (93)')","0.00101347627721566","0.000414698115802156","0.000964583611338438"
"('JP', 'Manufacture of electrical machinery and apparatus n.e.c. (31)')","0.0010127893156269","0.000760226405075692","0.000881000458750706"
"('US', 'Other non-ferrous metal production')","0.00101039064180721","0.000977823351238029","0.000162216282799607"
"('KR', 'Paper')","0.00100821113374044","0.000592748099438658","0.000935030659685448"
"('RU', 'Other land transport')","0.00100550220759905","0.000925374297894065","0.000745478428995876"
"('CH', 'Retail trade, except of motor vehicles and motorcycles; repair of personal and household goods (52)')","0.00100444219515261","0.000809348686218559","0.000758132376056904"
"('IN', 'Manufacture of electrical machinery and apparatus n.e.c. (31)')","0.00100315842121499","0.000380292036543461","0.00100167585913693"
"('KR', 'Manufacture of cement, lime and plaster')","0.000999847089858564","0.000832992521809621","0.000560879788145331"
"('IN', 'Manufacture of fabricated metal products, except machinery and equipment (28)')","0.000999594897246393","0.000489143208145921","0.000999120715671923"
"('FR', 'Incineration of waste: Textiles')","0.000999563200103766","0.000992239079919393","6.88881554080429e-05"
"('WM', 'Other land transport')","0.000997821371567394","0.000912998605870178","0.00065952775436025"
"('FR', 'Petroleum Refinery')","0.000995057191405484","0.000502129538949155","0.000931864333662172"
"('BE', 'Supporting and auxiliary transport activities; activities of travel agencies (63)')","0.000993441464920811","0.000766003002373898","0.000788728401896597"
"('DE', 'Education (80)')","0.000990198943713682","0.000788273702804305","0.00075530081733366"
"('TW', 'Plastics, basic')","0.000989920674021115","0.000888663253950259","0.000819653409612973"
"('BE', 'Wholesale trade and commission trade, except of motor vehicles and motorcycles (51)')","0.000987823183787967","0.000748449259372024","0.000895106422785702"
"('GB', 'Incineration of waste: Paper')","0.000987053151919156","0.000948949607118003","0.000132108267559221"
"('PL', 'Manufacture of motor vehicles, trailers and semi-trailers (34)')","0.000984878172144313","0.000301400317214298","0.000984738060428658"
"('KR', 'Copper production')","0.000984043392699847","0.00082494228448317","0.000446879507389669"
"('GB', 'Health and social work (85)')","0.000983334337500071","0.000264198177656993","0.000983308353323893"
"('LU', 'Activities auxiliary to financial intermediation (67)')","0.000982111210374929","0.000908542132941928","0.000730076098669068"
"('WL', 'Chemicals nec')","0.000979706273937104","0.000338078343795164","0.000972554157981826"
"('WL', 'Hotels and restaurants (55)')","0.000977150574106611","0.000529004155818411","0.000910016702560564"
"('US', 'Poultry farming')","0.000975819429310452","0.000753401297385198","0.000738106219361814"
"('JP', 'Manufacture of coke oven products')","0.000974405623785024","0.000943605736230698","0.000177850709246495"
"('DE', 'Activities auxiliary to financial intermediation (67)')","0.00097432023821843","0.000900176706246478","0.000646198221866465"
"('MX', 'Processing of Food products nec')","0.000972731200904228","0.00040759241066641","0.000967386861033823"
"('TW', 'Manufacture of fabricated metal products, except machinery and equipment (28)')","0.000972455777834196","0.0003631947315169","0.000972389053537612"
"('WL', 'Processing of meat poultry')","0.000971414113559787","0.000654984812214961","0.000436669742356505"
"('IE', 'Research and development (73)')","0.000970822290618593","0.00060374124589036","0.000878623289377005"
"('DE', 'Processing of dairy products')","0.000966960186765243","0.000476031193889705","0.000748938010588296"
"('IN', 'Manufacture of fish products')","0.000965200400068516","0.000300002702710035","0.000776579693703816"
"('AU', 'Retail trade, except of motor vehicles and motorcycles; repair of personal and household goods (52)')","0.000964042742200345","0.000828169838830473","0.000681999283719333"
"('DE', 'Re-processing of secondary steel into new steel')","0.000964035245225018","0.00069198979161788","0.000662812670215894"
"('WA', 'Manufacture of wood and of products of wood and cork, except furniture; manufacture of articles of straw and plaiting materials (20)')","0.00096270481761226","0.00067797537082163","0.000763437020085249"
"('DE', 'Paper')","0.000961343271695612","0.000452711980621497","0.000907170132557541"
"('DE', 'Manufacture of beverages')","0.000959015767351641","0.000575690961421748","0.000586072146274711"
"('IT', 'Re-processing of secondary steel into new steel')","0.000954511759358589","0.000636029919324709","0.000769485038420597"
"('KR', 'Supporting and auxiliary transport activities; activities of travel agencies (63)')","0.000953318168045013","0.000814204417289732","0.000711499653998113"
"('CZ', 'Manufacture of motor vehicles, trailers and semi-trailers (34)')","0.000952873696805357","0.000339814514320807","0.000951914733361404"
"('AU', 'Other land transport')","0.000951979765638691","0.000724629128057573","0.000757595121352429"
"('WM', 'Processing of Food products nec')","0.000951072887310842","0.000321804363141046","0.000947330520455719"
"('CA', 'Manufacture of other non-metallic mineral products n.e.c.')","0.000949881513570359","0.000853302335772354","0.000408491935008286"
"('ID', 'Other land transport')","0.000949770410448785","0.000559318320703714","0.000878694480908368"
"('IN', 'Manufacture of other transport equipment (35)')","0.00094968232840989","0.000796635926939672","0.000454701513991804"
"('CN', 'Cultivation of plant-based fibers')","0.00094890109574278","0.000673378008383159","0.000948599687464821"
"('KR', 'Real estate activities (70)')","0.000946514945170416","0.000785896519160655","0.000668011983924986"
"('IN', 'Hotels and restaurants (55)')","0.000946051438089565","0.000792173963811189","0.000608422205114694"
"('WF', 'Retail trade, except of motor vehicles and motorcycles; repair of personal and household goods (52)')","0.000945856544267347","0.000650695230042467","0.000870555837200531"
"('ES', 'Mining of chemical and fertilizer minerals, production of salt, other mining and quarrying n.e.c.')","0.000944929493488651","0.000941818258823642","2.52890218432507e-05"
"('PL', 'Manufacture of rubber and plastic products (25)')","0.000944056912175873","0.000503507133386231","0.000881240689313953"
"('AU', 'Inland water transport')","0.000941905563157367","0.000933204097080389","3.27995380923975e-05"
"('BR', 'Poultry farming')","0.000941479350980053","0.000887747483350633","0.000220858444556411"
"('WF', 'Hotels and restaurants (55)')","0.000941379926074546","0.000461978370460903","0.000882167845210784"
"('GB', 'Education (80)')","0.000936566630210121","0.000542503234755465","0.000897243734562566"
"('WM', 'Public administration and defence; compulsory social security (75)')","0.000935642186162292","0.000411234149728999","0.000835216295102091"
"('FR', 'Manufacture of beverages')","0.000933775623357188","0.000534773056151246","0.000668445955508974"
"('KR', 'Production of electricity by nuclear')","0.000931950559753822","0.000929146746607102","5.46379104268943e-05"
"('WL', 'Production of electricity by gas')","0.000927945121772846","0.000888071229338108","0.000175609974869572"
"('KR', 'Other business activities (74)')","0.000927838861633855","0.000704110851748538","0.000927034919008393"
"('WL', 'Other business activities (74)')","0.0009264842625746","0.000679263926918332","0.00092642047552619"
"('WF', 'Public administration and defence; compulsory social security (75)')","0.000925234026072551","0.000126262000872108","0.000914272504716764"
"('FR', 'Post and telecommunications (64)')","0.000925022484713236","0.000907060343614304","0.000544932480872648"
"('IN', 'Manufacture of tobacco products (16)')","0.000924317021491045","0.000840324468797482","0.000127606615384811"
"('BR', 'Wholesale trade and commission trade, except of motor vehicles and motorcycles (51)')","0.000920742929765119","0.000825916219744067","0.00089567267070753"
"('BR', 'Raw milk')","0.000918406095364546","0.000864368253336676","0.00014119153607832"
"('DE', 'Waste water treatment, food')","0.000917191181775484","0.000911950509104623","6.23936003319726e-05"
"('RU', 'Mining of coal and lignite; extraction of peat (10)')","0.000916662273545197","0.000836729835298042","0.000260208300258532"
"('AU', 'Public administration and defence; compulsory social security (75)')","0.000915899448213096","6.72429986425182e-05","0.00091275342468563"
"('WA', 'Manufacture of bricks, tiles and construction products, in baked clay')","0.000911525348477943","0.000889662172042947","5.40419978337248e-05"
"('GB', 'Manufacture of furniture; manufacturing n.e.c. (36)')","0.000908733317442141","0.000867346564200517","0.00028411605213379"
"('MX', 'Construction (45)')","0.000901758332110966","7.60124074826759e-05","0.000901473099730179"
"('IT', 'Biogasification of food waste, incl. land application')","0.000898278555724308","0.000897392464612293","1.39251067336029e-05"
"('WA', 'Cultivation of plant-based fibers')","0.000898147084728603","0.0008538925827391","0.000103338573636705"
"('BE', 'Renting of machinery and equipment without operator and of personal and household goods (71)')","0.000894630210488162","0.000847250864186925","0.000324071338746002"
"('IT', 'Sea and coastal water transport')","0.000889017116446567","0.000860895198943081","0.000292571214272545"
"('WL', 'Transport via pipelines')","0.000886540719549544","0.000868665684983953","0.000138996621739152"
"('NO', 'Production of electricity by hydro')","0.000883030112315417","0.000882047652040289","8.52681140762179e-05"
"('CA', 'Other business activities (74)')","0.000881882779564122","0.000669505813832824","0.000881848861519003"
"('TW', 'Mining of lead, zinc and tin ores and concentrates')","0.000881009054103738","0.000877559043148849","2.65340338892179e-05"
"('FR', 'Air transport (62)')","0.000878864378955124","0.000660223350734291","0.000577808675284616"
"('ES', 'Biogasification of paper, incl. land application')","0.000878492077171263","0.000874531207780541","1.93256554632649e-05"
"('AU', 'Sale, maintenance, repair of motor vehicles, motor vehicles parts, motorcycles, motor cycles parts and accessoiries')","0.000878428606957994","0.000728735252677996","0.000522782482857853"
"('DE', 'Manufacture of office machinery and computers (30)')","0.000877561093355166","0.000458770921141212","0.000876535722783065"
"('WE', 'Construction (45)')","0.000877061297671453","0.000154964396485193","0.000876808603548896"
"('BR', 'Other land transport')","0.000875925304810939","0.000453548848199367","0.00085161263587539"
"('ES', 'Processing of Food products nec')","0.000874859821189083","0.000360179415695347","0.00085627420115355"
"('WA', 'Manufacture of radio, television and communication equipment and apparatus (32)')","0.000874316390704099","0.000540654224004377","0.000860569209658561"
"('FR', 'Manufacture of rubber and plastic products (25)')","0.000873975652217156","0.000543103871701909","0.000828903501982027"
"('IN', 'Transport via railways')","0.000872320606137622","0.000850082435854291","0.000271324449569833"
"('TR', 'Wholesale trade and commission trade, except of motor vehicles and motorcycles (51)')","0.000869703279750957","0.000635431678137283","0.000785760267999053"
"('TW', 'Manufacture of textiles (17)')","0.000868643640978295","0.000692537254200263","0.000867189220627644"
"('CA', 'Health and social work (85)')","0.000867282454448484","0.000436058561767365","0.000867277949025499"
"('ES', 'Petroleum Refinery')","0.00086711929609057","0.000421180019696421","0.00078624208175443"
"('WF', 'Other land transport')","0.000865737286681534","0.000681418722744209","0.000797519608661403"
"('WA', 'P- and other fertiliser')","0.000863974052992026","0.00053565800347406","0.000643450216176998"
"('CA', 'Other land transport')","0.000863726911298853","0.000678415874787787","0.000789311091445514"
"('KR', 'Publishing, printing and reproduction of recorded media (22)')","0.000862156440836145","0.00030915368948379","0.000862156440836145"
"('CA', 'Manufacture of motor vehicles, trailers and semi-trailers (34)')","0.000861476393020419","0.000201222042243082","0.000861475979817155"
"('US', 'Pulp')","0.000859501141168515","0.000690457622617837","0.000318611389586991"
"('WM', 'Supporting and auxiliary transport activities; activities of travel agencies (63)')","0.000859305114754541","0.000789733515351141","0.000532323981124406"
"('FR', 'Sea and coastal water transport')","0.000858927470813278","0.000676916639359195","0.000414108646069539"
"('WM', 'Financial intermediation, except insurance and pension funding (65)')","0.000858426487925535","0.000783436934437931","0.00064668690952546"
"('ES', 'Real estate activities (70)')","0.000858237724911938","0.000776013208367035","0.000622596062301767"
"('KR', 'Insurance and pension funding, except compulsory social security (66)')","0.000857345269932579","0.000702819771779334","0.000518446347323191"
"('CA', 'Financial intermediation, except insurance and pension funding (65)')","0.000853831810401678","0.000789911763017971","0.0007018205463975"
"('US', 'Cultivation of wheat')","0.000852649445005941","0.000710380580073998","0.000292908286233817"
"('US', 'Manufacture of other non-metallic mineral products n.e.c.')","0.00084960390069963","0.00070817614264286","0.000493150667903562"
"('AU', 'Insurance and pension funding, except compulsory social security (66)')","0.000848060333224697","0.000566653113346564","0.000533628436132379"
"('TW', 'Re-processing of secondary steel into new steel')","0.000845792469810103","0.000440322377857299","0.000797304238311639"
"('FR', 'Production of electricity by wind')","0.000843934779473184","0.000836190470332351","4.29089519087864e-05"
"('WM', 'Aluminium production')","0.00084287942876712","0.000770438728886919","0.000281889963391353"
"('FR', 'Biogasification of paper, incl. land application')","0.000840492893680749","0.00084029432573269","4.01624316491287e-06"
"('WA', 'Precious metals production')","0.000840164064246796","0.000634838969989088","0.000413379393775553"
"('AU', 'Sea and coastal water transport')","0.000840013096044551","0.00079337494467288","0.000292082830488389"
"('IT', 'Manufacture of other transport equipment (35)')","0.000838030526993178","0.000764461963173012","0.00031625251023645"
"('CA', 'Real estate activities (70)')","0.000835605438057111","0.000673239818284345","0.000699997411725295"
"('WL', 'Other land transport')","0.000835482040847845","0.000542924239886762","0.00074030089345828"
"('MX', 'Manufacture of fabricated metal products, except machinery and equipment (28)')","0.000835409954953554","0.00032296546953053","0.000835347255982732"
"('FR', 'Biogasification of food waste, incl. land application')","0.00083510201143427","0.000832127980284423","4.0834476547207e-05"
"('KR', 'Public administration and defence; compulsory social security (75)')","0.000834926981195169","0.000291659171292671","0.000812497992546896"
"('CH', 'Insurance and pension funding, except compulsory social security (66)')","0.000833590152075007","0.000799405193333255","0.000433209100218988"
"('AT', 'Construction (45)')","0.000832782561221061","0.000465191735601142","0.000781534104388295"
"('CA', 'Public administration and defence; compulsory social security (75)')","0.000832374273332952","0.000168432462002927","0.000811875362812109"
"('JP', 'Manufacture of office machinery and computers (30)')","0.000827651868100305","0.000141122511090584","0.000827639361971057"
"('RU', 'Manufacture of other transport equipment (35)')","0.000826158238075187","0.000785301388640038","0.000216806370427576"
"('KR', 'Processing of dairy products')","0.000824600573856984","0.000687846932973465","0.000346525935365612"
"('AU', 'Manufacture of beverages')","0.00082299769396559","0.000704080083530805","0.000334337419078346"
"('US', 'Cultivation of vegetables, fruit, nuts')","0.000821223391869863","0.000579022140121935","0.000614351514331424"
"('DE', 'Biogasification of food waste, incl. land application')","0.000821030647479747","0.00081675270783111","2.89695248384825e-05"
"('CA', 'Chemicals nec')","0.000819183227567067","0.000465801129817676","0.000745306190952278"
"('TR', 'Manufacture of textiles (17)')","0.000810871085600959","0.000447389543796017","0.000809759431323387"
"('JP', 'Precious metals production')","0.000810758746417406","0.000551882465670584","0.000419888097942555"
"('TR', 'Construction (45)')","0.000810122074391966","0.00041477623837129","0.000730470977535875"
"('NL', 'Manufacture of machinery and equipment n.e.c. (29)')","0.000809952312299823","0.000363037095535744","0.000808896151379566"
"('DE', 'Manufacture of wood and of products of wood and cork, except furniture; manufacture of articles of straw and plaiting materials (20)')","0.00080920702622269","0.000510943087573348","0.000689334164198852"
"('WA', 'Manufacture of ceramic goods')","0.000808731298417993","0.000653002822644004","0.000460235674311972"
"('CZ', 'Waste water treatment, food')","0.000808193991650428","0.000791075208503722","4.38435796034521e-05"
"('IN', 'Distribution and trade of electricity')","0.000808159728179928","0.00077518500056697","0.000272700256565452"
"('BR', 'Other business activities (74)')","0.000807328282137254","0.000698529799071986","0.000806909270265855"
"('GB', 'Chemicals nec')","0.000806319810406614","0.000436756587984642","0.000774781196118967"
"('CN', 'Activities of membership organisation n.e.c. (91)')","0.000803739934504371","0.000540319230179439","0.000803739934504371"
"('FR', 'Quarrying of stone')","0.000802261995578307","0.000763361254355336","0.000154411584036906"
"('NL', 'Sea and coastal water transport')","0.00080133706547837","0.000685099161108431","0.000368429924719895"
"('DE', 'Manufacture of cement, lime and plaster')","0.000800344926711723","0.00057855190398213","0.000568547629204373"
"('IT', 'Manufacture of beverages')","0.000799082783996048","0.000449243797568137","0.000617690512128799"
"('WA', 'Manufacture of cement, lime and plaster')","0.000798535727307678","0.000667669343992995","0.000466522254472359"
"('WA', 'Processed rice')","0.000794661168784285","0.000756868621322514","7.84820906168899e-05"
"('WA', 'Poultry farming')","0.000794126662077759","0.000731611953449417","0.000159282049420546"
"('FR', 'Research and development (73)')","0.00079392079469621","0.00042563322344095","0.000731010944536249"
"('WM', 'Real estate activities (70)')","0.000792146458083572","0.000571363084152087","0.000655547966676171"
"('CA', 'Processing of Food products nec')","0.000791140348657647","0.000387804279173539","0.000787627631569907"
"('CH', 'Inland water transport')","0.000790984423533009","0.000783670824074718","6.72564034817429e-05"
"('IN', 'Production of electricity by solar photovoltaic')","0.0007902535316744","0.000790036133564891","1.61870773998518e-05"
"('TW', 'Manufacture of rubber and plastic products (25)')","0.000789936678183825","0.000320767243759495","0.000781844463004889"
"('US', 'Cultivation of plant-based fibers')","0.000789931793192617","0.000734305564101628","0.000152928321091542"
"('FR', 'Production of electricity by hydro')","0.00078743580019131","0.000772283098411837","7.0077389999633e-05"
"('WA', 'Manufacture of other non-metallic mineral products n.e.c.')","0.000786743534318637","0.000631075931172947","0.000505848556109462"
"('IN', 'Retail sale of automotive fuel')","0.000785535909332873","0.000781036470341842","5.07451441431093e-05"
"('ES', 'Plastics, basic')","0.000785185903680033","0.000710901158639387","0.00049266111553651"
"('WA', 'Pulp')","0.000779610410351759","0.000701443744239808","0.000156587269062768"
"('ES', 'Other business activities (74)')","0.000776938388540998","0.000677982103780026","0.000775533684270552"
"('NL', 'Real estate activities (70)')","0.000776526200797295","0.000567290659106711","0.00066814219688269"
"('BR', 'Production of electricity by hydro')","0.000776078446682632","0.000750735313714235","0.000166980975830084"
"('JP', 'Mining of precious metal ores and concentrates')","0.000775435972269278","0.000656023601734401","0.000259377786291835"
"('DE', 'Health and social work (85)')","0.000775304488515975","0.000115142888717079","0.000775304392208705"
"('WA', 'Education (80)')","0.000774883059904521","0.000350905654625735","0.000732160599609278"
"('IT', 'Computer and related activities (72)')","0.000774178234768562","0.0006160272290816","0.00070508798534457"
"('DE', 'Aluminium production')","0.000772865615532727","0.000586458867135158","0.000472968998154602"
"('WF', 'Post and telecommunications (64)')","0.000768566296081035","0.000670468686284566","0.000655886048262374"
"('BR', 'Financial intermediation, except insurance and pension funding (65)')","0.000763113112437803","0.000566711224331105","0.000716739564198452"
"('MX', 'Manufacture of rubber and plastic products (25)')","0.000758346641399448","0.00034523538440189","0.000749937967024483"
"('WA', 'Paper')","0.000756506467426961","0.000490096689961389","0.00059528871914201"
"('GB', 'Processing of Food products nec')","0.000755463803994354","0.000394591934566682","0.000719628999273695"
"('GB', 'Landfill of waste: Wood')","0.000754233747233859","0.000696665171313483","0.000150687785917936"
"('BR', 'Cultivation of crops nec')","0.000753441098101167","0.000708448494689554","0.000217825407429559"
"('IE', 'Construction (45)')","0.000742579008502863","0.000363080327032254","0.000606091874243966"
"('RU', 'Public administration and defence; compulsory social security (75)')","0.000741902369633294","0.000222939030237546","0.000708315304728012"
"('WA', 'Other non-ferrous metal production')","0.000741385239042267","0.000665529885704499","0.00023239741827797"
"('AU', 'Extraction of crude petroleum and services related to crude oil extraction, excluding surveying')","0.000739480338483459","0.000596284046458283","0.000686269145480306"
"('TR', 'Re-processing of secondary steel into new steel')","0.000739264376507788","0.000325607441746325","0.000689578230508374"
"('CA', 'Activities auxiliary to financial intermediation (67)')","0.000736611538476252","0.000669346042005422","0.000456689256214725"
"('MX', 'Chemicals nec')","0.000733281101403623","0.000387086166026089","0.000710690635209914"
"('JP', 'Quarrying of stone')","0.000732750393981232","0.000673613129360427","0.000180091187999401"
"('TW', 'Other land transport')","0.00073145475217364","0.000456852266880094","0.000620913065361378"
"('GB', 'Manufacture of rubber and plastic products (25)')","0.000730850772461113","0.000447033487646862","0.000691385015182813"
"('JP', 'Transport via pipelines')","0.000730388545667733","0.000725414997441373","8.14549571841764e-05"
"('WL', 'Manufacture of medical, precision and optical instruments, watches and clocks (33)')","0.00072927988738444","0.000652719228127829","0.000245306025432999"
"('CH', 'Education (80)')","0.000728260637728076","0.000523735875182324","0.000697759612578873"
"('IN', 'Transmission of electricity')","0.000727731978037062","0.000717735374425113","0.000105246905749513"
"('AU', 'Supporting and auxiliary transport activities; activities of travel agencies (63)')","0.000726571296726515","0.000670050630838551","0.000478992908993351"
"('KR', 'Manufacture of beverages')","0.000725747438243737","0.000269067027450697","0.000695314231658321"
"('PL', 'Manufacture of fabricated metal products, except machinery and equipment (28)')","0.000724568723977545","0.000393389481065173","0.000724524631319852"
"('TR', 'Mining of copper ores and concentrates')","0.000723440838453677","0.000720156344767277","2.05234940998716e-05"
"('FR', 'Processing of nuclear fuel')","0.00072288135964381","0.000631980028383876","0.000107895404601784"
"('JP', 'Pulp')","0.000720140586363813","0.000512503924067347","0.000379235799893607"
"('MX', 'Retail trade, except of motor vehicles and motorcycles; repair of personal and household goods (52)')","0.000718586278047335","0.000605521802181517","0.000632132052744435"
"('FR', 'Public administration and defence; compulsory social security (75)')","0.000717722311469951","7.06756453910933e-05","0.00070764595441916"
"('RU', 'Production of electricity by hydro')","0.00071735254424311","0.000716094143206396","8.0978417357e-05"
"('WF', 'Cattle farming')","0.000716865369153983","0.000592092172110415","0.000542852907674868"
"('WE', 'Petroleum Refinery')","0.000716539035765335","0.000245895889351222","0.000712452735775969"
"('NL', 'Financial intermediation, except insurance and pension funding (65)')","0.000716121981358429","0.000621202775856199","0.000606130841670233"
"('IT', 'Production of electricity by wind')","0.000716006895745978","0.000707249544107402","4.57354421239243e-05"
"('DE', 'Copper production')","0.000715364154677201","0.000490953822003084","0.000484668077742023"
"('AU', 'Health and social work (85)')","0.000714825420803338","0.000377116798245078","0.000714791620342207"
"('ID', 'Extraction of natural gas and services related to natural gas extraction, excluding surveying')","0.000713858796850631","0.000710179667446179","0.000212999541073768"
"('ES', 'Manufacture of beverages')","0.000712500174523421","0.000472008255245153","0.000540154900601859"
"('PL', 'Wholesale trade and commission trade, except of motor vehicles and motorcycles (51)')","0.000711650987951619","0.000477777500112374","0.000708715630520918"
"('NL', 'Computer and related activities (72)')","0.00071146312989852","0.000505414135234645","0.000659024810926013"
"('TR', 'Other land transport')","0.00071109030582597","0.00057129786996163","0.000559607981617194"
"('CA', 'Copper production')","0.000710871346099913","0.000649737626187299","0.00014521680687523"
"('DK', 'Supporting and auxiliary transport activities; activities of travel agencies (63)')","0.000710591958009332","0.00057041855342032","0.000656217842511112"
"('CA', 'Hotels and restaurants (55)')","0.000709799430175833","0.000323983342128667","0.000669329261091987"
"('WL', 'Manufacture of furniture; manufacturing n.e.c. (36)')","0.00070955198373161","0.000497111244653303","0.000535340863569706"
"('ES', 'Manufacture of fabricated metal products, except machinery and equipment (28)')","0.000709005445753231","0.000447402401369977","0.000702520137484755"
"('IT', 'Sale, maintenance, repair of motor vehicles, motor vehicles parts, motorcycles, motor cycles parts and accessoiries')","0.000703067753495302","0.000574025483410852","0.000440156141216603"
"('IT', 'Chemicals nec')","0.000702148452284434","0.000431638096660644","0.00065268820541733"
"('SE', 'Other land transport')","0.000699618897250508","0.000602898204295548","0.00054242825619745"
"('SE', 'Manufacture of motor vehicles, trailers and semi-trailers (34)')","0.00069872892416133","0.000227812214195713","0.00069703643115821"
"('RU', 'Raw milk')","0.000697233342479253","0.000563164593905377","0.000309096698109274"
"('ES', 'Financial intermediation, except insurance and pension funding (65)')","0.000697220762982929","0.000652078411308397","0.000571136272381459"
"('KR', 'Quarrying of stone')","0.000694092669637606","0.000686948966359129","5.40866827641602e-05"
"('WL', 'Research and development (73)')","0.000693903559902286","0.000307981898166409","0.00066526545829752"
"('IN', 'Publishing, printing and reproduction of recorded media (22)')","0.000693490321197746","0.000275124606814461","0.000693481117457839"
"('TR', 'Retail trade, except of motor vehicles and motorcycles; repair of personal and household goods (52)')","0.000690994973710603","0.000532600808809997","0.000535991395741474"
"('FR', 'Plastics, basic')","0.000688378735781993","0.000301663706577376","0.000649143237834177"
"('GB', 'Manufacture of machinery and equipment n.e.c. (29)')","0.000687921986733531","0.000376152677387351","0.000685568121854154"
"('RU', 'Transport via pipelines')","0.000687348337643437","0.000674911316604415","6.01001568042295e-05"
"('CH', 'Public administration and defence; compulsory social security (75)')","0.000686379177673391","0.000566952582201697","0.000470426537801658"
"('WA', 'Aluminium production')","0.000685849629737476","0.000524954797735777","0.000469821462843326"
"('WM', 'Manufacture of other transport equipment (35)')","0.000685458669091157","0.000619793702263492","0.000235508629272729"
"('IN', 'Extraction of natural gas and services related to natural gas extraction, excluding surveying')","0.000683492655870865","0.000666933888093004","0.000210978052716481"
"('IN', 'Manufacture of other non-metallic mineral products n.e.c.')","0.000683433240877742","0.000495751754013532","0.000533214145663305"
"('ID', 'Hotels and restaurants (55)')","0.000680913599286631","0.000425767891908629","0.000618113015825444"
"('FR', 'Waste water treatment, other')","0.000678059809991791","0.00062598359821341","0.000148401816181551"
"('SE', 'Other business activities (74)')","0.000676090701350082","0.000568851335772347","0.000674284938399355"
"('TW', 'Manufacture of motor vehicles, trailers and semi-trailers (34)')","0.000674152042079159","0.000258907815734663","0.000674152038881972"
"('RU', 'Steam and hot water supply')","0.000673819671213668","0.000669877755626155","4.06490124092956e-05"
"('US', 'Manufacture of fish products')","0.000673747381080887","0.000538942755973092","0.000315689471764644"
"('WL', 'Air transport (62)')","0.000672039092139283","0.000301209341532939","0.000565864113279733"
"('JP', 'Production of electricity by Geothermal')","0.000671492286561866","0.000671491172712195","1.77636698932218e-06"
"('WM', 'Manufacture of cement, lime and plaster')","0.000668464645428329","0.000606328577928976","0.00033393472797039"
"('BR', 'Transport via pipelines')","0.000667729736922561","0.000658469020350881","5.52251714129609e-05"
"('ES', 'Retail trade, except of motor vehicles and motorcycles; repair of personal and household goods (52)')","0.00066760294016683","0.000582984880723303","0.000545819449707763"
"('DK', 'Inland water transport')","0.000664464874330102","0.000658457019948945","7.745807619149e-05"
"('TR', 'Manufacture of rubber and plastic products (25)')","0.000663878206502993","0.000444735573290925","0.000568902314148384"
"('WF', 'Plastics, basic')","0.000663581370369016","0.000656335985314786","0.000409101514807892"
"('WE', 'Production of electricity by Geothermal')","0.000662534695909959","0.000662132727917299","1.95237366420431e-06"
"('TW', 'Mining of copper ores and concentrates')","0.000662178703927775","0.000648286793467989","8.30210403443825e-05"
"('FR', 'Chemicals nec')","0.00066160329593223","0.000332700818342168","0.000620780796168634"
"('MX', 'Petroleum Refinery')","0.0006607414818473","0.000458344146756463","0.000647897311105384"
"('JP', 'Manufacture of wood and of products of wood and cork, except furniture; manufacture of articles of straw and plaiting materials (20)')","0.000657411114298999","0.000430434395001182","0.000630957969557574"
"('WA', 'Publishing, printing and reproduction of recorded media (22)')","0.000654302024667301","0.000314522778225621","0.00065425882281466"
"('GB', 'Manufacture of fabricated metal products, except machinery and equipment (28)')","0.000653688383889382","0.000432995309104218","0.000653250262391095"
"('KR', 'Manufacture of other non-metallic mineral products n.e.c.')","0.000652083825671659","0.00046904522832143","0.000533859945380446"
"('WA', 'Copper production')","0.000648796234689755","0.000478268532980365","0.000378498336697927"
"('IE', 'Processing of meat cattle')","0.000648191724703782","0.000619384068315684","0.000109731516328222"
"('DK', 'Wholesale trade and commission trade, except of motor vehicles and motorcycles (51)')","0.000647025823052368","0.000316983638881314","0.000645551349964838"
"('IT', 'Insurance and pension funding, except compulsory social security (66)')","0.000645183506632836","0.000459054757497932","0.000398808095407367"
"('ID', 'Post and telecommunications (64)')","0.000644945691885679","0.000569994058338756","0.000543798183345886"
"('FR', 'Incineration of waste: Metals and Inert materials')","0.000643668109392863","0.000556221755381891","0.000254860433056842"
"('IN', 'Paper')","0.000643665123443168","0.000367141841867332","0.000589297991386577"
"('NL', 'Manufacture of furniture; manufacturing n.e.c. (36)')","0.000642548850888637","0.000604758924074108","0.000152083357581758"
"('IN', 'Manufacture of beverages')","0.000640869348228006","0.000201152930682779","0.000520308202129163"
"('JP', 'Aluminium production')","0.00064056159968017","0.000493395839722129","0.000447867625126185"
"('WL', 'Manufacture of fabricated metal products, except machinery and equipment (28)')","0.000640540801838731","0.000360131834595924","0.000640466874388477"
"('ID', 'Extraction of crude petroleum and services related to crude oil extraction, excluding surveying')","0.000635921862103349","0.000599526146956739","0.000628889864995172"
"('KR', 'Lead, zinc and tin production')","0.000634538279295745","0.000602457976634579","0.000114456099728358"
"('AU', 'Computer and related activities (72)')","0.000632843336598668","0.000454917631488433","0.000580583622567367"
"('TW', 'Manufacture of furniture; manufacturing n.e.c. (36)')","0.000632602189689","0.000319984369581073","0.000560911191943012"
"('RU', 'Other business activities (74)')","0.000631988321846904","0.000516946041555813","0.000631660717013428"
"('CA', 'Production of electricity by nuclear')","0.000630904012327398","0.000630215291524347","3.02288240418274e-05"
"('ES', 'Manufacture of rubber and plastic products (25)')","0.000630638188671039","0.000475101706429056","0.000487462076255067"
"('WL', 'Financial intermediation, except insurance and pension funding (65)')","0.00063045166503868","0.000479442120175239","0.000560828921179133"
"('WA', 'Manufacture of coke oven products')","0.0006296753332649","0.000618211035138281","4.0733381847301e-05"
"('CZ', 'Manufacture of machinery and equipment n.e.c. (29)')","0.000629513276896777","0.000130574322817107","0.000629489643364439"
"('WM', 'Air transport (62)')","0.00062734111910116","0.000544766400777254","0.00030913290155492"
"('JP', 'Air transport (62)')","0.000627317255768214","0.00050777145662181","0.000406039204218718"
"('WA', 'Manufacture of electrical machinery and apparatus n.e.c. (31)')","0.000627212197249562","0.000396562272804336","0.000603888498618163"
"('WM', 'Manufacture of textiles (17)')","0.000625923111897131","0.000476009348451174","0.00062254592195681"
"('GB', 'Biogasification of sewage slugde, incl. land application')","0.000625668927522363","0.000294629546681254","0.000518433176643138"
"('JP', 'Production of electricity by hydro')","0.000624572173749688","0.000622814075210654","4.25536401958677e-05"
"('IE', 'Retail trade, except of motor vehicles and motorcycles; repair of personal and household goods (52)')","0.000622013010155397","0.000522113970264641","0.000302897677145136"
"('FR', 'Distribution and trade of electricity')","0.000621567085069843","0.000485178612558158","0.000288743904289135"
"('RO', 'Construction (45)')","0.000620888691145548","0.000201744087462603","0.000620674007926269"
"('WF', 'Production of electricity by gas')","0.000619924655698561","0.000545336435442369","0.000189560593648489"
"('ES', 'Production of electricity by wind')","0.000619208649956646","0.000617193416318945","4.22329414064666e-05"
"('AT', 'Production of electricity by hydro')","0.000618568891271254","0.000613096891832425","4.85845620013362e-05"
"('IT', 'Transport via pipelines')","0.000618413432608306","0.000607701153347625","7.70601851449668e-05"
"('WL', 'Manufacture of textiles (17)')","0.000617148173388896","0.000437543571815761","0.000616221130286692"
"('KR', 'Computer and related activities (72)')","0.000615718663754134","0.000356173211991548","0.00054086938884495"
"('RU', 'Supporting and auxiliary transport activities; activities of travel agencies (63)')","0.000613898881904","0.000552207439582928","0.000501214888165203"
"('WL', 'Poultry farming')","0.000612661064226222","0.00056090137604355","0.000349666466806487"
"('WA', 'Tanning and dressing of leather; manufacture of luggage, handbags, saddlery, harness and footwear (19)')","0.000609835795815371","0.000359035129892898","0.00052654208300438"
"('BE', 'Manufacture of motor vehicles, trailers and semi-trailers (34)')","0.000609695143209493","0.000222268966465862","0.000609674535959894"
"('BR', 'Retail trade, except of motor vehicles and motorcycles; repair of personal and household goods (52)')","0.000608458190503678","0.000535337126791094","0.000531417762801918"
"('WL', 'Cultivation of vegetables, fruit, nuts')","0.000608324836866243","0.000455914773345103","0.000450300640667586"
"('TW', 'Real estate activities (70)')","0.000607779338323269","0.000414362463121658","0.000508565333172143"
"('MX', 'Production of electricity by petroleum and other oil derivatives')","0.000605142499640388","0.000602181321453459","4.14564832090355e-05"
"('ID', 'Manufacture of rubber and plastic products (25)')","0.000604414400755983","0.000301228840718386","0.000599271590984103"
"('PL', 'Other land transport')","0.000603778941809942","0.000523305783514494","0.000554360485477581"
"('PL', 'Manufacture of machinery and equipment n.e.c. (29)')","0.000601387611898418","0.000250564935372245","0.000600785706595035"
"('KR', 'Research and development (73)')","0.000600949114745345","0.000338722270134647","0.000530472962614009"
"('ES', 'Renting of machinery and equipment without operator and of personal and household goods (71)')","0.00059864452180191","0.000582091347907892","0.000260312358653347"
"('RU', 'Manufacture of furniture; manufacturing n.e.c. (36)')","0.000596655937690645","0.000430018562523823","0.000425084568548209"
"('NL', 'Processing of dairy products')","0.000596155141504908","0.000345722289361377","0.000395435913530498"
"('US', 'Incineration of waste: Textiles')","0.000595261660795651","0.000594709624815649","3.59654262135364e-06"
"('WL', 'Sale, maintenance, repair of motor vehicles, motor vehicles parts, motorcycles, motor cycles parts and accessoiries')","0.000595212264356","0.000259744208798503","0.00054266691300828"
"('TR', 'Hotels and restaurants (55)')","0.000590302350046217","0.000444909354907347","0.000443520421520652"
"('RU', 'Pulp')","0.000589330379517657","0.000488025236810623","0.000155104418303339"
"('WL', 'Supporting and auxiliary transport activities; activities of travel agencies (63)')","0.000587542692118774","0.00051362254638824","0.000455705323252711"
"('SE', 'Real estate activities (70)')","0.000586209992196766","0.000401302507829353","0.000456141587672822"
"('WM', 'Computer and related activities (72)')","0.000585922296074038","0.000494609972830216","0.000461849626562021"
"('CA', 'Post and telecommunications (64)')","0.000585839875035704","0.000542890540562211","0.000452607268370614"
"('AU', 'Air transport (62)')","0.000585589358930211","0.000314926342399851","0.000427419693215513"
"('IN', 'Activities auxiliary to financial intermediation (67)')","0.000585578984421831","0.000584725263716057","0.000255287405416236"
"('RU', 'Manufacture of basic iron and steel and of ferro-alloys and first products thereof')","0.000584901149414484","0.00041899658110946","0.00051116477739954"
"('IE', 'Post and telecommunications (64)')","0.000584163665683129","0.000508606389754552","0.00028407047638189"
"('WF', 'Supporting and auxiliary transport activities; activities of travel agencies (63)')","0.000582738592058464","0.000507317687263224","0.000480036207817787"
"('WL', 'Manufacture of wearing apparel; dressing and dyeing of fur (18)')","0.000582447838319049","7.78779587863586e-05","0.000582433385273544"
"('NL', 'Manufacture of office machinery and computers (30)')","0.000582397168535294","0.00033794754442824","0.000581430262413917"
"('BE', 'Other land transport')","0.000582006578846718","0.000435489462669194","0.000504489032032562"
"('WM', 'Manufacture of wearing apparel; dressing and dyeing of fur (18)')","0.000578452863795018","0.000103111733827062","0.000577694215591542"
"('HU', 'Other land transport')","0.000578407952285287","0.000500217286681998","0.000235642358881867"
"('TW', 'Manufacture of beverages')","0.000577570057577219","3.16236956714609e-05","0.000577570057577198"
"('BR', 'Hotels and restaurants (55)')","0.000576463294674045","0.000466467972482133","0.000510368064744104"
"('IT', 'Health and social work (85)')","0.000576103619999091","0.000203262590009195","0.000576103614202551"
"('WM', 'Manufacture of motor vehicles, trailers and semi-trailers (34)')","0.000575132869598814","0.000252009654111916","0.000572707607757191"
"('WM', 'Transmission of electricity')","0.000574113436099739","0.00055887458548158","7.62272128347306e-05"
"('JP', 'Production of electricity by nuclear')","0.000573274169130052","0.00056828711957406","3.10081057151145e-05"
"('IN', 'Precious metals production')","0.000572860766995646","0.000308910602745507","0.000493300441500069"
"('IN', 'Manufacture of radio, television and communication equipment and apparatus (32)')","0.000572390457852749","0.000233164730416178","0.000571202496841941"
"('CA', 'Insurance and pension funding, except compulsory social security (66)')","0.000572189823407155","0.000505243138226563","0.000397295170907633"
"('IE', 'Other business activities (74)')","0.00057175787069728","0.000318552176811062","0.00057160851397064"
"('RU', 'Financial intermediation, except insurance and pension funding (65)')","0.000570412689223355","0.000526402420979629","0.000488659803903915"
"('ES', 'Air transport (62)')","0.000569348262481242","0.000465816550721449","0.00028883701974828"
"('FI', 'Construction (45)')","0.000568401558783543","0.000197727472309209","0.000544018429970582"
"('WM', 'Chemicals nec')","0.000568144427546043","0.000326565834340571","0.000489647085861237"
"('GB', 'Plastics, basic')","0.000566711229504978","0.000537261206246146","0.000301513040527339"
"('KR', 'Manufacture of medical, precision and optical instruments, watches and clocks (33)')","0.000565748666014668","0.000524576741580797","0.000145593112396529"
"('TR', 'Manufacture of motor vehicles, trailers and semi-trailers (34)')","0.000565615184215522","0.000142067820260417","0.00056555058071049"
"('CA', 'Research and development (73)')","0.000565573184672381","0.000440850411500515","0.000492335942123639"
"('WL', 'Extraction of natural gas and services related to natural gas extraction, excluding surveying')","0.000564837810185443","0.000548804923016664","0.000215612631616347"
"('NL', 'Air transport (62)')","0.000562322271742212","0.00051038506957171","0.000235905225730716"
"('ES', 'Manufacture of machinery and equipment n.e.c. (29)')","0.000561404224675574","0.00022005041863844","0.000560869239726917"
"('IN', 'Fishing, operating of fish hatcheries and fish farms; service activities incidental to fishing (05)')","0.00056114370498416","0.000522716850032913","0.000540917906441223"
"('MX', 'Manufacture of furniture; manufacturing n.e.c. (36)')","0.000560862691985102","0.000405607157060825","0.000366260852212364"
"('NL', 'Public administration and defence; compulsory social security (75)')","0.000559792798363996","0.000327952045974878","0.000412501237439565"
"('SE', 'Computer and related activities (72)')","0.000558655449922555","0.000426731950951221","0.000492509447398527"
"('WA', 'Cultivation of cereal grains nec')","0.000556884319094188","0.000493710700821837","0.000163358077163518"
"('CN', 'Pulp')","0.000556410743366903","0.000427756642806479","0.000251688780342281"
"('AU', 'Education (80)')","0.000556308308573773","6.76676473501951e-05","0.000555901053111894"
"('KR', 'Manufacture of electrical machinery and apparatus n.e.c. (31)')","0.000555908606175667","0.000359915783794929","0.000533455301391491"
"('TW', 'Quarrying of sand and clay')","0.000554937248984166","0.000527917309215883","0.000201510126979817"
"('CN', 'Private households with employed persons (95)')","0.00055453193548104","0.000305136420271462","0.00055453193548104"
"('IE', 'Other land transport')","0.000554508497704155","0.000426185480391737","0.000373239473531947"
"('MX', 'Manufacture of office machinery and computers (30)')","0.000552762041817427","0.000142872175280041","0.00055273650970509"
"('JP', 'Casting of metals')","0.00055146061402394","0.000411260962471626","0.000425915519472996"
"('NL', 'Manufacture of other transport equipment (35)')","0.000551175810434887","0.000495689737183665","0.000235929220817967"
"('AU', 'Research and development (73)')","0.000550224679361003","0.000177165644804099","0.000548768184852553"
"('NL', 'Hotels and restaurants (55)')","0.000549471413301425","0.000350487336925847","0.00045652809590691"
"('WF', 'Cultivation of vegetables, fruit, nuts')","0.000549132475810201","0.000394940601384449","0.000466470569238858"
"('CH', 'Quarrying of sand and clay')","0.00054899336763358","0.000542567782622821","2.11487460928361e-05"
"('WM', 'Cultivation of vegetables, fruit, nuts')","0.000548400533814345","0.000397773089531216","0.000481572680123015"
"('IE', 'Inland water transport')","0.000547228280417331","0.000545728328994265","1.53808392998152e-05"
"('WL', 'Manufacture of fish products')","0.000544968207542164","0.000329793538811718","0.000385343700409184"
"('WL', 'Manufacture of other transport equipment (35)')","0.000544504154291899","0.000439506717674933","0.000315407442785744"
"('TW', 'Public administration and defence; compulsory social security (75)')","0.00054409890771646","0.000282585339071096","0.000448038857798035"
"('TW', 'Chemicals nec')","0.000542887727843962","0.000286964723154321","0.000535444941467262"
"('WL', 'Manufacture of rubber and plastic products (25)')","0.000542825471070531","0.000362483036513972","0.000533745876859388"
"('WA', 'Raw milk')","0.000541119456136614","0.000422945350521797","0.000234150869650058"
"('WM', 'Transport via railways')","0.000540481206029467","0.000489731675044658","0.000172623687416697"
"('GR', 'Quarrying of stone')","0.000540342571551615","0.000535716865768538","1.1236828749858e-05"
"('IT', 'Paper')","0.000539250777530992","0.000260866493323303","0.000511224732659273"
"('IN', 'Manufacture of wearing apparel; dressing and dyeing of fur (18)')","0.000538693679053916","0.0002383647737312","0.000528681185732829"
"('WF', 'Other business activities (74)')","0.000538650751100636","0.000427934346910683","0.000538625163125845"
"('ID', 'Retail trade, except of motor vehicles and motorcycles; repair of personal and household goods (52)')","0.000536813380206444","0.000248318726077838","0.000514222382661548"
"('JP', 'Cultivation of paddy rice')","0.000536545943488186","0.000437724576206243","0.000354146860795353"
"('SE', 'Wholesale trade and commission trade, except of motor vehicles and motorcycles (51)')","0.000536308651091656","0.000382078289044205","0.000463574351761492"
"('CA', 'Manufacture of furniture; manufacturing n.e.c. (36)')","0.000533583892694194","0.000321693023205586","0.000421675257659375"
"('SE', 'Transport via pipelines')","0.00053214589851209","0.000526732062467744","4.40740115324074e-05"
"('WL', 'Cultivation of cereal grains nec')","0.000531453928783789","0.000455019759045377","0.000271263904646875"
"('CH', 'Real estate activities (70)')","0.00053132331450985","0.000485677000947821","0.000478748921549987"
"('NL', 'Supporting and auxiliary transport activities; activities of travel agencies (63)')","0.000528267909860779","0.000476667000495364","0.000387439405883318"
"('FR', 'Education (80)')","0.000527177452189343","0.000363142243532113","0.000523771959479217"
"('CA', 'Manufacture of rubber and plastic products (25)')","0.000525764934810403","0.000329815210586165","0.000506283527077456"
"('CH', 'Processing of Food products nec')","0.000525033272503978","0.000217454233204961","0.000523459245510722"
"('WL', 'Real estate activities (70)')","0.00052468689314277","0.000322474668171314","0.000494396755722631"
"('CA', 'Manufacture of wood and of products of wood and cork, except furniture; manufacture of articles of straw and plaiting materials (20)')","0.000523712424297263","0.000274940028626204","0.000481653625772016"
"('AU', 'Production of electricity by coal')","0.000521177781050415","0.000478609399173058","0.000139629862421397"
"('MX', 'Other land transport')","0.000519626140846456","0.000318712709297393","0.000503121368656558"
"('WL', 'Paper')","0.000516880805415277","0.000318638331710196","0.000489256725548586"
"('ES', 'Chemicals nec')","0.000516657202552167","0.00025141397411613","0.000505118443531346"
"('BR', 'Processing of meat cattle')","0.000516623968957647","0.000379725017571742","0.000212311163387352"
"('IT', 'Tanning and dressing of leather; manufacture of luggage, handbags, saddlery, harness and footwear (19)')","0.000516094608386585","0.000278497660252644","0.000485830078599111"
"('WM', 'Manufacture of medical, precision and optical instruments, watches and clocks (33)')","0.000516039983996995","0.000464770562551659","0.000166055094685161"
"('WF', 'N-fertiliser')","0.000515719339697701","0.000511621335641679","2.00351105088021e-05"
"('IT', 'Manufacture of textiles (17)')","0.00051554239309657","0.00028955714506771","0.000514805065152993"
"('KR', 'Manufacture of coke oven products')","0.000515439885664356","0.0004949266876579","5.55103940335956e-05"
"('CA', 'Other service activities (93)')","0.000514724727577134","0.000233107704325151","0.000509150011242531"
"('DE', 'Manufacture of bricks, tiles and construction products, in baked clay')","0.000514473527707076","0.000497793687306128","5.33031831127838e-05"
"('BR', 'Animal products nec')","0.000514429397988247","0.000508067955396087","1.36371722754602e-05"
"('KR', 'Manufacture of fish products')","0.000513536290597284","0.000238346324148122","0.00043846316986147"
"('KR', 'Production of electricity by gas')","0.000512968211500542","0.000503219084411548","8.58393368209142e-05"
"('NL', 'Retail trade, except of motor vehicles and motorcycles; repair of personal and household goods (52)')","0.000512632720599174","0.000338460927481809","0.000433688917325508"
"('GB', 'Manufacture of office machinery and computers (30)')","0.000512208902899771","0.000282255338891132","0.00051171915070085"
"('CH', 'Hotels and restaurants (55)')","0.000511989324353627","0.000278348819417565","0.000476491420597515"
"('JP', 'Processing of dairy products')","0.000511784509661823","0.000322926389963374","0.000390381092633506"
"('IE', 'Mining of lead, zinc and tin ores and concentrates')","0.000511604077756425","0.00051124693817574","5.56115526372455e-06"
"('WL', 'Distribution and trade of electricity')","0.000509963706011201","0.000479398064302451","0.000181428087137239"
"('LT', 'Petroleum Refinery')","0.000509531115346415","0.000331029304519686","0.000501214757018781"
"('TW', 'Research and development (73)')","0.000508402429506202","0.000395252017290955","0.000393820807719719"
"('WM', 'Manufacture of rubber and plastic products (25)')","0.000506584267167885","0.000497611982282625","0.000415497160541592"
"('BR', 'Public administration and defence; compulsory social security (75)')","0.00050612072028029","0.000168349011257012","0.000474272934857403"
"('FR', 'Health and social work (85)')","0.000505729321742882","8.37873979593781e-05","0.000505720922400491"
"('WA', 'Recreational, cultural and sporting activities (92)')","0.000504920411165717","0.000285638498102271","0.000474363094109381"
"('BR', 'Manufacture of rubber and plastic products (25)')","0.000504564734733543","0.000245616959692242","0.000502139478169764"
"('TW', 'Paper')","0.000502929880135268","0.000300517627725549","0.00049849949646417"
"('DE', 'Production of electricity by petroleum and other oil derivatives')","0.000500743056163733","0.000500627435197234","5.5268099416854e-06"
"('IT', 'Public administration and defence; compulsory social security (75)')","0.000499163602102118","0.000276578752931089","0.000374842387094221"
"('PT', 'Quarrying of stone')","0.00049710881965098","0.000471746966610252","6.04392450071136e-05"
"('HU', 'Manufacture of machinery and equipment n.e.c. (29)')","0.00049593023245119","0.000180353310974454","0.000495912548355202"
"('KR', 'Transport via railways')","0.000495915598436633","0.000417194741044976","0.000242881799456091"
"('GB', 'Processing of nuclear fuel')","0.000495200709408848","0.000481661067791221","2.41196702602302e-05"
"('SK', 'Manufacture of motor vehicles, trailers and semi-trailers (34)')","0.000494743146205831","0.000205810526426093","0.000494736108451839"
"('WL', 'Manufacture of motor vehicles, trailers and semi-trailers (34)')","0.000494447033130988","0.000353488151507715","0.000490239859599809"
"('JP', 'Education (80)')","0.000493973548260814","2.25070074785554e-05","0.000493853786071674"
"('NL', 'Manufacture of fabricated metal products, except machinery and equipment (28)')","0.000493494612232561","0.000292769129526756","0.000493424275128497"
"('CA', 'Paper')","0.000493064960707228","0.000247484813783547","0.000469880970462506"
"('JP', 'Manufacture of bricks, tiles and construction products, in baked clay')","0.000492937744622484","0.000486415515589435","6.55529659737143e-05"
"('WM', 'Sale, maintenance, repair of motor vehicles, motor vehicles parts, motorcycles, motor cycles parts and accessoiries')","0.000492830400578939","0.000448756732177676","0.000189571213538913"
"('ES', 'Manufacture of other transport equipment (35)')","0.00049181244704818","0.000419743792002266","0.000246109557435578"
"('CA', 'Air transport (62)')","0.00049136113488377","0.000374938230394505","0.000352046256595647"
"('IN', 'Animal products nec')","0.000490673417864124","0.000409180911552777","0.000131926537138819"
"('CZ', 'Construction (45)')","0.000490402047822316","0.00031321312606348","0.00048013240299633"
"('WM', 'Manufacture of bricks, tiles and construction products, in baked clay')","0.000490302803496259","0.000475410263936097","5.04001916908116e-05"
"('CA', 'Manufacture of fabricated metal products, except machinery and equipment (28)')","0.000490152455453061","0.000251282303745084","0.000490145595775196"
"('RU', 'Post and telecommunications (64)')","0.000489434869000209","0.000419336394333333","0.000367755512596781"
"('WM', 'Production of electricity by solar photovoltaic')","0.000488645973764022","0.00048849837755702","9.77131344679572e-06"
"('PL', 'Other business activities (74)')","0.000488002848766878","0.000397728261915984","0.000487862836091819"
"('NL', 'Sale, maintenance, repair of motor vehicles, motor vehicles parts, motorcycles, motor cycles parts and accessoiries')","0.000487627910989547","0.000439801077230614","0.000256592191740076"
"('BE', 'Petroleum Refinery')","0.000487015415419383","0.000314332581109899","0.000431879381145473"
"('IN', 'Sale, maintenance, repair of motor vehicles, motor vehicles parts, motorcycles, motor cycles parts and accessoiries')","0.000486653694712198","0.000481981851372993","0.000217838198797117"
"('PL', 'Retail trade, except of motor vehicles and motorcycles; repair of personal and household goods (52)')","0.000485110817896024","0.000339857478683499","0.000448087025076761"
"('AT', 'Manufacture of fabricated metal products, except machinery and equipment (28)')","0.000484982485673894","0.00023120563472997","0.000484974010749954"
"('FR', 'Steam and hot water supply')","0.000484082411552043","0.00046066753465676","5.23501098303909e-05"
"('ZA', 'Petroleum Refinery')","0.000483585069748175","0.000212336627004044","0.000480276423520707"
"('IT', 'Processing of dairy products')","0.000483497183014411","0.000266515128118677","0.000424630012255116"
"('JP', 'Insurance and pension funding, except compulsory social security (66)')","0.00048266084275931","0.000205732943412428","0.000426382550126903"
"('FR', 'Waste water treatment, food')","0.000482216214364115","0.000463205448924634","8.53750639029618e-05"
"('WL', 'Sea and coastal water transport')","0.000481591252071762","0.000399655261989487","0.000283448765417635"
"('BE', 'Incineration of waste: Paper')","0.000481202417506822","0.000475579370789365","2.66272882768579e-05"
"('WA', 'Private households with employed persons (95)')","0.000480064590544241","0.000442760367824066","0.000480064590544241"
"('ID', 'Financial intermediation, except insurance and pension funding (65)')","0.00047997462991079","0.00038613447439194","0.000440992591895495"
"('TW', 'Air transport (62)')","0.0004788247972968","0.000207533876850718","0.000402351073893659"
"('JP', 'Manufacture of glass and glass products')","0.000477809609022557","0.000353659175918063","0.000358228689677856"
"('WM', 'Health and social work (85)')","0.000477743507495115","4.50299526932116e-05","0.00047774295858147"
"('KR', 'Education (80)')","0.000477184652705452","0.000102564941472588","0.000476022473692398"
"('IN', 'Copper production')","0.00047700513940417","0.000309103407453366","0.000372152033797603"
"('RU', 'Forestry, logging and related service activities (02)')","0.000476462057778047","0.000421885519394917","0.000134044460440907"
"('WM', 'Education (80)')","0.000476231408998418","4.50705234559813e-05","0.000475630946474721"
"('FR', 'Quarrying of sand and clay')","0.000476204546305522","0.000376945120301885","0.000163765127001382"
"('SE', 'Incineration of waste: Paper')","0.00047557679647164","0.000464145320232531","3.28121705951048e-05"
"('ID', 'Chemicals nec')","0.000472484702513521","0.000248961450946459","0.000451623987841371"
"('NO', 'Construction (45)')","0.000471454209430175","0.000277564998716993","0.000459905544748655"
"('CA', 'Sea and coastal water transport')","0.000468667756234031","0.000343460312045023","0.000334919626269636"
"('BR', 'Chemicals nec')","0.000467409730403671","0.000211265588915048","0.000456624113740675"
"('RU', 'Retail trade, except of motor vehicles and motorcycles; repair of personal and household goods (52)')","0.000466767207703742","0.000205570735450358","0.000432772597972535"
"('ID', 'Manufacture of fabricated metal products, except machinery and equipment (28)')","0.000466203383022613","0.000237653765121535","0.000466202642790354"
"('FR', 'Manufacture of basic iron and steel and of ferro-alloys and first products thereof')","0.000465341261396597","0.000260135540691207","0.000452680819161521"
"('WF', 'Air transport (62)')","0.00046499061052413","0.000262506581352978","0.000382644847993977"
"('WF', 'Processing of meat cattle')","0.00046404651095896","0.000103174851247616","0.000429170504022576"
"('BR', 'Pigs farming')","0.000463721276866239","0.000457048047016996","6.58503748526857e-05"
"('ID', 'Public administration and defence; compulsory social security (75)')","0.000463661797528993","1.36586012995475e-05","0.000463401496309055"
"('NL', 'Research and development (73)')","0.000463547212903656","0.000242494216677388","0.000425568271043945"
"('WF', 'Production of electricity by Geothermal')","0.000462736625894747","0.000462611151991602","4.34053670190271e-06"
"('RU', 'Hotels and restaurants (55)')","0.000462526557273056","0.000247381707218597","0.000418735871467406"
"('TR', 'Chemicals nec')","0.000461365817997701","0.000288458253825492","0.000438929389363824"
"('TR', 'Financial intermediation, except insurance and pension funding (65)')","0.000461096015401129","0.000402710476452079","0.000368696536082808"
"('WF', 'Financial intermediation, except insurance and pension funding (65)')","0.000460763364514511","0.000349312825837532","0.000427528177785277"
"('FR', 'Transmission of electricity')","0.000460087832990767","0.000419075033359219","9.16350125124486e-05"
"('IT', 'Manufacture of wearing apparel; dressing and dyeing of fur (18)')","0.000459850205384261","0.000154780066862433","0.000454030560229767"
"('WL', 'Cultivation of sugar cane, sugar beet')","0.000459838592996619","0.000418339907588234","0.000112113847678405"
"('TW', 'Sale, maintenance, repair of motor vehicles, motor vehicles parts, motorcycles, motor cycles parts and accessoiries')","0.000459099398224597","0.000442654293247917","0.000229953318891877"
"('AT', 'Other land transport')","0.000458925847424764","0.000336834032168458","0.000437210545280079"
"('WM', 'Manufacture of office machinery and computers (30)')","0.000458388869147408","0.000203066511603995","0.000458013074844079"
"('GB', 'Retail sale of automotive fuel')","0.000457885143229944","0.000456544899273699","4.0878416302869e-05"
"('NL', 'Manufacture of motor vehicles, trailers and semi-trailers (34)')","0.000457679924459214","0.000139862477177926","0.000454749063377204"
"('CZ', 'Wholesale trade and commission trade, except of motor vehicles and motorcycles (51)')","0.00045762693255708","0.000260794869860363","0.000454639347593832"
"('KR', 'P- and other fertiliser')","0.000457490172771339","0.00023642045667933","0.000357515715533385"
"('DK', 'Other land transport')","0.000457336899581915","0.000285782790928406","0.000445702423200852"
"('WF', 'Transport via pipelines')","0.000457294545946234","0.000443536891485349","7.94916254186383e-05"
"('RU', 'Processing of Food products nec')","0.000456320862415815","0.000179687494518455","0.000451104470713233"
"('TW', 'Other service activities (93)')","0.000456205226229647","3.76671656621227e-05","0.000455812840644531"
"('WA', 'Fishing, operating of fish hatcheries and fish farms; service activities incidental to fishing (05)')","0.000455914127406624","0.000266934499780889","0.000367270421800008"
"('WM', 'Insurance and pension funding, except compulsory social security (66)')","0.000454636316149221","0.000387310199744072","0.000265813566893995"
"('WM', 'Poultry farming')","0.000454537461760987","0.000298929039368432","0.000372577409782684"
"('BE', 'Activities auxiliary to financial intermediation (67)')","0.00045351784684343","0.00035795215459269","0.000330415925845545"
"('RU', 'Manufacture of fish products')","0.000452575667539688","0.000189925645128267","0.000385255639004109"
"('WF', 'Production of electricity by hydro')","0.000452503130389493","0.000448596135698088","6.85833273635788e-05"
"('CA', 'Pulp')","0.000452392596723643","0.000379244999956204","0.000161195908484112"
"('PL', 'Processing of Food products nec')","0.000452208388555214","0.000198394137883783","0.000451095544969309"
"('FR', 'Landfill of waste: Food')","0.000450765477317362","0.000387735864321469","0.000147318961704872"
"('TW', 'Post and telecommunications (64)')","0.000449920459758179","0.000367499643305647","0.000344389955565641"
"('WM', 'Activities auxiliary to financial intermediation (67)')","0.00044931643143132","0.000394336194518446","0.000277475596541678"
"('NL', 'Post and telecommunications (64)')","0.000448720866263778","0.000422446566137519","0.000323650059531663"
"('US', 'Manufacture of office machinery and computers (30)')","0.000447457540748398","0.000284911034225904","0.000446206570156594"
"('JP', 'Recreational, cultural and sporting activities (92)')","0.000447180660981125","0.000213892038632798","0.000434072313309981"
"('WF', 'Real estate activities (70)')","0.000446910329291379","0.000183113141436697","0.000442136494368394"
"('BR', 'Processing of Food products nec')","0.000446904032562417","0.000123826571963953","0.000443623421179696"
"('TW', 'Publishing, printing and reproduction of recorded media (22)')","0.000446475726856132","0.000252974154810435","0.000446458930079817"
"('ES', 'Distribution and trade of electricity')","0.000446261703224107","0.000422114181949075","0.000233452450119292"
"('MX', 'Hotels and restaurants (55)')","0.000444873632576819","0.000255259034571396","0.000409550657326604"
"('IE', 'Insurance and pension funding, except compulsory social security (66)')","0.000444488482212752","0.000329901420201974","0.000343508643223119"
"('IN', 'Production of electricity by wind')","0.000444370737919658","0.000444014512894746","1.87835068180611e-05"
"('WM', 'Precious metals production')","0.000444145556954341","0.00032689796667422","0.000236297925107483"
"('BE', 'Processing of Food products nec')","0.000442352213970444","0.000177150480160489","0.000441876509301353"
"('FR', 'Production of electricity by solar photovoltaic')","0.000442024023734527","0.00044054881106219","1.33805156965342e-05"
"('IN', 'Raw milk')","0.00044111344872568","0.000295728333888","0.000429903314492432"
"('RU', 'Manufacture of motor vehicles, trailers and semi-trailers (34)')","0.000440070289935611","0.000166476127538917","0.000439436452699286"
"('SE', 'Incineration of waste: Food')","0.00043923527785758","0.000427598891968325","2.95347287342424e-05"
"('US', 'Pigs farming')","0.000438958954723769","0.000370301649080482","0.000281607999274818"
"('ID', 'Real estate activities (70)')","0.000436917562126618","0.000281382209453758","0.000416374919906484"
"('TW', 'Financial intermediation, except insurance and pension funding (65)')","0.000436484989465269","0.000369122607112573","0.000379973683520115"
"('FI', 'Public administration and defence; compulsory social security (75)')","0.000436010156154831","0.000286678600933396","0.000206449794728023"
"('ID', 'Re-processing of secondary steel into new steel')","0.000435819537333794","0.000320543781970872","0.000294581625999916"
"('WA', 'Manufacture of fish products')","0.000435799418810685","0.000349314608868294","0.000182153660290765"
"('KR', 'Manufacture of glass and glass products')","0.000435480293015124","0.000322719940021012","0.000367450556826222"
"('ID', 'Manufacture of textiles (17)')","0.000435218946809056","0.000291894224686871","0.000434006866005154"
"('BE', 'Chemicals nec')","0.000435195700607517","0.000260848891290336","0.000416284307279492"
"('BR', 'P- and other fertiliser')","0.000434947570773899","0.000107879149092754","0.000411861456493247"
"('WF', 'Manufacture of textiles (17)')","0.000434920509701357","0.000192501067702838","0.000434655798685684"
"('SE', 'Manufacture of machinery and equipment n.e.c. (29)')","0.000434813367269866","0.000222363750271629","0.000434167774701023"
"('ID', 'Processed rice')","0.000434617924160251","8.3808653433049e-05","0.00040730859733567"
"('TR', 'Real estate activities (70)')","0.000433699283872201","0.000268377924513434","0.000382865748353718"
"('WF', 'Cultivation of oil seeds')","0.000433626514143986","0.000414895917383814","0.000208682278160742"
"('IN', 'Production of electricity by hydro')","0.000433373993462143","0.000431834356728949","4.4941465820744e-05"
"('KR', 'Cultivation of paddy rice')","0.000433089441613649","0.000398911492659593","0.000229881334367049"
"('WM', 'Retail sale of automotive fuel')","0.000432504618748669","0.000421115560209833","4.47903296224014e-05"
"('TW', 'Manufacture of wearing apparel; dressing and dyeing of fur (18)')","0.000432012498005123","2.28613025709153e-05","0.000432012498005119"
"('BR', 'Manufacture of motor vehicles, trailers and semi-trailers (34)')","0.000431669594763369","9.2476800966591e-05","0.000431657984250072"
"('SE', 'Petroleum Refinery')","0.000431100361898921","0.000219347839596007","0.000364491360526418"
"('WF', 'Manufacture of furniture; manufacturing n.e.c. (36)')","0.000428933671344317","0.000288298462593766","0.000331418504408906"
"('WL', 'Transmission of electricity')","0.000428455375161783","0.000414828600183611","6.81118139747637e-05"
"('IT', 'Post and telecommunications (64)')","0.000428395298030714","0.000408817351211129","0.000269589288252643"
"('DE', 'Manufacture of textiles (17)')","0.00042815049333476","0.000244123237374363","0.000426191848535132"
"('TR', 'Meat animals nec')","0.000427791029637471","0.000421151760433915","1.58258616310685e-05"
"('TR', 'Paper')","0.000427329230760091","0.000254601561735246","0.000415109022388634"
"('TW', 'Manufacture of other transport equipment (35)')","0.000426873886434681","0.000249214734170862","0.000379503875399664"
"('WF', 'Sea and coastal water transport')","0.000423981155587215","0.000402257964445351","0.000171334604629619"
"('WL', 'Processing of dairy products')","0.000423723479891187","0.000260299934945985","0.000310407949270895"
"('IT', 'Transport via railways')","0.000421439324535244","0.000396351848377447","0.000153093092306483"
"('RU', 'Chemicals nec')","0.000421352079640113","0.000254439849238259","0.000382446381487988"
"('KR', 'Other service activities (93)')","0.000420447417778336","9.4666962622425e-05","0.000419396421599994"
"('RU', 'Distribution and trade of electricity')","0.000420280982250148","0.00040101933947888","0.00016276067187554"
"('WM', 'Other non-ferrous metal production')","0.00041994030833149","0.00039508517545007","0.000107907204333976"
"('ZA', 'Mining of precious metal ores and concentrates')","0.000418563569664795","0.000415517159401498","6.22437639228215e-06"
"('WF', 'Production of meat products nec')","0.00041809601340498","0.000280853837502294","0.00023798946719244"
"('CH', 'Research and development (73)')","0.000417548352630024","0.000345133383408393","0.000374316682235851"
"('WM', 'Processing of meat poultry')","0.000417008458534095","0.000174297380547226","0.000303354054934476"
"('RU', 'Transmission of electricity')","0.000416449102006324","0.000408751142656614","6.99754470144648e-05"
"('ID', 'Cultivation of oil seeds')","0.00041601841012538","0.000351050186824111","0.000241808862839762"
"('GB', 'Landfill of waste: Inert/metal/hazardous')","0.000415928261402369","0.000125175547325711","0.000415923227054737"
"('WF', 'Cultivation of cereal grains nec')","0.000415744758672024","0.000362481250146896","0.000276815544757745"
"('WM', 'Processing of dairy products')","0.000415195116446739","0.00020328787266103","0.000333361147622367"
"('WM', 'Paper')","0.000413267905822218","0.000263081468484959","0.000399698845713388"
"('WL', 'Publishing, printing and reproduction of recorded media (22)')","0.000413094521126299","0.00024784861129357","0.000413094521126299"
"('BE', 'Transport via railways')","0.000412891753631751","0.000386016732641657","0.000182990380519634"
"('ES', 'Health and social work (85)')","0.000412307944685997","0.000118723319622437","0.000412307320652072"
"('AU', 'Cattle farming')","0.000411420818762144","0.000364320950579888","0.000225215773585365"
"('BE', 'Hotels and restaurants (55)')","0.000411415325926794","0.000214318861747001","0.000386550142583483"
"('CA', 'Education (80)')","0.000411185585431985","7.92674251272526e-05","0.000410411976887313"
"('BE', 'Incineration of waste: Food')","0.000410776790203861","0.00040570740877615","2.45786708282304e-05"
"('GB', 'Landfill of waste: Paper')","0.000410130618427008","0.000212425320416822","0.000401580973347987"
"('KR', 'Tanning and dressing of leather; manufacture of luggage, handbags, saddlery, harness and footwear (19)')","0.000409698493972105","0.000201303682890853","0.000405258651280366"
"('BR', 'Processing of meat poultry')","0.000409646860782315","0.00016766193835189","0.000317878304496962"
"('WF', 'Processing vegetable oils and fats')","0.000408190470772808","0.000321004189340342","0.000180078726832116"
"('CH', 'Manufacture of fabricated metal products, except machinery and equipment (28)')","0.000407549887868025","0.000276919790066031","0.000407459569848874"
"('GB', 'Manufacture of wood and of products of wood and cork, except furniture; manufacture of articles of straw and plaiting materials (20)')","0.000407446408139744","0.000176962046054824","0.000390923888801053"
"('ID', 'Insurance and pension funding, except compulsory social security (66)')","0.000406266724202939","0.000344876349638164","0.000294713646888663"
"('MX', 'Re-processing of secondary steel into new steel')","0.00040608669477931","0.00026870438712537","0.000361896438701063"
"('JP', 'Manufacture of fish products')","0.000405643665118868","0.000155310137451064","0.000371045271973931"
"('TW', 'Hotels and restaurants (55)')","0.000405634963850593","0.000236115522926138","0.000369416368715325"
"('RU', 'Re-processing of secondary steel into new steel')","0.00040542732870909","0.000275200161507165","0.000324010738691779"
"('FR', 'Manufacture of cement, lime and plaster')","0.00040463530326804","0.000243898912023735","0.000393776921582132"
"('CZ', 'Other land transport')","0.000403420634128727","0.000248911345393517","0.000401159325997462"
"('BE', 'Copper production')","0.000403331905062075","0.000266541293184628","0.000294220173909125"
"('FR', 'Cultivation of wheat')","0.000402973166306377","0.000300192222211315","0.000216272089542612"
"('DE', 'Incineration of waste: Oil/Hazardous waste')","0.000402931704342016","0.000313595390800729","0.000177125556544044"
"('ES', 'Production of electricity by nuclear')","0.000400252537626544","0.000396681983579267","4.45762228051343e-05"
"('WM', 'Copper production')","0.000399443512704563","0.000350551564159392","0.000195507930116342"
"('MX', 'Other business activities (74)')","0.000398291030682621","0.000369625146890933","0.000398283138313736"
"('IN', 'Manufacture of office machinery and computers (30)')","0.000396837925968788","3.24791218969869e-05","0.000396837925968051"
"('PL', 'Petroleum Refinery')","0.000396739279031554","0.00019448092984541","0.000394389124681382"
"('GB', 'Recreational, cultural and sporting activities (92)')","0.000396709594866079","0.000224167936114347","0.000390975988575671"
"('BR', 'Cultivation of cereal grains nec')","0.000396680344112919","0.00035175111941853","0.000209309837747885"
"('PL', 'Plastics, basic')","0.000396074866158779","0.000234690449118819","0.000378151125516243"
"('BR', 'Real estate activities (70)')","0.000395647918377291","0.000322578088465288","0.000378786070503593"
"('DE', 'Raw milk')","0.000395480769172243","0.000272834418638976","0.000321581602552846"
"('TR', 'Air transport (62)')","0.000395017796565784","0.000261014440575034","0.000257848893354472"
"('BG', 'Wholesale trade and commission trade, except of motor vehicles and motorcycles (51)')","0.000394593116294207","0.000207097834285938","0.000385593985906059"
"('BE', 'Sale, maintenance, repair of motor vehicles, motor vehicles parts, motorcycles, motor cycles parts and accessoiries')","0.000393686441427335","0.000280148014154275","0.000270278485055433"
"('WF', 'Education (80)')","0.000393237764901959","3.02214874661316e-05","0.000392987923708512"
"('TR', 'Manufacture of fabricated metal products, except machinery and equipment (28)')","0.000391979402179216","0.000208369285583357","0.000391893329658135"
"('NL', 'Collection, purification and distribution of water (41)')","0.000390725415531217","0.000389970423787747","9.54382929548615e-06"
"('FR', 'Sale, maintenance, repair of motor vehicles, motor vehicles parts, motorcycles, motor cycles parts and accessoiries')","0.000389685470438947","0.000308304316430022","0.000297486181906583"
"('CA', 'Cultivation of wheat')","0.000389550700171224","0.000327653734618545","0.000174633238042567"
"('CA', 'Aluminium production')","0.000389129414992061","0.000224979535968275","0.0003262862829691"
"('AT', 'Wholesale trade and commission trade, except of motor vehicles and motorcycles (51)')","0.000389096196531147","0.00024411886019042","0.000386919135515888"
"('BE', 'Computer and related activities (72)')","0.000388756774024215","0.000272517870324737","0.00037549978093773"
"('CA', 'Production of electricity by wind')","0.000388223530754971","0.000387415730712225","1.19782400366465e-05"
"('ZA', 'Wholesale trade and commission trade, except of motor vehicles and motorcycles (51)')","0.000388077062260141","0.000285509035241177","0.00038710730138611"
"('WL', 'Health and social work (85)')","0.000387191334663362","7.62913387359586e-05","0.000387190166129487"
"('BR', 'Manufacture of basic iron and steel and of ferro-alloys and first products thereof')","0.00038708613100605","0.000275826896450267","0.00037004114069922"
"('CH', 'Manufacture of gas; distribution of gaseous fuels through mains')","0.000387081934082173","0.000310994157117919","0.000285648331968495"
"('WM', 'Cattle farming')","0.000387028648744441","0.000292571558528183","0.000295050355870232"
"('WL', 'Activities auxiliary to financial intermediation (67)')","0.000386688198313284","0.000339011299258308","0.000266497286548813"
"('FR', 'Production of electricity by biomass and waste')","0.000385687664395128","0.000385097009706989","3.19313853223552e-06"
"('IN', 'Cultivation of oil seeds')","0.000385529696065986","0.000325290996071597","0.000275821878292318"
"('IT', 'Manufacture of office machinery and computers (30)')","0.00038519723302731","0.000133366732204442","0.000385197156868111"
"('WL', 'Inland water transport')","0.000385185192355171","0.000374980636152949","4.32598796782211e-05"
"('CH', 'Mining of chemical and fertilizer minerals, production of salt, other mining and quarrying n.e.c.')","0.000385049758827459","0.000380800647407291","1.30797510583402e-05"
"('BE', 'Real estate activities (70)')","0.000384330049405604","0.000299647127909591","0.000317760767699016"
"('BE', 'Manufacture of fabricated metal products, except machinery and equipment (28)')","0.000383955057786065","0.000160157978747111","0.000383907898621519"
"('PT', 'Construction (45)')","0.000383943022325266","0.000163631589045353","0.000368173039064801"
"('TW', 'Other business activities (74)')","0.000383847917639793","0.000237965426957897","0.000383503235856808"
"('BR', 'Health and social work (85)')","0.000383523440679001","0.000109791392032764","0.000383523440679001"
"('WL', 'Raw milk')","0.000383338584026304","0.00033806660314109","0.000221972852665817"
"('WF', 'Sale, maintenance, repair of motor vehicles, motor vehicles parts, motorcycles, motor cycles parts and accessoiries')","0.000383175630583694","0.000293250229947536","0.000301922211261327"
"('WL', 'Manufacture of basic iron and steel and of ferro-alloys and first products thereof')","0.000382842728694167","0.000290829805239644","0.000368112420872783"
"('JP', 'Processing of meat pigs')","0.000382551020703387","0.000213626716945186","0.000267011818878356"
"('ES', 'Computer and related activities (72)')","0.000382329976985186","0.000332621458148907","0.000330804744792374"
"('FR', 'Landfill of waste: Inert/metal/hazardous')","0.000381990489749083","0.000175606212539104","0.000380620207005712"
"('AU', 'Other service activities (93)')","0.000380311174217147","0.000114460619995628","0.000379579981678173"
"('KR', 'Precious metals production')","0.000379748697916569","0.000305043646795199","0.000155352089404506"
"('RU', 'Manufacture of cement, lime and plaster')","0.000378353244954718","0.000298566474472605","0.000309577927690761"
"('AT', 'Computer and related activities (72)')","0.000378165877270268","0.000308092909497242","0.000347935569058539"
"('ID', 'Cultivation of paddy rice')","0.000377517649980065","0.000343086886296562","0.00032272966140272"
"('IN', 'Manufacture of glass and glass products')","0.000377452965677616","0.000261064077303127","0.000300533576164884"
"('ES', 'Re-processing of secondary steel into new steel')","0.000377342416764585","0.000233505086329729","0.000342459812414462"
"('ZA', 'Real estate activities (70)')","0.000376109243987546","0.000185422874196315","0.000375676103776279"
"('WM', 'Manufacture of beverages')","0.000376011167127195","0.000150876800660634","0.000340483960237938"
"('ES', 'Waste water treatment, food')","0.000375947505530741","0.000361345384553781","8.34943571086885e-05"
"('WA', 'Casting of metals')","0.000374815396995376","0.000313826647289015","0.000206394249393171"
"('CA', 'Manufacture of other transport equipment (35)')","0.000374070101661486","0.000326654192351413","0.000139091656137245"
"('WA', 'Processing of Food products nec')","0.000373497154732932","0.000218915363901719","0.000329400673015436"
"('DE', 'Publishing, printing and reproduction of recorded media (22)')","0.0003725902744942","0.000258600211042739","0.000372574303975405"
"('CZ', 'Manufacture of fabricated metal products, except machinery and equipment (28)')","0.000371744710521839","0.000253980253875107","0.000371733231708437"
"('WM', 'Publishing, printing and reproduction of recorded media (22)')","0.000370980325677936","0.000218856905986193","0.000370961461559962"
"('WL', 'Other service activities (93)')","0.000370936475171385","8.8420749292339e-05","0.000370925545325965"
"('CZ', 'Supporting and auxiliary transport activities; activities of travel agencies (63)')","0.000368232950636788","0.000222085754833728","0.000359899627756941"
"('MX', 'Public administration and defence; compulsory social security (75)')","0.00036795173782377","2.86184152817164e-05","0.000366561797162545"
"('BR', 'Retail sale of automotive fuel')","0.000367835542897879","0.000367509784830224","2.12788184323092e-05"
"('WL', 'Manufacture of beverages')","0.000367029701504723","0.000209655876884758","0.000293472206084957"
"('FR', 'Recreational, cultural and sporting activities (92)')","0.000366459257718974","0.000219556651256416","0.000363483951535915"
"('CN', 'Processing vegetable oils and fats')","0.000366428269452203","0.000318987133368009","9.45031572461888e-05"
"('TR', 'Cultivation of vegetables, fruit, nuts')","0.000365938820395179","0.0001702171944978","0.000334433498308589"
"('IN', 'Aluminium production')","0.000365366445698274","0.000207565043353907","0.000308545128595134"
"('ES', 'Sale, maintenance, repair of motor vehicles, motor vehicles parts, motorcycles, motor cycles parts and accessoiries')","0.000365274570572448","0.000293577437423908","0.000231824972479866"
"('AU', 'Production of electricity by gas')","0.000364540680320877","0.000336415102401816","7.25143771831307e-05"
"('KR', 'Activities auxiliary to financial intermediation (67)')","0.000363556423432037","0.000335685671040786","0.000239960384239133"
"('ES', 'Mining of nickel ores and concentrates')","0.000362974686189985","0.000352875584327336","3.28999975762494e-05"
"('TW', 'Manufacture of office machinery and computers (30)')","0.000362855064388395","0.00021675789896148","0.000362855064388092"
"('FR', 'Raw milk')","0.000362763857414113","0.000259647797564245","0.00029896813627143"
"('WE', 'Extraction of crude petroleum and services related to crude oil extraction, excluding surveying')","0.000362662569382548","0.00018117444649592","0.000362662568445536"
"('ES', 'Quarrying of sand and clay')","0.000361932990379914","0.000322488530999206","0.00013542145469862"
"('KR', 'Production of electricity by coal')","0.000361886086446623","0.000302815337116728","0.00011110368864729"
"('CA', 'Fishing, operating of fish hatcheries and fish farms; service activities incidental to fishing (05)')","0.000361664262013054","0.000329788863639552","9.36385585468515e-05"
"('BR', 'Post and telecommunications (64)')","0.000361086393069661","0.00029497540665967","0.00032571637555722"
"('BR', 'Sea and coastal water transport')","0.000360497123791784","0.000320615394548242","0.000250639912089324"
"('CZ', 'Manufacture of office machinery and computers (30)')","0.000360208915834784","0.000213405847179296","0.000360143985754188"
"('ES', 'Manufacture of textiles (17)')","0.000359132326501952","0.000191119356733532","0.000358550213774325"
"('DE', 'Recreational, cultural and sporting activities (92)')","0.000358588981117229","0.000225180986804359","0.000351344711261192"
"('KR', 'Quarrying of sand and clay')","0.000357721517361416","0.000321029852018907","8.34520637170021e-05"
"('MX', 'Cultivation of cereal grains nec')","0.000357645301063103","0.000202462274645929","0.000324173533232023"
"('MX', 'Plastics, basic')","0.00035739666691965","0.00024888315284483","0.000308434522475193"
"('FR', 'Manufacture of wood and of products of wood and cork, except furniture; manufacture of articles of straw and plaiting materials (20)')","0.00035706841088303","0.000181632846095884","0.000347208530269989"
"('ID', 'Sea and coastal water transport')","0.000355518079170232","0.000275462410841482","0.000269711385700382"
"('WM', 'Manufacture of glass and glass products')","0.00035448584802226","0.000308340347737312","0.000205941491097343"
"('WL', 'Computer and related activities (72)')","0.000353901538189527","0.000249850774361554","0.000336895055111646"
"('NL', 'Production of electricity by gas')","0.000353712735566136","0.00034569005590777","4.55866701351362e-05"
"('TR', 'Supporting and auxiliary transport activities; activities of travel agencies (63)')","0.000353697135075796","0.000301623384899164","0.000259419566448719"
"('NL', 'Insurance and pension funding, except compulsory social security (66)')","0.000353294893947513","0.000176134469393711","0.000287292201164281"
"('CA', 'Transport via railways')","0.000352680690321797","0.000328812657052106","0.00016473855163036"
"('CA', 'Supporting and auxiliary transport activities; activities of travel agencies (63)')","0.000352536396138941","0.000289694817393108","0.000288309091883382"
"('HU', 'Manufacture of motor vehicles, trailers and semi-trailers (34)')","0.000352502999382464","0.000122263625848369","0.000352502986863394"
"('CA', 'Manufacture of beverages')","0.00035223652430977","0.000195575915474849","0.000293103625209035"
"('IN', 'Air transport (62)')","0.000352149021872282","0.000256288991818252","0.000248429962888187"
"('BG', 'Education (80)')","0.000351545175173372","0.000184704374863906","0.000350991807758821"
"('KR', 'Manufacture of wood and of products of wood and cork, except furniture; manufacture of articles of straw and plaiting materials (20)')","0.000351441076982164","0.000230713715803645","0.000344179512119175"
"('WF', 'Health and social work (85)')","0.000350952687069103","2.58074813459499e-05","0.000350952671794428"
"('CA', 'Cultivation of oil seeds')","0.00035086429922583","0.000245766410358554","0.000243107923646282"
"('AU', 'Processing of Food products nec')","0.000350113702247806","0.000158240191320882","0.000344248277982254"
"('IT', 'Production of electricity nec')","0.000349509982083435","0.00034950460080699","1.18421291094686e-06"
"('WM', 'Manufacture of electrical machinery and apparatus n.e.c. (31)')","0.000349386043067206","0.000216188021095855","0.00034846672357072"
"('TR', 'Manufacture of wearing apparel; dressing and dyeing of fur (18)')","0.000348794826438905","0.000116604631659058","0.000345616445753128"
"('TR', 'Post and telecommunications (64)')","0.000348503540506299","0.000255956541847728","0.000277858811904276"
"('SE', 'Hotels and restaurants (55)')","0.000348311383155748","0.000212622615076991","0.000262247763137935"
"('MX', 'Paper')","0.000347738628837031","0.000185301562102256","0.000340392363990793"
"('FR', 'Paper')","0.000347568012770276","0.000177865322107731","0.00033773747630556"
"('RU', 'Air transport (62)')","0.000346505016881139","0.000215435943318617","0.000252555277646454"
"('AU', 'Production of electricity by solar photovoltaic')","0.000345062354726451","0.0003445963547992","1.01616530312567e-05"
"('WM', 'Production of meat products nec')","0.000344848495151629","0.000230651393420182","0.000222767174122154"
"('CH', 'Air transport (62)')","0.000344274091450677","0.000204380339055813","0.000287585701268858"
"('NL', 'Composting of food waste, incl. land application')","0.000344220586159778","0.000225165551838926","0.000237379673731703"
"('ID', 'Air transport (62)')","0.000343669568790143","0.000198828239510852","0.00030476878695972"
"('AT', 'Hotels and restaurants (55)')","0.000342714623420226","0.000242418650065052","0.000295194990286011"
"('WF', 'Chemicals nec')","0.000342303284436485","6.57724510131514e-05","0.000342201453078624"
"('ES', 'Insurance and pension funding, except compulsory social security (66)')","0.000342266201677389","0.000251348860628745","0.000221016820876448"
"('CA', 'Manufacture of gas; distribution of gaseous fuels through mains')","0.000341789235541157","0.000291953730360626","0.000184748701626727"
"('CZ', 'Manufacture of rubber and plastic products (25)')","0.000341297091306196","0.0001945100699042","0.00033615645545942"
"('CZ', 'Other business activities (74)')","0.00034075670731051","0.000245674227051868","0.000340755634486568"
"('BE', 'Sea and coastal water transport')","0.000339453896916874","0.000265605267389923","0.000218066586319234"
"('FR', 'Manufacture of furniture; manufacturing n.e.c. (36)')","0.00033923220449774","0.000222197085999889","0.000287264676760377"
"('BE', 'Manufacture of rubber and plastic products (25)')","0.000338958491605389","0.000174805435612108","0.000327672578228215"
"('CA', 'Processing of dairy products')","0.000338373914341442","0.000121368050432328","0.000331143041492675"
"('WL', 'Manufacture of wood and of products of wood and cork, except furniture; manufacture of articles of straw and plaiting materials (20)')","0.000337973161593812","0.000290158416736781","0.000298933322388162"
"('WM', 'Raw milk')","0.000337951879914524","0.000233603513953393","0.000280663591339526"
"('BE', 'Quarrying of stone')","0.000336250699867463","0.000313138151160533","5.25421591746591e-05"
"('AU', 'Processing of dairy products')","0.000335972863986874","0.000205591837173121","0.000224216282999617"
"('TR', 'Other business activities (74)')","0.00033591482421687","0.000298632539801715","0.000335912020947141"
"('ES', 'Production of electricity by gas')","0.000335374787289767","0.000316519183548745","8.08894350422237e-05"
"('DE', 'Incineration of waste: Wood')","0.000334105951383295","0.000276423609407676","0.000122409852686529"
"('AT', 'Real estate activities (70)')","0.000334023770083923","0.000267012710249397","0.000328194167092501"
"('KR', 'Sale, maintenance, repair of motor vehicles, motor vehicles parts, motorcycles, motor cycles parts and accessoiries')","0.000334005126419544","0.000165944490775074","0.000307361686636188"
"('RU', 'Manufacture of rubber and plastic products (25)')","0.000333308446607828","0.00022226460864038","0.000287861942777741"
"('BE', 'Financial intermediation, except insurance and pension funding (65)')","0.000332828147776698","0.000272056223418117","0.000303422230071058"
"('WL', 'Mining of coal and lignite; extraction of peat (10)')","0.000332625241398199","0.000310578425669153","0.000179236902454807"
"('NL', 'Manufacture of rubber and plastic products (25)')","0.000332353861697993","0.000175119988576119","0.000327898208084403"
"('RO', 'Manufacture of gas; distribution of gaseous fuels through mains')","0.000331252998877889","0.000278908246888949","0.000284482246691072"
"('WL', 'Transport via railways')","0.000331236197919099","0.000232900491713467","0.000217644041797751"
"('BR', 'Supporting and auxiliary transport activities; activities of travel agencies (63)')","0.00033021527953196","0.000238132665811681","0.000312249893741649"
"('AT', 'Manufacture of wood and of products of wood and cork, except furniture; manufacture of articles of straw and plaiting materials (20)')","0.000330172776176599","0.000178948124806413","0.000321955664493746"
"('BR', 'Sale, maintenance, repair of motor vehicles, motor vehicles parts, motorcycles, motor cycles parts and accessoiries')","0.000330079660365227","0.000300448546799353","0.000224198926862842"
"('CH', 'Sale, maintenance, repair of motor vehicles, motor vehicles parts, motorcycles, motor cycles parts and accessoiries')","0.000329980523448589","0.000240315869491414","0.000249830996247143"
"('IT', 'Manufacture of cement, lime and plaster')","0.000329712265631339","0.000227729076813187","0.000281860229134782"
"('IN', 'Public administration and defence; compulsory social security (75)')","0.000329263019042005","6.92797116734849e-05","0.000319270437336009"
"('ES', 'Landfill of waste: Food')","0.000327903415105079","0.000237074839230003","0.000202556244795386"
"('GB', 'Transport via pipelines')","0.000327380712798031","0.000321256448305118","4.36190582206213e-05"
"('ES', 'Manufacture of cement, lime and plaster')","0.000327376331041935","0.000264063806713427","0.000190625523303712"
"('TW', 'Sea and coastal water transport')","0.000327166489827446","0.000198902290494169","0.000256999371918983"
"('WM', 'Manufacture of radio, television and communication equipment and apparatus (32)')","0.000326735821067387","0.000210728509587142","0.000326127304330695"
"('JP', 'Manufacture of ceramic goods')","0.000326491383487897","0.000230581215222684","0.000232287135858999"
"('FI', 'Wholesale trade and commission trade, except of motor vehicles and motorcycles (51)')","0.000326317892977892","0.000166395789253224","0.000321685252237899"
"('IT', 'Air transport (62)')","0.000326208953457614","0.000210624891260599","0.000239485156534863"
"('TW', 'Manufacture of radio, television and communication equipment and apparatus (32)')","0.000325842410818355","0.000157975278892892","0.000325716376219352"
"('SE', 'Renting of machinery and equipment without operator and of personal and household goods (71)')","0.000325404695956762","0.000286041560659526","0.000191197338911966"
"('AU', 'Processing of meat cattle')","0.000325342873603186","0.000189206256016373","0.000201431038829259"
"('RU', 'Other non-ferrous metal production')","0.000325250230455112","0.000290831643740131","0.000140934380388059"
"('WM', 'Inland water transport')","0.000325211980321345","0.000316047802582119","2.36358213071133e-05"
"('WL', 'Production of electricity by wind')","0.000325038235028464","0.000322178299279276","2.95799331567532e-05"
"('IN', 'Inland water transport')","0.000322509437629431","0.000320449213237765","3.57159517847316e-05"
"('WM', 'Other service activities (93)')","0.000321341073379758","6.12096570054078e-05","0.000321336815586902"
"('WL', 'Education (80)')","0.000321289866449609","4.34861398955961e-05","0.000320594734293971"
"('ZA', 'Construction (45)')","0.000321074698816926","3.38447796184384e-05","0.000321069852103713"
"('US', 'Sugar refining')","0.000320926103641168","0.000291815904643897","4.75287328616397e-05"
"('NO', 'Retail sale of automotive fuel')","0.000320567277810257","0.000309486354882373","8.73832619957799e-05"
"('WL', 'P- and other fertiliser')","0.000319667591144014","0.000132597431825049","0.000299495251315988"
"('MX', 'Manufacture of wearing apparel; dressing and dyeing of fur (18)')","0.000319063515127234","3.72231200711824e-05","0.000319063502576406"
"('TR', 'Sea and coastal water transport')","0.00031859194714233","0.000280198221015743","0.000158852540731174"
"('HU', 'Wholesale trade and commission trade, except of motor vehicles and motorcycles (51)')","0.000318444201462925","0.00013856515796067","0.000318345368652447"
"('WF', 'Transport via railways')","0.000318228261603286","0.000241803907941296","0.000196806443800227"
"('RU', 'Manufacture of fabricated metal products, except machinery and equipment (28)')","0.000315495528921058","0.000174842739159694","0.000315474093225783"
"('CA', 'Re-processing of secondary steel into new steel')","0.000315297351093195","0.000151546090827432","0.00029981727577844"
"('CA', 'Forestry, logging and related service activities (02)')","0.00031527334412005","0.000261786177753515","0.000225071065929093"
"('DK', 'Manufacture of machinery and equipment n.e.c. (29)')","0.000314779634818985","0.000191558664910812","0.000314019198618244"
"('BR', 'Research and development (73)')","0.000314574906800514","2.9151209713989e-05","0.000314551245718082"
"('RU', 'Retail sale of automotive fuel')","0.000314419984756699","0.000312764193475528","3.88653089005941e-05"
"('WF', 'Other service activities (93)')","0.000313732451097914","3.85554154970213e-05","0.000313732451097914"
"('MX', 'Manufacture of radio, television and communication equipment and apparatus (32)')","0.000313039339677022","0.0001310645950566","0.000312975795568619"
"('DK', 'Construction (45)')","0.000311940013229003","2.38895057506996e-05","0.00031193654993359"
"('MX', 'Cultivation of vegetables, fruit, nuts')","0.000311555982174837","0.000166135825701701","0.00027940939638117"
"('TW', 'Quarrying of stone')","0.000311548688039231","0.000230610345084942","0.000170352771137628"
"('AT', 'Supporting and auxiliary transport activities; activities of travel agencies (63)')","0.000311463258920025","0.00023802784595914","0.000294415660388743"
"('WM', 'Manufacture of other non-metallic mineral products n.e.c.')","0.000310957115347767","0.000261723315929809","0.000196372105087575"
"('TR', 'Publishing, printing and reproduction of recorded media (22)')","0.000309948481874397","5.5441018338715e-05","0.000309948481874397"
"('ID', 'Production of electricity by coal')","0.0003092946663296","0.000239820930462496","0.000164457182201329"
"('ID', 'Manufacture of wearing apparel; dressing and dyeing of fur (18)')","0.00030906420737815","5.88944174718554e-05","0.000309020649332782"
"('RU', 'P- and other fertiliser')","0.000308162721393622","0.00015188772608237","0.000263421581569304"
"('WF', 'P- and other fertiliser')","0.000307138120438958","0.000184355158210939","0.000271367004429104"
"('FR', 'Incineration of waste: Oil/Hazardous waste')","0.000307047921324921","0.000195234970995593","0.000242195380496296"
"('JP', 'Processing of meat cattle')","0.000306849787570629","0.000122101839594256","0.000267516171762085"
"('CA', 'Computer and related activities (72)')","0.00030676777493555","0.000164718771566108","0.000287969220011831"
"('TR', 'Production of electricity by Geothermal')","0.000306598448775685","0.000306532777604225","3.26939104971578e-06"
"('BR', 'Manufacture of fabricated metal products, except machinery and equipment (28)')","0.00030618497689171","0.00017426236337448","0.000306163749403526"
"('RO', 'Wholesale trade and commission trade, except of motor vehicles and motorcycles (51)')","0.000305652875889302","0.000229820820828842","0.000305443987632205"
"('DE', 'Manufacture of other non-metallic mineral products n.e.c.')","0.000305071798490254","0.000223301790334211","0.000201466692200763"
"('AU', 'Manufacture of rubber and plastic products (25)')","0.000305028927766991","0.000198171042460411","0.000270495683237671"
"('SE', 'Quarrying of sand and clay')","0.000305015880625388","0.000297172625544606","2.9410019294569e-05"
"('BE', 'Air transport (62)')","0.000304981688845776","0.000222275812910299","0.000192274501718472"
"('MX', 'Manufacture of textiles (17)')","0.000304660436636388","0.000138563316097277","0.000304358394696299"
"('GB', 'Incineration of waste: Plastic')","0.000303130043933091","0.000295403702844048","3.00157952993753e-05"
"('WE', 'Wholesale trade and commission trade, except of motor vehicles and motorcycles (51)')","0.000303096512742727","0.000162514112751821","0.000303014730563517"
"('WM', 'Manufacture of wood and of products of wood and cork, except furniture; manufacture of articles of straw and plaiting materials (20)')","0.000302454693922204","0.000212632515048782","0.000288343515618602"
"('LU', 'Transport via pipelines')","0.000302336978134852","0.000298494663388939","1.15172893915047e-05"
"('IT', 'Pulp')","0.000301713648785162","0.000213269641749658","0.000206953994354009"
"('SE', 'Manufacture of wood and of products of wood and cork, except furniture; manufacture of articles of straw and plaiting materials (20)')","0.000301563598969457","0.000164377015606547","0.000288390380354768"
"('DE', 'Manufacture of wearing apparel; dressing and dyeing of fur (18)')","0.000300936117987899","5.74250783632515e-05","0.00030014318014184"
"('ES', 'Incineration of waste: Plastic')","0.000300213498256524","0.000290683542042964","4.35817854681272e-05"
"('FR', 'Manufacture of textiles (17)')","0.000300063971363309","0.000179956765192847","0.000299134729116465"
"('WL', 'Manufacture of bricks, tiles and construction products, in baked clay')","0.000299976978687987","0.000280558974963282","5.72180922209542e-05"
"('CH', 'Other business activities (74)')","0.000299124555330752","0.000214604760615725","0.000299082830317826"
"('ID', 'Cultivation of crops nec')","0.000299066296629373","0.000263767815741795","0.000144033231097481"
"('IE', 'Sea and coastal water transport')","0.000298954364166133","0.000240058090885255","0.000168858445216665"
"('ID', 'Publishing, printing and reproduction of recorded media (22)')","0.000298905612968565","0.0001482994578059","0.000298905227351292"
"('DK', 'Other business activities (74)')","0.000298230944505622","0.00026489705541432","0.000298052557783581"
"('FR', 'Landfill of waste: Wood')","0.000297801094849664","0.000279281752049199","5.97695982399887e-05"
"('BR', 'Production of electricity by wind')","0.000297709881833802","0.00029507966623459","2.87886559552566e-05"
"('US', 'Manufacture of wearing apparel; dressing and dyeing of fur (18)')","0.00029724958209309","7.09258878016087e-05","0.000297204533336128"
"('ES', 'Production of electricity by solar photovoltaic')","0.000297159683793605","0.000296902379141044","1.20587271890133e-05"
"('PT', 'Wholesale trade and commission trade, except of motor vehicles and motorcycles (51)')","0.00029674259703168","0.00018766290626071","0.000289900769236812"
"('SK', 'Manufacture of office machinery and computers (30)')","0.000296377048458678","8.95068680982045e-05","0.000296375310449048"
"('BR', 'Cultivation of plant-based fibers')","0.00029625772382954","0.000276386119656855","6.89502157802171e-05"
"('FI', 'Manufacture of machinery and equipment n.e.c. (29)')","0.000295999349382053","0.000131780165413044","0.000295792786342547"
"('WL', 'Wool, silk-worm cocoons')","0.000295791926256092","0.000286946271060451","1.4078268752755e-05"
"('WM', 'Manufacture of fish products')","0.000295733912296385","0.00013553131005864","0.000253744920105074"
"('RU', 'Cultivation of wheat')","0.000295681756073441","0.000245758121818528","0.000179916479930316"
"('IN', 'Insurance and pension funding, except compulsory social security (66)')","0.000295163183275203","0.000279038692477605","0.000138218696501141"
"('WM', 'Cultivation of cereal grains nec')","0.000295009576134637","0.000246527977892489","0.000195551170930292"
"('DE', 'Sugar refining')","0.000294949452811945","0.000269149308379063","4.39485901123379e-05"
"('FR', 'Production of electricity by gas')","0.000294520380908528","0.000255657549656633","6.65635654545114e-05"
"('NL', 'Activities auxiliary to financial intermediation (67)')","0.000294141127319708","0.000271539790217822","0.00019486930321997"
"('NL', 'Transport via railways')","0.000294084581048054","0.000282821906165391","0.000108024129926649"
"('IN', 'Processing of dairy products')","0.000293938372537002","0.000226484496072843","0.000156915102176322"
"('DE', 'Inland water transport')","0.000293516061454026","0.000288992470137525","2.29572742452288e-05"
"('TR', 'Health and social work (85)')","0.000292700761571324","0.000146179818823966","0.000292700302050476"
"('WL', 'Cultivation of wheat')","0.000292669499417811","0.000253816872063234","0.000112144643101193"
"('PL', 'Processing of dairy products')","0.000292116563372562","0.000100160972088929","0.000274712731247789"
"('ES', 'Processing of meat pigs')","0.00028966241291406","0.000142368330154784","0.000228787481641694"
"('MX', 'Processing of meat cattle')","0.000289496757428125","0.000157049931471288","0.000185446240420418"
"('WL', 'Manufacture of office machinery and computers (30)')","0.000289386747460107","9.09318147314513e-05","0.000289386708085629"
"('ID', 'Processing of Food products nec')","0.000289265005157647","0.000141448688398868","0.000275967580741497"
"('BE', 'Production of electricity by nuclear')","0.000289134664034426","0.000286763730726863","3.08024355233836e-05"
"('GB', 'Manufacture of beverages')","0.000287809630404767","0.000156715630052344","0.000227404338225023"
"('CH', 'Supporting and auxiliary transport activities; activities of travel agencies (63)')","0.000287595708195938","0.000181340734287099","0.000264916694868261"
"('GB', 'Lead, zinc and tin production')","0.000286847781513876","0.000266147881142623","4.61586698587966e-05"
"('RU', 'Computer and related activities (72)')","0.000286634958841817","0.000222119706620764","0.00026903837008112"
"('US', 'Biogasification of sewage slugde, incl. land application')","0.000286294757299555","0.00026234346553017","0.000103226235776465"
"('TW', 'Mining of chemical and fertilizer minerals, production of salt, other mining and quarrying n.e.c.')","0.000286280535045187","0.000276416179267886","4.982231537321e-05"
"('SE', 'Paper')","0.000286139755830331","0.00016633452406931","0.000278433926594518"
"('CZ', 'Landfill of waste: Food')","0.000285187212079714","0.000209997467323721","0.000132522376638521"
"('ES', 'Activities auxiliary to financial intermediation (67)')","0.000285185192694462","0.000261840561201507","0.000216711798372053"
"('ES', 'Waste water treatment, other')","0.000284503665794607","0.000234676504236438","0.000124359979256852"
"('LU', 'Computer and related activities (72)')","0.000284294055395191","0.000162718187440629","0.000221287459798475"
"('WL', 'Precious metals production')","0.000284276152335037","0.000241059300078133","0.000124541898953818"
"('SE', 'Manufacture of fabricated metal products, except machinery and equipment (28)')","0.000283971096666511","0.000176618601870848","0.000283463464693985"
"('DE', 'Other service activities (93)')","0.000282757950024206","0.00013052725918973","0.000277265435616283"
"('RU', 'Manufacture of wood and of products of wood and cork, except furniture; manufacture of articles of straw and plaiting materials (20)')","0.000282721469199885","0.000230357011311739","0.00021131091849492"
"('IN', 'Plastics, basic')","0.000282601784592054","0.000231534153434218","0.00022510665712473"
"('CH', 'Manufacture of rubber and plastic products (25)')","0.000282235103492048","0.000133971414729826","0.000278186277975729"
"('BE', 'Manufacture of machinery and equipment n.e.c. (29)')","0.000282045600621638","0.000160465297141358","0.000281237949092938"
"('IT', 'Cultivation of vegetables, fruit, nuts')","0.000281982477123964","0.000128170913222746","0.000267163320962999"
"('IN', 'Real estate activities (70)')","0.000281888130513763","0.000150678908135204","0.000254479079950819"
"('BE', 'Retail trade, except of motor vehicles and motorcycles; repair of personal and household goods (52)')","0.000281624275117955","0.000105395515326369","0.000269391636156327"
"('AT', 'Manufacture of gas; distribution of gaseous fuels through mains')","0.000281053594437787","0.000164927359247488","0.000252428262245337"
"('IT', 'Precious metals production')","0.000280702925432456","0.000213602287788518","0.000147418123977822"
"('SE', 'Production of electricity by hydro')","0.000280112371724516","0.000278940806873596","4.66772778807354e-05"
"('DE', 'Other non-ferrous metal production')","0.000279927818828929","0.000232989812839626","0.000106763214272883"
"('IN', 'Health and social work (85)')","0.000278627753656732","0.0001472861222815","0.000278621660640952"
"('HU', 'Construction (45)')","0.00027862215272184","0.000106117346981005","0.000263865924620309"
"('TR', 'Manufacture of basic iron and steel and of ferro-alloys and first products thereof')","0.000277879782149787","0.000115097049599452","0.000276382504592067"
"('CA', 'Recreational, cultural and sporting activities (92)')","0.000277289928058071","0.000188944786665112","0.000267627260824268"
"('AU', 'Precious metals production')","0.00027680371580867","0.000178634931133046","0.00016552057185942"
"('EE', 'Production of electricity by petroleum and other oil derivatives')","0.000276158555480045","0.000274205825044935","7.27508049101835e-06"
"('WF', 'Research and development (73)')","0.00027558827622482","0.000128753786001118","0.000271930453951334"
"('BR', 'Activities auxiliary to financial intermediation (67)')","0.000274364672126911","0.00025871947268773","0.000206679394791889"
"('FR', 'Biogasification of sewage slugde, incl. land application')","0.000274228311290967","0.000136391349973075","0.000230515630114234"
"('PL', 'Transport via railways')","0.000273620943035101","0.000261578556967467","0.000139050692149259"
"('CH', 'Petroleum Refinery')","0.000273328656734762","7.64217759173433e-05","0.000272578581226784"
"('NO', 'Wholesale trade and commission trade, except of motor vehicles and motorcycles (51)')","0.000273209743064029","0.00018213439555645","0.000270130689458036"
"('GB', 'Incineration of waste: Metals and Inert materials')","0.000272809506960918","0.000197758561677379","0.000127888341023813"
"('WF', 'Manufacture of fabricated metal products, except machinery and equipment (28)')","0.000272315581040134","0.000132922810426708","0.000272310356122859"
"('PL', 'Paper')","0.000271532792609437","0.000127583986923883","0.000266510785295388"
"('ZA', 'Financial intermediation, except insurance and pension funding (65)')","0.000270717720923232","0.000194177059763452","0.00026356930679363"
"('RU', 'Production of electricity by coal')","0.000270137522252887","0.000265352186543723","6.96747327427862e-05"
"('ID', 'Health and social work (85)')","0.000270018015587769","5.28710112403783e-05","0.000270018015587769"
"('US', 'Composting of paper and wood, incl. land application')","0.000269951169788441","0.000269145513405704","4.81594562985006e-05"
"('WF', 'Re-processing of secondary steel into new steel')","0.000269942185340543","0.000232679572134188","0.000254067719973875"
"('AU', 'Recreational, cultural and sporting activities (92)')","0.000269930235299984","0.000134216720043201","0.000267275429421945"
"('BE', 'Research and development (73)')","0.000269805349851826","0.000111941282460118","0.000267206179211052"
"('TW', 'Manufacture of wood and of products of wood and cork, except furniture; manufacture of articles of straw and plaiting materials (20)')","0.000269738508746214","0.000186716854190369","0.000264161617176975"
"('MX', 'Manufacture of glass and glass products')","0.000268926684782961","0.00019347154296333","0.000224816502892461"
"('PL', 'Manufacture of basic iron and steel and of ferro-alloys and first products thereof')","0.000268455210382102","0.000141321089093821","0.0002650312214583"
"('SE', 'Incineration of waste: Plastic')","0.000267979992568801","0.00026092531610489","2.32112946685024e-05"
"('MX', 'Cattle farming')","0.000267836639632755","0.000195370089999108","0.000202635554963208"
"('IT', 'Manufacture of wood and of products of wood and cork, except furniture; manufacture of articles of straw and plaiting materials (20)')","0.000267641478200582","0.000112505273892616","0.000262399951898383"
"('FR', 'Cultivation of vegetables, fruit, nuts')","0.000267446087066674","0.000192392303454281","0.000241446731829851"
"('TR', 'Sale, maintenance, repair of motor vehicles, motor vehicles parts, motorcycles, motor cycles parts and accessoiries')","0.000267347134585147","0.000233529877642519","0.000144700000943719"
"('IT', 'Research and development (73)')","0.000267310702527442","0.000221073591699383","0.000206781994800887"
"('GB', 'Paper')","0.000266380249783449","0.000117387374393129","0.000260302267374848"
"('WM', 'Cultivation of wheat')","0.000266184984474183","0.000198140045268299","0.000212088420302253"
"('ID', 'Other service activities (93)')","0.000265386259670468","0.000116475744694599","0.000264858630396488"
"('ES', 'Post and telecommunications (64)')","0.000265335967701608","0.000247784186641244","0.0002037935959165"
"('DE', 'Mining of coal and lignite; extraction of peat (10)')","0.000265197866944128","0.000195895569126641","0.00017091156240461"
"('WE', 'N-fertiliser')","0.000264163425303899","0.000257883218163883","1.40422349136621e-05"
"('FR', 'Casting of metals')","0.000264078604198454","0.000183461552055864","0.000203900146644276"
"('SE', 'Production of electricity by nuclear')","0.000263815788913373","0.000261837579724337","3.20390552844224e-05"
"('CA', 'Transport via pipelines')","0.000263801541515119","0.000256775849898322","3.58762029041969e-05"
"('AT', 'Other business activities (74)')","0.000263151967643959","0.000193084339991683","0.000263127034698824"
"('BE', 'Insurance and pension funding, except compulsory social security (66)')","0.000262158389737633","0.000141198484257817","0.000208219471726412"
"('RU', 'Health and social work (85)')","0.000261982343692192","5.19961647246792e-05","0.000261982343689568"
"('WL', 'Manufacture of radio, television and communication equipment and apparatus (32)')","0.000261683436926884","0.000201080330291768","0.000260763465821775"
"('RU', 'Manufacture of textiles (17)')","0.000261468535391862","0.000126223204474808","0.000261367054708551"
"('KR', 'Cultivation of vegetables, fruit, nuts')","0.000261227957955518","0.000164320762858588","0.000228851687721701"
"('WM', 'Meat animals nec')","0.000260550690159284","0.000161773439207958","0.000142814258885627"
"('DK', 'Computer and related activities (72)')","0.000260383670597658","0.000167159653567064","0.000258087046837454"
"('PL', 'Financial intermediation, except insurance and pension funding (65)')","0.000260163011523679","0.000176503410963613","0.000255494810433815"
"('ZA', 'Retail trade, except of motor vehicles and motorcycles; repair of personal and household goods (52)')","0.000259238994397185","0.000159648646013732","0.000257474067212652"
"('RU', 'Sale, maintenance, repair of motor vehicles, motor vehicles parts, motorcycles, motor cycles parts and accessoiries')","0.000259074880549763","0.00018696051448391","0.000179979516125646"
"('WF', 'Manufacture of motor vehicles, trailers and semi-trailers (34)')","0.000258362583975179","0.000136255961332458","0.000257672509474668"
"('WM', 'Processing of meat cattle')","0.000258317285400146","5.36842331007338e-05","0.000243450864982316"
"('PT', 'Other business activities (74)')","0.000258151258895989","0.00022478376216839","0.000256347698380853"
"('KR', 'Steam and hot water supply')","0.000257928401478852","0.000247638368854458","2.77068812357765e-05"
"('CA', 'Distribution and trade of electricity')","0.000257876907131136","0.00024984909759631","9.42804343149123e-05"
"('RU', 'Processing of dairy products')","0.00025778677612978","7.58321392430404e-05","0.000246750299408628"
"('NO', 'Sea and coastal water transport')","0.000257518637070962","0.000197358235224678","0.000182894513041425"
"('AT', 'Education (80)')","0.000257294438039874","2.6942741621644e-05","0.000257255129443065"
"('BR', 'Manufacture of furniture; manufacturing n.e.c. (36)')","0.000257232055037035","0.00014442164475206","0.000229731207797776"
"('SK', 'Manufacture of machinery and equipment n.e.c. (29)')","0.000256020004243415","7.68475973428767e-05","0.000256019883367512"
"('LU', 'Wholesale trade and commission trade, except of motor vehicles and motorcycles (51)')","0.000255646503534216","0.000150604839685716","0.000252475043287511"
"('SE', 'Public administration and defence; compulsory social security (75)')","0.000254775241343035","0.000104057741870673","0.000241176350891942"
"('PL', 'Renting of machinery and equipment without operator and of personal and household goods (71)')","0.000254445842563413","0.000235960151183839","0.000172184293397808"
"('IE', 'Manufacture of gas; distribution of gaseous fuels through mains')","0.000254336817641583","0.000253679903728993","2.93144002448031e-05"
"('IE', 'Petroleum Refinery')","0.000254298457643404","8.96152614191892e-05","0.000252734621775312"
"('NL', 'Extraction of natural gas and services related to natural gas extraction, excluding surveying')","0.00025421737180579","0.000200092722092221","0.000214434463822135"
"('ZA', 'Education (80)')","0.000254036988865032","6.76805126203211e-06","0.000254036988865032"
"('RU', 'Insurance and pension funding, except compulsory social security (66)')","0.000253925060374094","0.000214095842659239","0.000169822817298653"
"('IT', 'Extraction of crude petroleum and services related to crude oil extraction, excluding surveying')","0.000253488965680936","0.000192329010081809","0.00024652569116047"
"('ES', 'Production of electricity by petroleum and other oil derivatives')","0.000253437317951938","0.000248778394166603","1.50810402770351e-05"
"('HR', 'Construction (45)')","0.000252757610556752","0.000109688473291187","0.000240856827558374"
"('DE', 'Manufacture of fish products')","0.00025257393526553","0.00018417654279848","0.000121404986983856"
"('KR', 'Recreational, cultural and sporting activities (92)')","0.000252541347308433","0.000112376085334338","0.000250970526173946"
"('ZA', 'Health and social work (85)')","0.000252315765711961","3.94144846429849e-05","0.000252315765711951"
"('JP', 'Cultivation of vegetables, fruit, nuts')","0.000252173709626335","0.00014565238355984","0.000237983086538229"
"('CA', 'Raw milk')","0.000252026175438159","0.000199728022088247","0.00018274787008992"
"('WF', 'Insurance and pension funding, except compulsory social security (66)')","0.000251432579033005","0.000101259242231754","0.000240274137435483"
"('ZA', 'Other business activities (74)')","0.000251229030603702","0.00018554862534124","0.000251229003959622"
"('CA', 'P- and other fertiliser')","0.000251000697455245","0.00019090995446741","0.000188436742230511"
"('DE', 'Processing of meat pigs')","0.000250995023160834","0.000153120351431999","0.000153113095176487"
"('AT', 'Petroleum Refinery')","0.000250741068882781","9.92276230539045e-05","0.000247835212406764"
"('FR', 'Retail sale of automotive fuel')","0.000250510607616626","0.000249101416770411","2.60986709221488e-05"
"('IT', 'Aluminium production')","0.000250484703555028","0.000152285488566153","0.000220072574438891"
"('DE', 'Manufacture of coke oven products')","0.000249451468538332","0.00024076300342433","2.26538404909239e-05"
"('NO', 'Real estate activities (70)')","0.000249121982787432","0.000178647458444125","0.000243583604029681"
"('LU', 'Construction (45)')","0.000248741163000776","0.000142366133754435","0.00024237368441319"
"('ES', 'Paper')","0.000248662210339327","0.000137351918249571","0.00024415120563209"
"('FI', 'Other business activities (74)')","0.000248612083109453","0.000213157713365993","0.000248602609100427"
"('WE', 'Manufacture of wearing apparel; dressing and dyeing of fur (18)')","0.000248465852992297","4.84476092571695e-05","0.000248120901316833"
"('DK', 'Renting of machinery and equipment without operator and of personal and household goods (71)')","0.000248429123667701","0.000237273174503444","0.000100068400699096"
"('CA', 'Processing of meat cattle')","0.000248412110851835","9.74708858245953e-05","0.00022201592129202"
"('ID', 'Manufacture of furniture; manufacturing n.e.c. (36)')","0.000248310522508921","9.20740615905201e-05","0.000234984140617192"
"('GB', 'Processing of dairy products')","0.000248161275126995","0.000105554114102136","0.000228326142897786"
"('CZ', 'Retail trade, except of motor vehicles and motorcycles; repair of personal and household goods (52)')","0.000248103253598773","0.000151111882564353","0.000243461947353093"
"('MX', 'Real estate activities (70)')","0.000247831726116133","0.000214174173931068","0.000232744152639855"
"('AU', 'Cultivation of plant-based fibers')","0.000247810427327128","0.00022281778572024","0.00011667559926655"
"('WF', 'Manufacture of rubber and plastic products (25)')","0.000247756258197235","0.000158654362015172","0.000244755598814908"
"('FR', 'Mining of chemical and fertilizer minerals, production of salt, other mining and quarrying n.e.c.')","0.000247735104163562","0.000221172852967926","5.22952419186613e-05"
"('US', 'Animal products nec')","0.000247510494897137","0.000230569040632002","3.39136042277966e-05"
"('FR', 'Production of electricity by petroleum and other oil derivatives')","0.000247495635781762","0.000243338868914112","9.95679641505588e-06"
"('US', 'Manufacture of machinery and equipment n.e.c. (29)')","0.000247355676818492","0.000129224604165424","0.00024677360782025"
"('AU', 'Cultivation of vegetables, fruit, nuts')","0.0002471132389614","0.000160309382258633","0.000232149068428454"
"('IE', 'Chemicals nec')","0.000247108588692591","0.000222368089699763","0.000228683268148719"
"('WE', 'Other land transport')","0.000247029039619989","0.000144660118081013","0.000243249433765925"
"('BR', 'Manufacture of beverages')","0.000246177823428131","0.000107325201015243","0.000241682905060078"
"('WM', 'Manufacture of ceramic goods')","0.000246171362721553","0.000203414146379398","0.000162319329142959"
"('ES', 'Landfill of waste: Inert/metal/hazardous')","0.000246147159088724","8.63499308291486e-05","0.000246146777881169"
"('WE', 'Manufacture of basic iron and steel and of ferro-alloys and first products thereof')","0.000246064730105853","0.000117975403159053","0.000244182941978972"
"('WL', 'Processing of meat pigs')","0.00024605234003769","0.000167998736639411","0.000138378197114514"
"('TR', 'Manufacture of glass and glass products')","0.000246030805267408","0.000181893499200661","0.000154427275838671"
"('PL', 'Computer and related activities (72)')","0.000245558932096725","0.000206987686544034","0.000242210018667458"
"('WL', 'Manufacture of cement, lime and plaster')","0.000245272452190247","0.000175442064554332","0.000216153579316472"
"('BE', 'Transport via pipelines')","0.000245035196983563","0.000233692953183469","4.36660051648905e-05"
"('CH', 'Other land transport')","0.000244932417082172","0.000166620768070051","0.00023422025023154"
"('AU', 'Manufacture of cement, lime and plaster')","0.000244862934150868","0.000155670687723161","0.000233089656762197"
"('DK', 'Manufacture of other transport equipment (35)')","0.000244832787283848","0.000185834705901077","9.27443572693248e-05"
"('GB', 'Pulp')","0.000243731624690621","0.000175364510283908","0.000158836096214138"
"('FI', 'Petroleum Refinery')","0.0002435287454955","0.000132652711100966","0.000232153397892892"
"('GB', 'Incineration of waste: Textiles')","0.000243485887229122","0.000232186683879183","2.87066083519726e-05"
"('GB', 'Casting of metals')","0.000243354065301564","0.000179715070257365","0.000172967540854073"
"('BE', 'Manufacture of textiles (17)')","0.000243018416015944","0.000109457533430402","0.000242981727292567"
"('AU', 'Transport via pipelines')","0.000242874802415641","0.000240407439017041","4.46420527124234e-05"
"('CZ', 'Real estate activities (70)')","0.000242647658187789","0.000133647528544012","0.000240592995791758"
"('CA', 'Other non-ferrous metal production')","0.000242632595219066","0.000206017318223047","0.000107200527166106"
"('TR', 'Plastics, basic')","0.000242604646065442","9.09672900198945e-05","0.000238139895854691"
"('IN', 'Tanning and dressing of leather; manufacture of luggage, handbags, saddlery, harness and footwear (19)')","0.00024214112896512","0.000183145365506384","0.000201005936304169"
"('AT', 'Retail trade, except of motor vehicles and motorcycles; repair of personal and household goods (52)')","0.000241921380071989","0.000120222806279805","0.00023179357194649"
"('ES', 'Cultivation of vegetables, fruit, nuts')","0.000241465629593242","0.000175037156833482","0.00022398660701103"
"('WL', 'Plastics, basic')","0.000241226340801702","0.000159343004574181","0.000198967527877231"
"('GB', 'Manufacture of basic iron and steel and of ferro-alloys and first products thereof')","0.000241101702367724","0.000147031138018632","0.000235139784804646"
"('SE', 'Sea and coastal water transport')","0.00024074754917018","0.000153589303418017","0.000171486488486949"
"('ID', 'Inland water transport')","0.000240506634313829","0.00022742538458288","4.05626181798276e-05"
"('ES', 'Manufacture of wearing apparel; dressing and dyeing of fur (18)')","0.000240167381140691","7.62230876932277e-05","0.000239752527753266"
"('WF', 'Meat animals nec')","0.000239874736042204","0.000209540737964311","8.94521835085698e-05"
"('FR', 'Manufacture of office machinery and computers (30)')","0.000239717898620145","2.7578545928458e-05","0.000239717643979275"
"('TR', 'Manufacture of wood and of products of wood and cork, except furniture; manufacture of articles of straw and plaiting materials (20)')","0.000239365012699914","9.50302971786781e-05","0.000237095145828167"
"('WF', 'Processing of Food products nec')","0.000239243214473503","0.000128062483683825","0.000234850707505258"
"('IT', 'Incineration of waste: Wood')","0.000238920289555965","0.000211193702034772","7.72742619364801e-05"
"('GR', 'Wholesale trade and commission trade, except of motor vehicles and motorcycles (51)')","0.000238886996463029","0.000115794644647673","0.000237948277081497"
"('ID', 'Sale, maintenance, repair of motor vehicles, motor vehicles parts, motorcycles, motor cycles parts and accessoiries')","0.000237568573395657","0.000153781596960817","0.00022258620531639"
"('AT', 'Manufacture of rubber and plastic products (25)')","0.000237324512666391","0.00015684657768587","0.000229858700289739"
"('NL', 'Raw milk')","0.000237322890645363","0.000170442154443765","0.000210709583787182"
"('AU', 'Other non-ferrous metal production')","0.000236990288088091","0.000173213515017319","0.000126908226931116"
"('PL', 'Real estate activities (70)')","0.000236863124136172","0.000127809041813282","0.000235539006350952"
"('AU', 'Manufacture of motor vehicles, trailers and semi-trailers (34)')","0.000236089047670143","8.59518412270765e-05","0.000236068087601174"
"('CA', 'Cattle farming')","0.000235720579186884","0.00012176881535988","0.000227157986838626"
"('PL', 'Mining of coal and lignite; extraction of peat (10)')","0.000235657277712696","0.00014208652129827","0.000230145143705947"
"('WL', 'Fishing, operating of fish hatcheries and fish farms; service activities incidental to fishing (05)')","0.000235442241466221","0.000183084125175405","0.000183126011931224"
"('FR', 'Processing of meat cattle')","0.000234781337846247","7.25014689053415e-05","0.000208583557962655"
"('MT', 'Education (80)')","0.000234745951883161","0.000134459308539904","0.000231578572447284"
"('KR', 'Aluminium production')","0.000234471612519425","0.000156210045249471","0.00019211726394979"
"('CH', 'Health and social work (85)')","0.000234059553522311","0.000109935631926892","0.000234056759394804"
"('WL', 'Meat animals nec')","0.000233997532995378","0.000218211842325764","3.98072902458876e-05"
"('CH', 'Computer and related activities (72)')","0.000233788075493394","0.000152701801362586","0.000219169468659517"
"('PL', 'Manufacture of office machinery and computers (30)')","0.000233127023088977","8.46179753703526e-05","0.000233115128064419"
"('WF', 'Publishing, printing and reproduction of recorded media (22)')","0.000232611841986513","0.000124981842090337","0.000232611841986513"
"('RU', 'Aluminium production')","0.000232548307445488","0.000188638838523561","0.000179450950131456"
"('GR', 'Petroleum Refinery')","0.000232422617874074","9.42787105439215e-05","0.000229913803924102"
"('NO', 'Petroleum Refinery')","0.000232391874444257","0.000103926763392638","0.000218548532501353"
"('US', 'Manufacture of ceramic goods')","0.000232080224863523","0.000184610370941804","0.000138689161412945"
"('AU', 'Cultivation of wheat')","0.000231932826666563","0.000188694392417344","0.000121670985670631"
"('AU', 'Manufacture of fabricated metal products, except machinery and equipment (28)')","0.000231359948935316","0.000107874125913972","0.000231350501619724"
"('PL', 'Hotels and restaurants (55)')","0.000230812924339485","0.000143749019890032","0.000221517155051441"
"('BR', 'Computer and related activities (72)')","0.000230748004941388","0.000148575893410173","0.000225204496047722"
"('ES', 'Incineration of waste: Metals and Inert materials')","0.000230216652541947","0.000208341877022786","5.23886074092533e-05"
"('NO', 'Renting of machinery and equipment without operator and of personal and household goods (71)')","0.000229944788416444","0.000195937929619343","0.000174007988429606"
"('LT', 'Construction (45)')","0.000229769411556335","5.46158960082115e-05","0.00022377484654324"
"('JP', 'Distribution and trade of electricity')","0.000229743665952975","0.000216885320618507","9.45360732462435e-05"
"('ID', 'Pulp')","0.000229528126788189","0.000183531811608287","0.000112938982427234"
"('MX', 'Copper production')","0.000229203646855814","0.000163341986464345","0.000181274171377326"
"('MX', 'Publishing, printing and reproduction of recorded media (22)')","0.000229079896364409","8.48317189772404e-05","0.000229079896364409"
"('WA', 'Manufacture of tobacco products (16)')","0.000229031332247141","0.000213931579821278","2.57112915469108e-05"
"('WF', 'Manufacture of cement, lime and plaster')","0.000229014040019707","0.000194836174693047","0.000141177847141401"
"('DE', 'Cultivation of vegetables, fruit, nuts')","0.000228702083872789","0.000128804778843604","0.000220668791116617"
"('TW', 'Supporting and auxiliary transport activities; activities of travel agencies (63)')","0.000228652222837327","0.000191265473854408","0.000189535924841968"
"('JP', 'Cattle farming')","0.000228602914144036","0.000170829677584318","0.000198996032933665"
"('CA', 'Transmission of electricity')","0.000228528236350801","0.000226558229023385","3.3992034864842e-05"
"('FR', 'Sugar refining')","0.000228462801773514","0.000210883439303818","3.65424303616804e-05"
"('AT', 'Plastics, basic')","0.000228367341904242","0.000164347902478823","0.000205313542022851"
"('FI', 'Manufacture of fabricated metal products, except machinery and equipment (28)')","0.000228250185931558","0.000128651587293735","0.000228232927774376"
"('WF', 'Poultry farming')","0.000228090685619197","0.000208315909397888","0.000171482341639869"
"('WF', 'Retail sale of automotive fuel')","0.000228059740334703","0.000216014790040461","3.77454839518036e-05"
"('IT', 'Recreational, cultural and sporting activities (92)')","0.000227802835047994","0.000155742543755779","0.000226043033834846"
"('ID', 'Manufacture of motor vehicles, trailers and semi-trailers (34)')","0.000227753564160353","0.000143064268349544","0.000227225628750795"
"('CA', 'Manufacture of basic iron and steel and of ferro-alloys and first products thereof')","0.000227400137386553","0.000133750345992029","0.000221597780178642"
"('KR', 'Sugar refining')","0.000227334802020068","0.00021673897455801","5.90594063711082e-05"
"('GB', 'Inland water transport')","0.000226769981280698","0.000226191948670728","1.2853698472907e-05"
"('SE', 'Transport via railways')","0.000226415541495335","0.000211776199244079","0.000122244785654075"
"('WE', 'Hotels and restaurants (55)')","0.000226341781096629","0.000101715753470953","0.000225173411980066"
"('AT', 'Transport via pipelines')","0.000226080453901749","0.00021758828813541","2.80534974854271e-05"
"('DE', 'Biogasification of sewage slugde, incl. land application')","0.000225732627751876","0.000130084356585673","0.000174183646585174"
"('WE', 'Poultry farming')","0.000225300005938995","0.000145900463884018","0.000214529744260481"
"('ID', 'Cultivation of vegetables, fruit, nuts')","0.000225253954528334","0.000183734050778621","0.000216835183569115"
"('SE', 'Financial intermediation, except insurance and pension funding (65)')","0.00022511182828487","0.000188919186674238","0.000201523621767126"
"('RU', 'Paper')","0.000225032715203905","0.000142366390651843","0.000213813011696715"
"('DE', 'Activities of membership organisation n.e.c. (91)')","0.000225016296482692","0.000100822516245801","0.000225016296482692"
"('WF', 'Distribution and trade of electricity')","0.000224969812481976","0.000209446051630606","0.000109129494666647"
"('IN', 'Other service activities (93)')","0.000224944178414425","0.00010785529068897","0.000224311804025611"
"('TW', 'Insurance and pension funding, except compulsory social security (66)')","0.000224892972642941","0.000186156931343948","0.000152723462176888"
"('TW', 'Manufacture of medical, precision and optical instruments, watches and clocks (33)')","0.000223069318551101","0.000122699247596843","0.000178994928276126"
"('BG', 'Other land transport')","0.000222261028378528","0.000105930246237561","0.000199150406671815"
"('AU', 'Meat animals nec')","0.000221934256461186","0.000209705513540891","2.11682739393484e-05"
"('CA', 'Publishing, printing and reproduction of recorded media (22)')","0.000221422659448874","0.00012644256595611","0.000221421827904093"
"('BR', 'Other service activities (93)')","0.000221369107754191","5.47548065611441e-05","0.000221369107754191"
"('AU', 'Sugar refining')","0.000221294123962142","0.000199988319454571","3.93447632437401e-05"
"('AT', 'Processing of Food products nec')","0.000221178818759263","0.000123639735597324","0.000220518631128702"
"('CH', 'Manufacture of wood and of products of wood and cork, except furniture; manufacture of articles of straw and plaiting materials (20)')","0.000220690462328879","0.000136436851234624","0.000216190723364284"
"('WE', 'Retail trade, except of motor vehicles and motorcycles; repair of personal and household goods (52)')","0.000220142431481949","0.000107583539151594","0.000219777962599714"
"('FI', 'Supporting and auxiliary transport activities; activities of travel agencies (63)')","0.000219835824622008","0.000170549166879761","0.000215764010602255"
"('IT', 'Copper production')","0.000218972036736348","0.000136686154826618","0.000178015480221805"
"('WF', 'Activities auxiliary to financial intermediation (67)')","0.000218672992780318","0.000160913250155017","0.00018677523077863"
"('ZA', 'Manufacture of motor vehicles, trailers and semi-trailers (34)')","0.000218588175158618","7.01596767544537e-05","0.000218588175158292"
"('MX', 'Production of electricity by gas')","0.000218544368494614","0.000180116592438757","8.71744975274019e-05"
"('TR', 'Research and development (73)')","0.000218541895969305","0.000151756561218234","0.00021565286267414"
"('CA', 'Manufacture of textiles (17)')","0.0002181971894183","0.000126217294436454","0.000218196305140384"
"('SK', 'Wholesale trade and commission trade, except of motor vehicles and motorcycles (51)')","0.000217715379961667","0.000118875769983486","0.000217674086634333"
"('NO', 'Financial intermediation, except insurance and pension funding (65)')","0.000217647019693655","0.000154507768537827","0.000211614541216989"
"('IT', 'Manufacture of basic iron and steel and of ferro-alloys and first products thereof')","0.00021736023821793","0.000120915508368559","0.000214164922930595"
"('IT', 'Publishing, printing and reproduction of recorded media (22)')","0.000217279757000277","0.000138887715158264","0.000217277534807876"
"('NO', 'Retail trade, except of motor vehicles and motorcycles; repair of personal and household goods (52)')","0.000217246924248818","0.000158095148218707","0.000207101708006551"
"('GB', 'Manufacture of textiles (17)')","0.000217228385337778","0.000102094403948216","0.00021713731802637"
"('FR', 'Cattle farming')","0.000216553301902376","0.000120209399711478","0.000195448836182215"
"('AT', 'Copper production')","0.000216024698914905","0.000138244760912387","0.000166743470693231"
"('PT', 'Manufacture of motor vehicles, trailers and semi-trailers (34)')","0.00021596864086375","5.67630926965207e-05","0.000215968631733522"
"('MX', 'Manufacture of beverages')","0.000215818783435983","7.49379666081514e-05","0.000208017018403956"
"('GB', 'Manufacture of cement, lime and plaster')","0.000215743185372108","0.000146978114151938","0.000195389913578986"
"('WL', 'Manufacture of glass and glass products')","0.00021573812992133","0.00015585041434611","0.00018219812388409"
"('ZA', 'Processing of Food products nec')","0.000215667488658821","6.67356549322175e-05","0.000215602582207872"
"('NL', 'Processing of meat pigs')","0.000215573715412001","0.000150981658263725","0.000102871953247453"
"('RO', 'Manufacture of motor vehicles, trailers and semi-trailers (34)')","0.000215201882816198","0.000127627174496368","0.000215009528403711"
"('GB', 'Other service activities (93)')","0.000215060028118152","0.000130293304819154","0.000209744689142282"
"('MX', 'Manufacture of electrical machinery and apparatus n.e.c. (31)')","0.000214946300525156","9.98640042534921e-05","0.000214769643446615"
"('RU', 'Copper production')","0.000214597581346394","0.000198809426443784","0.000129835182654521"
"('WL', 'Tanning and dressing of leather; manufacture of luggage, handbags, saddlery, harness and footwear (19)')","0.000214500831238356","8.90578125034604e-05","0.000212676041267698"
"('GB', 'Landfill of waste: Plastic')","0.000213996326771488","6.22019281263971e-05","0.000213996326771488"
"('DK', 'Processing of Food products nec')","0.000213452962228616","8.55168421059353e-05","0.000213212329467534"
"('FR', 'Manufacture of fish products')","0.000213418670111957","9.90369639716654e-05","0.000192797850177465"
"('WF', 'Manufacture of wearing apparel; dressing and dyeing of fur (18)')","0.00021336691206217","4.22458020920717e-05","0.000213205311324724"
"('BR', 'Manufacture of office machinery and computers (30)')","0.000213320463392094","1.98537525203858e-05","0.000213320463388349"
"('BE', 'Health and social work (85)')","0.000213176777807348","3.39153225940023e-05","0.000213176756359557"
"('FR', 'Re-processing of secondary steel into new steel')","0.000213157276520854","0.000112770130279195","0.000202524713224372"
"('BE', 'Precious metals production')","0.000213129275671652","0.000167963627668029","0.000112069230221361"
"('PL', 'Precious metals production')","0.000212364568511668","0.000186835574010433","7.64431909735899e-05"
"('JP', 'Lead, zinc and tin production')","0.000212299327536423","0.000192801688787379","6.08816201984656e-05"
"('CH', 'Manufacture of office machinery and computers (30)')","0.000212085503521895","4.25818624579739e-05","0.00021208546663767"
"('HU', 'Manufacture of office machinery and computers (30)')","0.000211428256943627","0.000157186136977002","0.000211194530028033"
"('CA', 'Manufacture of wearing apparel; dressing and dyeing of fur (18)')","0.00021134656580883","2.99883626724583e-05","0.000211346565807019"
"('NO', 'Other business activities (74)')","0.00021129291727708","0.00018199698366955","0.000211230705357038"
"('MX', 'Manufacture of wood and of products of wood and cork, except furniture; manufacture of articles of straw and plaiting materials (20)')","0.000211109854010634","0.000108652224704206","0.000209653118952523"
"('MX', 'Post and telecommunications (64)')","0.000210970561447431","0.00014332230932347","0.000197408158515609"
"('US', 'Incineration of waste: Wood')","0.000210935633548074","0.000210185181246373","4.57275228072701e-06"
"('KR', 'Distribution and trade of electricity')","0.000210831129591243","0.000200685404708449","8.579773603874e-05"
"('RO', 'Other business activities (74)')","0.000210805733894083","0.000154829271888671","0.000210801947147435"
"('DE', 'Lead, zinc and tin production')","0.000210719447807388","0.000165190984686756","9.70115026736848e-05"
"('WF', 'Pigs farming')","0.000210526146981683","0.000204676090017255","0.000120736623853898"
"('US', 'Manufacture of electrical machinery and apparatus n.e.c. (31)')","0.000210253069539823","0.000138719860639644","0.000208772547105329"
"('RO', 'Other land transport')","0.000210125235815366","0.000105642364824663","0.000209686796132043"
"('FI', 'Paper')","0.000210041404390971","0.000128771710113931","0.000206195489814619"
"('WE', 'Processing of Food products nec')","0.000209214413460327","9.92382860481247e-05","0.00020895355679414"
"('DK', 'Real estate activities (70)')","0.000209172827192021","0.000110313827304417","0.000204566612893367"
"('HU', 'Other business activities (74)')","0.000208899172420658","0.000133753804473162","0.000208898585831184"
"('RU', 'Sea and coastal water transport')","0.000208694249541172","0.000170997304453138","0.000120797072480438"
"('ZA', 'Post and telecommunications (64)')","0.000208165970384546","0.000149646819340039","0.000205408156946526"
"('WM', 'Processing vegetable oils and fats')","0.000207817467275804","0.000179894769615512","8.70997197746516e-05"
"('CA', 'Processing of meat pigs')","0.000207747780298894","0.000108553619583373","0.000166551451597538"
"('RU', 'Education (80)')","0.000207676786914625","4.42679708136611e-05","0.000206986662265166"
"('BE', 'Processing of dairy products')","0.000207316041397824","0.000105709748735706","0.000195501924927007"
"('NL', 'Waste water treatment, other')","0.000207294467876649","0.000201511518461827","2.6972424866689e-05"
"('BE', 'Inland water transport')","0.000206800669098621","0.000205217716952031","1.99139396239151e-05"
"('BR', 'Plastics, basic')","0.000206563361215143","9.27063028987655e-05","0.000193914553036332"
"('WL', 'Manufacture of electrical machinery and apparatus n.e.c. (31)')","0.00020582571021902","0.000158395140991001","0.000205626803873566"
"('PL', 'Steam and hot water supply')","0.000205625621626518","0.000200514037167802","3.38162882748742e-05"
"('ID', 'Paper')","0.00020521856802576","0.000147070818756136","0.000197766449629847"
"('DK', 'Financial intermediation, except insurance and pension funding (65)')","0.00020511449480205","0.000148976523362614","0.000197915869697701"
"('TR', 'Extraction of crude petroleum and services related to crude oil extraction, excluding surveying')","0.000204313719186173","0.000146027969961361","0.000198895189775607"
"('NL', 'Pigs farming')","0.000204304604902063","0.000120017138769135","0.000198070273371381"
"('PL', 'Manufacture of beverages')","0.000204300146381877","0.000115385836609245","0.00018247114566834"
"('TW', 'Private households with employed persons (95)')","0.000204208744037536","0.000113826099059351","0.000204208744037536"
"('NL', 'Manufacture of textiles (17)')","0.000203986817048402","9.17851901354727e-05","0.000203927164463086"
"('SE', 'Retail trade, except of motor vehicles and motorcycles; repair of personal and household goods (52)')","0.000203803410694889","0.000123027512683301","0.000162219715418787"
"('IN', 'Research and development (73)')","0.000202904314153287","6.825440439558e-05","0.000201059558500375"
"('CH', 'Manufacture of furniture; manufacturing n.e.c. (36)')","0.000202879191552254","8.91542980024834e-05","0.000182624793070438"
"('WF', 'Paper')","0.000202768748312486","0.000134207970536804","0.000198579544802931"
"('SE', 'Air transport (62)')","0.000202722564886473","0.000130477938333775","0.000150846091510551"
"('PT', 'Hotels and restaurants (55)')","0.000202378173831424","8.19447658412969e-05","0.000192981036863153"
"('LU', 'Other business activities (74)')","0.000202066407643448","0.000142721580036806","0.000202063436242661"
"('JP', 'Private households with employed persons (95)')","0.000201962304025266","0.00017186308536467","0.000201962304025266"
"('SE', 'Post and telecommunications (64)')","0.000201946945015177","0.000188539171334588","0.000162718181766295"
"('RO', 'Computer and related activities (72)')","0.000201944386590287","0.000128324544022859","0.000200469458817218"
"('NL', 'Health and social work (85)')","0.000201525195233307","5.43221671863754e-05","0.000201524915955232"
"('HU', 'Manufacture of rubber and plastic products (25)')","0.000201245471881264","9.82707533703184e-05","0.00019954828488647"
"('AT', 'Distribution and trade of electricity')","0.000200574552734425","0.000162571310567553","0.000158476606431266"
"('NO', 'Incineration of waste: Metals and Inert materials')","0.000200091371667078","0.000160079321353006","7.44392383811318e-05"
"('JP', 'P- and other fertiliser')","0.000199682482096869","5.90648586276744e-05","0.000198830809835221"
"('NO', 'Chemicals nec')","0.000199464746245465","6.51195529326288e-05","0.000198696490631219"
"('BE', 'Manufacture of wood and of products of wood and cork, except furniture; manufacture of articles of straw and plaiting materials (20)')","0.000199148575156186","9.23800602480254e-05","0.000193545144400575"
"('IN', 'Manufacture of wood and of products of wood and cork, except furniture; manufacture of articles of straw and plaiting materials (20)')","0.000198800689562336","0.000116549813300176","0.000187484249515599"
"('ID', 'Education (80)')","0.000198404314731561","6.14575153440969e-06","0.000198399117561094"
"('LU', 'Renting of machinery and equipment without operator and of personal and household goods (71)')","0.000198358127110437","0.000169810448197486","0.000115074509473624"
"('FI', 'Real estate activities (70)')","0.000198047249460064","0.00012168865806151","0.000190436784122486"
"('JP', 'Extraction of natural gas and services related to natural gas extraction, excluding surveying')","0.000197048850256413","0.000127211963904433","0.000137493669100794"
"('WL', 'Manufacture of other non-metallic mineral products n.e.c.')","0.000196944565614923","0.000136968303372052","0.000173159556222167"
"('FR', 'Publishing, printing and reproduction of recorded media (22)')","0.000196418324745519","0.000139475234595849","0.000196415478959778"
"('NO', 'Air transport (62)')","0.000195647794358469","0.000119372065933035","0.000171522590710498"
"('NL', 'Chemicals nec')","0.0001954619324451","9.88975380138539e-05","0.000190903874034157"
"('PL', 'Manufacture of gas; distribution of gaseous fuels through mains')","0.000195206147049457","0.000170698615894436","0.00013788766253409"
"('WF', 'Computer and related activities (72)')","0.000194709928200115","9.64990756326619e-05","0.000194269532153367"
"('MX', 'Poultry farming')","0.000194348697538007","0.000163005942319564","6.78066105703087e-05"
"('JP', 'Processing vegetable oils and fats')","0.000194146199862192","0.000136018575077103","0.000118279919204877"
"('TW', 'Health and social work (85)')","0.000193892742134743","3.11514816197899e-05","0.000193882664080782"
"('ZA', 'Public administration and defence; compulsory social security (75)')","0.000193562549505469","3.4427139778258e-05","0.00019297857227654"
"('IE', 'Financial intermediation, except insurance and pension funding (65)')","0.000193471263712587","0.000125622299923709","0.000168781989919895"
"('DK', 'Chemicals nec')","0.000193003666213892","0.000119240801222874","0.000187924477591333"
"('IT', 'Education (80)')","0.000192998525053073","9.1376196042305e-05","0.000191377254598399"
"('WM', 'Recreational, cultural and sporting activities (92)')","0.000192710374925814","9.28303982246607e-05","0.000191236227585656"
"('FI', 'Computer and related activities (72)')","0.000192379508940698","0.000143715067886223","0.000186670072905786"
"('TW', 'Tanning and dressing of leather; manufacture of luggage, handbags, saddlery, harness and footwear (19)')","0.000191904338657837","3.44630252627561e-05","0.000191771666262833"
"('JP', 'Manufacture of cement, lime and plaster')","0.000191595372056535","0.000147245554151947","0.000124497065040139"
"('BR', 'Processing of dairy products')","0.000191354719865292","3.80726432590488e-05","0.000186929284737848"
"('ID', 'Manufacture of other transport equipment (35)')","0.000190894829145602","0.000104937698951676","0.000165811573021307"
"('PT', 'Processing of Food products nec')","0.000190751456530509","4.48004963327675e-05","0.000190655317350063"
"('ID', 'Supporting and auxiliary transport activities; activities of travel agencies (63)')","0.000190426195893763","8.95980950533005e-05","0.000188681804598136"
"('PL', 'Re-processing of secondary steel into new steel')","0.000189902843183307","0.00010559077663366","0.00017924413126016"
"('IN', 'Education (80)')","0.000189857285828792","3.35650541236235e-05","0.000189857283748181"
"('WE', 'Extraction of natural gas and services related to natural gas extraction, excluding surveying')","0.000189778215198384","0.000128743242099666","0.000185574954718902"
"('RU', 'Cattle farming')","0.00018962023828152","0.000175982758993514","9.60909509689955e-05"
"('RU', 'Plastics, basic')","0.000189380720064534","0.000136190957744269","0.000146610050005929"
"('NO', 'Incineration of waste: Food')","0.000189349710870152","0.000168067142099542","4.685113735541e-05"
"('PL', 'Manufacture of other transport equipment (35)')","0.000189314826128242","0.000135597841796491","0.000143623296372949"
"('WA', 'Manufacture of beverages')","0.000189296247284331","0.000153372694945169","9.01280632335402e-05"
"('SK', 'Manufacture of fabricated metal products, except machinery and equipment (28)')","0.000189273197769409","7.5105720364543e-05","0.000189272799904904"
"('BE', 'Post and telecommunications (64)')","0.000189223793303136","0.000167711638498199","0.000153375648223039"
"('KR', 'Production of electricity by biomass and waste')","0.000188846792361177","0.000188582371189499","1.65940582037173e-06"
"('MX', 'Air transport (62)')","0.000188729781419216","3.51640195356883e-05","0.000186709523968875"
"('ES', 'Manufacture of fish products')","0.000188498583140664","0.000107244132589818","0.000172362074549023"
"('ES', 'Transport via pipelines')","0.000188363629877734","0.000183475620049261","3.43360054553221e-05"
"('PL', 'Production of electricity by coal')","0.000187998805183654","0.000143211889390831","0.000116646865015873"
"('AU', 'Publishing, printing and reproduction of recorded media (22)')","0.000187978085220168","0.00012753872554527","0.000187977796551785"
"('BR', 'N-fertiliser')","0.000187605489621524","0.000179078607693082","2.76360216665076e-05"
"('ZA', 'Production of electricity by coal')","0.000187247765916335","0.000110923399740719","0.000151104928644143"
"('IE', 'Processing of dairy products')","0.000186938144095075","0.000127017196482393","0.000145119498876414"
"('BR', 'Publishing, printing and reproduction of recorded media (22)')","0.000186929298207424","0.00010802564015608","0.000186929298207424"
"('IE', 'Real estate activities (70)')","0.000186782856555704","0.000152238253031437","0.000175150744563386"
"('WM', 'Casting of metals')","0.000186583693600695","0.000128098213711235","0.000132464728441727"
"('TW', 'Manufacture of cement, lime and plaster')","0.000186557625099099","8.71356118027306e-05","0.000186374816176715"
"('BR', 'Paper')","0.00018651253085583","0.000121298485199694","0.000180223903229237"
"('ZA', 'Extraction, liquefaction, and regasification of other petroleum and gaseous materials')","0.000186388230610702","0.000109287684560608","0.000148943065053343"
"('WF', 'Raw milk')","0.000186024611683507","0.000109664427103246","0.000169397131917877"
"('BG', 'Mining of precious metal ores and concentrates')","0.000185698255244122","0.000180569065535756","2.03796860530869e-05"
"('NL', 'Copper production')","0.000185417917714322","9.78461730502562e-05","0.000150103773440115"
"('WL', 'Aluminium production')","0.000185118397449357","0.000135403493847379","0.000155305710488227"
"('SE', 'Education (80)')","0.000184608220570782","3.17195595852321e-05","0.000184607995857527"
"('BR', 'Manufacture of textiles (17)')","0.000184502391681152","0.00011654339963273","0.000184283919623874"
"('PL', 'Collection, purification and distribution of water (41)')","0.000184432778318825","0.000182581225082664","2.44694737913304e-05"
"('JP', 'Fishing, operating of fish hatcheries and fish farms; service activities incidental to fishing (05)')","0.000184222022493604","9.36842012518386e-05","0.000180627784471394"
"('BR', 'Manufacture of electrical machinery and apparatus n.e.c. (31)')","0.000183982537820129","0.000144845567494478","0.00018373785712921"
"('FR', 'Cultivation of cereal grains nec')","0.000183866634414035","0.000142532307591417","0.000138113947636799"
"('GB', 'Publishing, printing and reproduction of recorded media (22)')","0.000183849487662474","0.000127000901051774","0.000183840424771733"
"('SI', 'Manufacture of motor vehicles, trailers and semi-trailers (34)')","0.000183377213073126","5.76649122050477e-05","0.000182315630271325"
"('PT', 'Petroleum Refinery')","0.000183154477661702","7.9192367475202e-05","0.000179578817174764"
"('ID', 'Other business activities (74)')","0.000182774288290304","0.00010868788629622","0.000182774287368944"
"('WE', 'Manufacture of rubber and plastic products (25)')","0.000182625875163437","0.000131823975486823","0.000180758468831525"
"('MX', 'Health and social work (85)')","0.000181882136962923","6.15760161857839e-05","0.000181882136962923"
"('FR', 'Pulp')","0.000181736952494562","5.43875289738123e-05","0.000173861528734019"
"('ZA', 'Chemicals nec')","0.000181736753626515","9.74488860428153e-05","0.000180064848723965"
"('ZA', 'Manufacture of furniture; manufacturing n.e.c. (36)')","0.000181529331584471","0.000132112328399245","0.000135530656697605"
"('TR', 'Cattle farming')","0.000180497896298899","0.000165370239007058","7.85076438973424e-05"
"('MX', 'Manufacture of cement, lime and plaster')","0.000180386378340793","0.000119100827907943","0.000173295946685863"
"('PL', 'Manufacture of wood and of products of wood and cork, except furniture; manufacture of articles of straw and plaiting materials (20)')","0.00018012842120532","0.000101288404035065","0.000176735293067375"
"('US', 'Lead, zinc and tin production')","0.000179948477891061","0.000170085343231985","3.25944009686556e-05"
"('CH', 'Precious metals production')","0.000178966042050743","0.000115837681289813","0.000129376151391456"
"('DK', 'Petroleum Refinery')","0.000178934060830825","4.90785073004753e-05","0.000178617971717262"
"('TR', 'Precious metals production')","0.000178729179769104","9.74425231586832e-05","0.000143171540870415"
"('KR', 'Processing of meat pigs')","0.000178667290772616","6.11705818239759e-05","0.000172470907815754"
"('ES', 'Pigs farming')","0.000178166847024403","9.56522595194325e-05","0.000176428750888223"
"('WL', 'Pulp')","0.000178096128291756","0.000133183959052831","0.000102966609148523"
"('BR', 'Education (80)')","0.000177872047740206","1.23814684647506e-05","0.000177783146311897"
"('GB', 'Aluminium production')","0.000177714134036803","0.000117475826597222","0.000157267511116319"
"('AT', 'Paper')","0.000177673105094616","6.85132723140762e-05","0.000175603831413985"
"('RU', 'Publishing, printing and reproduction of recorded media (22)')","0.000177373048907859","0.00012603639137609","0.000177368228482937"
"('AT', 'Manufacture of cement, lime and plaster')","0.000177329296844418","0.00011288460059788","0.000172102421788387"
"('WF', 'Manufacture of fish products')","0.00017730540092566","0.000133171167631651","0.000128350636245879"
"('DK', 'Hotels and restaurants (55)')","0.000177241209579683","8.60713486116237e-05","0.000169831139509791"
"('IT', 'Casting of metals')","0.000177163771865818","0.000144538925773696","0.000135485775709527"
"('BR', 'Manufacture of other non-metallic mineral products n.e.c.')","0.000177010439455503","0.000127819470033211","0.000157719348820048"
"('GB', 'Extraction of natural gas and services related to natural gas extraction, excluding surveying')","0.000176990718823659","0.000131888740953012","0.000152072366466173"
"('SE', 'Production of electricity by wind')","0.000176919228362881","0.000176095587330145","1.5863591636495e-05"
"('AU', 'Paper')","0.000176768591818513","8.26509733148011e-05","0.000173179381942838"
"('BR', 'Aluminium production')","0.000176526004331388","6.58043710290587e-05","0.000172289994774504"
"('SE', 'Retail sale of automotive fuel')","0.000176517640270351","0.000175011265611133","2.39667107602667e-05"
"('CA', 'Production of electricity by gas')","0.000176452078753785","0.00017142529922409","3.53289309932229e-05"
"('RO', 'Manufacture of rubber and plastic products (25)')","0.000176266847730573","8.82627444674571e-05","0.000175418169692807"
"('CN', 'Mining of precious metal ores and concentrates')","0.000175792817673456","0.000173175941812629","4.75056352156548e-06"
"('KR', 'Production of electricity by solar photovoltaic')","0.000175628122975413","0.000175470932012035","5.11875033218135e-06"
"('TW', 'Retail trade, except of motor vehicles and motorcycles; repair of personal and household goods (52)')","0.000175285747625352","0.000122649261688511","0.000148518790508267"
"('RU', 'Manufacture of electrical machinery and apparatus n.e.c. (31)')","0.00017527939919186","0.00012002116541726","0.000175215919974258"
"('WF', 'Transmission of electricity')","0.000174844946491859","0.000168031870568046","4.30800059563744e-05"
"('WE', 'Other business activities (74)')","0.000174707294529965","0.000157849643215208","0.000174699680276232"
"('FR', 'Processing of meat pigs')","0.000174687613966739","7.93864513626009e-05","0.00013249160720833"
"('ES', 'Mining of precious metal ores and concentrates')","0.00017457797663583","0.000152012087483903","2.89047193873403e-05"
"('IT', 'Processing of meat cattle')","0.000174565529910359","4.63511181603494e-05","0.000163809110647684"
"('US', 'Manufacture of coke oven products')","0.000173488511783504","0.000152174632171155","5.32360922594968e-05"
"('FR', 'Manufacture of glass and glass products')","0.000173448201197045","0.00010790435267721","0.000150624519142159"
"('IN', 'Production of electricity by nuclear')","0.000173338590131531","0.000172258110874981","1.14652883945054e-05"
"('FR', 'Aluminium production')","0.000173274048859928","9.83805610764565e-05","0.000159669393123445"
"('ES', 'Landfill of waste: Paper')","0.00017305929652429","5.62555439164563e-05","0.0001729457372307"
"('FR', 'Manufacture of wearing apparel; dressing and dyeing of fur (18)')","0.000173006282337882","3.84543223801233e-05","0.000172123625729492"
"('ZA', 'Research and development (73)')","0.000172891823400462","7.59718622191637e-06","0.00017289182338921"
"('FI', 'Other land transport')","0.000172861884328295","0.000146468545924761","0.000166983014408526"
"('WE', 'Manufacture of fabricated metal products, except machinery and equipment (28)')","0.000172717646074665","0.000102729067132692","0.00017271605265669"
"('IE', 'Plastics, basic')","0.000172396370078673","0.000166853967049721","0.000103455237269064"
"('WE', 'Processing of meat poultry')","0.000172328754393292","5.41500625393356e-05","0.000145837189241169"
"('IT', 'Composting of food waste, incl. land application')","0.000172169554307539","9.44821114816555e-05","0.000152553119367805"
"('CA', 'Manufacture of office machinery and computers (30)')","0.00017180272421377","1.85997189427198e-05","0.000171802080160086"
"('PL', 'Pulp')","0.000171401258932495","0.000111001663123444","0.000134945958925354"
"('CZ', 'Financial intermediation, except insurance and pension funding (65)')","0.000171286060514589","0.000123251609894991","0.000168505257075579"
"('DK', 'Manufacture of fish products')","0.000171092786738721","8.07969399633977e-05","0.000163338541138493"
"('SK', 'Construction (45)')","0.000170184136303177","8.67017138266529e-05","0.000169779801905641"
"('ES', 'Public administration and defence; compulsory social security (75)')","0.000170133571084353","5.05454381905746e-05","0.000160485015428536"
"('WL', 'Recreational, cultural and sporting activities (92)')","0.000169891164044711","0.000108379724845693","0.000167611947402328"
"('ZA', 'Hotels and restaurants (55)')","0.000169793667077678","8.19262427610203e-05","0.000167302450746579"
"('NL', 'Cultivation of vegetables, fruit, nuts')","0.00016978349033157","9.40166404857631e-05","0.000164095296451279"
"('RU', 'Pigs farming')","0.000169710848603415","0.000141675552930834","0.000151543591372832"
"('BG', 'Retail trade, except of motor vehicles and motorcycles; repair of personal and household goods (52)')","0.000169306184078398","8.38153776609069e-05","0.00016725825240825"
"('NO', 'Public administration and defence; compulsory social security (75)')","0.000168711985247914","6.62366765912199e-05","0.000161349928563199"
"('BG', 'Copper production')","0.000168312677070887","0.000100165648011156","0.000138970649434873"
"('NO', 'Fishing, operating of fish hatcheries and fish farms; service activities incidental to fishing (05)')","0.000168250056060873","0.000109869061710977","0.000161531862484119"
"('MX', 'Supporting and auxiliary transport activities; activities of travel agencies (63)')","0.00016814155031323","0.000111384538060595","0.000160656980441074"
"('IT', 'Transmission of electricity')","0.000167817246519799","0.000158650645980583","2.88095487489537e-05"
"('CH', 'Plastics, basic')","0.000167655569867198","8.90593359176246e-05","0.000163050052364995"
"('CH', 'Collection, purification and distribution of water (41)')","0.000167181383747882","0.000161830660761239","2.00580966851809e-05"
"('BE', 'Public administration and defence; compulsory social security (75)')","0.000167147274660804","2.9733598513758e-05","0.000164982411684687"
"('WF', 'Manufacture of other transport equipment (35)')","0.000167011980231129","0.000134844101135948","0.000113221913435509"
"('GR', 'Research and development (73)')","0.00016698109668495","0.000107078036432015","0.000165499302196931"
"('MX', 'Manufacture of other transport equipment (35)')","0.000166696092927844","1.90509669296426e-05","0.000166416723500012"
"('TW', 'Processing of dairy products')","0.00016652002543048","4.72611651075329e-05","0.000166156279595536"
"('DK', 'Extraction of crude petroleum and services related to crude oil extraction, excluding surveying')","0.000166410355005714","0.000119358501494952","0.000166067446712323"
"('MX', 'Insurance and pension funding, except compulsory social security (66)')","0.00016637963956951","6.97964439581909e-05","0.000158624164217158"
"('AU', 'Production of electricity by wind')","0.000166223155683641","0.000165701767538292","1.45278660925732e-05"
"('DE', 'Forestry, logging and related service activities (02)')","0.000166159080880064","0.00011304589741655","0.000140058233817676"
"('NO', 'Manufacture of machinery and equipment n.e.c. (29)')","0.000166143022388835","8.80366917447167e-05","0.000166087436738986"
"('ES', 'Composting of food waste, incl. land application')","0.000166030878763032","6.53925451919982e-05","0.00015787210745526"
"('HU', 'Supporting and auxiliary transport activities; activities of travel agencies (63)')","0.000165624419840604","0.00012695613070622","0.00016303733894472"
"('IT', 'Other service activities (93)')","0.000165619226482142","4.63962785388958e-05","0.000165607943320356"
"('IT', 'Manufacture of bricks, tiles and construction products, in baked clay')","0.000165455058096085","0.000156608515879117","2.97409029449034e-05"
"('HU', 'Petroleum Refinery')","0.000165050242319786","6.06470437890088e-05","0.000164815652645261"
"('WM', 'Fishing, operating of fish hatcheries and fish farms; service activities incidental to fishing (05)')","0.000164974669593688","0.000122909740408581","0.000159962188540706"
"('WA', 'Activities of membership organisation n.e.c. (91)')","0.000164928200807082","7.69406124686578e-05","0.00016457190519644"
"('FI', 'Manufacture of wood and of products of wood and cork, except furniture; manufacture of articles of straw and plaiting materials (20)')","0.000164923715943274","9.52011401064931e-05","0.000161484720458285"
"('TW', 'Processed rice')","0.000164697688989029","9.96927522084056e-05","0.000115117897113092"
"('NO', 'Incineration of waste: Textiles')","0.00016467482798835","0.000159528594422688","1.34517105707439e-05"
"('WM', 'Cultivation of crops nec')","0.000163957328963692","0.000153323743816201","7.70449691477307e-05"
"('BE', 'Collection, purification and distribution of water (41)')","0.000163658952224617","0.000161062250181312","1.59356720297812e-05"
"('DE', 'Pigs farming')","0.000163515368326223","0.000115768213923902","0.000152100564715891"
"('IT', 'Manufacture of ceramic goods')","0.000163460593930468","0.000111004374962252","0.000114720644472728"
"('PT', 'Sale, maintenance, repair of motor vehicles, motor vehicles parts, motorcycles, motor cycles parts and accessoiries')","0.000163039674968227","0.00012420787278396","7.1588201327681e-05"
"('AU', 'Manufacture of furniture; manufacturing n.e.c. (36)')","0.000162926624102451","8.66708889031803e-05","0.000142588814196548"
"('MX', 'Precious metals production')","0.000162799039531196","0.000129321669187761","0.000106986135412323"
"('KR', 'Transport via pipelines')","0.000162570455945872","0.000147135043201527","7.66350319021895e-05"
"('ZA', 'Insurance and pension funding, except compulsory social security (66)')","0.000162450036080119","8.69095968452148e-05","0.000154454263051637"
"('NL', 'Education (80)')","0.00016195964309859","7.28472735012577e-05","0.000160175713844715"
"('NO', 'Incineration of waste: Paper')","0.000161932314917653","0.000140495433943416","4.59314061875474e-05"
"('AU', 'Aluminium production')","0.000161547188416363","8.44912291460153e-05","0.000146198774825252"
"('CZ', 'Casting of metals')","0.000161391256865193","7.89624475456819e-05","0.000160167718413534"
"('CH', 'Transport via pipelines')","0.000161374261356253","0.00014285633068167","4.99817737286027e-05"
"('DE', 'Cultivation of wheat')","0.000161240242673134","0.000114243905109466","0.000101562430707293"
"('WA', 'Processing of dairy products')","0.000161006511626382","0.000135256628157474","5.91010097648367e-05"
"('BR', 'Manufacture of wearing apparel; dressing and dyeing of fur (18)')","0.000159226454592073","1.24464003969439e-05","0.000159226454591908"
"('DK', 'Processing of meat pigs')","0.000159160423207309","7.4859607064269e-05","0.000128744151843"
"('BR', 'Air transport (62)')","0.000158901599656686","8.98107180135223e-05","0.000138968137644013"
"('PL', 'Sale, maintenance, repair of motor vehicles, motor vehicles parts, motorcycles, motor cycles parts and accessoiries')","0.000158714256900717","0.000131122760498854","0.000130598997278523"
"('ES', 'Manufacture of basic iron and steel and of ferro-alloys and first products thereof')","0.000158513290918934","9.04764683846543e-05","0.00015644628840248"
"('RU', 'Cultivation of cereal grains nec')","0.000158362654455652","0.000132337031880752","0.000124774239369726"
"('DE', 'Processing of meat cattle')","0.000158249708918647","9.50703014722887e-05","9.84530440108966e-05"
"('WL', 'Production of electricity by coal')","0.000158022784250014","0.000142417774433139","4.70389308772252e-05"
"('MX', 'Financial intermediation, except insurance and pension funding (65)')","0.000157979252922061","0.000106449139599876","0.000153383876754557"
"('IT', 'Raw milk')","0.000157759546285764","0.000100619598655116","0.000146327493155467"
"('IT', 'Manufacture of glass and glass products')","0.000157388479389427","0.000126113343380674","0.000113710620393661"
"('WF', 'Fishing, operating of fish hatcheries and fish farms; service activities incidental to fishing (05)')","0.000156921760029382","0.000125769976747028","0.000151777164394126"
"('BG', 'Petroleum Refinery')","0.000156669802774261","6.70427815083712e-05","0.000156192014921761"
"('ID', 'Processing of meat cattle')","0.000156601293562106","2.29664534875434e-05","0.000156596681094931"
"('TR', 'Insurance and pension funding, except compulsory social security (66)')","0.000156460603253283","0.000116670656246473","0.000116448677886893"
"('AT', 'Pulp')","0.000156357345692541","7.08076974480694e-05","0.000142831687859892"
"('BR', 'Sugar refining')","0.000156274032130726","0.00012628704410854","5.38147112895333e-05"
"('BE', 'Manufacture of basic iron and steel and of ferro-alloys and first products thereof')","0.000155733604510164","6.76755917735884e-05","0.000154551993293687"
"('ES', 'Education (80)')","0.000155080371189409","6.83714080249315e-05","0.000154555954222641"
"('PL', 'Manufacture of textiles (17)')","0.000154561839303722","7.88164829739286e-05","0.000154547980552377"
"('WF', 'Manufacture of office machinery and computers (30)')","0.000154402174320231","6.2743256734391e-05","0.000154402173992572"
"('BR', 'Transport via railways')","0.000153849702581693","0.000141712751673104","9.86774560922757e-05"
"('FR', 'Composting of food waste, incl. land application')","0.000153771121596733","7.07005900923571e-05","0.000136543386692944"
"('BE', 'Manufacture of beverages')","0.000153770726464811","5.88193243683037e-05","0.000143112250901173"
"('WF', 'Animal products nec')","0.000153757334174007","0.000151207335160927","1.92782997075514e-05"
"('IT', 'Landfill of waste: Paper')","0.000153747005579666","7.78036737745776e-05","0.000149068686700356"
"('TW', 'Activities auxiliary to financial intermediation (67)')","0.000153588489337253","0.000118486479280437","0.000118848416551503"
"('FR', 'Meat animals nec')","0.000153244161863059","0.000152428735053138","1.24488986498381e-05"
"('SE', 'Copper production')","0.000153225280158712","8.72314891744535e-05","0.000135605104591588"
"('WM', 'Lead, zinc and tin production')","0.000153100073026369","0.000135614294720922","5.81909635539767e-05"
"('PL', 'Health and social work (85)')","0.000152861874763181","7.1481986659802e-05","0.000152861868533131"
"('MX', 'Manufacture of fish products')","0.000152837675181032","3.79912271381731e-05","0.000146346487909026"
"('ID', 'Activities auxiliary to financial intermediation (67)')","0.000152410952192064","0.000110901177528638","0.000131305771882875"
"('RU', 'Manufacture of beverages')","0.00015220611941154","5.40745825660257e-05","0.000143987632510014"
"('WE', 'Supporting and auxiliary transport activities; activities of travel agencies (63)')","0.000151986339187817","0.000128589292935602","0.000140828493928576"
"('CZ', 'Computer and related activities (72)')","0.000151941133403335","0.000101674204341223","0.000149519438542274"
"('LU', 'Supporting and auxiliary transport activities; activities of travel agencies (63)')","0.000151311258515106","0.000101434679971106","0.000146445473375592"
"('CZ', 'Biogasification of sewage slugde, incl. land application')","0.00015055361246543","7.85941673018588e-05","0.000137574800726713"
"('AU', 'Chemicals nec')","0.000150506114821212","8.45319645480993e-05","0.000149577405145934"
"('RO', 'Petroleum Refinery')","0.000150372112297131","6.26387215010385e-05","0.000149590193728931"
"('ID', 'Manufacture of wood and of products of wood and cork, except furniture; manufacture of articles of straw and plaiting materials (20)')","0.000150256094014681","0.000102474718614922","0.000146789226366549"
"('RU', 'Manufacture of medical, precision and optical instruments, watches and clocks (33)')","0.00014988105648375","0.000127437339666705","7.99293754607506e-05"
"('TR', 'Transmission of electricity')","0.000149380654866591","0.000139997291540453","2.69159321192732e-05"
"('WE', 'Manufacture of furniture; manufacturing n.e.c. (36)')","0.000149329576499005","0.00010069046639743","0.000127905227164768"
"('WF', 'Manufacture of electrical machinery and apparatus n.e.c. (31)')","0.000149232548742648","0.000110815743561017","0.000148694740237044"
"('KR', 'Retail sale of automotive fuel')","0.000148606815897296","0.000140695965816742","2.48165639969528e-05"
"('NO', 'Supporting and auxiliary transport activities; activities of travel agencies (63)')","0.000148602801653207","6.05550928382347e-05","0.000148173516094661"
"('RU', 'Cultivation of vegetables, fruit, nuts')","0.000148495955289731","3.80712094994759e-05","0.000146430674671943"
"('KR', 'Cattle farming')","0.000148460270102701","6.83415976956732e-05","0.000144434220371238"
"('TW', 'Computer and related activities (72)')","0.00014802312099216","9.64681473083804e-05","0.000143445471022818"
"('ID', 'Manufacture of fish products')","0.000148007079813302","6.61859616804485e-05","0.000135936707449407"
"('NL', 'Pulp')","0.000147973980617506","7.99617848821855e-05","0.000116088639573495"
"('ES', 'Retail sale of automotive fuel')","0.000147871664258933","0.000147694012876236","2.00780566807793e-05"
"('ES', 'Manufacture of office machinery and computers (30)')","0.000147833900241199","2.49312221714209e-05","0.000147833895498877"
"('PL', 'Manufacture of wearing apparel; dressing and dyeing of fur (18)')","0.000147828331002762","2.93748656444409e-05","0.000147662536981638"
"('PL', 'Manufacture of cement, lime and plaster')","0.000147731557086779","0.000105756814374086","0.000132373195075103"
"('DE', 'Tanning and dressing of leather; manufacture of luggage, handbags, saddlery, harness and footwear (19)')","0.000147727205926686","5.32479669127013e-05","0.000145774720428357"
"('MX', 'Tanning and dressing of leather; manufacture of luggage, handbags, saddlery, harness and footwear (19)')","0.000147594429095123","5.91003244727236e-05","0.00014704012670431"
"('ZA', 'Other land transport')","0.000147567729425398","7.97472309014696e-05","0.000147096551613013"
"('TW', 'Processing of meat pigs')","0.000147341165826854","2.52309528393501e-05","0.00014643394475986"
"('IN', 'Production of electricity by gas')","0.000147328378938244","0.000135182794079555","3.37438827597258e-05"
"('ES', 'Aluminium production')","0.000147306025270344","7.47648236710701e-05","0.000138384156424967"
"('WE', 'Processing of dairy products')","0.000147287711290038","8.16392264142329e-05","0.00012937671310173"
"('BG', 'Construction (45)')","0.000147208152874283","4.40063532801272e-05","0.000146463105016559"
"('ES', 'Research and development (73)')","0.000146934050934016","0.000107547710327142","0.000134227473339127"
"('IE', 'Hotels and restaurants (55)')","0.000146669633765711","9.6086887178821e-05","9.44468507215516e-05"
"('WM', 'Extraction, liquefaction, and regasification of other petroleum and gaseous materials')","0.000146662412438698","0.000139079566704336","1.92882384478309e-05"
"('RU', 'Other service activities (93)')","0.000146625169767575","9.24243723007712e-06","0.000146625169767575"
"('ID', 'Plastics, basic')","0.000146602131306805","7.33253052012025e-05","0.000142403246738773"
"('ID', 'Manufacture of cement, lime and plaster')","0.000146546818052147","0.00010596565036752","0.00014402009469055"
"('RU', 'Processing of meat pigs')","0.000146523443345103","1.91343981084279e-05","0.000142207853147"
"('WE', 'Manufacture of motor vehicles, trailers and semi-trailers (34)')","0.000146045785523348","7.29596061411451e-05","0.000146005196632348"
"('PT', 'Supporting and auxiliary transport activities; activities of travel agencies (63)')","0.000145686494365364","9.92948081602336e-05","0.000139226901381363"
"('PL', 'Post and telecommunications (64)')","0.000145640473147376","0.000123141047066928","0.000133458618497361"
"('RU', 'Activities auxiliary to financial intermediation (67)')","0.000145520112378392","9.00425580479578e-05","0.000123984945677055"
"('ID', 'Animal products nec')","0.000145504237444576","0.000142881788214344","1.45728503122947e-05"
"('AU', 'Transport via railways')","0.000144761745378194","0.000109013813776135","9.71630212582204e-05"
"('PT', 'Financial intermediation, except insurance and pension funding (65)')","0.000144736832761807","0.000109317559292031","0.000140655424474513"
"('WM', 'Tanning and dressing of leather; manufacture of luggage, handbags, saddlery, harness and footwear (19)')","0.000144655940432649","6.38741005776056e-05","0.000143994800032006"
"('BR', 'Production of electricity by gas')","0.000144549687826032","0.000109315829648567","6.04704640828634e-05"
"('CZ', 'Hotels and restaurants (55)')","0.000144529722162924","6.57450286255153e-05","0.00014204766028637"
"('PL', 'Landfill of waste: Textiles')","0.000143779264224674","0.000142959253631736","9.29615730689703e-06"
"('SK', 'Manufacture of rubber and plastic products (25)')","0.000143619449867064","6.69567604005106e-05","0.000143189862875181"
"('JP', 'Activities of membership organisation n.e.c. (91)')","0.000143494263219418","5.71825746606237e-05","0.000143144353364441"
"('MX', 'Lead, zinc and tin production')","0.000143363900058312","0.000135084136073721","5.22565333400395e-05"
"('RO', 'Supporting and auxiliary transport activities; activities of travel agencies (63)')","0.000142947242731433","0.000101150845326239","0.000141679511182715"
"('WE', 'Post and telecommunications (64)')","0.00014240060438799","9.09401423751288e-05","0.000141264644320776"
"('WE', 'Plastics, basic')","0.000142329034865674","0.000116278431866799","0.000127924471582948"
"('DE', 'Composting of food waste, incl. land application')","0.000142029511636369","7.81895144118451e-05","0.000117960461103718"
"('TR', 'Distribution and trade of electricity')","0.000141513336016925","0.000134655042775184","4.74051299265792e-05"
"('PL', 'Manufacture of furniture; manufacturing n.e.c. (36)')","0.000140868151747198","9.51918331746093e-05","0.000124349921005751"
"('JP', 'Production of electricity by wind')","0.000140857868232414","0.000140700387851214","4.94382689289402e-06"
"('AT', 'Collection, purification and distribution of water (41)')","0.0001408078560482","0.000139741984155107","2.56702094915779e-05"
"('CN', 'Forestry, logging and related service activities (02)')","0.000140539112039315","0.000110611173482206","0.000138392687222788"
"('RU', 'Manufacture of glass and glass products')","0.000140441793063337","0.000119221663238678","9.68432129437346e-05"
"('AU', 'Raw milk')","0.000140254581426296","0.000116424794038451","0.000114750880028902"
"('NL', 'Manufacture of cement, lime and plaster')","0.000140249885750863","8.31359813988452e-05","0.000136462964623291"
"('WL', 'Casting of metals')","0.000140085368051692","8.2495009157129e-05","0.000121343664714927"
"('WF', 'Processing of meat poultry')","0.000140003719883011","4.86477889486827e-05","0.000117075550672742"
"('DK', 'Manufacture of fabricated metal products, except machinery and equipment (28)')","0.000139833222186348","8.68150889788136e-05","0.000139827131131595"
"('IE', 'Transport via railways')","0.000139784601887234","7.69730264245534e-05","0.000111212048575086"
"('FI', 'Mining of precious metal ores and concentrates')","0.000139704279642399","0.000134498298332869","7.07733650746358e-06"
"('MX', 'Manufacture of ceramic goods')","0.000139691400914141","9.34704257875497e-05","0.000111677808160333"
"('ES', 'Recreational, cultural and sporting activities (92)')","0.000139645942624209","8.4402264579876e-05","0.000139062633607686"
"('ZA', 'Activities auxiliary to financial intermediation (67)')","0.000139501488806351","0.000130444330783584","0.000127990465368276"
"('ID', 'Manufacture of basic iron and steel and of ferro-alloys and first products thereof')","0.000139420159554117","8.35745094848027e-05","0.000136014416210633"
"('BR', 'Insurance and pension funding, except compulsory social security (66)')","0.000139151110358399","0.000115343797812094","0.000110919818372091"
"('TW', 'Education (80)')","0.000139139655054223","3.93108283859905e-05","0.000138309538541917"
"('WL', 'Cultivation of paddy rice')","0.000139058876719509","8.81592577633393e-05","8.46023690227846e-05"
"('FR', 'Tanning and dressing of leather; manufacture of luggage, handbags, saddlery, harness and footwear (19)')","0.000138865712736964","6.4814560897436e-05","0.000137886102234495"
"('ID', 'Poultry farming')","0.000138846317063352","7.52616361758592e-05","0.000132230271890801"
"('AT', 'Transmission of electricity')","0.000138734037422011","0.000110043210324517","8.36334172772567e-05"
"('SE', 'Manufacture of rubber and plastic products (25)')","0.000138691996892746","8.78462286286203e-05","0.000133441450907"
"('TR', 'Raw milk')","0.000138613984361773","0.000121987232660003","9.07902455499755e-05"
"('WL', 'Other non-ferrous metal production')","0.000138418553758633","0.000104755963696699","8.98783269609843e-05"
"('DK', 'Incineration of waste: Food')","0.000138171160781879","9.83399294933914e-05","7.36506866603638e-05"
"('NO', 'Manufacture of rubber and plastic products (25)')","0.000138005708544746","6.51308317107042e-05","0.000137412344931547"
"('RO', 'Manufacture of machinery and equipment n.e.c. (29)')","0.000138002394648549","4.66464307521966e-05","0.000138000751033984"
"('DE', 'Manufacture of ceramic goods')","0.000137966182230902","9.4217370260632e-05","8.69232597163518e-05"
"('BR', 'Inland water transport')","0.000137860281441027","0.000135750790925489","1.72837646331981e-05"
"('WF', 'Cultivation of wheat')","0.000137664401084332","0.000122372142325284","9.497490627933e-05"
"('HU', 'Real estate activities (70)')","0.000137425964636639","7.48386571064977e-05","0.000137292213986988"
"('NL', 'Paper')","0.000137213286712588","5.10511704075533e-05","0.000134870369243701"
"('TR', 'Transport via railways')","0.000137124970820803","0.000124149677195066","7.86125435428638e-05"
"('NO', 'Other land transport')","0.000137045870672233","0.000118194847281824","0.000129528082934188"
"('IT', 'Processing of meat pigs')","0.000136954835930499","5.57973417515788e-05","0.000119408131898841"
"('DK', 'Steam and hot water supply')","0.000136453185374157","0.00012042370269332","3.12049962205897e-05"
"('WL', 'Manufacture of gas; distribution of gaseous fuels through mains')","0.00013631499583399","0.000128699030931321","4.98894583072878e-05"
"('KR', 'Manufacture of ceramic goods')","0.000135977271408751","8.1396220420177e-05","0.000127736931184892"
"('ZA', 'Plastics, basic')","0.000135866219714556","0.000102601473642512","0.000129929940262903"
"('RU', 'Inland water transport')","0.00013514463551934","0.000133666481067801","1.19698623059507e-05"
"('WA', 'Animal products nec')","0.000135013546746314","0.000133238883052198","7.89099830635943e-06"
"('SE', 'Health and social work (85)')","0.000134941376175795","2.97150200578401e-05","0.000134941367816088"
"('CH', 'Manufacture of beverages')","0.000134569544350671","6.78908216679007e-05","0.000131322488354585"
"('ES', 'Publishing, printing and reproduction of recorded media (22)')","0.000134204648657033","6.91028643121808e-05","0.000134204610458727"
"('WE', 'Mining of copper ores and concentrates')","0.00013414287687012","0.000132527385876597","6.56011875155942e-06"
"('KR', 'Fishing, operating of fish hatcheries and fish farms; service activities incidental to fishing (05)')","0.000134103436463086","6.67818441955588e-05","0.000132193607027881"
"('PT', 'Manufacture of fabricated metal products, except machinery and equipment (28)')","0.000133853637509756","8.11590904046075e-05","0.000133849672441917"
"('WF', 'Manufacture of wood and of products of wood and cork, except furniture; manufacture of articles of straw and plaiting materials (20)')","0.000133710648910131","9.47910732909918e-05","0.000129009716071729"
"('FI', 'Financial intermediation, except insurance and pension funding (65)')","0.000133576769064212","7.05507182398352e-05","0.000130996104789705"
"('CA', 'Cultivation of vegetables, fruit, nuts')","0.000133028748166642","7.58653359094939e-05","0.000129223175727743"
"('WL', 'Processed rice')","0.00013293002249321","0.000103244057698909","5.0901189029321e-05"
"('AT', 'Manufacture of beverages')","0.000132775892136343","5.47527436768245e-05","0.000125897209971443"
"('RU', 'Manufacture of office machinery and computers (30)')","0.000132743419984445","3.91734526222007e-05","0.00013274338915556"
"('AT', 'Aluminium production')","0.000132731710518563","8.07645813749579e-05","0.000126233210283198"
"('TW', 'Aluminium production')","0.000132602826445859","0.000120412781321882","0.000102318723360848"
"('KR', 'Transmission of electricity')","0.000132591330777493","0.000129883895494392","2.52948400953247e-05"
"('WF', 'Sugar refining')","0.000132452395899332","0.00012601497090103","2.14448220952431e-05"
"('KR', 'Other non-ferrous metal production')","0.000131181173322852","9.60284709023312e-05","7.57780705644108e-05"
"('WM', 'Pulp')","0.000130963044350513","0.000103196050890732","8.50571219368856e-05"
"('PL', 'Incineration of waste: Metals and Inert materials')","0.00013082346576551","0.000103128810525907","7.64087459890793e-05"
"('WE', 'Cultivation of cereal grains nec')","0.00013031380040563","9.64027687592703e-05","0.000107116528296655"
"('BE', 'Aluminium production')","0.000130280957848576","6.58144749457809e-05","0.000122234041735699"
"('IT', 'Manufacture of other non-metallic mineral products n.e.c.')","0.000130142216122005","9.44337395229494e-05","0.000106987592716115"
"('CA', 'Pigs farming')","0.000129791049870754","7.52357092100393e-05","0.000124362342717363"
"('NO', 'Hotels and restaurants (55)')","0.000129633038498366","5.9049509901915e-05","0.000126754454931151"
"('PT', 'Manufacture of rubber and plastic products (25)')","0.000129173136589744","7.52744662596033e-05","0.000124911916588142"
"('ID', 'Cattle farming')","0.000129076221937731","0.000105975015387597","0.00012370384873618"
"('PT', 'Plastics, basic')","0.000128881247773395","6.31425503611824e-05","0.00012133078628834"
"('WE', 'Air transport (62)')","0.000128858991796884","7.05531018743298e-05","0.000118164877770973"
"('FR', 'Transport via pipelines')","0.000128816635444029","0.000110843658542984","6.24465845884862e-05"
"('TR', 'Processing vegetable oils and fats')","0.000128735450565127","7.77897138237735e-05","9.01060598940739e-05"
"('NO', 'Computer and related activities (72)')","0.000128151446220529","8.19885153706352e-05","0.000126948544300842"
"('FI', 'Hotels and restaurants (55)')","0.000127822585664132","5.048384569794e-05","0.000121845778036947"
"('SK', 'Retail trade, except of motor vehicles and motorcycles; repair of personal and household goods (52)')","0.000127508866392404","6.61250513610654e-05","0.000127425684467751"
"('GB', 'Incineration of waste: Oil/Hazardous waste')","0.000127474610538072","8.73465804279455e-05","9.75026286633502e-05"
"('DK', 'Incineration of waste: Paper')","0.000127425425675571","8.80745026884832e-05","7.32608864451437e-05"
"('WM', 'Production of electricity by hydro')","0.000127291469194819","0.000124605867950172","1.447161347342e-05"
"('TR', 'Aluminium production')","0.000127189928398355","7.87582985972431e-05","0.000120374542228982"
"('ID', 'Manufacture of office machinery and computers (30)')","0.000127181714293373","7.11996981797501e-05","0.000127168826024391"
"('TW', 'Manufacture of glass and glass products')","0.000127151609791093","7.94564860307436e-05","0.000121133303789479"
"('BR', 'Processing of meat pigs')","0.000127000459486067","6.64316500350355e-05","9.65993577085884e-05"
"('BR', 'Re-processing of secondary steel into new steel')","0.000126906704619145","8.02081120450122e-05","0.000115189859081219"
"('CZ', 'P- and other fertiliser')","0.000126898193722143","6.22827088292266e-05","0.000126314716837438"
"('ES', 'Manufacture of wood and of products of wood and cork, except furniture; manufacture of articles of straw and plaiting materials (20)')","0.00012687938071217","7.88075885205623e-05","0.000123724788087237"
"('TR', 'Manufacture of other non-metallic mineral products n.e.c.')","0.00012682263893611","7.83885506254867e-05","0.00011640909917844"
"('SE', 'Processing of Food products nec')","0.000126775406680327","4.42149171018748e-05","0.000126726681216582"
"('SK', 'Supporting and auxiliary transport activities; activities of travel agencies (63)')","0.0001265088757328","5.97203538867269e-05","0.000125869909532789"
"('AT', 'Manufacture of basic iron and steel and of ferro-alloys and first products thereof')","0.000126071694377237","7.11866469892343e-05","0.000124814087301462"
"('WF', 'Recreational, cultural and sporting activities (92)')","0.000125938831002963","4.74925736521315e-05","0.000125552374126552"
"('WM', 'Private households with employed persons (95)')","0.000125933787780449","7.44177124499625e-05","0.000125933787780449"
"('DK', 'Manufacture of rubber and plastic products (25)')","0.000125933759754958","8.09051066504333e-05","0.000118426030111585"
"('WF', 'Manufacture of radio, television and communication equipment and apparatus (32)')","0.000125886806342787","0.000102446827887073","0.000125791826032946"
"('JP', 'Tanning and dressing of leather; manufacture of luggage, handbags, saddlery, harness and footwear (19)')","0.00012546315394771","7.82817749313408e-05","0.000124266698269494"
"('ID', 'Retail sale of automotive fuel')","0.000125432008776289","0.000114422025064187","4.2767403388859e-05"
"('BR', 'Manufacture of wood and of products of wood and cork, except furniture; manufacture of articles of straw and plaiting materials (20)')","0.000125424887456284","0.000106660154622591","0.000120392282790123"
"('KR', 'Manufacture of wearing apparel; dressing and dyeing of fur (18)')","0.000125344571137076","3.44654997027166e-05","0.000124643280109031"
"('AT', 'Manufacture of motor vehicles, trailers and semi-trailers (34)')","0.000125117692049103","4.90502008950425e-05","0.000125049899000171"
"('RO', 'Manufacture of fabricated metal products, except machinery and equipment (28)')","0.000125101234932154","7.19041574261129e-05","0.000125098752675068"
"('ES', 'Copper production')","0.000125054130327455","6.11494672648318e-05","0.00011379445644779"
"('ZA', 'Cultivation of vegetables, fruit, nuts')","0.000124923685797393","6.55521263425036e-05","0.000122526045489422"
"('PT', 'Retail trade, except of motor vehicles and motorcycles; repair of personal and household goods (52)')","0.000124887537740642","6.10943074907189e-05","0.000119578588124711"
"('PL', 'Public administration and defence; compulsory social security (75)')","0.000124823086926842","4.57220906914612e-05","0.000118685656905605"
"('WF', 'Processing of meat pigs')","0.000124776693841167","4.84613591525186e-05","9.87880977770276e-05"
"('TW', 'Animal products nec')","0.000124773272177358","2.28294664492916e-05","0.000108279194036825"
"('HU', 'Renting of machinery and equipment without operator and of personal and household goods (71)')","0.000124688664663844","9.19283643219735e-05","0.000117772746358638"
"('TR', 'Poultry farming')","0.000124387272796029","9.69178661542581e-05","9.069533246837e-05"
"('AT', 'Sale, maintenance, repair of motor vehicles, motor vehicles parts, motorcycles, motor cycles parts and accessoiries')","0.000124198253117707","9.10549065632686e-05","0.000110731127041364"
"('TW', 'Pigs farming')","0.000123587236569589","4.66303325447885e-05","0.000123291794815493"
"('HU', 'Hotels and restaurants (55)')","0.00012357130326979","3.1691247453633e-05","0.000123481836340006"
"('WE', 'Manufacture of textiles (17)')","0.000123536104035341","6.16795043865079e-05","0.000123532174787016"
"('HU', 'Manufacture of fabricated metal products, except machinery and equipment (28)')","0.000123520952017163","4.86919533886629e-05","0.000123520947738305"
"('ID', 'Distribution and trade of electricity')","0.000123495601245882","0.00011481459986226","7.10414221566734e-05"
"('WE', 'Real estate activities (70)')","0.000123447503988541","5.13053967964201e-05","0.000123432538035139"
"('SE', 'Research and development (73)')","0.000123413299313334","6.18796606140912e-05","0.000122393732373458"
"('JP', 'Raw milk')","0.000123074614043845","8.92118327309544e-05","0.000111190309653601"
"('ID', 'Research and development (73)')","0.000122829002843273","5.09007195801422e-06","0.000122828106561169"
"('CA', 'Processing of meat poultry')","0.000122788822977847","4.34987199271428e-05","0.000111978284731645"
"('ID', 'Recreational, cultural and sporting activities (92)')","0.000122763965307154","3.76381993225597e-05","0.000122763965307154"
"('ES', 'Transport via railways')","0.000122379849122977","0.000103017967156266","7.22869845388396e-05"
"('PT', 'Manufacture of gas; distribution of gaseous fuels through mains')","0.00012214880639737","0.000116551445023819","9.41800846524945e-05"
"('AU', 'Manufacture of wood and of products of wood and cork, except furniture; manufacture of articles of straw and plaiting materials (20)')","0.000122036833707633","5.81121918942434e-05","0.000118851334953865"
"('BE', 'Manufacture of cement, lime and plaster')","0.000122002373835714","7.00279276458364e-05","0.000114048126575981"
"('AU', 'Processed rice')","0.000121867311720557","9.98772927036912e-05","4.23331055562829e-05"
"('IT', 'Biogasification of paper, incl. land application')","0.000121670083753903","0.000121476564560867","1.02333061691727e-06"
"('CA', 'Cultivation of cereal grains nec')","0.000121471141201604","7.25826325320861e-05","0.000106027379247872"
"('DK', 'Public administration and defence; compulsory social security (75)')","0.000121412069527943","4.25312638107918e-05","0.000114610326335697"
"('CA', 'Manufacture of glass and glass products')","0.000121356288950694","8.39128203673602e-05","0.00010225181725495"
"('CZ', 'Public administration and defence; compulsory social security (75)')","0.000121154559324331","3.53172192160842e-05","0.000119048254849618"
"('DE', 'Extraction of crude petroleum and services related to crude oil extraction, excluding surveying')","0.00012085086806814","7.63222330295462e-05","0.000120494479260322"
"('TW', 'Manufacture of electrical machinery and apparatus n.e.c. (31)')","0.000120841943151235","3.92923592028346e-05","0.000120841933100221"
"('ES', 'Incineration of waste: Oil/Hazardous waste')","0.000120786282336371","5.10035022630041e-05","0.00011022752296224"
"('AU', 'Manufacture of electrical machinery and apparatus n.e.c. (31)')","0.000120782408626363","8.55621013207741e-05","0.000120745620473923"
"('DK', 'Air transport (62)')","0.000120595302899409","0.000113361991255863","7.99410868386346e-05"
"('CA', 'Animal products nec')","0.000120464506734386","0.000113815422151564","1.71225084099604e-05"
"('CZ', 'Processing of Food products nec')","0.000120331399140752","3.57335442038041e-05","0.00012032785479879"
"('CH', 'Fishing, operating of fish hatcheries and fish farms; service activities incidental to fishing (05)')","0.000120210135040647","2.25457627208845e-05","0.000120128468653125"
"('WE', 'Public administration and defence; compulsory social security (75)')","0.000119925747876162","7.92326563990628e-06","0.000119925745827704"
"('NL', 'Processing of meat cattle')","0.000119912943994938","8.98295568520713e-05","5.21210384316233e-05"
"('ES', 'Manufacture of furniture; manufacturing n.e.c. (36)')","0.000119882397542975","9.73957272713683e-05","8.83728005116052e-05"
"('BE', 'Paper')","0.000119792432162066","4.27187124792746e-05","0.000118787179892718"
"('ZA', 'Manufacture of beverages')","0.000119765603413803","8.97797244652602e-05","0.000110517938490966"
"('RU', 'Poultry farming')","0.000119749925554087","9.47721349909006e-05","0.000101860106268448"
"('MX', 'Manufacture of medical, precision and optical instruments, watches and clocks (33)')","0.000119325836143833","6.26165228910375e-05","9.41462387522885e-05"
"('SI', 'Other land transport')","0.000119312820796822","7.91993399753952e-05","0.000119007912288792"
"('KR', 'Manufacture of tobacco products (16)')","0.000118994789873615","2.5376511272535e-05","0.000118536065011983"
"('SE', 'Distribution and trade of electricity')","0.000118798254648568","0.00010786114097234","6.3445502994591e-05"
"('GB', 'Manufacture of fish products')","0.000118510386284891","6.48479110496132e-05","0.000108493198848598"
"('PT', 'Other land transport')","0.000118414601617819","8.39200928725025e-05","0.000114140387593168"
"('TR', 'Copper production')","0.000118106819057751","5.86486308882599e-05","0.000108883258385383"
"('BE', 'Processing of meat cattle')","0.000117972293474237","6.994174024786e-05","7.76981144896582e-05"
"('IT', 'Cattle farming')","0.000117640324810343","5.81184375063036e-05","0.000112547718671283"
"('MX', 'Processing of meat pigs')","0.000117530610942043","5.54556587065883e-05","0.000100996604995237"
"('TR', 'Cultivation of wheat')","0.000117502955983866","0.000102547487947963","8.14952312358079e-05"
"('SE', 'Sale, maintenance, repair of motor vehicles, motor vehicles parts, motorcycles, motor cycles parts and accessoiries')","0.000117322499294959","9.06625101754649e-05","8.52337872156569e-05"
"('WL', 'Pigs farming')","0.000117196180651168","0.000101713517415053","8.94200843390327e-05"
"('RO', 'Real estate activities (70)')","0.000117012932233406","4.20623844693957e-05","0.000116997964948992"
"('US', 'Private households with employed persons (95)')","0.000116843444446237","0.000116476348364626","0.000116843444446237"
"('AT', 'Processing of dairy products')","0.000116686560511397","5.24485397668422e-05","0.000108088372617043"
"('CA', 'Manufacture of cement, lime and plaster')","0.000116620868833911","8.85430419681129e-05","8.34467181177551e-05"
"('CA', 'Manufacture of electrical machinery and apparatus n.e.c. (31)')","0.000116595763892875","6.28597198749369e-05","0.000116568974532602"
"('IT', 'Landfill of waste: Inert/metal/hazardous')","0.000116380860145669","5.18661181513179e-05","0.000116379012635747"
"('NO', 'Plastics, basic')","0.000116178601828959","4.21234146564306e-05","0.000112191253840751"
"('GB', 'Activities of membership organisation n.e.c. (91)')","0.000116149015085719","4.67112607626295e-05","0.000116061868173302"
"('RU', 'Manufacture of wearing apparel; dressing and dyeing of fur (18)')","0.000116119115156644","1.26299871854918e-05","0.000116119115156546"
"('PL', 'Publishing, printing and reproduction of recorded media (22)')","0.00011543389070858","7.33228754027205e-05","0.000115430187281097"
"('ES', 'Tanning and dressing of leather; manufacture of luggage, handbags, saddlery, harness and footwear (19)')","0.00011542399966377","3.87745457236528e-05","0.000115181126790383"
"('BR', 'Tanning and dressing of leather; manufacture of luggage, handbags, saddlery, harness and footwear (19)')","0.000115282855678188","3.86866429111938e-05","0.000114974715278403"
"('CH', 'Publishing, printing and reproduction of recorded media (22)')","0.000114968366276681","6.49803404358945e-05","0.000114935476060918"
"('MX', 'Sale, maintenance, repair of motor vehicles, motor vehicles parts, motorcycles, motor cycles parts and accessoiries')","0.000114948805996124","1.74933921984538e-05","0.000114510296254846"
"('CA', 'Manufacture of fish products')","0.000114942743331639","4.47602644494983e-05","0.000110169042768171"
"('FI', 'Manufacture of basic iron and steel and of ferro-alloys and first products thereof')","0.000114815023508869","6.22442107021833e-05","0.000114473118877079"
"('ZA', 'Re-processing of secondary steel into new steel')","0.000114813319354032","5.54251874922377e-05","0.000113709139252122"
"('RU', 'Tanning and dressing of leather; manufacture of luggage, handbags, saddlery, harness and footwear (19)')","0.00011468339035307","6.15412482475192e-05","0.000114679788428052"
"('ZA', 'Manufacture of fabricated metal products, except machinery and equipment (28)')","0.000114390811782189","5.77541468201806e-05","0.000114390496248617"
"('LU', 'Other land transport')","0.000114367318369058","4.68007235628662e-05","0.000114159470612113"
"('HU', 'Plastics, basic')","0.000114226023938245","5.93363568920087e-05","0.000112667120938424"
"('JP', 'Poultry farming')","0.000113849810475891","5.78799685577831e-05","0.000113377787220697"
"('RO', 'Health and social work (85)')","0.000113811611391673","1.03616924174536e-05","0.000113811611391673"
"('BG', 'Computer and related activities (72)')","0.000113779838452545","5.57917631524423e-05","0.000113112072475518"
"('CH', 'Post and telecommunications (64)')","0.000113706595426574","9.44045407472364e-05","9.91505986549252e-05"
"('ES', 'Recycling of waste and scrap')","0.000113646992366641","0.000111691290289197","7.974154775331e-06"
"('KR', 'Processing of meat poultry')","0.000113559453785036","4.93865702192691e-05","9.0676923210501e-05"
"('SK', 'Other land transport')","0.000113410456166713","7.12395322215673e-05","0.000113227705870354"
"('CZ', 'Production of electricity by nuclear')","0.000113123433678155","0.000109284134514502","2.80992084054682e-05"
"('US', 'Tanning and dressing of leather; manufacture of luggage, handbags, saddlery, harness and footwear (19)')","0.000113068623064336","6.47001257325882e-05","0.000112415363646318"
"('FR', 'Incineration of waste: Wood')","0.00011305569173671","7.82807901522831e-05","6.19167299739036e-05"
"('AT', 'Post and telecommunications (64)')","0.000112935897574834","8.9140433730748e-05","0.000107349729145992"
"('WF', 'Aluminium production')","0.000112789886807827","7.92764490267937e-05","0.000103418425038626"
"('FR', 'Copper production')","0.000112685755448645","8.37630800995732e-05","9.84700630056612e-05"
"('IT', 'Production of electricity by coal')","0.0001124981865846","9.84482946610224e-05","3.98135354602521e-05"
"('GR', 'Sea and coastal water transport')","0.000112411233602756","8.85416590986242e-05","6.61880873474187e-05"
"('DE', 'Private households with employed persons (95)')","0.000112304104628692","0.00011226356775885","0.000112304104628692"
"('PL', 'Chemicals nec')","0.00011228914558098","5.59625276341576e-05","0.000110292880451561"
"('SE', 'Recreational, cultural and sporting activities (92)')","0.000112206356720123","7.59759577176437e-05","0.000111968634758884"
"('AT', 'Transport via railways')","0.000111998669267495","0.000103473222108081","8.22909470487515e-05"
"('FR', 'Landfill of waste: Paper')","0.000111737866675972","5.76692128162991e-05","0.000111634243707543"
"('MT', 'Computer and related activities (72)')","0.000111565525981529","4.8922051201813e-05","0.000111351701947886"
"('PL', 'Manufacture of fish products')","0.000111505789363499","6.09564322946644e-05","0.00010225620420157"
"('ID', 'Fishing, operating of fish hatcheries and fish farms; service activities incidental to fishing (05)')","0.000111473364166748","6.69229421365608e-05","0.000110376271585061"
"('CZ', 'Landfill of waste: Paper')","0.000111442864713992","4.66609469178167e-05","0.000108070218823557"
"('BR', 'Cultivation of vegetables, fruit, nuts')","0.000111422369517788","3.90349112289318e-05","0.000105126626894294"
"('RU', 'Precious metals production')","0.000111392710516769","0.000103569411765979","5.70010666468473e-05"
"('TR', 'Computer and related activities (72)')","0.000111376743432636","0.000101470250042614","0.000107314016370387"
"('WF', 'Manufacture of other non-metallic mineral products n.e.c.')","0.000111300311766596","7.96667012293751e-05","0.000103693281403558"
"('DE', 'Mining of iron ores')","0.00011112438327479","0.000110341868000107","2.16588314332734e-06"
"('EE', 'Supporting and auxiliary transport activities; activities of travel agencies (63)')","0.000110954915009214","6.38185443963409e-05","0.000110325776947384"
"('CZ', 'Landfill of waste: Textiles')","0.000110900387156361","0.000104239422632127","1.71298393248244e-05"
"('NO', 'Sale, maintenance, repair of motor vehicles, motor vehicles parts, motorcycles, motor cycles parts and accessoiries')","0.000110853365581727","6.35300769451827e-05","0.000101649487784747"
"('CA', 'Lead, zinc and tin production')","0.000110846651992939","8.29108025433778e-05","6.39517098395625e-05"
"('IE', 'Processing of Food products nec')","0.000110829400752892","7.28719745038782e-05","0.000109723158075296"
"('CA', 'Manufacture of radio, television and communication equipment and apparatus (32)')","0.000110704537714159","8.08805768790151e-05","0.000110645378058033"
"('BR', 'Recreational, cultural and sporting activities (92)')","0.000110592403907268","7.31985441604434e-05","0.000109709367202851"
"('US', 'Landfill of waste: Food')","0.000110481665354515","0.000104267899967439","4.96880251413233e-05"
"('LV', 'Wholesale trade and commission trade, except of motor vehicles and motorcycles (51)')","0.000110431290549034","5.57046241954789e-05","0.000109364404062096"
"('HU', 'Processing of Food products nec')","0.000110367597812024","3.9427876074577e-05","0.00011035611163608"
"('WF', 'Copper production')","0.000110156080505194","8.33761510438771e-05","8.63161394175727e-05"
"('GR', 'Real estate activities (70)')","0.000110094894328436","9.90294008208136e-05","0.00010790454017027"
"('HU', 'Computer and related activities (72)')","0.000110065018488577","5.77719939961935e-05","0.000110021945338842"
"('WE', 'Mining of coal and lignite; extraction of peat (10)')","0.000109418355890189","3.00353421654848e-05","0.000108290481872408"
"('DE', 'Cattle farming')","0.000109400618656046","6.24121662726837e-05","9.63534908623985e-05"
"('FI', 'Renting of machinery and equipment without operator and of personal and household goods (71)')","0.00010923969210462","8.86715378218036e-05","8.68310401666802e-05"
"('ES', 'Biogasification of sewage slugde, incl. land application')","0.000109221421672528","4.42498787463723e-05","0.000101919638132123"
"('AU', 'Manufacture of textiles (17)')","0.000109050318502907","3.45102787523031e-05","0.00010905021308712"
"('IN', 'Forestry, logging and related service activities (02)')","0.00010856283005154","9.95494648127222e-05","0.000106440891518007"
"('CZ', 'Incineration of waste: Paper')","0.000108517021833955","9.57453086076368e-05","3.96923190839901e-05"
"('CZ', 'Transport via pipelines')","0.000108423735683974","0.000104086974858021","1.85017007587982e-05"
"('ID', 'Manufacture of tobacco products (16)')","0.000108369092290456","3.2187164476219e-05","0.000106427368543153"
"('ES', 'Production of electricity by hydro')","0.000108030368308239","0.000106005607450152","2.07550973742008e-05"
"('AT', 'Air transport (62)')","0.000107904458922661","4.82526981254914e-05","0.000106092494256751"
"('WE', 'Transport via pipelines')","0.000107818649380893","9.04075304613683e-05","4.23741461113183e-05"
"('SE', 'Manufacture of basic iron and steel and of ferro-alloys and first products thereof')","0.000107724880883224","7.12252400838818e-05","0.000105844817888372"
"('WF', 'Manufacture of glass and glass products')","0.00010732752043092","7.42038982398385e-05","9.5831062552499e-05"
"('CZ', 'Quarrying of sand and clay')","0.000107194712500614","7.90279921846422e-05","5.62677687012742e-05"
"('SE', 'Transmission of electricity')","0.00010717946825262","0.000103272240537219","2.52384208122363e-05"
"('FI', 'Manufacture of rubber and plastic products (25)')","0.000107141443478564","6.38403984838968e-05","0.000103706355297805"
"('ZA', 'Manufacture of textiles (17)')","0.000107127470742909","7.01284774493736e-05","0.000107104531921553"
"('ID', 'Tanning and dressing of leather; manufacture of luggage, handbags, saddlery, harness and footwear (19)')","0.000107072919814222","7.52033989352546e-05","0.000104441666731032"
"('CH', 'Manufacture of cement, lime and plaster')","0.000107029477130872","5.42063721090856e-05","0.000106302610916781"
"('FI', 'Retail trade, except of motor vehicles and motorcycles; repair of personal and household goods (52)')","0.000107007921189635","5.09067794110148e-05","0.000105700435024172"
"('GB', 'Other non-ferrous metal production')","0.000106991096843348","6.62133076920663e-05","7.88125001723032e-05"
"('LT', 'Wholesale trade and commission trade, except of motor vehicles and motorcycles (51)')","0.000106896133324161","7.05991272637228e-05","0.00010580510959801"
"('ID', 'P- and other fertiliser')","0.000106880664123451","6.11794941284569e-05","9.64769055192907e-05"
"('WL', 'Sugar refining')","0.000106791492401173","9.91468480979916e-05","1.9197948986477e-05"
"('GR', 'Financial intermediation, except insurance and pension funding (65)')","0.000106778771669638","8.09151623726428e-05","0.000105966744811828"
"('TW', 'Poultry farming')","0.000106390274788092","2.73225120793988e-05","0.000106376320076508"
"('WM', 'Cultivation of paddy rice')","0.000106377055330285","8.64771696198108e-05","7.68860489958394e-05"
"('ID', 'Manufacture of radio, television and communication equipment and apparatus (32)')","0.000106296278056498","5.97542240677675e-05","0.000106255857439569"
"('AT', 'Other non-ferrous metal production')","0.000106269615845013","7.95846087710064e-05","7.0380714384849e-05"
"('WL', 'Processing vegetable oils and fats')","0.000106190997438112","8.4350058710472e-05","5.18767402288442e-05"
"('WM', 'Cultivation of sugar cane, sugar beet')","0.000105977059074837","9.66672893766974e-05","4.02445087732155e-05"
"('IN', 'Private households with employed persons (95)')","0.000105966965925168","0.000102959962962113","0.000105966965925168"
"('BE', 'Distribution and trade of electricity')","0.000105767327819023","7.9509665429241e-05","7.14749416965685e-05"
"('WE', 'Transport via railways')","0.000105528175839079","8.75946264459934e-05","7.26277569855886e-05"
"('CH', 'Production of electricity by hydro')","0.000105525084102886","9.95492591568853e-05","2.10648078637531e-05"
"('SK', 'Transport via railways')","0.000105475718584814","8.03421571476418e-05","8.27409094437303e-05"
"('IN', 'Lead, zinc and tin production')","0.000105288137024681","7.34256633736236e-05","6.27452919293759e-05"
"('HU', 'Air transport (62)')","0.000105237842042224","5.44469385511688e-05","0.000102695931925663"
"('WL', 'Manufacture of ceramic goods')","0.000105179914690474","6.5339341235295e-05","9.0208670096431e-05"
"('BR', 'Cultivation of paddy rice')","0.000105176228033289","9.60182933876981e-05","5.32737202005545e-05"
"('SK', 'Other business activities (74)')","0.000104888331195359","7.31173004651843e-05","0.000104887854079412"
"('PL', 'Aluminium production')","0.000104749504262014","5.0024974394657e-05","0.000102197647737441"
"('DK', 'Manufacture of motor vehicles, trailers and semi-trailers (34)')","0.000104747238325159","2.65823087791835e-05","0.000104747234902363"
"('ZA', 'Manufacture of rubber and plastic products (25)')","0.000104735189424477","6.62604975097023e-05","0.000104323846925016"
"('AU', 'Manufacture of basic iron and steel and of ferro-alloys and first products thereof')","0.000104717357556954","5.88732734187556e-05","0.000104272559057824"
"('WM', 'Cultivation of oil seeds')","0.000104660954400475","9.70453052894442e-05","6.76003055169537e-05"
"('TW', 'Casting of metals')","0.000104286423417049","2.73478115620836e-05","0.000101874899921597"
"('ES', 'Casting of metals')","0.000104253523412264","5.65377987621158e-05","0.000101996107149476"
"('RU', 'Activities of membership organisation n.e.c. (91)')","0.00010387503019005","3.53906371110779e-05","0.00010387503019005"
"('HU', 'Financial intermediation, except insurance and pension funding (65)')","0.00010383009000527","6.03632817756839e-05","0.000103600620657373"
"('ID', 'Manufacture of glass and glass products')","0.000103802331406207","7.95316501059052e-05","9.84476238342531e-05"
"('WM', 'Animal products nec')","0.000103755943467301","9.87596916019316e-05","1.72914459344973e-05"
"('CZ', 'Manufacture of textiles (17)')","0.000103731739661145","4.45663644904783e-05","0.000103730748631955"
"('RU', 'Processing vegetable oils and fats')","0.000103695454386076","6.80906957128606e-05","6.578663695478e-05"
"('TW', 'Cultivation of vegetables, fruit, nuts')","0.000103650705851369","7.9137662083318e-05","9.15301692784984e-05"
"('CN', 'Mining of nickel ores and concentrates')","0.000103599040184554","0.000103090578352992","1.20444487465839e-06"
"('ID', 'Copper production')","0.000103546701309165","8.64995064438183e-05","8.29787428221574e-05"
"('CZ', 'Manufacture of basic iron and steel and of ferro-alloys and first products thereof')","0.00010346955693954","5.20344286262644e-05","0.000102814345789243"
"('IN', 'Production of electricity by petroleum and other oil derivatives')","0.000103400500121942","0.000102008372184798","3.53244613158138e-06"
"('JP', 'Transmission of electricity')","0.00010301565749382","9.71599256744943e-05","2.66016191049216e-05"
"('CZ', 'Sale, maintenance, repair of motor vehicles, motor vehicles parts, motorcycles, motor cycles parts and accessoiries')","0.000102968551703467","7.30809930789526e-05","9.41602598004998e-05"
"('RO', 'Hotels and restaurants (55)')","0.000102795667068482","7.76605356848497e-05","0.000101775236630769"
"('RO', 'Financial intermediation, except insurance and pension funding (65)')","0.000102793909438013","6.76449405435288e-05","0.000102656502120517"
"('JP', 'Processing of meat poultry')","0.000102734473864005","4.92653468524932e-05","9.07358209738162e-05"
"('GB', 'Raw milk')","0.000102405664736893","8.79829641491603e-05","8.99045677613856e-05"
"('KR', 'Private households with employed persons (95)')","0.000102384097356331","0.000101429361304272","0.000102384097356331"
"('WE', 'Manufacture of tobacco products (16)')","0.000102308105107798","9.80668271637515e-05","7.3280731872849e-06"
"('FI', 'Manufacture of motor vehicles, trailers and semi-trailers (34)')","0.000101854239070733","3.26981365120064e-05","0.000101853147673347"
"('MX', 'Pigs farming')","0.000101670128375279","8.06397369000646e-05","7.66152456224884e-05"
"('BE', 'Manufacture of other transport equipment (35)')","0.000101598110349414","6.48472693575322e-05","8.03252796421327e-05"
"('PL', 'Air transport (62)')","0.000101577532269389","5.55860620633306e-05","9.80628936748273e-05"
"('BR', 'Processed rice')","0.000101384368204999","1.03819373268313e-05","9.75313298510947e-05"
"('DK', 'Processing of dairy products')","0.000101350588772738","3.48568427028335e-05","9.74552941825088e-05"
"('GB', 'Copper production')","0.000101320453727169","6.46440562015676e-05","9.1248963400192e-05"
"('WE', 'Financial intermediation, except insurance and pension funding (65)')","0.000101288224628085","7.55736000844825e-05","0.000100552975604192"
"('HU', 'Retail trade, except of motor vehicles and motorcycles; repair of personal and household goods (52)')","0.000101271690272094","3.51378120396299e-05","0.00010109388402571"
"('MT', 'Construction (45)')","0.000101075481024001","4.97987333277891e-05","7.39622756443653e-05"
"('CZ', 'Incineration of waste: Food')","0.000100868390892067","8.86353205171332e-05","3.46562259027367e-05"
"('WL', 'Manufacture of tobacco products (16)')","0.000100732451075741","5.56642552303005e-05","6.56874619722728e-05"
"('ZA', 'Supporting and auxiliary transport activities; activities of travel agencies (63)')","0.000100730933268837","6.06966496316094e-05","0.00010019934317883"
"('WL', 'Private households with employed persons (95)')","0.000100709971507941","8.4039599848025e-05","0.000100709971507941"
"('ZA', 'Computer and related activities (72)')","0.000100701711929581","1.1676194389318e-05","0.000100701686779867"
"('WM', 'Processed rice')","0.000100567817095995","2.86365655956668e-05","8.84479927546783e-05"
"('BG', 'Supporting and auxiliary transport activities; activities of travel agencies (63)')","0.000100367616036502","5.89040007759329e-05","9.89568638266228e-05"
"('SE', 'Plastics, basic')","0.000100348680389037","6.13032674043267e-05","9.63773305574386e-05"
"('HU', 'Chemicals nec')","0.000100257052520302","4.29686602189749e-05","0.000100035017322883"
"('NL', 'Biogasification of food waste, incl. land application')","0.00010022909904214","9.82291828629729e-05","7.74314856159181e-06"
"('FI', 'Plastics, basic')","0.000100145443734799","4.41719137652859e-05","9.90884266439764e-05"
"('CH', 'Transport via railways')","0.000100087099123135","8.38466152058251e-05","6.53887046273655e-05"
"('FI', 'Processing of Food products nec')","0.000100082589387455","3.61769501058996e-05","0.000100067819281122"
"('BR', 'Manufacture of other transport equipment (35)')","0.000100072329197929","6.26705392337991e-05","8.33118068114629e-05"
"('AT', 'Chemicals nec')","9.98069709564746e-05","5.1142913093505e-05","9.95692030535366e-05"
"('CH', 'Manufacture of motor vehicles, trailers and semi-trailers (34)')","9.97349447391039e-05","3.40190594057092e-05","9.97349369184897e-05"
"('JP', 'Pigs farming')","9.96383513517895e-05","6.72238285566808e-05","9.84954133674322e-05"
"('MX', 'Manufacture of basic iron and steel and of ferro-alloys and first products thereof')","9.95735255504003e-05","5.65205761243792e-05","9.81619781200566e-05"
"('AU', 'Manufacture of wearing apparel; dressing and dyeing of fur (18)')","9.94991819024055e-05","4.97707318239024e-05","9.88612223355471e-05"
"('ID', 'Computer and related activities (72)')","9.93670154031844e-05","3.30395716801954e-05","9.92586005598351e-05"
"('GB', 'Manufacture of wearing apparel; dressing and dyeing of fur (18)')","9.91268493722614e-05","2.6677955247189e-05","9.90308853370414e-05"
"('ES', 'Raw milk')","9.91215815460091e-05","6.9892496016817e-05","9.41579891408807e-05"
"('ES', 'Sea and coastal water transport')","9.91209439126155e-05","6.84637219503823e-05","7.99563371891566e-05"
"('PT', 'Health and social work (85)')","9.90576957393122e-05","1.59491009482727e-05","9.90576957393121e-05"
"('BR', 'Pulp')","9.90143207997245e-05","7.09238023717916e-05","6.65993148759256e-05"
"('AU', 'Private households with employed persons (95)')","9.88491124368571e-05","8.66155784401542e-05","9.88491124368571e-05"
"('AU', 'Fishing, operating of fish hatcheries and fish farms; service activities incidental to fishing (05)')","9.87820487676451e-05","6.11752858117823e-05","9.70705630184617e-05"
"('TR', 'Manufacture of ceramic goods')","9.86201073726735e-05","3.06531405110226e-05","9.58681924892257e-05"
"('PT', 'Manufacture of machinery and equipment n.e.c. (29)')","9.83626020792033e-05","4.2042404468403e-05","9.83605694329221e-05"
"('DK', 'Research and development (73)')","9.82948072091909e-05","5.76379056105742e-05","9.55991887575707e-05"
"('GB', 'Manufacture of glass and glass products')","9.82525884189248e-05","7.8172449168959e-05","7.58285284738483e-05"
"('WF', 'Manufacture of ceramic goods')","9.81797544287402e-05","7.03814706897094e-05","8.15480157106064e-05"
"('SI', 'Construction (45)')","9.80178901177031e-05","6.04348686914532e-05","9.80148834049997e-05"
"('DK', 'Retail trade, except of motor vehicles and motorcycles; repair of personal and household goods (52)')","9.78624208945072e-05","5.45202192461146e-05","9.6851597412621e-05"
"('IT', 'Manufacture of fish products')","9.78210342221646e-05","5.91232402568178e-05","8.86883339960213e-05"
"('AU', 'Manufacture of fish products')","9.74947901885356e-05","5.79809912405764e-05","5.61331336468302e-05"
"('WE', 'Processing of meat pigs')","9.7422337399397e-05","1.83668366931948e-05","9.55010750828577e-05"
"('AU', 'Manufacture of other transport equipment (35)')","9.72694254629749e-05","8.35313137050036e-05","5.62989003832209e-05"
"('MX', 'Research and development (73)')","9.72223199866902e-05","1.43429820231074e-05","9.71498846328125e-05"
"('RU', 'Fishing, operating of fish hatcheries and fish farms; service activities incidental to fishing (05)')","9.7011334604334e-05","5.25140801841239e-05","8.81379912511083e-05"
"('FR', 'Processing of meat poultry')","9.70007916822053e-05","3.14648426875993e-05","8.80978651270954e-05"
"('BE', 'Manufacture of office machinery and computers (30)')","9.67462443270316e-05","2.46580566348181e-05","9.67454606594519e-05"
"('FR', 'Other service activities (93)')","9.67377509986474e-05","3.44067109482949e-05","9.57827696848562e-05"
"('FI', 'Health and social work (85)')","9.66337128602837e-05","1.99842779177075e-05","9.66337110153144e-05"
"('WE', 'Paper')","9.64177372062411e-05","4.18323401099519e-05","9.61525959512192e-05"
"('MT', 'Post and telecommunications (64)')","9.64057910559214e-05","5.07080009067881e-05","9.51293470846514e-05"
"('CA', 'Activities of membership organisation n.e.c. (91)')","9.60103339189339e-05","8.2092286201283e-05","9.60103339189339e-05"
"('PT', 'Manufacture of wearing apparel; dressing and dyeing of fur (18)')","9.58822386612467e-05","3.8464314529314e-05","9.58391651718533e-05"
"('BR', 'Cultivation of sugar cane, sugar beet')","9.58497290191974e-05","8.0397616205146e-05","4.79415244738196e-05"
"('WF', 'Processing of dairy products')","9.58218288711691e-05","7.44910058312909e-05","7.23275925163241e-05"
"('PL', 'Incineration of waste: Plastic')","9.57145229386077e-05","9.34489946645304e-05","1.51658397631147e-05"
"('HU', 'Public administration and defence; compulsory social security (75)')","9.55030375981778e-05","3.51808749625506e-05","9.50102323681598e-05"
"('WE', 'Sea and coastal water transport')","9.53558500767651e-05","7.93119772642244e-05","7.80225096150735e-05"
"('RO', 'Cultivation of cereal grains nec')","9.53423056322262e-05","6.78085972209645e-05","8.61419869809899e-05"
"('ZA', 'Publishing, printing and reproduction of recorded media (22)')","9.50152103525567e-05","5.43771628632098e-05","9.50150554851448e-05"
"('PL', 'Processing of meat pigs')","9.49792435727314e-05","2.46943990143182e-05","9.2323180686052e-05"
"('AT', 'Health and social work (85)')","9.48636233487708e-05","1.03430974811508e-05","9.48636233487489e-05"
"('PT', 'Distribution and trade of electricity')","9.4845605567955e-05","7.75879921905797e-05","5.77996682310188e-05"
"('CZ', 'Aluminium production')","9.47811023402075e-05","4.7931312958552e-05","9.23680737550188e-05"
"('WF', 'Manufacture of beverages')","9.47112997669277e-05","7.23564930694687e-05","7.48272084361115e-05"
"('BE', 'Pulp')","9.45868568708576e-05","2.69915950477155e-05","9.00639003857759e-05"
"('FR', 'Pigs farming')","9.408673889812e-05","4.73512538801073e-05","9.08183919098359e-05"
"('FI', 'Pulp')","9.37539969150119e-05","5.76938811444701e-05","7.20644107922119e-05"
"('SE', 'Forestry, logging and related service activities (02)')","9.36822459112277e-05","7.71683092925794e-05","8.3176622349326e-05"
"('TW', 'Production of electricity by gas')","9.36625123876003e-05","9.08393938911835e-05","2.19636219334304e-05"
"('RO', 'Public administration and defence; compulsory social security (75)')","9.3313215091628e-05","2.68223987272391e-05","9.27650103013836e-05"
"('SE', 'Manufacture of cement, lime and plaster')","9.32163250793387e-05","6.23937364493438e-05","8.87456275763979e-05"
"('LT', 'Other land transport')","9.29224803072063e-05","5.49513937709476e-05","9.20757583775122e-05"
"('BR', 'Manufacture of cement, lime and plaster')","9.24411565675273e-05","5.22775673277862e-05","9.03097429433708e-05"
"('CZ', 'Manufacture of wood and of products of wood and cork, except furniture; manufacture of articles of straw and plaiting materials (20)')","9.23808775286843e-05","4.1962274848588e-05","9.22950624777013e-05"
"('DE', 'Cultivation of cereal grains nec')","9.22842469455694e-05","7.16934851912583e-05","7.40580525120929e-05"
"('SI', 'Wholesale trade and commission trade, except of motor vehicles and motorcycles (51)')","9.22305531827176e-05","5.09009713370797e-05","9.22263454933924e-05"
"('TR', 'Production of electricity by coal')","9.22066252130623e-05","7.37009274733274e-05","4.41245482542899e-05"
"('KR', 'Pigs farming')","9.22004899911088e-05","5.7972330573096e-05","8.04851755328292e-05"
"('WE', 'Manufacture of cement, lime and plaster')","9.21264464509987e-05","5.3046270188883e-05","9.0991323538961e-05"
"('NO', 'Aluminium production')","9.20814807509833e-05","5.64487436890987e-05","8.75850252844163e-05"
"('BE', 'Processing of meat pigs')","9.19823503841232e-05","2.86581086813609e-05","9.00021027831927e-05"
"('NL', 'Recreational, cultural and sporting activities (92)')","9.19220846663129e-05","4.62556188520152e-05","9.17038529070075e-05"
"('WE', 'Production of electricity by gas')","9.18181952903137e-05","7.46284922312558e-05","3.15219695525334e-05"
"('ID', 'Production of electricity by gas')","9.17969744154331e-05","6.62220611333301e-05","4.50367698733091e-05"
"('AU', 'Production of meat products nec')","9.17519004721647e-05","7.81083856693409e-05","5.20995245501317e-05"
"('CZ', 'Transport via railways')","9.16414768371183e-05","8.08581610283782e-05","7.12597705094646e-05"
"('GR', 'Construction (45)')","9.16013774933882e-05","3.31618436207874e-05","9.13098500745044e-05"
"('PL', 'Education (80)')","9.15600309910481e-05","3.31728413632814e-05","9.13826957587409e-05"
"('TR', 'Production of electricity by gas')","9.15332179570488e-05","7.63200133212736e-05","3.17172215684969e-05"
"('HU', 'Transport via railways')","9.12781388576235e-05","7.23424660525266e-05","7.09793644027528e-05"
"('PL', 'Insurance and pension funding, except compulsory social security (66)')","9.12515374075521e-05","4.26732551887093e-05","8.95798380998954e-05"
"('NL', 'Manufacture of wood and of products of wood and cork, except furniture; manufacture of articles of straw and plaiting materials (20)')","9.11849202014169e-05","4.25249440966862e-05","9.00101594201735e-05"
"('NL', 'Processing of nuclear fuel')","9.11346317007824e-05","7.97380673053647e-05","1.63164724384006e-05"
"('SE', 'Processing of dairy products')","9.10457994441262e-05","3.48530245428492e-05","9.02319442585993e-05"
"('WE', 'Steam and hot water supply')","9.09053669992361e-05","8.06524923062614e-05","2.8115822485412e-05"
"('PT', 'Renting of machinery and equipment without operator and of personal and household goods (71)')","9.0888874129067e-05","7.65491269906724e-05","7.80818241155708e-05"
"('GB', 'Re-processing of secondary steel into new steel')","9.08755732906032e-05","4.18456404668189e-05","8.72341246279844e-05"
"('WF', 'Manufacture of medical, precision and optical instruments, watches and clocks (33)')","9.07906878446544e-05","6.70799088666038e-05","6.46504034514278e-05"
"('PL', 'Supporting and auxiliary transport activities; activities of travel agencies (63)')","9.07394653580741e-05","8.37881657627039e-05","8.2367704090416e-05"
"('RU', 'Manufacture of gas; distribution of gaseous fuels through mains')","9.01203261863424e-05","6.39063873580993e-05","5.9808635078859e-05"
"('CH', 'Production of electricity by nuclear')","9.00341620247946e-05","8.52438884871615e-05","1.43522827760021e-05"
"('FR', 'Forestry, logging and related service activities (02)')","9.00273490521634e-05","7.38168355749044e-05","8.12826144801037e-05"
"('RO', 'Retail trade, except of motor vehicles and motorcycles; repair of personal and household goods (52)')","8.99882952542244e-05","1.82913807051627e-05","8.99864076890374e-05"
"('TR', 'Transport via pipelines')","8.95274648205646e-05","8.24559002506938e-05","3.54012953615467e-05"
"('CH', 'Paper')","8.95254001038682e-05","4.64692713038942e-05","8.90488683657258e-05"
"('RU', 'Cultivation of oil seeds')","8.94415558843837e-05","6.72679971591862e-05","7.19378491543294e-05"
"('RU', 'Manufacture of ceramic goods')","8.91469975390017e-05","6.68938627905479e-05","5.98442540125851e-05"
"('MX', 'Raw milk')","8.90465595352951e-05","6.11281025469192e-05","7.80551886471561e-05"
"('WA', 'Extraction, liquefaction, and regasification of other petroleum and gaseous materials')","8.8817778320649e-05","8.64081479972308e-05","9.37434982790713e-06"
"('SE', 'Pulp')","8.87681943882822e-05","5.38592773109545e-05","7.32809398007174e-05"
"('BE', 'Activities of membership organisation n.e.c. (91)')","8.87099833847986e-05","4.69757395349388e-05","8.87099833847986e-05"
"('GR', 'Public administration and defence; compulsory social security (75)')","8.850394748607e-05","2.49345957563591e-05","8.56219224141306e-05"
"('MX', 'Sea and coastal water transport')","8.84643181192814e-05","7.81271500363812e-05","7.08451781121104e-05"
"('GR', 'Hotels and restaurants (55)')","8.84603844328644e-05","4.33066761268494e-05","8.77016757685843e-05"
"('BR', 'Production of electricity by petroleum and other oil derivatives')","8.84335188485391e-05","8.42132783587885e-05","8.49690928122116e-06"
"('ES', 'Incineration of waste: Textiles')","8.83199851823357e-05","8.17781792664996e-05","1.24198315621597e-05"
"('PT', 'Manufacture of beverages')","8.82136258546935e-05","3.6379382510632e-05","8.74603007236563e-05"
"('BR', 'Manufacture of ceramic goods')","8.81527513434659e-05","5.82090285461533e-05","8.5895819525109e-05"
"('WF', 'Cultivation of paddy rice')","8.81181463161201e-05","7.65899818036768e-05","6.25785470262277e-05"
"('LU', 'Insurance and pension funding, except compulsory social security (66)')","8.79602416694306e-05","3.60940356991827e-05","8.65745503575787e-05"
"('WL', 'Activities of membership organisation n.e.c. (91)')","8.79497183757338e-05","7.32859232590162e-05","8.79497183757338e-05"
"('FI', 'Chemicals nec')","8.774642305223e-05","6.25908524468267e-05","8.68264162335084e-05"
"('WE', 'Raw milk')","8.77273646193716e-05","6.50577499186323e-05","8.15938395764404e-05"
"('WM', 'Activities of membership organisation n.e.c. (91)')","8.7594355040264e-05","4.34517028111042e-05","8.75905111506291e-05"
"('NL', 'Incineration of waste: Metals and Inert materials')","8.75082576642381e-05","6.8786570469378e-05","4.16410941246473e-05"
"('PL', 'Processing of meat poultry')","8.7440603162978e-05","2.77460966697783e-05","8.47560394079773e-05"
"('WE', 'Manufacture of beverages')","8.73869553197475e-05","3.55141474424786e-05","8.5920786139001e-05"
"('ID', 'Manufacture of ceramic goods')","8.73413831914408e-05","5.95594841608686e-05","8.70079416085979e-05"
"('WF', 'Tanning and dressing of leather; manufacture of luggage, handbags, saddlery, harness and footwear (19)')","8.73233820013728e-05","2.81464578746831e-05","8.71133983985081e-05"
"('PL', 'Raw milk')","8.72980446884061e-05","4.41514716532537e-05","8.65749144125203e-05"
"('KR', 'Processing of meat cattle')","8.71899010431393e-05","5.38314091697266e-06","8.71832212241868e-05"
"('MX', 'Distribution and trade of electricity')","8.71137977559328e-05","8.31419131003733e-05","4.48845507153818e-05"
"('PL', 'Manufacture of glass and glass products')","8.70443183489882e-05","6.58471814455959e-05","7.58080303781806e-05"
"('AU', 'Cultivation of sugar cane, sugar beet')","8.69454908122125e-05","8.47024090992537e-05","2.24705073962367e-05"
"('BG', 'Transport via railways')","8.68963893536882e-05","5.82528859237446e-05","5.40927829662919e-05"
"('MX', 'Aluminium production')","8.68842541562952e-05","4.47495792303469e-05","8.35359252452431e-05"
"('PL', 'Transport via pipelines')","8.65589244734322e-05","8.33055464589578e-05","2.9552648270439e-05"
"('IE', 'Health and social work (85)')","8.64967096006258e-05","2.85557560013032e-05","8.64943704054462e-05"
"('NL', 'Transport via pipelines')","8.64689532314146e-05","8.0321990703461e-05","1.94233312161817e-05"
"('TR', 'Processing of meat poultry')","8.64198049031496e-05","1.35949264599087e-05","8.50992996666799e-05"
"('CZ', 'Processing of dairy products')","8.6082647106384e-05","2.09932313186155e-05","8.58923245495302e-05"
"('US', 'Processed rice')","8.58080705313453e-05","6.82982709774904e-05","2.95971976528317e-05"
"('NO', 'Manufacture of other transport equipment (35)')","8.56879057432756e-05","6.20718058326969e-05","6.79318668215949e-05"
"('WF', 'Inland water transport')","8.56131473105615e-05","7.88033075518959e-05","1.67901632565127e-05"
"('IN', 'Manufacture of bricks, tiles and construction products, in baked clay')","8.52897364474508e-05","6.85078743009919e-05","4.91994266042452e-05"
"('FI', 'Quarrying of sand and clay')","8.50741185725124e-05","7.94633674241552e-05","1.95579487547295e-05"
"('WE', 'Cultivation of vegetables, fruit, nuts')","8.503472124108e-05","5.25891710508043e-05","8.25399966174526e-05"
"('MX', 'Production of electricity by Geothermal')","8.49281607199784e-05","8.48997835663306e-05","8.27272176179697e-07"
"('IT', 'Lead, zinc and tin production')","8.47160384472786e-05","6.67746190868531e-05","4.61154851392581e-05"
"('NL', 'Lead, zinc and tin production')","8.45320130023784e-05","6.56668121898108e-05","4.23651250389741e-05"
"('BE', 'Manufacture of bricks, tiles and construction products, in baked clay')","8.4508330205714e-05","7.47356727213881e-05","2.20703015082016e-05"
"('WF', 'Private households with employed persons (95)')","8.44749841379128e-05","4.72935122601944e-05","8.44749841379128e-05"
"('NL', 'Distribution and trade of electricity')","8.43723539192977e-05","8.158656784383e-05","3.05976749053528e-05"
"('GR', 'Other business activities (74)')","8.43707636941658e-05","5.77043029856661e-05","8.43707632383215e-05"
"('TW', 'Manufacture of fish products')","8.41915217786082e-05","8.40652359975448e-06","8.41749926463779e-05"
"('TW', 'Processing of meat poultry')","8.40981293981143e-05","1.85099499409738e-05","8.38527262988199e-05"
"('BE', 'Pigs farming')","8.40973750171361e-05","5.42949228765994e-05","6.27364380431316e-05"
"('CZ', 'Air transport (62)')","8.40448270519789e-05","2.91563273122821e-05","8.08284469667046e-05"
"('NO', 'Incineration of waste: Plastic')","8.4039294529996e-05","7.98721501715875e-05","1.2091745873818e-05"
"('NO', 'Transport via pipelines')","8.3928300764163e-05","7.29246976598723e-05","3.97431329265648e-05"
"('MX', 'P- and other fertiliser')","8.38898524977209e-05","2.38056787248904e-05","8.08159029427274e-05"
"('IT', 'Steam and hot water supply')","8.36313845842747e-05","7.7881003323823e-05","1.57630496821814e-05"
"('HR', 'Financial intermediation, except insurance and pension funding (65)')","8.35643052673656e-05","6.72553666978234e-05","8.35525061973871e-05"
"('DK', 'Sale, maintenance, repair of motor vehicles, motor vehicles parts, motorcycles, motor cycles parts and accessoiries')","8.35339739096573e-05","3.51051251595941e-05","8.21791953407304e-05"
"('TW', 'Transport via pipelines')","8.34227103689318e-05","6.77020052374667e-05","4.24346178655542e-05"
"('DK', 'Manufacture of wood and of products of wood and cork, except furniture; manufacture of articles of straw and plaiting materials (20)')","8.33886160538189e-05","4.04940428746584e-05","8.25696361283758e-05"
"('GR', 'Retail trade, except of motor vehicles and motorcycles; repair of personal and household goods (52)')","8.33685852602901e-05","4.93810020900348e-05","8.277778553305e-05"
"('IE', 'Cattle farming')","8.33194397687738e-05","3.92625317486101e-05","7.88783748866114e-05"
"('CZ', 'Insurance and pension funding, except compulsory social security (66)')","8.33158816332574e-05","3.81005724590154e-05","8.11585199708389e-05"
"('BE', 'Transmission of electricity')","8.32736643505872e-05","7.96191401033341e-05","2.14369470653788e-05"
"('CA', 'Manufacture of medical, precision and optical instruments, watches and clocks (33)')","8.31809669885329e-05","6.28791817959935e-05","6.37412324973702e-05"
"('IT', 'Cultivation of wheat')","8.31390425828722e-05","5.72879383632841e-05","5.88376161469775e-05"
"('WM', 'Cultivation of plant-based fibers')","8.31065869747758e-05","7.23261431092236e-05","4.73743769521009e-05"
"('DK', 'Manufacture of basic iron and steel and of ferro-alloys and first products thereof')","8.29773730420515e-05","3.52990589451717e-05","8.2819363797067e-05"
"('IE', 'Manufacture of cement, lime and plaster')","8.27013655196981e-05","7.72073174033436e-05","7.75401616560023e-05"
"('RO', 'Extraction of natural gas and services related to natural gas extraction, excluding surveying')","8.26926603162942e-05","4.61638399433403e-05","8.22196737259658e-05"
"('NO', 'Research and development (73)')","8.24821532871256e-05","1.54042623645309e-05","8.24089355288355e-05"
"('SE', 'Processing of nuclear fuel')","8.23956557862242e-05","7.70815472992342e-05","1.15961392033761e-05"
"('NO', 'Manufacture of fabricated metal products, except machinery and equipment (28)')","8.23819098689879e-05","5.29565158481344e-05","8.2379068678717e-05"
"('FR', 'Cultivation of oil seeds')","8.23037600583513e-05","5.87141470671411e-05","7.38633425387797e-05"
"('JP', 'Forestry, logging and related service activities (02)')","8.22684745171992e-05","4.16199754171512e-05","8.11912188779009e-05"
"('AU', 'Cultivation of cereal grains nec')","8.21262295623758e-05","6.68845787148641e-05","6.27193199013973e-05"
"('PT', 'Real estate activities (70)')","8.19167568672445e-05","5.9365647977594e-05","8.07219228475613e-05"
"('IE', 'Education (80)')","8.17130418131728e-05","4.61917634487552e-05","8.09463866804415e-05"
"('KR', 'Casting of metals')","8.16538938292154e-05","4.91110606509583e-05","7.30706436630483e-05"
"('GB', 'Cattle farming')","8.15468714008668e-05","3.07356517912133e-05","7.9014313590312e-05"
"('NL', 'Sugar refining')","8.12985150199522e-05","7.62383099908492e-05","9.3195532007284e-06"
"('TR', 'Manufacture of cement, lime and plaster')","8.1290556583746e-05","6.06859112229295e-05","7.47113150162972e-05"
"('IE', 'Public administration and defence; compulsory social security (75)')","8.128629144312e-05","3.02146844387855e-05","7.69544526403561e-05"
"('AU', 'Retail sale of automotive fuel')","8.12491909134934e-05","7.93635671449204e-05","1.34935539632801e-05"
"('IT', 'Poultry farming')","8.11997692845534e-05","4.65019689370099e-05","7.75607762740214e-05"
"('FR', 'Production of meat products nec')","8.09696627918167e-05","4.30345786195145e-05","6.93737564618372e-05"
"('DE', 'Processing of nuclear fuel')","8.09482819139631e-05","2.30255611918465e-05","6.31896535202462e-05"
"('PL', 'Distribution and trade of electricity')","8.06682813098569e-05","7.73295788863436e-05","5.42071616318472e-05"
"('DE', 'Precious metals production')","8.06064256013458e-05","4.36545551705949e-05","6.31735206477143e-05"
"('HR', 'Retail trade, except of motor vehicles and motorcycles; repair of personal and household goods (52)')","8.05064906754915e-05","4.75563136477096e-05","8.03615202091105e-05"
"('NO', 'Activities auxiliary to financial intermediation (67)')","8.02212785040711e-05","5.13681609621113e-05","7.70112375496133e-05"
"('WE', 'Aluminium production')","7.98597695857747e-05","4.41739754970396e-05","7.72813727010617e-05"
"('BR', 'Manufacture of glass and glass products')","7.98428155069998e-05","6.10653459362341e-05","7.21627839122722e-05"
"('WE', 'P- and other fertiliser')","7.97897109752043e-05","4.50164507168957e-05","7.45902569651027e-05"
"('FR', 'Activities of membership organisation n.e.c. (91)')","7.9669556943997e-05","3.63041580666105e-05","7.9669556943997e-05"
"('NL', 'Incineration of waste: Textiles')","7.95919956653472e-05","7.35738255385102e-05","1.55190977754645e-05"
"('IT', 'Processing of meat poultry')","7.94055806166115e-05","5.42628809145591e-05","5.65755029882419e-05"
"('PT', 'Air transport (62)')","7.9396780149894e-05","2.86349979355083e-05","7.75975919617427e-05"
"('BR', 'Manufacture of radio, television and communication equipment and apparatus (32)')","7.93262049442258e-05","4.768972479602e-05","7.92833600896893e-05"
"('ID', 'Transport via pipelines')","7.93208708884716e-05","7.3830154652847e-05","4.15161427453383e-05"
"('WE', 'Cattle farming')","7.92708092945321e-05","4.77425242546713e-05","7.49494684157154e-05"
"('MX', 'Education (80)')","7.90413191864293e-05","1.32454539475787e-05","7.90025305946135e-05"
"('WL', 'Lead, zinc and tin production')","7.90085246959247e-05","6.31524545266923e-05","4.32350287976435e-05"
"('DK', 'Pigs farming')","7.87369220830466e-05","4.20256373159754e-05","7.78065593873558e-05"
"('NL', 'Manufacture of beverages')","7.86897872247057e-05","4.08013340386777e-05","6.512819780081e-05"
"('IT', 'Cultivation of cereal grains nec')","7.86057914412789e-05","5.93642032407712e-05","6.62798488478684e-05"
"('ES', 'Activities of membership organisation n.e.c. (91)')","7.85579620775581e-05","3.65722900889164e-05","7.85579620775581e-05"
"('ID', 'Private households with employed persons (95)')","7.82987986408414e-05","3.10254903594287e-05","7.82987986408414e-05"
"('AU', 'Animal products nec')","7.82662468268242e-05","6.84399848247803e-05","1.63640977791367e-05"
"('WM', 'Manufacture of tobacco products (16)')","7.8171620220489e-05","4.50650747468713e-05","5.19730163990547e-05"
"('MX', 'Activities auxiliary to financial intermediation (67)')","7.78807014689838e-05","6.56837287513883e-05","6.63592519064541e-05"
"('RU', 'N-fertiliser')","7.78484838510057e-05","7.71923892591472e-05","8.62283115160745e-06"
"('RO', 'Manufacture of beverages')","7.77140896857468e-05","2.4794988391849e-05","7.7322454149595e-05"
"('AT', 'Manufacture of textiles (17)')","7.75661040463396e-05","3.67987481633516e-05","7.75530752491888e-05"
"('GB', 'Private households with employed persons (95)')","7.73765167785969e-05","7.72550475391696e-05","7.73765167785969e-05"
"('ZA', 'Manufacture of wearing apparel; dressing and dyeing of fur (18)')","7.73588029185018e-05","7.19650076178075e-06","7.735270895145e-05"
"('FI', 'Forestry, logging and related service activities (02)')","7.71863771713636e-05","6.81363251839261e-05","7.24730597534567e-05"
"('PL', 'Activities auxiliary to financial intermediation (67)')","7.71246064328226e-05","5.37027316945918e-05","6.73106898756001e-05"
"('WF', 'Manufacture of bricks, tiles and construction products, in baked clay')","7.70299110179543e-05","6.92256161423302e-05","2.08407964248915e-05"
"('FR', 'Poultry farming')","7.69847690616857e-05","2.54993427724613e-05","7.47692692674878e-05"
"('FR', 'Manufacture of other non-metallic mineral products n.e.c.')","7.69414450717951e-05","4.44718241030939e-05","6.95879369547374e-05"
"('TW', 'Manufacture of tobacco products (16)')","7.67979026888475e-05","1.34816874158474e-05","7.67979026888475e-05"
"('LV', 'Supporting and auxiliary transport activities; activities of travel agencies (63)')","7.67933605224878e-05","3.27438606740507e-05","7.66321748044096e-05"
"('ES', 'Processing vegetable oils and fats')","7.67721981768192e-05","4.94557653779656e-05","5.00773541171931e-05"
"('KR', 'Activities of membership organisation n.e.c. (91)')","7.65476911481051e-05","4.32134291714299e-05","7.65476911481051e-05"
"('CZ', 'Landfill of waste: Inert/metal/hazardous')","7.64028250161846e-05","4.25192934258934e-05","7.64004500148379e-05"
"('GB', 'Precious metals production')","7.63794729290504e-05","2.92421751199551e-05","7.06732894171161e-05"
"('NL', 'Casting of metals')","7.6373748303569e-05","4.19140834305611e-05","7.42193262127906e-05"
"('AU', 'Production of electricity by petroleum and other oil derivatives')","7.63240112652728e-05","7.44227286753904e-05","3.65625043717271e-06"
"('LU', 'Air transport (62)')","7.6070370194465e-05","2.81207379483067e-05","7.42205567207069e-05"
"('ID', 'Cultivation of cereal grains nec')","7.60690124498633e-05","7.16198450591758e-05","6.8204839167968e-05"
"('ID', 'Manufacture of electrical machinery and apparatus n.e.c. (31)')","7.60246880751156e-05","4.46665184626058e-05","7.59853149151596e-05"
"('SE', 'Chemicals nec')","7.5934617837677e-05","4.76216474820587e-05","7.47957463266241e-05"
"('PL', 'Cultivation of cereal grains nec')","7.58588904428297e-05","4.55552589024859e-05","7.06576703960692e-05"
"('BE', 'Recreational, cultural and sporting activities (92)')","7.58277511781205e-05","3.83593595653366e-05","7.56716467074701e-05"
"('PT', 'Computer and related activities (72)')","7.56931658963839e-05","4.70906965286657e-05","7.55959630225193e-05"
"('SE', 'Manufacture of beverages')","7.56573792551138e-05","2.91041451203472e-05","7.34616380868452e-05"
"('LV', 'Construction (45)')","7.56442290557972e-05","3.65065437799672e-05","7.51191258598065e-05"
"('GB', 'Processing of meat cattle')","7.55707770760834e-05","3.50815637951859e-05","6.1928614147643e-05"
"('WF', 'Casting of metals')","7.55676313611446e-05","4.37258253737106e-05","7.24038947826252e-05"
"('LT', 'Supporting and auxiliary transport activities; activities of travel agencies (63)')","7.54110362866432e-05","4.98034294226649e-05","7.33341024396686e-05"
"('HU', 'Extraction of crude petroleum and services related to crude oil extraction, excluding surveying')","7.53292821194949e-05","5.37332447904975e-05","5.55422602434282e-05"
"('EE', 'Construction (45)')","7.52978730573318e-05","4.55239744736557e-05","5.88396600688785e-05"
"('TR', 'Production of meat products nec')","7.52949282388089e-05","1.32752539489001e-05","7.44725929283179e-05"
"('TR', 'Processing of meat cattle')","7.52943716238091e-05","6.31238028987452e-06","7.46159338490828e-05"
"('TR', 'Education (80)')","7.52820109328038e-05","3.08171312944695e-05","7.52820109328038e-05"
"('ES', 'Landfill of waste: Wood')","7.5085343343578e-05","5.35934118404879e-05","4.11426496509787e-05"
"('DK', 'Manufacture of office machinery and computers (30)')","7.48771043242803e-05","1.83112781688827e-05","7.48770116997942e-05"
"('WE', 'Sale, maintenance, repair of motor vehicles, motor vehicles parts, motorcycles, motor cycles parts and accessoiries')","7.4857015712353e-05","4.29487983561593e-05","7.20609295038511e-05"
"('BG', 'Hotels and restaurants (55)')","7.45179414562426e-05","2.91207476149307e-05","7.2275256663381e-05"
"('MX', 'Casting of metals')","7.44348995160527e-05","3.51998813404454e-05","7.17073998107718e-05"
"('CH', 'Manufacture of tobacco products (16)')","7.4381458748623e-05","2.95601997354787e-05","6.34176109235945e-05"
"('IN', 'Recreational, cultural and sporting activities (92)')","7.42792103625425e-05","3.35232138239216e-05","7.37131019126948e-05"
"('PT', 'Manufacture of textiles (17)')","7.41984126601933e-05","4.90127471499252e-05","7.41825907365426e-05"
"('WL', 'Production of meat products nec')","7.4078563595522e-05","6.58601314405769e-05","3.46948241221038e-05"
"('SK', 'Manufacture of gas; distribution of gaseous fuels through mains')","7.40776960233773e-05","5.46074932012051e-05","7.04348215710499e-05"
"('HU', 'Cultivation of cereal grains nec')","7.40517375874985e-05","5.32895306526328e-05","6.96616034817091e-05"
"('SE', 'Manufacture of office machinery and computers (30)')","7.40100017844227e-05","3.16655099282957e-05","7.40094187819485e-05"
"('RU', 'Manufacture of other non-metallic mineral products n.e.c.')","7.39794155863525e-05","5.28614252345801e-05","6.857752519436e-05"
"('ZA', 'P- and other fertiliser')","7.39383816310216e-05","3.26059062469425e-05","7.30743212703115e-05"
"('GR', 'Processing of Food products nec')","7.38941893694578e-05","3.08544051862194e-05","7.38769905472477e-05"
"('HR', 'Wholesale trade and commission trade, except of motor vehicles and motorcycles (51)')","7.37117127337348e-05","4.18697531860496e-05","7.37019058651817e-05"
"('SI', 'Processing of Food products nec')","7.35412290550572e-05","2.8258676353833e-05","7.35374787580363e-05"
"('RO', 'Processing of Food products nec')","7.34339090880181e-05","1.91463557136844e-05","7.33300518003725e-05"
"('SE', 'Incineration of waste: Textiles')","7.33703566555466e-05","7.08406203300671e-05","4.83781050582291e-06"
"('PL', 'Cultivation of vegetables, fruit, nuts')","7.32269211482965e-05","4.38642740343547e-05","7.14137451042744e-05"
"('BG', 'Manufacture of rubber and plastic products (25)')","7.31970795194196e-05","3.41063050504269e-05","7.26800387577337e-05"
"('GB', 'Biogasification of food waste, incl. land application')","7.3181879322201e-05","6.99635673865923e-05","8.37868217898424e-06"
"('PT', 'Paper')","7.27148487413178e-05","3.78961048732811e-05","7.24123953767904e-05"
"('WE', 'Research and development (73)')","7.27104354907306e-05","2.26250539132727e-05","7.24765831441903e-05"
"('TR', 'Cultivation of cereal grains nec')","7.25567254015286e-05","6.56445429208885e-05","4.82204828179932e-05"
"('BE', 'Publishing, printing and reproduction of recorded media (22)')","7.23755977176409e-05","3.52682295382215e-05","7.23755567596547e-05"
"('TR', 'Production of electricity by hydro')","7.22766269921764e-05","7.13777564949425e-05","1.89265394417588e-05"
"('IE', 'Manufacture of rubber and plastic products (25)')","7.20540928375369e-05","5.69332520548235e-05","7.13694211934794e-05"
"('LU', 'Manufacture of rubber and plastic products (25)')","7.20068632490416e-05","3.38202054239462e-05","7.19865267000501e-05"
"('NO', 'Processing of Food products nec')","7.18444487694729e-05","3.99674573174557e-05","7.1809485678811e-05"
"('IN', 'Manufacture of gas; distribution of gaseous fuels through mains')","7.16454569403351e-05","5.54287315893556e-05","4.54920846897767e-05"
"('CZ', 'Research and development (73)')","7.14557413786977e-05","3.13311568026797e-05","6.95850751377654e-05"
"('WL', 'Animal products nec')","7.14537359605476e-05","6.81408526090049e-05","9.19236791922224e-06"
"('WL', 'Manufacture of coke oven products')","7.13138240562824e-05","6.54387980977235e-05","1.43393410551292e-05"
"('NO', 'P- and other fertiliser')","7.12790269323135e-05","3.3547625397416e-05","6.95484161414454e-05"
"('WE', 'Sugar refining')","7.11468728595124e-05","4.15084014061272e-05","4.09874872544817e-05"
"('TR', 'Manufacture of other transport equipment (35)')","7.09740137115233e-05","5.06636791592959e-05","5.35689834422027e-05"
"('SK', 'Plastics, basic')","7.08181111532312e-05","4.00840070495661e-05","6.67606264812944e-05"
"('WF', 'Production of electricity by coal')","7.05834195950628e-05","6.20759347358318e-05","3.44966000154847e-05"
"('WM', 'Sugar refining')","7.05408464251728e-05","5.68968176115939e-05","2.89067821149579e-05"
"('AT', 'Public administration and defence; compulsory social security (75)')","7.03812654408039e-05","1.43381225709285e-05","6.93942598040889e-05"
"('TR', 'Cultivation of plant-based fibers')","7.03071457412346e-05","5.83580033478784e-05","3.70551006113761e-05"
"('ES', 'Other service activities (93)')","7.02685939565977e-05","2.72028514547028e-05","6.99008817213241e-05"
"('BE', 'Production of electricity by gas')","7.00754884996548e-05","6.35785220408537e-05","3.15637966155119e-05"
"('AT', 'Insurance and pension funding, except compulsory social security (66)')","7.00003133349643e-05","4.28026945615445e-05","6.5854824898529e-05"
"('WE', 'Pigs farming')","6.99928691196756e-05","5.95657058884148e-05","6.57367461563223e-05"
"('FI', 'Manufacture of cement, lime and plaster')","6.99903883815881e-05","4.54313195110743e-05","5.77334686183753e-05"
"('CZ', 'Paper')","6.99709665315055e-05","3.71365299677024e-05","6.97429788922772e-05"
"('TR', 'Processing of dairy products')","6.99624588277349e-05","2.89726185766275e-05","6.50043227604176e-05"
"('CZ', 'Retail sale of automotive fuel')","6.9891231492644e-05","6.44752665957674e-05","2.69315261817161e-05"
"('DE', 'Extraction of natural gas and services related to natural gas extraction, excluding surveying')","6.98280357298895e-05","4.36311600931379e-05","5.97859598082645e-05"
"('TR', 'Extraction, liquefaction, and regasification of other petroleum and gaseous materials')","6.98147518134993e-05","6.64039181601672e-05","1.78749281629431e-05"
"('KR', 'Raw milk')","6.97456784121827e-05","5.39488419733347e-05","5.53078876095112e-05"
"('CY', 'Financial intermediation, except insurance and pension funding (65)')","6.95821097446438e-05","5.49202756474929e-05","6.93340785380963e-05"
"('GR', 'Cultivation of vegetables, fruit, nuts')","6.94182283574588e-05","4.34356717796086e-05","6.863758968091e-05"
"('MX', 'Manufacture of other non-metallic mineral products n.e.c.')","6.93279146321855e-05","3.85835943676293e-05","6.71423770864856e-05"
"('WE', 'Publishing, printing and reproduction of recorded media (22)')","6.92403937528269e-05","3.95808000492086e-05","6.92402097209143e-05"
"('ES', 'Cultivation of cereal grains nec')","6.91966253981295e-05","5.9218553358809e-05","5.89056572866579e-05"
"('FR', 'Extraction of crude petroleum and services related to crude oil extraction, excluding surveying')","6.906467032842e-05","4.72698922834841e-05","4.70322633646874e-05"
"('BR', 'Distribution and trade of electricity')","6.89839486274048e-05","4.86555840128863e-05","4.40999787321465e-05"
"('ZA', 'N-fertiliser')","6.89380488069999e-05","6.15389265542604e-05","2.04752938252189e-05"
"('TW', 'Production of electricity by coal')","6.88329478020627e-05","6.7259541292737e-05","2.38729183226305e-05"
"('NL', 'Manufacture of wearing apparel; dressing and dyeing of fur (18)')","6.87130919257267e-05","1.11686568844366e-05","6.87130667987301e-05"
"('FI', 'Activities auxiliary to financial intermediation (67)')","6.87050302963335e-05","5.01622684929559e-05","6.46610359134688e-05"
"('TW', 'Copper production')","6.8593589053997e-05","4.05333694658743e-05","6.85821965033667e-05"
"('IN', 'Processing of meat cattle')","6.8478115477746e-05","4.88205174186885e-05","2.9923309079248e-05"
"('CA', 'Poultry farming')","6.83873226958319e-05","4.22864795066129e-05","6.4566186944952e-05"
"('CY', 'Construction (45)')","6.83446477499756e-05","2.68903587336599e-05","6.7771007415087e-05"
"('RU', 'Recreational, cultural and sporting activities (92)')","6.82619880812236e-05","3.9212944581059e-05","6.81791902424207e-05"
"('NO', 'Manufacture of fish products')","6.81388458085901e-05","3.09347947579378e-05","6.53818966091765e-05"
"('AU', 'Manufacture of office machinery and computers (30)')","6.80842522593391e-05","2.94435523408048e-05","6.80827367709115e-05"
"('CH', 'Activities of membership organisation n.e.c. (91)')","6.80695663627298e-05","1.47062689849116e-05","6.80695663627298e-05"
"('GR', 'Other land transport')","6.80632667948411e-05","3.61755988821373e-05","6.76500823854939e-05"
"('NL', 'Extraction of crude petroleum and services related to crude oil extraction, excluding surveying')","6.79987601947143e-05","5.59244914054178e-05","6.67085011050188e-05"
"('AT', 'Publishing, printing and reproduction of recorded media (22)')","6.78499000576471e-05","3.63159031875085e-05","6.78498576716815e-05"
"('ZA', 'Manufacture of wood and of products of wood and cork, except furniture; manufacture of articles of straw and plaiting materials (20)')","6.78390577778933e-05","5.45210102978678e-05","6.75496154554736e-05"
"('ID', 'Production of electricity by petroleum and other oil derivatives')","6.78280793744555e-05","6.14805786309332e-05","9.98228761203292e-06"
"('KR', 'Production of electricity by petroleum and other oil derivatives')","6.78149750545487e-05","6.75478848303065e-05","2.41974007812382e-06"
"('TR', 'Manufacture of furniture; manufacturing n.e.c. (36)')","6.77980647799458e-05","4.22264129326123e-05","5.0021347519323e-05"
"('BG', 'Manufacture of fabricated metal products, except machinery and equipment (28)')","6.76710627883364e-05","3.96608309418887e-05","6.76667664447583e-05"
"('WE', 'Manufacture of electrical machinery and apparatus n.e.c. (31)')","6.76402271618023e-05","4.98024135698373e-05","6.7583531166694e-05"
"('BG', 'Processing of Food products nec')","6.75874045410009e-05","3.24853241936874e-05","6.75767160995899e-05"
"('SK', 'Landfill of waste: Inert/metal/hazardous')","6.75030637836163e-05","1.27027342854995e-05","6.75030637835993e-05"
"('WM', 'Production of electricity by coal')","6.7402146334034e-05","5.78138051455484e-05","1.80242906012779e-05"
"('WF', 'Cultivation of sugar cane, sugar beet')","6.7356224993008e-05","6.3574484924135e-05","3.16494350513959e-05"
"('IN', 'Activities of membership organisation n.e.c. (91)')","6.72599841677096e-05","5.46742229728049e-05","6.72599841677096e-05"
"('PT', 'Incineration of waste: Paper')","6.71869361525144e-05","5.97809721394902e-05","2.59847235720159e-05"
"('DE', 'Cultivation of sugar cane, sugar beet')","6.70145095767264e-05","5.78310879961886e-05","3.01494859438982e-05"
"('SE', 'Insurance and pension funding, except compulsory social security (66)')","6.6911926640364e-05","4.78394431621994e-05","5.29718312252158e-05"
"('AT', 'Casting of metals')","6.68417822008259e-05","3.54843877544727e-05","6.65294814580534e-05"
"('WE', 'Other service activities (93)')","6.65679485397235e-05","9.04543176715569e-06","6.65679485397235e-05"
"('SK', 'Computer and related activities (72)')","6.63776818927677e-05","3.82564326244564e-05","6.61435453974185e-05"
"('WE', 'Cultivation of oil seeds')","6.61240246323381e-05","5.48676994159615e-05","5.36933768425691e-05"
"('BR', 'Production of electricity by biomass and waste')","6.60555851036534e-05","6.60205263064687e-05","1.22213145219956e-06"
"('SK', 'Petroleum Refinery')","6.60304269778793e-05","2.98942117256896e-05","6.58545042290161e-05"
"('MX', 'Sugar refining')","6.59737361724092e-05","5.87754335089025e-05","1.53694667513945e-05"
"('FI', 'Mining of lead, zinc and tin ores and concentrates')","6.59502409806591e-05","6.48617253691461e-05","3.17306477866294e-06"
"('TW', 'Recreational, cultural and sporting activities (92)')","6.58471187608003e-05","3.42690954988606e-05","6.53446004322094e-05"
"('BR', 'Fishing, operating of fish hatcheries and fish farms; service activities incidental to fishing (05)')","6.58003861295121e-05","5.63616889420358e-05","3.20901536678418e-05"
"('FI', 'Other non-ferrous metal production')","6.57163085809166e-05","4.02844751812987e-05","4.86790601787946e-05"
"('FI', 'Education (80)')","6.55135400979448e-05","1.838687932302e-05","6.5107753644289e-05"
"('FI', 'Re-processing of secondary steel into new steel')","6.54508703908422e-05","3.31443169300998e-05","6.44136100817508e-05"
"('BG', 'Collection, purification and distribution of water (41)')","6.54303034883991e-05","6.31148313772043e-05","1.2000696734143e-05"
"('ES', 'Processing of dairy products')","6.53944547110712e-05","2.64207120332224e-05","6.23665405686475e-05"
"('CH', 'Manufacture of glass and glass products')","6.53594058118445e-05","3.40889637597179e-05","6.35864101281528e-05"
"('HR', 'Petroleum Refinery')","6.52433431018052e-05","2.83907907457294e-05","6.52032007972648e-05"
"('CZ', 'Incineration of waste: Oil/Hazardous waste')","6.52269265280548e-05","3.17823526772109e-05","6.27892576101163e-05"
"('ZA', 'Manufacture of electrical machinery and apparatus n.e.c. (31)')","6.51979160590497e-05","4.50156529382566e-05","6.51810283748409e-05"
"('HR', 'Other land transport')","6.51471104981151e-05","4.04562401548863e-05","6.50827593563603e-05"
"('SI', 'Manufacture of fabricated metal products, except machinery and equipment (28)')","6.51422024759112e-05","4.50740311176659e-05","6.51418774462747e-05"
"('WF', 'Cultivation of plant-based fibers')","6.51250204836062e-05","5.60878723029304e-05","3.37187460664992e-05"
"('PL', 'Research and development (73)')","6.51235981241091e-05","3.2936687385067e-05","6.50058717453911e-05"
"('FI', 'Sea and coastal water transport')","6.50036639615347e-05","3.20946973875491e-05","5.8266777646879e-05"
"('GR', 'Post and telecommunications (64)')","6.49795645738913e-05","3.89614219245778e-05","6.42704407612354e-05"
"('HR', 'Hotels and restaurants (55)')","6.49404544706897e-05","4.03313331371532e-05","6.43396149179237e-05"
"('RU', 'Manufacture of tobacco products (16)')","6.48939355426291e-05","1.86997631239995e-05","5.68507293307517e-05"
"('EE', 'Other land transport')","6.48555254043445e-05","3.80199049589823e-05","6.17160981184652e-05"
"('RO', 'Manufacture of wood and of products of wood and cork, except furniture; manufacture of articles of straw and plaiting materials (20)')","6.48404834193154e-05","3.54994232534393e-05","6.39629845518994e-05"
"('FI', 'Processing of dairy products')","6.47271421763088e-05","2.26722819288739e-05","6.2595896417586e-05"
"('WF', 'Precious metals production')","6.4650880536485e-05","4.33491916897987e-05","4.5933747793716e-05"
"('MX', 'Transmission of electricity')","6.43827018601465e-05","6.26533781969952e-05","1.64125914621295e-05"
"('ES', 'Manufacture of glass and glass products')","6.43624892840757e-05","5.47516540794417e-05","4.84054928633274e-05"
"('ID', 'Processing of meat poultry')","6.43218807323455e-05","5.52702705393626e-05","6.20358428277959e-05"
"('AU', 'Cultivation of oil seeds')","6.41668224213615e-05","5.50112298979863e-05","5.39049807256086e-05"
"('WF', 'Manufacture of gas; distribution of gaseous fuels through mains')","6.3982715008584e-05","3.83929072202615e-05","5.15132588674875e-05"
"('IT', 'Extraction of natural gas and services related to natural gas extraction, excluding surveying')","6.39721047332971e-05","4.74151204176551e-05","4.59223982947138e-05"
"('AU', 'Plastics, basic')","6.39584317880985e-05","3.3902226403369e-05","6.09106907215531e-05"
"('BE', 'Manufacture of glass and glass products')","6.3957803265754e-05","3.33997038789461e-05","5.93638336693654e-05"
"('WE', 'Chemicals nec')","6.39485024808985e-05","2.13348682250408e-05","6.13588641225066e-05"
"('ID', 'Transport via railways')","6.38430124267109e-05","5.36041866685964e-05","4.43908764868213e-05"
"('PT', 'Processing of dairy products')","6.36033011903293e-05","3.0929234640443e-05","5.94455359733283e-05"
"('IE', 'Processing of meat pigs')","6.32884474606475e-05","6.12400584283422e-05","2.7788463921009e-05"
"('DE', 'Poultry farming')","6.30206337970818e-05","1.09509551319744e-05","6.19330008328573e-05"
"('SI', 'Manufacture of rubber and plastic products (25)')","6.29363068143483e-05","2.67634423644748e-05","6.28302139685658e-05"
"('NL', 'Production of electricity by wind')","6.28247869816803e-05","6.24799870788499e-05","5.91486079697863e-06"
"('DE', 'Production of electricity by hydro')","6.27279371736546e-05","6.17543701704732e-05","9.18453997110927e-06"
"('ES', 'Processing of meat poultry')","6.25672449733459e-05","1.75198878060156e-05","6.08235694689328e-05"
"('PT', 'Incineration of waste: Metals and Inert materials')","6.25281774696966e-05","4.43846519612215e-05","4.50008681363547e-05"
"('GB', 'Incineration of waste: Wood')","6.23410488540471e-05","4.81564354960888e-05","3.1969052078918e-05"
"('IT', 'Pigs farming')","6.23085352899179e-05","2.65482264291806e-05","6.10219528084833e-05"
"('NL', 'Activities of membership organisation n.e.c. (91)')","6.22163702993762e-05","2.50885937059018e-05","6.2213206722682e-05"
"('PT', 'Manufacture of wood and of products of wood and cork, except furniture; manufacture of articles of straw and plaiting materials (20)')","6.21329187389998e-05","3.481465821011e-05","6.20081776465735e-05"
"('BE', 'Cattle farming')","6.19344688944263e-05","3.26481331730228e-05","5.40364750070258e-05"
"('NO', 'Health and social work (85)')","6.18624662187139e-05","6.29325690409421e-06","6.18624662187115e-05"
"('TW', 'Manufacture of coke oven products')","6.18202803382464e-05","4.41672452008755e-05","5.16385408095719e-05"
"('TR', 'Manufacture of fish products')","6.17946699043439e-05","1.57423657696555e-05","6.07166096566217e-05"
"('HU', 'Manufacture of beverages')","6.17425219322413e-05","2.47379159064143e-05","5.90562874069377e-05"
"('US', 'Production of meat products nec')","6.14978454245011e-05","5.1795548693865e-05","2.50514557040507e-05"
"('ZA', 'Manufacture of other non-metallic mineral products n.e.c.')","6.14879665825154e-05","3.04998836855745e-05","6.09672142411355e-05"
"('PL', 'Production of electricity by wind')","6.09729943179912e-05","6.05882296584693e-05","1.23460362244574e-05"
"('DK', 'Post and telecommunications (64)')","6.09284506853521e-05","4.83198001726984e-05","5.81792504537238e-05"
"('BG', 'Production of electricity by nuclear')","6.08014620299272e-05","5.7745947423296e-05","2.52380997063116e-05"
"('IE', 'Manufacture of fabricated metal products, except machinery and equipment (28)')","6.07829945152649e-05","4.73558480235028e-05","6.0776496735227e-05"
"('BG', 'Retail sale of automotive fuel')","6.07152955742318e-05","4.47058481796178e-05","4.4056381363885e-05"
"('ZA', 'Paper')","6.06485281400381e-05","4.48072822532145e-05","5.9864562622399e-05"
"('IT', 'Meat animals nec')","6.04977314028313e-05","5.98919779348616e-05","1.30590939785099e-05"
"('HU', 'Manufacture of basic iron and steel and of ferro-alloys and first products thereof')","6.04068701554776e-05","2.8995423458082e-05","6.02332895699553e-05"
"('AU', 'P- and other fertiliser')","6.03817432486358e-05","2.61510596805733e-05","5.89135495898431e-05"
"('PL', 'Transmission of electricity')","6.03395114237767e-05","5.9458805818818e-05","2.00920350211519e-05"
"('LV', 'Other land transport')","6.03246882531867e-05","3.59733491108074e-05","5.76722825089911e-05"
"('CZ', 'Renting of machinery and equipment without operator and of personal and household goods (71)')","6.03129076983286e-05","4.45658058241201e-05","5.38964325132426e-05"
"('PL', 'Recreational, cultural and sporting activities (92)')","6.02950316000507e-05","3.56397243753738e-05","6.01902248377241e-05"
"('ZA', 'Transport via railways')","6.02574879262011e-05","4.26288858321789e-05","5.43414669297376e-05"
"('DK', 'Health and social work (85)')","6.01519343994439e-05","9.54050308672063e-06","6.01519272767326e-05"
"('CH', 'Manufacture of textiles (17)')","5.99062443388369e-05","4.14089160682343e-05","5.98904200687158e-05"
"('CZ', 'Post and telecommunications (64)')","5.98680068955595e-05","4.92304291398371e-05","5.7118810017712e-05"
"('TR', 'Manufacture of beverages')","5.98384633003417e-05","1.77962738177777e-05","5.92523297549024e-05"
"('CA', 'Production of electricity by coal')","5.97170709942186e-05","5.01087302645314e-05","2.2860623162093e-05"
"('FI', 'Transport via railways')","5.95358138462596e-05","5.24139166175324e-05","4.67495111588024e-05"
"('IE', 'Manufacture of wood and of products of wood and cork, except furniture; manufacture of articles of straw and plaiting materials (20)')","5.95240559115956e-05","4.24684393163552e-05","5.7172570687611e-05"
"('CZ', 'Distribution and trade of electricity')","5.94612881522704e-05","3.86669698727937e-05","5.39802092716551e-05"
"('FR', 'Fishing, operating of fish hatcheries and fish farms; service activities incidental to fishing (05)')","5.94009982219343e-05","2.94332624015349e-05","5.91325633516625e-05"
"('TR', 'Activities auxiliary to financial intermediation (67)')","5.92321808844466e-05","5.46483441437885e-05","5.62060406566982e-05"
"('PT', 'Re-processing of secondary steel into new steel')","5.89651754224133e-05","2.6267712198408e-05","5.84021866091692e-05"
"('CZ', 'Manufacture of glass and glass products')","5.89044246300283e-05","3.59421596811551e-05","5.64629839131226e-05"
"('US', 'Landfill of waste: Inert/metal/hazardous')","5.87264866008125e-05","5.12659423734688e-05","5.83704576405198e-05"
"('FR', 'Manufacture of bricks, tiles and construction products, in baked clay')","5.83861610647586e-05","4.02553516962736e-05","4.3506354218668e-05"
"('DK', 'Education (80)')","5.82077279164746e-05","9.30476547108336e-06","5.82069138841527e-05"
"('IE', 'Transport via pipelines')","5.80900602116364e-05","3.52818695156328e-05","5.25643851473187e-05"
"('ZA', 'Precious metals production')","5.7952024077918e-05","3.16975940094621e-05","5.16099317377176e-05"
"('SI', 'Manufacture of machinery and equipment n.e.c. (29)')","5.78548387721784e-05","1.89699049807071e-05","5.78538181330245e-05"
"('IE', 'Raw milk')","5.77480682391478e-05","4.56108520097797e-05","5.08755218839765e-05"
"('NL', 'Aluminium production')","5.76835175046385e-05","3.05432883833616e-05","5.66186593193883e-05"
"('DK', 'Raw milk')","5.75968669265645e-05","3.96267245678732e-05","5.68872114935155e-05"
"('RU', 'Manufacture of radio, television and communication equipment and apparatus (32)')","5.75455589299718e-05","4.6126490240818e-05","5.75305585792889e-05"
"('FI', 'Manufacture of other transport equipment (35)')","5.75414643737076e-05","2.10096460678112e-05","5.51673825637706e-05"
"('PL', 'Pigs farming')","5.74547473251216e-05","4.07490942536448e-05","5.72397501928639e-05"
"('WE', 'Copper production')","5.73754683327308e-05","4.35255752866148e-05","5.10329337176707e-05"
"('SE', 'Mining of precious metal ores and concentrates')","5.7220557408182e-05","3.15733680207192e-05","3.1323120116103e-05"
"('ES', 'Transmission of electricity')","5.721257842466e-05","5.39276680623101e-05","1.79320954811398e-05"
"('PT', 'Cultivation of vegetables, fruit, nuts')","5.7127157553025e-05","3.12376365716509e-05","5.6801649973649e-05"
"('JP', 'Cultivation of crops nec')","5.7122748239656e-05","4.51003612024552e-05","3.237896935611e-05"
"('ZA', 'Manufacture of basic iron and steel and of ferro-alloys and first products thereof')","5.69390576881348e-05","3.11217775138469e-05","5.6865081219132e-05"
"('AU', 'Poultry farming')","5.68422487497449e-05","4.1080854388784e-05","5.56405299695202e-05"
"('CZ', 'Production of electricity by coal')","5.67467739066381e-05","4.33230186306141e-05","3.92311156624535e-05"
"('NL', 'Incineration of waste: Oil/Hazardous waste')","5.66546648247825e-05","3.72192954645943e-05","4.32687521164705e-05"
"('KR', 'Pulp')","5.66367040090005e-05","3.11396521399901e-05","5.02452651038991e-05"
"('WE', 'Processing vegetable oils and fats')","5.65445910310092e-05","4.24687997648473e-05","3.65204292013533e-05"
"('DE', 'Landfill of waste: Inert/metal/hazardous')","5.64670620215574e-05","2.55623547272855e-05","5.6463447697574e-05"
"('PL', 'Composting of food waste, incl. land application')","5.63113716470894e-05","1.691416391353e-05","5.53541245639918e-05"
"('FI', 'Sale, maintenance, repair of motor vehicles, motor vehicles parts, motorcycles, motor cycles parts and accessoiries')","5.62332880639727e-05","3.43778240418461e-05","5.38441839017732e-05"
"('ID', 'Transmission of electricity')","5.61975014304105e-05","5.3190830995228e-05","1.75108627642807e-05"
"('WE', 'Manufacture of wood and of products of wood and cork, except furniture; manufacture of articles of straw and plaiting materials (20)')","5.61433644685193e-05","4.73010998377146e-05","5.54156946555524e-05"
"('WF', 'Activities of membership organisation n.e.c. (91)')","5.61376308577928e-05","1.79851213903681e-05","5.61376308577928e-05"
"('US', 'Fishing, operating of fish hatcheries and fish farms; service activities incidental to fishing (05)')","5.59580586272045e-05","2.41686374192828e-05","5.4831889467213e-05"
"('CZ', 'Chemicals nec')","5.58966503638677e-05","2.27902439085683e-05","5.52141335778368e-05"
"('HU', 'Sale, maintenance, repair of motor vehicles, motor vehicles parts, motorcycles, motor cycles parts and accessoiries')","5.58736170394286e-05","3.14046799125285e-05","5.52259438630878e-05"
"('PL', 'Lead, zinc and tin production')","5.5812019875004e-05","3.9029589141467e-05","3.73302944444255e-05"
"('CZ', 'Manufacture of other transport equipment (35)')","5.57410307378009e-05","2.74244736121998e-05","5.24208531627591e-05"
"('DK', 'Manufacture of textiles (17)')","5.56536904328749e-05","3.28820783713637e-05","5.56514447191772e-05"
"('IN', 'Manufacture of medical, precision and optical instruments, watches and clocks (33)')","5.5642782175991e-05","3.88975241047848e-05","3.87747460968266e-05"
"('NO', 'Manufacture of motor vehicles, trailers and semi-trailers (34)')","5.56425366127548e-05","1.9210984980503e-05","5.56425239673652e-05"
"('TR', 'Tanning and dressing of leather; manufacture of luggage, handbags, saddlery, harness and footwear (19)')","5.54543821432777e-05","2.82086457601731e-05","5.16037543274451e-05"
"('WE', 'Cultivation of wheat')","5.5423420091882e-05","4.63003444557294e-05","4.28892999871093e-05"
"('WE', 'Computer and related activities (72)')","5.53231835312902e-05","4.00908862608513e-05","5.49541385130089e-05"
"('NL', 'Transmission of electricity')","5.5251480576129e-05","5.41406855988293e-05","9.43853526668594e-06"
"('BE', 'Education (80)')","5.5112726727315e-05","1.04164778678027e-05","5.50837123195967e-05"
"('RO', 'Education (80)')","5.50760525102453e-05","1.95416367160995e-05","5.50760525102453e-05"
"('NO', 'Post and telecommunications (64)')","5.49258002538599e-05","4.43401850253569e-05","5.23332044450651e-05"
"('RU', 'Sugar refining')","5.48617912574949e-05","3.8137809173489e-05","2.60566236265055e-05"
"('BE', 'Re-processing of secondary steel into new steel')","5.47826353032659e-05","2.5992317762609e-05","5.37837735220054e-05"
"('WE', 'Manufacture of fish products')","5.46509113934571e-05","2.73867521269546e-05","5.1582135872776e-05"
"('MX', 'Fishing, operating of fish hatcheries and fish farms; service activities incidental to fishing (05)')","5.46440049837006e-05","3.41817632710591e-05","5.4198698897109e-05"
"('SE', 'Manufacture of other transport equipment (35)')","5.45869208530373e-05","3.44117397984496e-05","4.7024426367222e-05"
"('AU', 'Processing of meat poultry')","5.45691640723305e-05","1.91750015290188e-06","5.45691543191043e-05"
"('PL', 'Landfill of waste: Food')","5.44183105796634e-05","2.19290516062982e-05","4.82737740086517e-05"
"('DK', 'Transport via pipelines')","5.41573178109718e-05","4.81820519136117e-05","2.66840217743435e-05"
"('US', 'Mining of precious metal ores and concentrates')","5.3963324634156e-05","5.13175746268712e-05","4.88353203059632e-06"
"('WE', 'Manufacture of coke oven products')","5.39330229822909e-05","4.66154207666e-05","2.01243552754618e-05"
"('RO', 'Extraction of crude petroleum and services related to crude oil extraction, excluding surveying')","5.39017670259725e-05","3.69967278989521e-07","5.39017670259692e-05"
"('PL', 'Cultivation of wheat')","5.38905102087761e-05","3.89830972596601e-05","4.73590580980403e-05"
"('NL', 'Other non-ferrous metal production')","5.38672257121789e-05","3.5786101405133e-05","3.93548177718927e-05"
"('CH', 'Retail sale of automotive fuel')","5.36895279324251e-05","4.8953929130525e-05","1.34917348717651e-05"
"('CA', 'Private households with employed persons (95)')","5.36481203298791e-05","5.3637895140559e-05","5.36481203298791e-05"
"('LT', 'Other business activities (74)')","5.36262287692295e-05","4.33369378399226e-05","5.36253109990916e-05"
"('ZA', 'Tanning and dressing of leather; manufacture of luggage, handbags, saddlery, harness and footwear (19)')","5.33654879151499e-05","1.13306900423903e-05","5.33539483380258e-05"
"('ID', 'Processing of meat pigs')","5.32868572388512e-05","5.86674532509625e-06","5.32779452714955e-05"
"('PT', 'Insurance and pension funding, except compulsory social security (66)')","5.32392566845595e-05","2.37614451190604e-05","5.08157472031204e-05"
"('NL', 'Biogasification of paper, incl. land application')","5.3158660490659e-05","5.2926339638984e-05","7.5138560413635e-07"
"('KR', 'Animal products nec')","5.31195278366936e-05","4.00333032561413e-05","1.99923814141805e-05"
"('ZA', 'Air transport (62)')","5.2938061767796e-05","2.7272130175858e-05","5.16338374905084e-05"
"('PL', 'Waste water treatment, other')","5.28971062291274e-05","2.78229545921183e-05","3.9902366132252e-05"
"('BR', 'Copper production')","5.28445673453559e-05","2.30106578212335e-05","5.161207286752e-05"
"('NL', 'Manufacture of tobacco products (16)')","5.28153210708802e-05","1.42826699328574e-05","4.68319288020714e-05"
"('HU', 'Transport via pipelines')","5.28098008343024e-05","3.80750628453269e-05","3.22798742803772e-05"
"('LV', 'Public administration and defence; compulsory social security (75)')","5.27121589391484e-05","2.82332797910073e-05","5.26791070272095e-05"
"('ID', 'Pigs farming')","5.26734749467776e-05","4.31254413968119e-05","4.9705474290114e-05"
"('NO', 'Waste water treatment, food')","5.26688522908269e-05","4.70179434987109e-05","1.35721621665926e-05"
"('RO', 'Manufacture of office machinery and computers (30)')","5.25183992932758e-05","9.8869641960255e-06","5.25183984602342e-05"
"('PL', 'Tanning and dressing of leather; manufacture of luggage, handbags, saddlery, harness and footwear (19)')","5.24202328721379e-05","1.33283184866208e-05","5.23788912585739e-05"
"('BR', 'Manufacture of gas; distribution of gaseous fuels through mains')","5.23843328427654e-05","3.80111245819641e-05","3.32566688509246e-05"
"('NL', 'Other service activities (93)')","5.22008770168194e-05","1.82637178276753e-05","5.21004978517675e-05"
"('WL', 'Production of electricity by nuclear')","5.21054802948195e-05","5.12218380173036e-05","6.97658545662191e-06"
"('RO', 'Cultivation of vegetables, fruit, nuts')","5.19225568302945e-05","3.39589401022789e-05","5.17866939978819e-05"
"('NL', 'Production of electricity by solar photovoltaic')","5.18078199663386e-05","5.16646902009768e-05","2.67522053416877e-06"
"('GB', 'Processing of meat poultry')","5.17435392035768e-05","1.08121207095878e-05","4.95291561999243e-05"
"('WA', 'Production of electricity by wind')","5.16573598277993e-05","5.08985274878515e-05","5.25709498361063e-06"
"('JP', 'Animal products nec')","5.16472518181427e-05","4.82438759092577e-05","1.22376342066112e-05"
"('PT', 'Landfill of waste: Food')","5.16397947577559e-05","2.8501861508441e-05","4.62886953178949e-05"
"('FI', 'Incineration of waste: Metals and Inert materials')","5.16087434333815e-05","4.27515823120184e-05","2.40464293257464e-05"
"('ID', 'Manufacture of beverages')","5.15616610617483e-05","2.8373061866653e-05","5.09173131810731e-05"
"('CA', 'Casting of metals')","5.15111359416021e-05","2.92613942777318e-05","4.97922787791579e-05"
"('PT', 'Public administration and defence; compulsory social security (75)')","5.14224862967593e-05","1.26384558147123e-05","5.03472335941861e-05"
"('CZ', 'Health and social work (85)')","5.13484469278483e-05","1.06810158414613e-05","5.13484464596545e-05"
"('NO', 'Distribution and trade of electricity')","5.13311966682891e-05","4.02974820889458e-05","3.77675066839466e-05"
"('RO', 'Sale, maintenance, repair of motor vehicles, motor vehicles parts, motorcycles, motor cycles parts and accessoiries')","5.13002020306655e-05","4.17033391011365e-05","4.94318033433421e-05"
"('TW', 'Fishing, operating of fish hatcheries and fish farms; service activities incidental to fishing (05)')","5.12533953283872e-05","1.50236818721953e-06","5.12467487883716e-05"
"('HU', 'Manufacture of wood and of products of wood and cork, except furniture; manufacture of articles of straw and plaiting materials (20)')","5.11906207834154e-05","2.07468049636836e-05","5.11906164105635e-05"
"('HR', 'Public administration and defence; compulsory social security (75)')","5.08537702685535e-05","1.60958423850217e-05","5.06898241252275e-05"
"('WF', 'Forestry, logging and related service activities (02)')","5.0702868721317e-05","4.58447053949778e-05","4.81175713319428e-05"
"('CA', 'Processing vegetable oils and fats')","5.06821754084381e-05","3.37172596507027e-05","3.43599950432195e-05"
"('NL', 'Waste water treatment, food')","5.06563686645928e-05","4.86618459583994e-05","8.26914200936481e-06"
"('WE', 'Tanning and dressing of leather; manufacture of luggage, handbags, saddlery, harness and footwear (19)')","5.06451533332402e-05","1.3852998554256e-05","5.06270017827121e-05"
"('DK', 'Activities auxiliary to financial intermediation (67)')","5.05237512496066e-05","4.1485829438148e-05","4.49615528776471e-05"
"('NL', 'Landfill of waste: Inert/metal/hazardous')","5.05118324183429e-05","2.60692618224303e-05","5.05092172909104e-05"
"('WM', 'Production of electricity by wind')","5.04697077092527e-05","4.98209587452375e-05","3.42687400983068e-06"
"('BR', 'Manufacture of coke oven products')","5.03266018382754e-05","4.7346502746039e-05","1.64213830553615e-05"
"('DE', 'Landfill of waste: Wood')","5.01785006196374e-05","4.92503743792814e-05","3.83274802588458e-06"
"('WE', 'Manufacture of office machinery and computers (30)')","5.00473351043062e-05","1.90611886721029e-05","5.00473349590714e-05"
"('PT', 'Manufacture of office machinery and computers (30)')","4.99712959894678e-05","8.04721386208581e-06","4.99712959891862e-05"
"('JP', 'N-fertiliser')","4.98864963282751e-05","4.84721328729014e-05","3.79124266249283e-06"
"('DE', 'Processing vegetable oils and fats')","4.98519380224098e-05","3.48028017501403e-05","2.77438368603537e-05"
"('ES', 'Manufacture of other non-metallic mineral products n.e.c.')","4.98400846800284e-05","3.95366289649137e-05","4.31297284851417e-05"
"('CZ', 'Recycling of waste and scrap')","4.94626173714145e-05","4.77806829320993e-05","4.71949050586549e-06"
"('WE', 'Processing of meat cattle')","4.94100420186778e-05","2.02443618371438e-05","4.47879316996731e-05"
"('EE', 'Wholesale trade and commission trade, except of motor vehicles and motorcycles (51)')","4.92739331794774e-05","2.50742332391755e-05","4.91712190501867e-05"
"('RO', 'Manufacture of cement, lime and plaster')","4.9208576774272e-05","2.99140999491604e-05","4.92056716494888e-05"
"('ZA', 'Cultivation of cereal grains nec')","4.91351356292225e-05","2.86453527061792e-05","4.72717672988683e-05"
"('DE', 'Manufacture of tobacco products (16)')","4.9004896266638e-05","2.3983801109194e-05","3.58446724721384e-05"
"('GB', 'Fishing, operating of fish hatcheries and fish farms; service activities incidental to fishing (05)')","4.89749611290142e-05","3.13767698918389e-05","4.86689859204292e-05"
"('ES', 'Manufacture of ceramic goods')","4.88853913422789e-05","2.97849768753323e-05","4.70297082778851e-05"
"('BE', 'Production of electricity by wind')","4.88498681197472e-05","4.76915326677877e-05","9.68061841998628e-06"
"('IT', 'Private households with employed persons (95)')","4.86952756349321e-05","4.80999246907834e-05","4.86952756349321e-05"
"('NL', 'Poultry farming')","4.86275344251133e-05","1.04088893084025e-05","4.86078372956409e-05"
"('PT', 'Transport via railways')","4.85119790451254e-05","4.21755827551521e-05","3.61025417824585e-05"
"('ZA', 'Pulp')","4.84691611452438e-05","3.21064163334459e-05","3.7564919017435e-05"
"('IT', 'Processed rice')","4.84528420886875e-05","4.26796135329389e-05","1.79671718079991e-05"
"('CZ', 'Incineration of waste: Metals and Inert materials')","4.8421406391404e-05","3.08796105317732e-05","4.15964808482402e-05"
"('WA', 'Manufacture of gas; distribution of gaseous fuels through mains')","4.83037507543004e-05","4.14841671210631e-05","1.73564331463279e-05"
"('BG', 'Lead, zinc and tin production')","4.79493223346551e-05","2.97417437148696e-05","3.9460148034555e-05"
"('SE', 'Publishing, printing and reproduction of recorded media (22)')","4.78458464436769e-05","4.16815855715579e-05","4.78441168762253e-05"
"('WA', 'Production of electricity by nuclear')","4.78126233788422e-05","4.58415723719859e-05","5.92672345305003e-06"
"('WL', 'Forestry, logging and related service activities (02)')","4.77896177298524e-05","4.17343731518541e-05","4.16935217792383e-05"
"('IT', 'Activities of membership organisation n.e.c. (91)')","4.77373542473371e-05","2.2130620093333e-05","4.77373542473371e-05"
"('SK', 'Copper production')","4.76630638394585e-05","2.84095839431907e-05","4.58676710033608e-05"
"('CZ', 'Manufacture of beverages')","4.76545040227619e-05","1.58936167662276e-05","4.69906905684091e-05"
"('NO', 'Other non-ferrous metal production')","4.75689139998914e-05","2.63026423292235e-05","4.03821638329502e-05"
"('US', 'Landfill of waste: Paper')","4.75405677949497e-05","4.18164341078183e-05","4.75374054836967e-05"
"('US', 'Recycling of waste and scrap')","4.74822292659821e-05","4.68734230522785e-05","1.05682932773565e-06"
"('ZA', 'Processing of meat cattle')","4.74662942176059e-05","2.78966297774854e-05","4.51106446067764e-05"
"('TR', 'P- and other fertiliser')","4.74124368114177e-05","1.58799024287879e-05","4.68579723604728e-05"
"('TR', 'Manufacture of tobacco products (16)')","4.7390496349784e-05","1.23997287025717e-05","4.71689156947108e-05"
"('AU', 'Re-processing of secondary steel into new steel')","4.73105429470988e-05","2.20867057096132e-05","4.63302251335754e-05"
"('FI', 'Air transport (62)')","4.72541659646472e-05","1.88070615860573e-05","4.68976136086931e-05"
"('ZA', 'Recreational, cultural and sporting activities (92)')","4.7170143710695e-05","3.35864316793431e-06","4.7170143710695e-05"
"('BR', 'Activities of membership organisation n.e.c. (91)')","4.71242771406066e-05","2.58031037530456e-05","4.71242771406066e-05"
"('MT', 'Sea and coastal water transport')","4.69229408818516e-05","1.88805739782392e-05","4.67539080843178e-05"
"('ZA', 'Processing of dairy products')","4.6838854080557e-05","3.78872417285511e-05","4.63262437261309e-05"
"('RO', 'Transport via railways')","4.67639705386966e-05","2.38232549541386e-05","4.51245187976382e-05"
"('PL', 'Sugar refining')","4.67635343365332e-05","3.66573736491233e-05","2.1892474145985e-05"
"('RO', 'Other service activities (93)')","4.66418986989944e-05","2.26728163712356e-05","4.66411907508489e-05"
"('IN', 'Poultry farming')","4.66129263661638e-05","1.91084928798177e-05","4.51648797940372e-05"
"('CZ', 'Production of electricity by biomass and waste')","4.65996067410336e-05","4.56000685121419e-05","2.57208652060919e-06"
"('US', 'Cultivation of sugar cane, sugar beet')","4.65968937576123e-05","2.85329861752576e-05","4.2071057225919e-05"
"('FI', 'Post and telecommunications (64)')","4.65916641655522e-05","3.98474991479436e-05","4.47386524849513e-05"
"('HU', 'Research and development (73)')","4.65712808463777e-05","2.41273127680373e-05","4.65366771634374e-05"
"('CZ', 'Collection, purification and distribution of water (41)')","4.6530149821452e-05","4.43332158598755e-05","1.2384791201365e-05"
"('FR', 'Manufacture of ceramic goods')","4.65161237635111e-05","2.77493389266012e-05","4.48619082865446e-05"
"('SI', 'Supporting and auxiliary transport activities; activities of travel agencies (63)')","4.65133654866052e-05","3.56024211931499e-05","4.63485005121828e-05"
"('ID', 'Production of electricity by biomass and waste')","4.65107954864369e-05","4.65091740870982e-05","9.55639098005023e-07"
"('WF', 'Pulp')","4.64668199434131e-05","3.31748668843405e-05","3.76302395913692e-05"
"('NO', 'Manufacture of wood and of products of wood and cork, except furniture; manufacture of articles of straw and plaiting materials (20)')","4.64639864939212e-05","2.51511178775999e-05","4.63612993877263e-05"
"('AU', 'Forestry, logging and related service activities (02)')","4.64056807380375e-05","3.68034525069298e-05","4.49390990895657e-05"
"('DK', 'Biogasification of sewage slugde, incl. land application')","4.62801723255741e-05","1.31883273223e-05","4.57622672341847e-05"
"('DK', 'Insurance and pension funding, except compulsory social security (66)')","4.58644555000194e-05","2.64663227660613e-05","4.14496973068909e-05"
"('GB', 'Cultivation of vegetables, fruit, nuts')","4.58611060990905e-05","2.67322908832423e-05","4.515492334822e-05"
"('WE', 'Health and social work (85)')","4.58366943230034e-05","9.1217159222494e-06","4.58366887990652e-05"
"('BE', 'Incineration of waste: Textiles')","4.58284246446987e-05","4.40655329488954e-05","5.13659715427173e-06"
"('HU', 'Pulp')","4.58261636435514e-05","2.41956501347705e-05","3.77135661434974e-05"
"('AU', 'Production of electricity by hydro')","4.56707113491797e-05","4.54114276977844e-05","6.85200103890382e-06"
"('RU', 'Private households with employed persons (95)')","4.56637700393565e-05","2.32055803241871e-05","4.56637700393565e-05"
"('LU', 'Processing of Food products nec')","4.56492580725682e-05","1.19894091397101e-05","4.56489627938715e-05"
"('AU', 'Copper production')","4.56059949032718e-05","2.36900358766824e-05","4.28928528237366e-05"
"('US', 'Landfill of waste: Plastic')","4.55352597313438e-05","4.12123904882714e-05","4.55352597313438e-05"
"('RU', 'Production of meat products nec')","4.55061446985937e-05","2.83315378602866e-05","3.75643675463661e-05"
"('DK', 'Manufacture of gas; distribution of gaseous fuels through mains')","4.54631872368912e-05","1.18250022995759e-05","4.44232570331376e-05"
"('SE', 'Manufacture of textiles (17)')","4.5301369592719e-05","1.85001567850898e-05","4.53004050762937e-05"
"('MX', 'Computer and related activities (72)')","4.52715279518143e-05","5.82760883430889e-06","4.52697473448078e-05"
"('RO', 'Plastics, basic')","4.5207577306007e-05","2.27995131921384e-05","4.50833592681583e-05"
"('AT', 'Mining of other non-ferrous metal ores and concentrates')","4.51401363838452e-05","3.89330996193454e-05","2.2305573596996e-05"
"('RO', 'Distribution and trade of electricity')","4.5091333125529e-05","2.71242935571975e-05","4.29398491723796e-05"
"('AT', 'Forestry, logging and related service activities (02)')","4.50561468085881e-05","3.87363211682146e-05","4.14993760845928e-05"
"('WE', 'Manufacture of other transport equipment (35)')","4.48870029962011e-05","3.62674110761264e-05","3.63640446285133e-05"
"('WE', 'Production of meat products nec')","4.48307699067175e-05","3.02347733923403e-05","3.58784912848482e-05"
"('ZA', 'Distribution and trade of electricity')","4.47850475168401e-05","4.18597604748817e-05","3.4690364065803e-05"
"('PL', 'Processing of meat cattle')","4.47777672149286e-05","2.43841177441822e-05","4.06262055268424e-05"
"('SI', 'Chemicals nec')","4.47552672616592e-05","3.36578843166455e-05","4.45818628968947e-05"
"('BE', 'Biogasification of food waste, incl. land application')","4.47312753960373e-05","4.3313909173122e-05","6.44025378439116e-06"
"('PL', 'Landfill of waste: Inert/metal/hazardous')","4.46782928278904e-05","1.22201101635518e-05","4.46779563622859e-05"
"('TW', 'Transport via railways')","4.46741139018096e-05","2.39846953202195e-05","3.86838297751558e-05"
"('GB', 'Manufacture of bricks, tiles and construction products, in baked clay')","4.45764963879352e-05","3.87407206785509e-05","1.83317702870975e-05"
"('DE', 'Cultivation of oil seeds')","4.45460803434874e-05","2.44649440463704e-05","4.21560607636032e-05"
"('BR', 'Production of electricity by nuclear')","4.45319338611233e-05","4.40044974977083e-05","6.6437915804157e-06"
"('SK', 'Aluminium production')","4.44904050629299e-05","2.20109827378161e-05","4.40373236239297e-05"
"('CZ', 'Activities auxiliary to financial intermediation (67)')","4.44550222006122e-05","3.39630032607621e-05","4.15256463954911e-05"
"('GR', 'Sale, maintenance, repair of motor vehicles, motor vehicles parts, motorcycles, motor cycles parts and accessoiries')","4.43415302977987e-05","3.4742972143771e-05","4.31463600551535e-05"
"('PL', 'N-fertiliser')","4.42236244974123e-05","4.21957695480517e-05","6.23929387734787e-06"
"('PL', 'Extraction of natural gas and services related to natural gas extraction, excluding surveying')","4.41560615094064e-05","3.8751271923901e-05","3.41250485522706e-05"
"('WF', 'Wool, silk-worm cocoons')","4.41390171291993e-05","4.22483414026274e-05","7.49933620813541e-06"
"('CH', 'Private households with employed persons (95)')","4.41274530680202e-05","2.86148628884487e-05","4.41274530680202e-05"
"('SE', 'Re-processing of secondary steel into new steel')","4.41181910135077e-05","2.74637607778344e-05","4.29994636861143e-05"
"('ID', 'Other non-ferrous metal production')","4.40870994300354e-05","3.83754869449938e-05","3.1614211391664e-05"
"('GR', 'Mining of precious metal ores and concentrates')","4.40764840560422e-05","4.34255824757851e-05","3.4105346184561e-06"
"('ES', 'Manufacture of bricks, tiles and construction products, in baked clay')","4.40761769789613e-05","3.85756138116096e-05","1.80512568711222e-05"
"('PT', 'Landfill of waste: Inert/metal/hazardous')","4.40551979840321e-05","2.56861255049529e-05","4.40551955496523e-05"
"('BR', 'Transmission of electricity')","4.40387596201665e-05","3.82429364734941e-05","1.46803988281465e-05"
"('GB', 'Cultivation of wheat')","4.39160627294354e-05","2.04364999603941e-05","4.02854966816923e-05"
"('ES', 'Cattle farming')","4.38067772850175e-05","1.33142392254044e-05","4.34656596669152e-05"
"('PL', 'Manufacture of other non-metallic mineral products n.e.c.')","4.3773150617169e-05","3.02910007959652e-05","3.9778266722175e-05"
"('FI', 'Manufacture of beverages')","4.37435394964281e-05","1.94356451705784e-05","4.31648833291638e-05"
"('BR', 'Private households with employed persons (95)')","4.36226114538512e-05","2.71394109362613e-05","4.36226114538512e-05"
"('ES', 'Poultry farming')","4.3516063481823e-05","2.03147117685554e-05","4.32717926566959e-05"
"('CA', 'Manufacture of coke oven products')","4.34970757457401e-05","4.12452042241821e-05","4.47727293059542e-06"
"('HU', 'Processing of dairy products')","4.34423460787287e-05","1.21838119215597e-05","4.33670208087524e-05"
"('MX', 'Extraction of natural gas and services related to natural gas extraction, excluding surveying')","4.33111852687071e-05","3.80382588894309e-05","3.72583029933062e-05"
"('CA', 'Mining of coal and lignite; extraction of peat (10)')","4.31775628994138e-05","3.43577337269066e-05","2.37607839500907e-05"
"('TW', 'Production of electricity by nuclear')","4.3047891784096e-05","4.29978046687695e-05","5.15365913809191e-06"
"('NO', 'Education (80)')","4.29469996381015e-05","1.29974851311595e-05","4.29468989504859e-05"
"('GR', 'Mining of aluminium ores and concentrates')","4.2927283545156e-05","4.27630472143652e-05","6.81232176612971e-07"
"('US', 'Cultivation of crops nec')","4.29139118653543e-05","2.82809500262398e-05","3.34942498759072e-05"
"('WE', 'Activities auxiliary to financial intermediation (67)')","4.27438564941078e-05","2.69687063981463e-05","4.20617736484502e-05"
"('SK', 'Processing of Food products nec')","4.26597988352599e-05","1.19924519154542e-05","4.26594073381275e-05"
"('RO', 'Manufacture of basic iron and steel and of ferro-alloys and first products thereof')","4.26498996801907e-05","2.56970788721915e-05","4.25362122467633e-05"
"('SI', 'Pulp')","4.261730981269e-05","1.23843411685348e-05","4.25966791944315e-05"
"('AU', 'Manufacture of medical, precision and optical instruments, watches and clocks (33)')","4.2569611835179e-05","2.87167811535142e-05","3.52268893521271e-05"
"('BG', 'Manufacture of beverages')","4.25570496951597e-05","1.84108756086734e-05","4.23206982707046e-05"
"('MT', 'Manufacture of motor vehicles, trailers and semi-trailers (34)')","4.25032657543112e-05","1.59783949104207e-05","4.25032565631278e-05"
"('PT', 'Production of electricity by gas')","4.24759146948317e-05","3.1433898322514e-05","2.42733644075917e-05"
"('WE', 'Insurance and pension funding, except compulsory social security (66)')","4.24567821965719e-05","2.14995836674679e-05","4.20467781490835e-05"
"('BR', 'Manufacture of medical, precision and optical instruments, watches and clocks (33)')","4.24275339761532e-05","2.65621496909209e-05","4.07461857655335e-05"
"('BR', 'Manufacture of tobacco products (16)')","4.24271207741192e-05","5.25617811442026e-06","4.24176453823028e-05"
"('LV', 'Manufacture of wood and of products of wood and cork, except furniture; manufacture of articles of straw and plaiting materials (20)')","4.23934575769551e-05","1.9519577114367e-05","4.21943266222537e-05"
"('SK', 'Manufacture of other transport equipment (35)')","4.23363346057696e-05","2.8938091652374e-05","2.57769564478128e-05"
"('WE', 'Manufacture of medical, precision and optical instruments, watches and clocks (33)')","4.22902855846026e-05","3.07256818942502e-05","3.60389863240687e-05"
"('CZ', 'Petroleum Refinery')","4.21545926012699e-05","1.5693197990222e-05","4.18693111073977e-05"
"('SK', 'Incineration of waste: Metals and Inert materials')","4.20185560601124e-05","2.77724515070484e-05","3.87432489997541e-05"
"('CZ', 'Copper production')","4.1998092520165e-05","1.63095986940536e-05","4.00913483199839e-05"
"('PT', 'Collection, purification and distribution of water (41)')","4.19956260234024e-05","4.02781058863481e-05","1.24583661791892e-05"
"('AU', 'Lead, zinc and tin production')","4.19665350045863e-05","2.58980082979122e-05","3.31159316538953e-05"
"('BE', 'Incineration of waste: Oil/Hazardous waste')","4.19488896115717e-05","2.42446971062846e-05","3.87297528295236e-05"
"('EE', 'Other business activities (74)')","4.1922293147875e-05","3.04229422575988e-05","4.19222587982591e-05"
"('SE', 'Activities of membership organisation n.e.c. (91)')","4.19020262426675e-05","1.44531658412807e-05","4.19020262426675e-05"
"('WE', 'Manufacture of radio, television and communication equipment and apparatus (32)')","4.18790405342573e-05","3.3333045381464e-05","4.18646062426382e-05"
"('PT', 'Manufacture of cement, lime and plaster')","4.17875123419827e-05","2.32367182707793e-05","4.15261622205143e-05"
"('FI', 'Manufacture of office machinery and computers (30)')","4.17435157530777e-05","2.20221968786157e-05","4.17422736524396e-05"
"('BE', 'Manufacture of other non-metallic mineral products n.e.c.')","4.17257428117069e-05","2.09090765006284e-05","3.96189229490957e-05"
"('RO', 'Raw milk')","4.17032143818748e-05","4.60434535277764e-06","4.16617903035266e-05"
"('LU', 'Hotels and restaurants (55)')","4.16849107675745e-05","2.11569189008094e-05","3.92893676868657e-05"
"('BE', 'Lead, zinc and tin production')","4.16018407551793e-05","2.07549165990039e-05","3.32091918714854e-05"
"('PL', 'Forestry, logging and related service activities (02)')","4.15873012138838e-05","3.38227359189343e-05","3.97889473892206e-05"
"('ES', 'Processing of meat cattle')","4.15726828635569e-05","2.32467078569469e-05","3.46746933977949e-05"
"('WE', 'Casting of metals')","4.15622718894299e-05","1.93647949501551e-05","4.09976392559777e-05"
"('WE', 'Fishing, operating of fish hatcheries and fish farms; service activities incidental to fishing (05)')","4.14969038236907e-05","2.39009542354999e-05","4.14094099536735e-05"
"('TR', 'Production of electricity by wind')","4.14872303122828e-05","4.1264759174269e-05","6.67249028278114e-06"
"('SK', 'Manufacture of beverages')","4.14840105814833e-05","2.00196783562727e-05","3.77365151269922e-05"
"('HU', 'Health and social work (85)')","4.14628353225622e-05","7.50449037255681e-06","4.14628353223296e-05"
"('FI', 'Incineration of waste: Oil/Hazardous waste')","4.14236949735558e-05","3.20636243054409e-05","2.53575004096003e-05"
"('PL', 'Biogasification of sewage slugde, incl. land application')","4.13999428651451e-05","2.20304452962402e-05","3.95540163593605e-05"
"('FI', 'Research and development (73)')","4.13331732929634e-05","1.69561387470992e-05","4.13230709090108e-05"
"('HR', 'Processing of Food products nec')","4.12822056108028e-05","1.5155303017139e-05","4.12754225132006e-05"
"('JP', 'Mining of iron ores')","4.1045714041361e-05","4.01401885404088e-05","3.32019923668657e-06"
"('FI', 'Insurance and pension funding, except compulsory social security (66)')","4.10125942326303e-05","1.75100642443716e-05","3.9345598472355e-05"
"('HU', 'Steam and hot water supply')","4.08500635790777e-05","2.99649544557209e-05","1.97741804675802e-05"
"('LU', 'Retail trade, except of motor vehicles and motorcycles; repair of personal and household goods (52)')","4.07980540640521e-05","1.77656694401572e-05","4.07864784953426e-05"
"('HU', 'Aluminium production')","4.07138993527677e-05","1.93343482090891e-05","4.04295916070147e-05"
"('TR', 'Inland water transport')","4.06385202892543e-05","3.97727399197921e-05","8.58264818820878e-06"
"('BE', 'Waste water treatment, other')","4.06356790611137e-05","3.51420521349161e-05","1.45284690725001e-05"
"('MX', 'Retail sale of automotive fuel')","4.05935376698022e-05","3.80777804185927e-05","6.08110402487513e-06"
"('WE', 'Production of electricity by nuclear')","4.04865587242977e-05","3.99663277673821e-05","1.160477994866e-05"
"('NL', 'Incineration of waste: Wood')","4.04799117159023e-05","3.22676624646568e-05","2.11376446345801e-05"
"('SE', 'Aluminium production')","4.04742284121458e-05","2.52965856392896e-05","3.92282309333148e-05"
"('RO', 'Manufacture of textiles (17)')","4.04131183257843e-05","2.21893658574621e-05","4.04123716061899e-05"
"('NO', 'Re-processing of secondary steel into new steel')","4.04115429579024e-05","2.09536691012155e-05","3.99438884598173e-05"
"('GR', 'Supporting and auxiliary transport activities; activities of travel agencies (63)')","4.03498933719619e-05","3.40295687491688e-05","3.96569517492252e-05"
"('NO', 'Manufacture of textiles (17)')","4.03489095026967e-05","1.64303552145967e-05","4.03484872260833e-05"
"('WE', 'Production of electricity by coal')","4.03361988295423e-05","2.43134520869684e-05","3.0135441095526e-05"
"('JP', 'Manufacture of tobacco products (16)')","4.03089321045326e-05","9.25810049505111e-06","3.37165611367806e-05"
"('HU', 'Manufacture of wearing apparel; dressing and dyeing of fur (18)')","4.03013798842066e-05","1.85311981471089e-05","4.02924874310964e-05"
"('DK', 'Recreational, cultural and sporting activities (92)')","4.01967129866167e-05","2.09578126147214e-05","4.01706388026538e-05"
"('FI', 'Copper production')","4.01826238711446e-05","2.37186226139548e-05","3.83408610396813e-05"
"('ES', 'Private households with employed persons (95)')","4.01563964615519e-05","3.96421458204463e-05","4.01563964615519e-05"
"('NL', 'Cattle farming')","4.01137569394208e-05","2.1024337278113e-05","3.94040216332756e-05"
"('SK', 'Financial intermediation, except insurance and pension funding (65)')","4.00914771391146e-05","2.39958127604507e-05","3.99486485180353e-05"
"('CZ', 'Composting of food waste, incl. land application')","4.00091269073524e-05","2.26396172377421e-05","3.94167136182806e-05"
"('PL', 'Manufacture of coke oven products')","3.99771666509538e-05","3.36532694706774e-05","1.70680522586051e-05"
"('TR', 'Retail sale of automotive fuel')","3.99403374645998e-05","3.74070347580499e-05","8.93175071250127e-06"
"('FR', 'Landfill of waste: Plastic')","3.9928182160058e-05","2.96506979919099e-05","3.9928182160058e-05"
"('PT', 'Transmission of electricity')","3.98023208205027e-05","2.8034672197383e-05","2.07924831029794e-05"
"('CA', 'Production of electricity by petroleum and other oil derivatives')","3.97733660032392e-05","3.8324283314407e-05","2.63862797062811e-06"
"('CH', 'Manufacture of other non-metallic mineral products n.e.c.')","3.97163889012304e-05","2.02872459602029e-05","3.88436860005329e-05"
"('PL', 'Manufacture of ceramic goods')","3.96795009051762e-05","2.12694847482579e-05","3.75606781965115e-05"
"('PT', 'Landfill of waste: Paper')","3.96460215907488e-05","2.28333556172887e-05","3.96456806048646e-05"
"('CZ', 'Education (80)')","3.96061304628884e-05","1.25251794871803e-05","3.95542934947723e-05"
"('WF', 'Production of electricity by wind')","3.95227831826134e-05","3.79405071896172e-05","6.60330954677654e-06"
"('AT', 'Manufacture of other non-metallic mineral products n.e.c.')","3.94624439534355e-05","2.58672643541972e-05","3.65707128097637e-05"
"('TR', 'Casting of metals')","3.94222785893951e-05","1.78338047128925e-05","3.93040020641097e-05"
"('HU', 'Education (80)')","3.91260645690237e-05","1.28338160720434e-05","3.91257815483387e-05"
"('KR', 'Poultry farming')","3.904521286581e-05","2.24104591977409e-05","3.87654566728329e-05"
"('BG', 'P- and other fertiliser')","3.90131495118892e-05","2.01615960084431e-05","3.88099903157344e-05"
"('CZ', 'Landfill of waste: Wood')","3.88701167778069e-05","2.55829889350637e-05","3.02801765863045e-05"
"('LU', 'Manufacture of gas; distribution of gaseous fuels through mains')","3.8742481171138e-05","2.65135421054583e-05","3.51850321593279e-05"
"('SE', 'Steam and hot water supply')","3.86697235251447e-05","3.24682996459753e-05","1.35404447834706e-05"
"('PL', 'Other service activities (93)')","3.85998164328933e-05","1.59399942216969e-05","3.85995718283223e-05"
"('GR', 'Manufacture of cement, lime and plaster')","3.85970529218949e-05","2.69142899447215e-05","3.5715601176533e-05"
"('DK', 'Production of electricity by wind')","3.85077119298956e-05","3.83672820904192e-05","5.92404626326144e-06"
"('AT', 'Production of electricity by gas')","3.84475581084397e-05","2.7314365505106e-05","2.10038662396882e-05"
"('AU', 'Manufacture of other non-metallic mineral products n.e.c.')","3.84426512133376e-05","2.21055934982023e-05","3.67204844515436e-05"
"('IT', 'Fishing, operating of fish hatcheries and fish farms; service activities incidental to fishing (05)')","3.84330188935912e-05","1.9610016386872e-05","3.84246068441347e-05"
"('KR', 'Mining of precious metal ores and concentrates')","3.84139284303833e-05","3.51374471137124e-05","7.27260123453014e-06"
"('IN', 'Production of meat products nec')","3.84080992085259e-05","2.33591646876939e-05","2.98658317852459e-05"
"('NL', 'Biogasification of sewage slugde, incl. land application')","3.83927290226803e-05","2.07834675785928e-05","3.61766885725681e-05"
"('PT', 'Manufacture of other transport equipment (35)')","3.8332032820312e-05","1.9026332202822e-05","3.64639635785235e-05"
"('WE', 'Distribution and trade of electricity')","3.83079969922613e-05","3.36295425258963e-05","2.92803239599432e-05"
"('BG', 'Production of electricity by coal')","3.82458574205658e-05","1.99462453987667e-05","3.46009067258904e-05"
"('MX', 'Recreational, cultural and sporting activities (92)')","3.82345635836439e-05","1.13474903111659e-05","3.82276170745996e-05"
"('NL', 'Manufacture of basic iron and steel and of ferro-alloys and first products thereof')","3.82057205144705e-05","1.63084667026393e-05","3.81032148706523e-05"
"('GR', 'Health and social work (85)')","3.81148402796892e-05","4.30440960833641e-06","3.8114840279605e-05"
"('IT', 'Production of meat products nec')","3.80794940009355e-05","2.50188023785931e-05","3.20165585256304e-05"
"('DK', 'Extraction of natural gas and services related to natural gas extraction, excluding surveying')","3.80193509259563e-05","2.17518636613268e-05","3.69803576139133e-05"
"('BG', 'Sale, maintenance, repair of motor vehicles, motor vehicles parts, motorcycles, motor cycles parts and accessoiries')","3.78979149673362e-05","2.36567476280063e-05","3.73854120532522e-05"
"('TW', 'Mining of precious metal ores and concentrates')","3.78342735797374e-05","3.51906565003413e-05","9.8694707742034e-06"
"('HU', 'Re-processing of secondary steel into new steel')","3.76946803341943e-05","1.92409715152958e-05","2.91246184346192e-05"
"('NL', 'Manufacture of fish products')","3.76422789715475e-05","1.86472359553627e-05","3.59870886221721e-05"
"('WF', 'Lead, zinc and tin production')","3.76291527242824e-05","2.49045485597299e-05","2.74525127601704e-05"
"('HU', 'Extraction of natural gas and services related to natural gas extraction, excluding surveying')","3.75527049752659e-05","1.8772647691649e-05","3.70185384848282e-05"
"('WE', 'Education (80)')","3.73081525378684e-05","1.11063974623843e-05","3.72971183516827e-05"
"('IT', 'Processing vegetable oils and fats')","3.72891513227307e-05","2.33729031856434e-05","2.83957589667142e-05"
"('ES', 'Cultivation of wheat')","3.72608133287881e-05","2.55188364563791e-05","3.37634494371479e-05"
"('BR', 'Extraction of natural gas and services related to natural gas extraction, excluding surveying')","3.72607846164617e-05","3.11498802438688e-05","3.02385170145606e-05"
"('ID', 'Production of electricity by hydro')","3.72519251847551e-05","3.63971804551417e-05","1.00016680904711e-05"
"('US', 'Cultivation of paddy rice')","3.71149767798524e-05","2.82552832522232e-05","2.77637482489873e-05"
"('RO', 'Research and development (73)')","3.70637228701678e-05","2.04269633819803e-05","3.70052700175658e-05"
"('MX', 'Processing of meat poultry')","3.70356941925628e-05","1.67839413053888e-06","3.70356941761529e-05"
"('CZ', 'Processing of nuclear fuel')","3.70282019950132e-05","7.68351277959546e-06","3.22619120619568e-05"
"('BE', 'Composting of food waste, incl. land application')","3.70114761800934e-05","1.88026498786933e-05","3.59296939881778e-05"
"('CZ', 'Raw milk')","3.69343102890371e-05","2.09477361070886e-05","3.68879521761995e-05"
"('PL', 'Waste water treatment, food')","3.6900331677395e-05","1.93933568551956e-05","2.75680688932673e-05"
"('HU', 'Manufacture of cement, lime and plaster')","3.67864240392029e-05","1.83793101583478e-05","3.66145935050934e-05"
"('GR', 'Mining of nickel ores and concentrates')","3.66494105093616e-05","2.02344540135611e-07","3.66494105093616e-05"
"('CH', 'Other service activities (93)')","3.66431708744443e-05","2.21120969489592e-05","3.66266567879018e-05"
"('AT', 'Processing of meat cattle')","3.66090257011713e-05","1.97604113287784e-05","3.34896747112938e-05"
"('TW', 'Cultivation of paddy rice')","3.65983752424249e-05","1.61070719850727e-05","3.56334417409255e-05"
"('GR', 'Activities auxiliary to financial intermediation (67)')","3.65608016208894e-05","2.48106668912935e-05","3.64976106972814e-05"
"('WE', 'Meat animals nec')","3.65281197928516e-05","1.89061331513071e-05","2.81207581004806e-05"
"('PT', 'Waste water treatment, other')","3.64752081291304e-05","2.81594945623534e-05","2.60449952897945e-05"
"('BG', 'Cultivation of wheat')","3.63730725000313e-05","1.59143854184571e-05","3.48015917567912e-05"
"('IE', 'Collection, purification and distribution of water (41)')","3.63364340504624e-05","3.63364340504624e-05","3.95204209499426e-06"
"('PT', 'Landfill of waste: Textiles')","3.63224087271176e-05","3.46449049318352e-05","5.53228313152125e-06"
"('ZA', 'Manufacture of cement, lime and plaster')","3.63103702899623e-05","2.25680298580663e-05","3.6019620906683e-05"
"('NO', 'Composting of food waste, incl. land application')","3.63047660003123e-05","1.33272554578544e-05","3.60568265624669e-05"
"('CZ', 'Forestry, logging and related service activities (02)')","3.61477764451296e-05","2.05440257061149e-05","3.60017142104624e-05"
"('MX', 'Cultivation of sugar cane, sugar beet')","3.61104959092055e-05","1.35965533042744e-05","3.28028296053767e-05"
"('MX', 'Other service activities (93)')","3.60683555414776e-05","4.03677783345688e-06","3.60683555414776e-05"
"('HR', 'Real estate activities (70)')","3.59744892199816e-05","2.60963320658079e-05","3.59436994110449e-05"
"('GR', 'Publishing, printing and reproduction of recorded media (22)')","3.59474594328292e-05","1.85613342903375e-05","3.59474302644533e-05"
"('SI', 'Other business activities (74)')","3.59434057298638e-05","2.40276642684868e-05","3.59434053574149e-05"
"('SE', 'Incineration of waste: Wood')","3.58103941348611e-05","2.24814819553206e-05","2.53516497275975e-05"
"('AT', 'Re-processing of secondary steel into new steel')","3.5796338168076e-05","1.54840913666308e-05","3.54587476351314e-05"
"('TW', 'P- and other fertiliser')","3.57177000799053e-05","1.28025531368836e-05","3.54549393892854e-05"
"('TR', 'Mining of coal and lignite; extraction of peat (10)')","3.57118875685611e-05","2.47774641646557e-05","3.46666357635089e-05"
"('SI', 'Retail trade, except of motor vehicles and motorcycles; repair of personal and household goods (52)')","3.55639384229223e-05","1.73927543501654e-05","3.55630053890606e-05"
"('TR', 'Cultivation of oil seeds')","3.55327762895451e-05","3.12289387091555e-05","2.75140510130564e-05"
"('LV', 'Real estate activities (70)')","3.55279424074291e-05","2.15673847045864e-05","3.55273494255828e-05"
"('RO', 'P- and other fertiliser')","3.54629111045051e-05","1.48579633988982e-05","3.50572154785756e-05"
"('SK', 'Public administration and defence; compulsory social security (75)')","3.53348640820017e-05","1.54272408003806e-05","3.51015250248813e-05"
"('DK', 'Activities of membership organisation n.e.c. (91)')","3.52781940272937e-05","1.78633608814475e-05","3.52781940272937e-05"
"('CA', 'Tanning and dressing of leather; manufacture of luggage, handbags, saddlery, harness and footwear (19)')","3.52537673590175e-05","1.44358281915169e-05","3.52284447067136e-05"
"('CH', 'P- and other fertiliser')","3.52145177057627e-05","1.71500902791886e-05","3.4966152889847e-05"
"('LU', 'Manufacture of motor vehicles, trailers and semi-trailers (34)')","3.51628452672286e-05","9.19282223045235e-06","3.51628452473023e-05"
"('BR', 'Forestry, logging and related service activities (02)')","3.51479308029584e-05","3.04540668573055e-05","3.34499042995003e-05"
"('SK', 'Renting of machinery and equipment without operator and of personal and household goods (71)')","3.50122198425368e-05","2.74952665267258e-05","3.41045663801535e-05"
"('SK', 'Transport via pipelines')","3.50035766381034e-05","2.66221754930318e-05","2.24926789152939e-05"
"('GR', 'Manufacture of motor vehicles, trailers and semi-trailers (34)')","3.49500345922938e-05","1.80514340674662e-05","3.49500345261842e-05"
"('HU', 'Manufacture of other transport equipment (35)')","3.49230573877335e-05","1.39603719845256e-05","3.45116001785057e-05"
"('AU', 'Production of electricity by biomass and waste')","3.4850408619558e-05","3.45912768652791e-05","6.98229389165112e-07"
"('MT', 'Hotels and restaurants (55)')","3.48058058706531e-05","1.00533150222864e-05","3.48013471850542e-05"
"('HR', 'Other business activities (74)')","3.46848063440221e-05","2.15659962588304e-05","3.46848063440127e-05"
"('NO', 'Recreational, cultural and sporting activities (92)')","3.4661844135172e-05","1.64612640596443e-05","3.46501217043406e-05"
"('CZ', 'Transmission of electricity')","3.46336554321732e-05","2.85569868027295e-05","1.98993476976397e-05"
"('DK', 'Pulp')","3.45024778235768e-05","1.90259041315696e-05","3.23248202695681e-05"
"('PT', 'Chemicals nec')","3.44882945462002e-05","1.72414024295994e-05","3.4424615995758e-05"
"('ZA', 'Other service activities (93)')","3.4480880972831e-05","1.76591366095637e-05","3.44725738924362e-05"
"('GR', 'Manufacture of office machinery and computers (30)')","3.44266745840095e-05","1.69529261210748e-05","3.44265874096355e-05"
"('PL', 'P- and other fertiliser')","3.43607894926045e-05","2.12964668743502e-05","3.23651678019807e-05"
"('RU', 'Production of electricity by petroleum and other oil derivatives')","3.4314307532619e-05","3.24303069564268e-05","4.57750651316398e-06"
"('WE', 'Manufacture of other non-metallic mineral products n.e.c.')","3.4309180905855e-05","1.63190939998237e-05","3.41220783563151e-05"
"('RU', 'Processing of meat cattle')","3.42070675570464e-05","1.87967144824069e-05","2.6984309083467e-05"
"('NO', 'Incineration of waste: Oil/Hazardous waste')","3.42038634993168e-05","1.33062821944402e-05","3.41811966370415e-05"
"('PL', 'Copper production')","3.4185932926661e-05","1.33346653425121e-05","3.30930636383363e-05"
"('MX', 'Processing of dairy products')","3.41103240833295e-05","1.3080500689132e-05","3.39686510133179e-05"
"('IE', 'Aluminium production')","3.40995861879504e-05","2.63234035558633e-05","3.26316279117696e-05"
"('CZ', 'Recreational, cultural and sporting activities (92)')","3.40677857833489e-05","1.59773534662996e-05","3.40646862819476e-05"
"('IE', 'Sale, maintenance, repair of motor vehicles, motor vehicles parts, motorcycles, motor cycles parts and accessoiries')","3.39896773018631e-05","1.576366742272e-05","3.288978573487e-05"
"('WE', 'Manufacture of glass and glass products')","3.38627688182801e-05","1.97873398277456e-05","3.36590596408501e-05"
"('GR', 'Manufacture of fabricated metal products, except machinery and equipment (28)')","3.38148328091623e-05","1.42107151608284e-05","3.3814717850005e-05"
"('SI', 'Public administration and defence; compulsory social security (75)')","3.37963579615584e-05","1.34424489019338e-05","3.37579060291707e-05"
"('SE', 'Activities auxiliary to financial intermediation (67)')","3.37712779907832e-05","2.78622952862908e-05","3.06383538933976e-05"
"('ID', 'Forestry, logging and related service activities (02)')","3.37197083918087e-05","3.0638297690313e-05","3.12087793631186e-05"
"('IE', 'Production of electricity by wind')","3.37187451081698e-05","3.35122989548564e-05","7.63945196018299e-06"
"('ZA', 'Poultry farming')","3.3645956121179e-05","1.56171644814752e-05","3.33110657804983e-05"
"('AT', 'Processing of meat pigs')","3.35252350494033e-05","1.05233881173885e-05","3.23796899635352e-05"
"('PT', 'Activities auxiliary to financial intermediation (67)')","3.3499573836253e-05","2.50239707089137e-05","3.28175739666323e-05"
"('SE', 'Lead, zinc and tin production')","3.34799872259623e-05","2.49611202530316e-05","2.42503036084562e-05"
"('ES', 'Incineration of waste: Wood')","3.32973435589105e-05","2.38433551271002e-05","1.88806067459502e-05"
"('SI', 'Financial intermediation, except insurance and pension funding (65)')","3.32826108320898e-05","2.38862233309827e-05","3.32715421431537e-05"
"('GB', 'Production of electricity by hydro')","3.32395704601523e-05","3.22414654316783e-05","6.21049946433029e-06"
"('HU', 'Poultry farming')","3.32305294920397e-05","1.49716587310695e-05","3.3150819226631e-05"
"('PL', 'Production of electricity by gas')","3.32263187699618e-05","3.01178644888117e-05","1.62403221415107e-05"
"('NO', 'Processing of dairy products')","3.31958471350525e-05","1.67062942879561e-05","3.30389144290995e-05"
"('LU', 'Transport via railways')","3.31715812682843e-05","1.88034765167545e-05","3.06539569637931e-05"
"('BG', 'Distribution and trade of electricity')","3.31268897704643e-05","1.11784380946799e-05","3.20668759683922e-05"
"('AT', 'Research and development (73)')","3.30909902778528e-05","2.2248848523519e-05","2.98991445124608e-05"
"('BE', 'Production of electricity by solar photovoltaic')","3.28957111631909e-05","3.26219172133849e-05","3.27139973083375e-06"
"('BE', 'Cultivation of vegetables, fruit, nuts')","3.28781934877938e-05","2.2014065193915e-05","3.26038514822748e-05"
"('TW', 'Other non-ferrous metal production')","3.28550930780494e-05","2.35483881160513e-05","3.21964364171951e-05"
"('SI', 'Computer and related activities (72)')","3.28502740453623e-05","2.42679901721056e-05","3.28486351497484e-05"
"('HR', 'Supporting and auxiliary transport activities; activities of travel agencies (63)')","3.28074247704542e-05","1.93990317520673e-05","3.28073434857277e-05"
"('SK', 'Production of electricity by nuclear')","3.2665466250324e-05","2.54995492265727e-05","1.91308038326734e-05"
"('PL', 'Cattle farming')","3.26042400359986e-05","1.50483106116021e-05","3.25147343809445e-05"
"('PT', 'Landfill of waste: Wood')","3.25487035430569e-05","2.98182183755072e-05","1.05090158737037e-05"
"('HU', 'Insurance and pension funding, except compulsory social security (66)')","3.25103323166711e-05","1.75223333562249e-05","3.20332308693739e-05"
"('HR', 'Extraction of crude petroleum and services related to crude oil extraction, excluding surveying')","3.24994052231207e-05","1.94417009532157e-05","3.24930644190456e-05"
"('NO', 'Insurance and pension funding, except compulsory social security (66)')","3.24897389193907e-05","2.32623932969667e-05","2.96961959489897e-05"
"('SE', 'Incineration of waste: Oil/Hazardous waste')","3.24888294860815e-05","1.8393913282488e-05","2.67993595123262e-05"
"('TR', 'Manufacture of coke oven products')","3.24087719858235e-05","1.77860912640503e-05","2.80529192092048e-05"
"('GR', 'Manufacture of beverages')","3.23911886774355e-05","1.57383647290541e-05","3.1759251991785e-05"
"('PT', 'Research and development (73)')","3.23112640298927e-05","1.84096787450595e-05","3.23015627019546e-05"
"('DK', 'Incineration of waste: Oil/Hazardous waste')","3.229528102051e-05","1.02464817956272e-05","3.22922697169803e-05"
"('BG', 'Manufacture of cement, lime and plaster')","3.22912568952816e-05","1.90729970577378e-05","3.220258586327e-05"
"('AT', 'Manufacture of bricks, tiles and construction products, in baked clay')","3.2287349137986e-05","2.80190567865618e-05","1.18767914554757e-05"
"('IE', 'Production of electricity by gas')","3.22116653281292e-05","2.59505624204024e-05","1.90150745823513e-05"
"('NO', 'Landfill of waste: Inert/metal/hazardous')","3.21681147536735e-05","1.17776602213099e-05","3.21681145283025e-05"
"('GR', 'Computer and related activities (72)')","3.21395709362655e-05","1.78996727537107e-05","3.21207188637562e-05"
"('DK', 'Manufacture of beverages')","3.21317849977667e-05","1.4982977875526e-05","3.19003379552683e-05"
"('AT', 'Manufacture of other transport equipment (35)')","3.21160601534865e-05","1.95603480631512e-05","2.65916980541518e-05"
"('WF', 'Other non-ferrous metal production')","3.20171629753004e-05","2.37071386303237e-05","2.63310618124256e-05"
"('CA', 'Precious metals production')","3.18701219188079e-05","1.30732971189793e-05","3.14171059329814e-05"
"('MX', 'Production of electricity by wind')","3.18646463900011e-05","3.16105796414077e-05","3.48832076166582e-06"
"('CZ', 'Manufacture of cement, lime and plaster')","3.18080476499623e-05","1.82986805999759e-05","3.0787557323067e-05"
"('WA', 'Forestry, logging and related service activities (02)')","3.16795362339136e-05","2.89790381860064e-05","2.52341035324534e-05"
"('LT', 'Quarrying of stone')","3.1675889502027e-05","2.78755930257624e-05","2.24155351355348e-05"
"('PT', 'Casting of metals')","3.15719598052243e-05","1.44779142562222e-05","3.15225764942072e-05"
"('LV', 'Financial intermediation, except insurance and pension funding (65)')","3.14675483801102e-05","1.60178239804224e-05","3.14618027186747e-05"
"('ZA', 'Manufacture of ceramic goods')","3.14269772161219e-05","2.21315703422801e-05","2.96354264720634e-05"
"('SK', 'Waste water treatment, other')","3.1277157324273e-05","2.21115567774881e-05","2.70412167985981e-05"
"('KR', 'N-fertiliser')","3.12710168654855e-05","2.97551980339243e-05","3.11055350833275e-06"
"('ES', 'Landfill of waste: Plastic')","3.12665057185914e-05","1.16167313596799e-05","3.12665057185914e-05"
"('SK', 'Manufacture of cement, lime and plaster')","3.11325170693272e-05","1.54501240760895e-05","3.07407931503307e-05"
"('GB', 'Manufacture of other non-metallic mineral products n.e.c.')","3.11016077214351e-05","2.0149259809814e-05","3.04172170191148e-05"
"('CY', 'Supporting and auxiliary transport activities; activities of travel agencies (63)')","3.1010361108036e-05","7.78634345627324e-06","3.10103262646202e-05"
"('ZA', 'Processing of meat poultry')","3.09284716908565e-05","1.08884055114241e-05","3.08507179814693e-05"
"('FI', 'Recycling of waste and scrap')","3.09032313420194e-05","3.0402690500466e-05","2.37442754070272e-06"
"('LT', 'Computer and related activities (72)')","3.08983532800288e-05","2.17155331303339e-05","3.08971670053914e-05"
"('GR', 'Processing of dairy products')","3.08215104958565e-05","9.58121066844584e-06","3.07644033987014e-05"
"('CZ', 'Cultivation of wheat')","3.07922472245876e-05","1.39311793823875e-05","2.99400297845779e-05"
"('WF', 'Mining of coal and lignite; extraction of peat (10)')","3.07694468658751e-05","2.36714532235442e-05","1.97401780062707e-05"
"('LV', 'Air transport (62)')","3.07545196016109e-05","1.18021663685229e-05","3.07529687001637e-05"
"('WL', 'Cultivation of plant-based fibers')","3.07350782881566e-05","2.48875057891894e-05","2.04595315050342e-05"
"('PT', 'Production of electricity by wind')","3.06821344325329e-05","2.85045533496235e-05","9.72916678347863e-06"
"('CZ', 'Mining of coal and lignite; extraction of peat (10)')","3.05524369215974e-05","1.69205198038642e-05","2.83177544329295e-05"
"('SE', 'Casting of metals')","3.05414875959696e-05","1.57840843999225e-05","3.04502126074995e-05"
"('PT', 'Manufacture of fish products')","3.05162418105608e-05","1.53821569268167e-05","3.0361732458423e-05"
"('PT', 'Tanning and dressing of leather; manufacture of luggage, handbags, saddlery, harness and footwear (19)')","3.04898308615793e-05","1.17147655689135e-05","3.04664335964255e-05"
"('DK', 'Waste water treatment, food')","3.04890608162868e-05","2.37368945622718e-05","2.07468859526032e-05"
"('SK', 'Pulp')","3.04222142521009e-05","1.27548428324324e-05","3.00044907726333e-05"
"('RO', 'Copper production')","3.03352513963499e-05","1.76248051598742e-05","2.96491290438288e-05"
"('SI', 'Real estate activities (70)')","3.02531436685787e-05","2.4053564274352e-05","3.02393575015919e-05"
"('CZ', 'Incineration of waste: Plastic')","3.02167636836208e-05","2.40674970944467e-05","1.64889320788383e-05"
"('HU', 'Manufacture of textiles (17)')","3.01719633052523e-05","1.07067830700665e-05","3.01719530814271e-05"
"('CY', 'Wholesale trade and commission trade, except of motor vehicles and motorcycles (51)')","2.9997268192062e-05","1.35115827519689e-05","2.99940984314435e-05"
"('ID', 'Manufacture of other non-metallic mineral products n.e.c.')","2.99954786266437e-05","1.93202224958783e-05","2.98405891226269e-05"
"('SI', 'Hotels and restaurants (55)')","2.99817156287848e-05","1.13845866957571e-05","2.99606843267084e-05"
"('DK', 'Aluminium production')","2.99717019737726e-05","1.88385552294356e-05","2.9425143046108e-05"
"('ZA', 'Sale, maintenance, repair of motor vehicles, motor vehicles parts, motorcycles, motor cycles parts and accessoiries')","2.99691502107728e-05","1.15704386431211e-05","2.94953543456096e-05"
"('RO', 'Cultivation of oil seeds')","2.99605194301506e-05","1.50474170092274e-05","2.93815044637281e-05"
"('RO', 'Manufacture of wearing apparel; dressing and dyeing of fur (18)')","2.99552060811717e-05","1.23925414498136e-05","2.99484575076537e-05"
"('DK', 'Collection, purification and distribution of water (41)')","2.99396123427229e-05","2.83499941587015e-05","8.98827155958242e-06"
"('CZ', 'Manufacture of furniture; manufacturing n.e.c. (36)')","2.99081376469631e-05","1.02960127657741e-05","2.97736663896887e-05"
"('NO', 'Processing of meat cattle')","2.98797935557112e-05","3.36500702939483e-06","2.98797913467251e-05"
"('HR', 'Manufacture of rubber and plastic products (25)')","2.98410278256544e-05","1.38620201003056e-05","2.98408389908181e-05"
"('AU', 'Tanning and dressing of leather; manufacture of luggage, handbags, saddlery, harness and footwear (19)')","2.98193505720498e-05","1.91586331677312e-05","2.98128337236889e-05"
"('RO', 'Recreational, cultural and sporting activities (92)')","2.98184118911008e-05","2.10120328247067e-05","2.97062753335517e-05"
"('TW', 'Distribution and trade of electricity')","2.97822978465121e-05","2.87370124406058e-05","1.87658465596138e-05"
"('SI', 'Aluminium production')","2.97507867524893e-05","1.66579126302071e-05","2.9484919712763e-05"
"('WM', 'Forestry, logging and related service activities (02)')","2.96774994434839e-05","2.38158660028388e-05","2.7368589089764e-05"
"('PT', 'Processing of meat pigs')","2.96575821463928e-05","8.99149101327296e-06","2.94818081037066e-05"
"('EE', 'Manufacture of wood and of products of wood and cork, except furniture; manufacture of articles of straw and plaiting materials (20)')","2.95777343902905e-05","1.57676162419786e-05","2.95150777003364e-05"
"('BE', 'Raw milk')","2.95616457952528e-05","1.42021332355128e-05","2.93976932724769e-05"
"('SE', 'Manufacture of furniture; manufacturing n.e.c. (36)')","2.9543720479111e-05","2.61968915565695e-05","2.11362147053454e-05"
"('ES', 'Fishing, operating of fish hatcheries and fish farms; service activities incidental to fishing (05)')","2.95422948277815e-05","1.63337890392037e-05","2.93374455160346e-05"
"('IE', 'Manufacture of fish products')","2.95348446544845e-05","2.22548413743899e-05","2.69273797930577e-05"
"('IT', 'Landfill of waste: Plastic')","2.9465491873094e-05","2.10059849881011e-05","2.9465491873094e-05"
"('AU', 'Distribution and trade of electricity')","2.94340655663244e-05","3.45180242026578e-06","2.93146743731325e-05"
"('DK', 'Landfill of waste: Inert/metal/hazardous')","2.94288343903809e-05","7.77893247818951e-06","2.94288343903536e-05"
"('BR', 'Extraction, liquefaction, and regasification of other petroleum and gaseous materials')","2.93373355403823e-05","1.95146062723833e-05","1.66289443737291e-05"
"('BE', 'Sugar refining')","2.92707744797399e-05","1.72481271559832e-05","1.8403066084491e-05"
"('SK', 'Hotels and restaurants (55)')","2.92265539159844e-05","1.14676563128498e-05","2.91592975849639e-05"
"('IT', 'Forestry, logging and related service activities (02)')","2.92215303548924e-05","2.44095500559306e-05","2.7463699378954e-05"
"('WE', 'Inland water transport')","2.92184821325793e-05","2.65711561798525e-05","9.04069787583725e-06"
"('SK', 'Manufacture of textiles (17)')","2.91716782252177e-05","1.42354491033143e-05","2.91715752146021e-05"
"('DK', 'Incineration of waste: Plastic')","2.91069642803125e-05","1.73638293229702e-05","1.89829969009981e-05"
"('MX', 'Animal products nec')","2.90547740748684e-05","1.10476493072725e-05","2.53388378102844e-05"
"('SK', 'Manufacture of wood and of products of wood and cork, except furniture; manufacture of articles of straw and plaiting materials (20)')","2.90162796453073e-05","1.13111420110073e-05","2.89982291360762e-05"
"('BE', 'Other service activities (93)')","2.89432884893098e-05","1.15012571345319e-05","2.88993975152439e-05"
"('LU', 'Manufacture of tobacco products (16)')","2.88628658413833e-05","1.41757848414829e-05","2.21107176319249e-05"
"('NO', 'Activities of membership organisation n.e.c. (91)')","2.88579074849999e-05","1.03343333179322e-05","2.88579074849999e-05"
"('RO', 'Air transport (62)')","2.88155780444886e-05","1.08391457669516e-05","2.85103666405817e-05"
"('TR', 'Public administration and defence; compulsory social security (75)')","2.86757170879332e-05","1.12038575634674e-05","2.65281669734337e-05"
"('AT', 'Production of electricity by wind')","2.86670907197487e-05","2.7650453670392e-05","5.73534782990209e-06"
"('CY', 'Hotels and restaurants (55)')","2.85580855941402e-05","1.16891919844789e-05","2.84778727121733e-05"
"('GR', 'Education (80)')","2.8530480177567e-05","9.0725196285645e-06","2.85300123887436e-05"
"('HU', 'Casting of metals')","2.85062011346927e-05","9.39673114191203e-06","2.8477604220237e-05"
"('DK', 'Incineration of waste: Textiles')","2.85000263309378e-05","1.28704798834682e-05","2.12811094577825e-05"
"('RU', 'Processing of meat poultry')","2.8498372836468e-05","1.09782815316959e-05","2.42070756855363e-05"
"('EE', 'Real estate activities (70)')","2.84402793832968e-05","2.10168317426221e-05","2.8418600804908e-05"
"('ES', 'Pulp')","2.84072172767893e-05","1.74136355158918e-05","2.40391430169443e-05"
"('GR', 'Raw milk')","2.84057614593441e-05","1.05601883649889e-05","2.8405353203905e-05"
"('PT', 'Biogasification of food waste, incl. land application')","2.83761101304961e-05","2.74552631456657e-05","5.89386128817909e-06"
"('MX', 'Cultivation of wheat')","2.83711164450876e-05","1.70636067820026e-05","2.52015472455795e-05"
"('EE', 'Computer and related activities (72)')","2.83580496562373e-05","1.9795387934316e-05","2.82850706570704e-05"
"('PL', 'Poultry farming')","2.83506457083462e-05","1.44195379318018e-05","2.81882377029314e-05"
"('RO', 'Production of electricity by hydro')","2.8344989668535e-05","2.37027680703247e-05","1.83740346009112e-05"
"('GR', 'Plastics, basic')","2.83341007437666e-05","1.46591308441159e-05","2.80620546178011e-05"
"('WE', 'Transmission of electricity')","2.83238757369442e-05","2.325104780287e-05","1.54731753841501e-05"
"('IE', 'Publishing, printing and reproduction of recorded media (22)')","2.82667816798765e-05","2.73372727137834e-05","2.82640665245075e-05"
"('IN', 'Cattle farming')","2.81911056655129e-05","2.38478926297075e-05","2.56406005294185e-05"
"('ZA', 'Sea and coastal water transport')","2.81886380102922e-05","2.32505436532698e-05","2.55069847745622e-05"
"('GR', 'Manufacture of textiles (17)')","2.81134880922786e-05","1.46829026229711e-05","2.81071020797403e-05"
"('SE', 'Fishing, operating of fish hatcheries and fish farms; service activities incidental to fishing (05)')","2.80937535619426e-05","2.38157618691627e-05","2.78468662336017e-05"
"('TW', 'Activities of membership organisation n.e.c. (91)')","2.80888895143807e-05","9.58030096323928e-06","2.80433845248917e-05"
"('PT', 'Cattle farming')","2.80862074582198e-05","9.5857548838678e-06","2.80602766864475e-05"
"('ZA', 'Manufacture of office machinery and computers (30)')","2.8064648424513e-05","1.41387956443611e-05","2.80643313921078e-05"
"('IE', 'Manufacture of beverages')","2.80393850099983e-05","2.16996369154508e-05","2.16835590813087e-05"
"('GB', 'Cultivation of cereal grains nec')","2.79895251090674e-05","2.00838236073354e-05","2.59876489173698e-05"
"('GR', 'Manufacture of wearing apparel; dressing and dyeing of fur (18)')","2.7950029305944e-05","8.83975043183161e-06","2.79487318542566e-05"
"('RO', 'Waste water treatment, other')","2.78428986943237e-05","6.08869468197089e-06","2.65997462108233e-05"
"('HU', 'Pigs farming')","2.78114618776727e-05","1.26528519000268e-05","2.77994894993145e-05"
"('RO', 'Cultivation of wheat')","2.77280930171618e-05","2.30218154583406e-05","2.56341077566845e-05"
"('LT', 'Public administration and defence; compulsory social security (75)')","2.76852681434112e-05","6.93454027211573e-06","2.76824022144209e-05"
"('GR', 'Re-processing of secondary steel into new steel')","2.76661023277858e-05","1.81531391136794e-05","2.74111878831439e-05"
"('MX', 'Production of electricity by solar photovoltaic')","2.7579463791765e-05","2.74822614923421e-05","1.43915066598433e-06"
"('RU', 'Casting of metals')","2.75521559329284e-05","2.06543578107147e-05","2.400109008609e-05"
"('LU', 'Manufacture of machinery and equipment n.e.c. (29)')","2.74637387100927e-05","1.04359846272976e-05","2.74636282481045e-05"
"('LU', 'Processing of dairy products')","2.74103659193935e-05","8.44792497588615e-06","2.73809208864485e-05"
"('TR', 'Fishing, operating of fish hatcheries and fish farms; service activities incidental to fishing (05)')","2.73722535828911e-05","1.26957770954085e-05","2.73318302588766e-05"
"('HU', 'Cultivation of vegetables, fruit, nuts')","2.73287508747552e-05","1.56354394738816e-05","2.72717701026028e-05"
"('ZA', 'Private households with employed persons (95)')","2.72725081616028e-05","5.03127817394468e-06","2.72725081616028e-05"
"('ZA', 'Cattle farming')","2.72541920508269e-05","1.2284078684927e-05","2.70154840124725e-05"
"('NL', 'Processing of meat poultry')","2.71114127973333e-05","2.24673101360456e-05","1.96095588910601e-05"
"('SI', 'Air transport (62)')","2.71083457427943e-05","1.4049146375812e-05","2.69464411049971e-05"
"('PT', 'Activities of membership organisation n.e.c. (91)')","2.71071581705325e-05","1.083463847496e-05","2.71071581705325e-05"
"('NO', 'Manufacture of beverages')","2.71051475689014e-05","8.06589152726318e-06","2.71046086082055e-05"
"('LU', 'Re-processing of secondary steel into new steel')","2.69647388454285e-05","1.06409923844484e-05","2.69565073803288e-05"
"('HR', 'Air transport (62)')","2.68799287817111e-05","1.08991482620998e-05","2.66162496051451e-05"
"('SK', 'Insurance and pension funding, except compulsory social security (66)')","2.68568236563911e-05","1.17530732513281e-05","2.66620711428419e-05"
"('FI', 'Lead, zinc and tin production')","2.67488250025872e-05","1.59056315978168e-05","2.24162615419136e-05"
"('SK', 'Composting of food waste, incl. land application')","2.672813555101e-05","1.80520248496136e-05","2.672813555101e-05"
"('AU', 'Pigs farming')","2.67050839909343e-05","1.91898934754297e-05","2.62830322493283e-05"
"('FI', 'Raw milk')","2.67044308505898e-05","1.86121170271371e-05","2.66814399524291e-05"
"('CZ', 'Lead, zinc and tin production')","2.6701436154755e-05","1.63152388403686e-05","2.09147252052674e-05"
"('RO', 'Incineration of waste: Metals and Inert materials')","2.66374724854134e-05","4.45999679074698e-06","2.6562626548538e-05"
"('SE', 'Composting of food waste, incl. land application')","2.64763463224279e-05","1.43680186576069e-05","2.52797968462225e-05"
"('GR', 'Aluminium production')","2.64587838615165e-05","1.32202742922814e-05","2.63473956135646e-05"
"('IE', 'Manufacture of textiles (17)')","2.64045136667465e-05","2.07092648440875e-05","2.63992920338073e-05"
"('MT', 'Wholesale trade and commission trade, except of motor vehicles and motorcycles (51)')","2.63334210464538e-05","1.64814794015491e-05","2.63332335782183e-05"
"('LT', 'Retail trade, except of motor vehicles and motorcycles; repair of personal and household goods (52)')","2.62563074992909e-05","1.26988303498397e-05","2.62344937977686e-05"
"('ID', 'Aluminium production')","2.62065780059859e-05","2.07172810017369e-05","2.49158923566356e-05"
"('SK', 'Processing of dairy products')","2.61741152285029e-05","6.98477652271576e-06","2.60284525070724e-05"
"('BE', 'Manufacture of furniture; manufacturing n.e.c. (36)')","2.61442701566012e-05","1.33481842227779e-05","2.26089624106823e-05"
"('BE', 'Other non-ferrous metal production')","2.61407643060586e-05","1.40464752094753e-05","2.21078896473207e-05"
"('GB', 'Production of electricity by coal')","2.61130972328529e-05","2.21110570017941e-05","9.15266637243289e-06"
"('SE', 'Other service activities (93)')","2.6095593609182e-05","1.00488596009834e-05","2.60955920435075e-05"
"('CH', 'Manufacture of other transport equipment (35)')","2.60722030186191e-05","1.48836424565052e-05","2.2782977940075e-05"
"('DK', 'Private households with employed persons (95)')","2.60590858933776e-05","2.57910538615518e-05","2.60590858933776e-05"
"('TW', 'Precious metals production')","2.60531897527139e-05","2.26285532024367e-05","2.23553198789896e-05"
"('TW', 'Lead, zinc and tin production')","2.60421531962732e-05","2.16904040378561e-05","1.80122283219151e-05"
"('PT', 'Education (80)')","2.60390406792711e-05","1.04145645125312e-05","2.60180244812726e-05"
"('SK', 'Biogasification of sewage slugde, incl. land application')","2.60221646261939e-05","1.77478984106127e-05","2.60221646261939e-05"
"('LU', 'Recreational, cultural and sporting activities (92)')","2.59754417928889e-05","1.14426867970949e-05","2.59699460152625e-05"
"('NO', 'Manufacture of office machinery and computers (30)')","2.59250824553161e-05","5.42526924039205e-06","2.59250758762221e-05"
"('RU', 'Cultivation of sugar cane, sugar beet')","2.5901013097991e-05","2.03657018240417e-05","1.98247858814071e-05"
"('CY', 'Sea and coastal water transport')","2.58852169517573e-05","1.25047292895477e-05","2.50571659575107e-05"
"('SI', 'Re-processing of secondary steel into new steel')","2.5836734779343e-05","1.33274535616875e-05","2.57336796828176e-05"
"('HU', 'Processing of meat pigs')","2.58341226862316e-05","7.37790482069713e-06","2.57307195322118e-05"
"('CZ', 'Poultry farming')","2.57639910128961e-05","3.89414944766934e-06","2.57629885579209e-05"
"('HR', 'Health and social work (85)')","2.5738915330909e-05","6.81225130035956e-06","2.5738915330909e-05"
"('DK', 'Paper')","2.56582501940419e-05","7.72487675701178e-06","2.55814361399064e-05"
"('FI', 'Production of electricity by biomass and waste')","2.55440625583893e-05","2.49797652168543e-05","1.68332857417827e-06"
"('RO', 'Re-processing of secondary steel into new steel')","2.54477113772732e-05","1.25217536239282e-05","2.53955910746619e-05"
"('RO', 'Post and telecommunications (64)')","2.5431584003816e-05","1.74153257033341e-05","2.53200350416938e-05"
"('MX', 'Manufacture of tobacco products (16)')","2.53826751561202e-05","1.27775703197619e-05","1.96228252420718e-05"
"('GR', 'Air transport (62)')","2.53760339239168e-05","9.75099039657489e-06","2.51595438247179e-05"
"('BG', 'Chemicals nec')","2.53756783960409e-05","9.96212581088157e-06","2.53666388237449e-05"
"('DK', 'Incineration of waste: Wood')","2.53712787020699e-05","6.4777826453551e-06","2.53707709432906e-05"
"('GB', 'Manufacture of ceramic goods')","2.53597791647872e-05","1.49991815176617e-05","2.41182352137697e-05"
"('LU', 'Manufacture of fabricated metal products, except machinery and equipment (28)')","2.53266474737004e-05","1.20877197188442e-05","2.5326640155831e-05"
"('WE', 'Manufacture of ceramic goods')","2.53151739534186e-05","1.23918179604388e-05","2.29494735314658e-05"
"('AT', 'Cultivation of vegetables, fruit, nuts')","2.52502359354812e-05","1.87346311943484e-05","2.50172055926395e-05"
"('RO', 'Lead, zinc and tin production')","2.51794547022008e-05","1.50432235051969e-05","2.51794172217001e-05"
"('RO', 'Production of electricity by nuclear')","2.50582126592511e-05","2.28159675727638e-05","1.25121473026041e-05"
"('WE', 'Pulp')","2.50554724901931e-05","1.79128228777152e-05","2.15824778966979e-05"
"('SK', 'Sale, maintenance, repair of motor vehicles, motor vehicles parts, motorcycles, motor cycles parts and accessoiries')","2.50352189947265e-05","1.69759805336683e-05","2.48221422646044e-05"
"('BE', 'Processing of meat poultry')","2.50115669954983e-05","1.50488735796253e-05","2.28408605453823e-05"
"('NO', 'Pulp')","2.49688669174584e-05","1.11444580195185e-05","2.44056866512623e-05"
"('NO', 'Production of electricity by wind')","2.49686360560616e-05","2.46280902277082e-05","4.31912964000681e-06"
"('GR', 'Manufacture of furniture; manufacturing n.e.c. (36)')","2.49472974895265e-05","1.21155241386337e-05","2.39971948262713e-05"
"('FI', 'Transport via pipelines')","2.49401265343554e-05","1.93674346195315e-05","1.76200766714845e-05"
"('WF', 'Processed rice')","2.49049123687413e-05","1.73632603332158e-05","1.65805629595086e-05"
"('FI', 'Production of electricity by nuclear')","2.47778283871934e-05","2.41950518902442e-05","1.04792432112109e-05"
"('HR', 'Manufacture of fabricated metal products, except machinery and equipment (28)')","2.47006994072822e-05","1.33060907803053e-05","2.47006975276605e-05"
"('ZA', 'Manufacture of fish products')","2.46825454535697e-05","7.64108768663887e-06","2.44920996792794e-05"
"('HU', 'Recreational, cultural and sporting activities (92)')","2.46405063244487e-05","1.07374612340302e-05","2.46177468590889e-05"
"('ES', 'Mining of other non-ferrous metal ores and concentrates')","2.46353504303665e-05","2.37692061115773e-05","3.94435215148929e-06"
"('AT', 'Activities auxiliary to financial intermediation (67)')","2.46079616406903e-05","1.79122507066442e-05","2.30672840243815e-05"
"('HU', 'Tanning and dressing of leather; manufacture of luggage, handbags, saddlery, harness and footwear (19)')","2.45983246181899e-05","9.46360805025417e-06","2.45937929127135e-05"
"('WM', 'Manufacture of basic iron and steel and of ferro-alloys and first products thereof')","2.45907877060748e-05","1.80753445551819e-05","2.42823812565547e-05"
"('TR', 'Animal products nec')","2.45699486592319e-05","2.27834178570805e-05","6.13548293659095e-06"
"('BG', 'Transmission of electricity')","2.45553645576936e-05","2.09854630720523e-05","2.02687136218243e-05"
"('LT', 'Real estate activities (70)')","2.45347333042537e-05","1.67183214291569e-05","2.44326111488965e-05"
"('RO', 'Manufacture of other transport equipment (35)')","2.45069028959207e-05","1.10855437106504e-05","2.42700608634651e-05"
"('ZA', 'Manufacture of tobacco products (16)')","2.44187556479255e-05","1.40300752764135e-05","2.43999328859948e-05"
"('LV', 'Computer and related activities (72)')","2.44000441892397e-05","1.57891447816381e-05","2.43528564756065e-05"
"('LV', 'Forestry, logging and related service activities (02)')","2.43131074708226e-05","1.75796967499488e-05","2.40444895059542e-05"
"('PL', 'Casting of metals')","2.43051340374903e-05","1.18990623163066e-05","2.40601665236694e-05"
"('HU', 'Manufacture of gas; distribution of gaseous fuels through mains')","2.42388602385237e-05","1.60737274110496e-05","2.29864075253942e-05"
"('HU', 'Cultivation of oil seeds')","2.42322724301425e-05","1.34044698228648e-05","2.37968021526139e-05"
"('PL', 'Landfill of waste: Paper')","2.4215189198042e-05","6.28109855322362e-06","2.4215189198042e-05"
"('ZA', 'Manufacture of radio, television and communication equipment and apparatus (32)')","2.41257991017536e-05","1.88818449790092e-05","2.41141628747731e-05"
"('WE', 'Private households with employed persons (95)')","2.40737948509369e-05","7.70002115566192e-06","2.40737948509369e-05"
"('HU', 'Production of electricity by nuclear')","2.40629661612768e-05","2.17804854759818e-05","1.41312253775915e-05"
"('BR', 'Casting of metals')","2.40583156573084e-05","1.48723977099066e-05","1.8935788056646e-05"
"('SK', 'Landfill of waste: Paper')","2.39863359013954e-05","1.66535857274083e-05","2.39863359013954e-05"
"('BG', 'Cultivation of oil seeds')","2.39805421682386e-05","1.36503051135655e-05","2.33543220201294e-05"
"('FI', 'Manufacture of gas; distribution of gaseous fuels through mains')","2.39421771026635e-05","5.70982260903067e-06","2.38378107849649e-05"
"('DE', 'Processing of meat poultry')","2.39231503241892e-05","2.20795533277539e-05","1.22937917812105e-05"
"('FI', 'Landfill of waste: Inert/metal/hazardous')","2.39152514689624e-05","1.50234007179414e-05","2.39141539450724e-05"
"('RO', 'Landfill of waste: Food')","2.38983142691369e-05","5.60502948019081e-06","2.2904502070331e-05"
"('FI', 'Activities of membership organisation n.e.c. (91)')","2.3891534084012e-05","4.94099154364921e-06","2.3891534084012e-05"
"('RO', 'Aluminium production')","2.38768541635772e-05","1.24858300364811e-05","2.35862043939461e-05"
"('EE', 'Manufacture of fabricated metal products, except machinery and equipment (28)')","2.38695210061208e-05","1.98664765966185e-05","2.3865010374407e-05"
"('ID', 'Lead, zinc and tin production')","2.38671040625512e-05","1.71555811654596e-05","1.95403784823563e-05"
"('NO', 'Processing of meat pigs')","2.38518125493909e-05","8.35745556679576e-06","2.38488853690125e-05"
"('HR', 'Chemicals nec')","2.38366639756577e-05","1.0590275944687e-05","2.38359788117189e-05"
"('NO', 'Landfill of waste: Textiles')","2.3771424653198e-05","2.32555505131363e-05","3.21098673086764e-06"
"('ZA', 'Manufacture of glass and glass products')","2.3769673780047e-05","1.56722594266796e-05","2.31533132328995e-05"
"('BG', 'Manufacture of textiles (17)')","2.37278596568286e-05","1.00996081688792e-05","2.37271266196237e-05"
"('NO', 'Manufacture of other non-metallic mineral products n.e.c.')","2.37134444169814e-05","1.57466073212401e-05","2.30644800418947e-05"
"('CZ', 'Steam and hot water supply')","2.36565911668822e-05","1.87425590435269e-05","9.44911624112647e-06"
"('LV', 'Manufacture of gas; distribution of gaseous fuels through mains')","2.35677215155388e-05","1.54616334191856e-05","2.35052645892309e-05"
"('RO', 'Transmission of electricity')","2.3549261969619e-05","1.64054486981282e-05","1.85890706112714e-05"
"('CH', 'Manufacture of wearing apparel; dressing and dyeing of fur (18)')","2.3452313424608e-05","7.93498568398246e-06","2.34523108669334e-05"
"('CZ', 'Pulp')","2.33981187671567e-05","1.04164915041662e-05","2.30010316343906e-05"
"('AT', 'Manufacture of wearing apparel; dressing and dyeing of fur (18)')","2.33891679178404e-05","9.49792243902505e-06","2.33890110821137e-05"
"('LV', 'Other business activities (74)')","2.32653289903919e-05","1.39634849499e-05","2.32653289903919e-05"
"('GB', 'Meat animals nec')","2.32309569205892e-05","2.13999731461866e-05","1.10538755847253e-05"
"('RO', 'Renting of machinery and equipment without operator and of personal and household goods (71)')","2.32215689191298e-05","1.61214083129475e-05","2.27695251539229e-05"
"('AT', 'Raw milk')","2.32048479937707e-05","1.72914339055147e-05","2.26791146239949e-05"
"('TW', 'Processing vegetable oils and fats')","2.31912616119651e-05","1.27114090984267e-05","2.16036195609738e-05"
"('TR', 'Activities of membership organisation n.e.c. (91)')","2.31404269235244e-05","1.4232652386518e-05","2.31404269235244e-05"
"('FR', 'Inland water transport')","2.31362650209323e-05","1.34004891081932e-05","1.76382368871521e-05"
"('BE', 'Manufacture of fish products')","2.31274908550904e-05","1.09221022285693e-05","2.25851803679711e-05"
"('PT', 'Post and telecommunications (64)')","2.30457087096071e-05","1.8808293249072e-05","2.24443756878442e-05"
"('TR', 'Cultivation of sugar cane, sugar beet')","2.3021120716337e-05","2.21130302581833e-05","1.06363474132868e-05"
"('WE', 'Other non-ferrous metal production')","2.30170087645405e-05","1.48983035813491e-05","2.04995538502754e-05"
"('SE', 'Raw milk')","2.29723242908109e-05","1.79802266026455e-05","2.27580733487287e-05"
"('LT', 'Financial intermediation, except insurance and pension funding (65)')","2.29710376319112e-05","1.43979227308984e-05","2.29647245574101e-05"
"('PT', 'Pulp')","2.28927696859514e-05","1.11450612376272e-05","2.23019576792861e-05"
"('CY', 'Computer and related activities (72)')","2.28851293928387e-05","8.99337572682455e-06","2.28827361626649e-05"
"('IE', 'Recreational, cultural and sporting activities (92)')","2.28801312290518e-05","2.08280897995101e-05","2.27973447848824e-05"
"('LU', 'Real estate activities (70)')","2.28701861852644e-05","1.80946721728591e-05","2.27174933405419e-05"
"('WE', 'Recreational, cultural and sporting activities (92)')","2.28660441556842e-05","1.66310987340011e-05","2.28356270955892e-05"
"('TW', 'Manufacture of ceramic goods')","2.28295895335549e-05","6.28188918115413e-06","2.2363430692471e-05"
"('RO', 'Activities of membership organisation n.e.c. (91)')","2.27465373785318e-05","3.41840663982618e-06","2.27465373785318e-05"
"('ZA', 'Manufacture of other transport equipment (35)')","2.27114913195194e-05","4.04767756803388e-06","2.26691634369768e-05"
"('TR', 'Mining of other non-ferrous metal ores and concentrates')","2.268307529729e-05","2.24031356856768e-05","1.80363981861127e-06"
"('DK', 'Incineration of waste: Metals and Inert materials')","2.26731192904341e-05","1.48808864388892e-05","1.97759064930312e-05"
"('PT', 'Recreational, cultural and sporting activities (92)')","2.26230870162012e-05","1.16664533669749e-05","2.26230870162012e-05"
"('DK', 'Processing of meat cattle')","2.25248815413532e-05","1.13107243365652e-05","2.0517732958733e-05"
"('HU', 'Processing of meat poultry')","2.2496447336699e-05","7.00920276578036e-06","2.20291788494467e-05"
"('IE', 'Pigs farming')","2.24767674965289e-05","1.40511845379526e-05","2.1686066889138e-05"
"('RO', 'Production of electricity by coal')","2.24590498302236e-05","1.2294264344776e-05","2.06474727854289e-05"
"('BG', 'Manufacture of wearing apparel; dressing and dyeing of fur (18)')","2.24539682322273e-05","7.28563604219316e-06","2.24512776614895e-05"
"('CZ', 'Manufacture of other non-metallic mineral products n.e.c.')","2.23690704376978e-05","1.43957957371366e-05","2.16022854814425e-05"
"('LT', 'Transport via railways')","2.23547420063752e-05","1.39053461863806e-05","1.93138576902082e-05"
"('RO', 'Processing of dairy products')","2.23339092090884e-05","6.32763104534652e-06","2.23131803485111e-05"
"('AT', 'Cattle farming')","2.23067592007005e-05","8.89184631368848e-06","2.22806871186463e-05"
"('SK', 'Quarrying of stone')","2.22963436565954e-05","1.4238202898444e-05","1.73381143798034e-05"
"('PT', 'Incineration of waste: Plastic')","2.22360464964884e-05","1.94962774577117e-05","9.92318564869347e-06"
"('IE', 'Distribution and trade of electricity')","2.22307342812948e-05","2.11687192971449e-05","1.4939934152001e-05"
"('LV', 'Manufacture of office machinery and computers (30)')","2.22019795809108e-05","1.28399146898045e-05","2.22018854525573e-05"
"('HU', 'Waste water treatment, other')","2.21597477309848e-05","1.91043658882258e-05","9.3939349958629e-06"
"('PT', 'Quarrying of sand and clay')","2.21504745885527e-05","1.59064291228734e-05","1.72680694461592e-05"
"('NL', 'Cultivation of sugar cane, sugar beet')","2.21249895573247e-05","1.27607010552114e-05","1.60817005797103e-05"
"('FI', 'Publishing, printing and reproduction of recorded media (22)')","2.20829159186677e-05","1.3945512587599e-05","2.20829159186677e-05"
"('GR', 'Manufacture of rubber and plastic products (25)')","2.20531573773212e-05","1.12459491301691e-05","2.20521509020355e-05"
"('CZ', 'Manufacture of ceramic goods')","2.20009435443152e-05","1.20431285907914e-05","1.94404216276827e-05"
"('DK', 'Waste water treatment, other')","2.1970634173108e-05","1.07659291057126e-05","1.97809928017416e-05"
"('EE', 'Sea and coastal water transport')","2.18618640609962e-05","8.54030243882134e-06","2.17089682641158e-05"
"('TR', 'Production of electricity by solar photovoltaic')","2.18459193259722e-05","2.16800827249626e-05","3.20200037742623e-06"
"('BE', 'Casting of metals')","2.18135038972057e-05","9.70931989065585e-06","2.17015472197077e-05"
"('GR', 'Insurance and pension funding, except compulsory social security (66)')","2.17866853187658e-05","7.72549181535974e-06","2.17485877468489e-05"
"('TR', 'Other service activities (93)')","2.17677840489018e-05","1.53691729492471e-05","2.17591440552644e-05"
"('SE', 'Processing of meat cattle')","2.17648128812932e-05","7.14778584300127e-06","2.14059199780604e-05"
"('CZ', 'Cultivation of cereal grains nec')","2.17604328261211e-05","1.35196267501404e-05","2.14710819869098e-05"
"('CA', 'Manufacture of tobacco products (16)')","2.16938654974108e-05","5.16273400636496e-06","1.94522904783345e-05"
"('PL', 'Manufacture of bricks, tiles and construction products, in baked clay')","2.16325527760315e-05","1.45248334028768e-05","1.40508512059507e-05"
"('GB', 'Poultry farming')","2.16265023344386e-05","8.46058180564325e-06","2.15529235290179e-05"
"('PT', 'Pigs farming')","2.16176878658184e-05","1.0417150282806e-05","2.16175926787631e-05"
"('NL', 'Tanning and dressing of leather; manufacture of luggage, handbags, saddlery, harness and footwear (19)')","2.15126326149221e-05","6.8439334785294e-06","2.14819631778848e-05"
"('NO', 'Transmission of electricity')","2.14928972917893e-05","2.11595945863112e-05","7.78296984668899e-06"
"('SE', 'Biogasification of sewage slugde, incl. land application')","2.14796365161338e-05","1.29004161070627e-05","1.9971950100863e-05"
"('AU', 'Manufacture of glass and glass products')","2.14733954950557e-05","1.19996010554198e-05","2.08718975731178e-05"
"('MX', 'Production of electricity by hydro')","2.14505780180543e-05","2.11606048983664e-05","4.87282631600659e-06"
"('HU', 'Raw milk')","2.14433883864019e-05","1.08241468548817e-05","2.13202306444181e-05"
"('TR', 'Recreational, cultural and sporting activities (92)')","2.14319925768501e-05","1.88566040513933e-05","2.14105605839346e-05"
"('FI', 'Steam and hot water supply')","2.14160696800155e-05","1.86614230317674e-05","7.26691041659709e-06"
"('FI', 'Distribution and trade of electricity')","2.14126232373705e-05","1.79958430464598e-05","1.93334353115682e-05"
"('NO', 'Manufacture of glass and glass products')","2.14076630287989e-05","1.70716423898681e-05","1.98588988429281e-05"
"('IE', 'Production of meat products nec')","2.14013121368217e-05","1.11276349916238e-05","1.86897911288221e-05"
"('NL', 'Steam and hot water supply')","2.13958387854983e-05","2.72780994460282e-08","2.13910905030953e-05"
"('KR', 'Cultivation of oil seeds')","2.13884533319895e-05","1.57807952743903e-05","1.69832546858779e-05"
"('FR', 'Cultivation of sugar cane, sugar beet')","2.13711138060946e-05","1.29953758734658e-05","1.93178858647212e-05"
"('SK', 'Casting of metals')","2.13344353290264e-05","3.3897407251787e-06","2.13141054205347e-05"
"('WE', 'Mining of nickel ores and concentrates')","2.12939554618584e-05","1.92551150709496e-05","3.55424867950785e-06"
"('SK', 'Manufacture of basic iron and steel and of ferro-alloys and first products thereof')","2.12760664910205e-05","9.48212312825413e-06","2.12721464426489e-05"
"('GR', 'Manufacture of wood and of products of wood and cork, except furniture; manufacture of articles of straw and plaiting materials (20)')","2.12322788551112e-05","7.97778546518611e-06","2.12322297166866e-05"
"('AT', 'Lead, zinc and tin production')","2.1158893557705e-05","1.03731364024377e-05","1.80874488995058e-05"
"('GR', 'Transport via railways')","2.1154594943708e-05","1.93646517620391e-05","1.98324454745149e-05"
"('BG', 'Manufacture of wood and of products of wood and cork, except furniture; manufacture of articles of straw and plaiting materials (20)')","2.10869717872628e-05","7.57750163858131e-06","2.10863807178196e-05"
"('IN', 'Other non-ferrous metal production')","2.10316302175796e-05","1.14475494703443e-05","1.72366727858955e-05"
"('SK', 'Waste water treatment, food')","2.10301247915689e-05","1.62124319032411e-05","1.68722657080745e-05"
"('BG', 'Air transport (62)')","2.09664293556579e-05","6.85919807262417e-06","1.9996392369587e-05"
"('MX', 'Cultivation of crops nec')","2.09318733788339e-05","1.78701035193466e-05","1.6127160483137e-05"
"('TW', 'Mining of other non-ferrous metal ores and concentrates')","2.09247797164041e-05","1.90824221663624e-05","3.77860412303162e-06"
"('AU', 'Quarrying of sand and clay')","2.08802620426181e-05","1.94014116805336e-05","4.28773727200362e-06"
"('NO', 'Collection, purification and distribution of water (41)')","2.08243557408505e-05","1.43512927107071e-05","1.00461550905781e-05"
"('PL', 'Incineration of waste: Oil/Hazardous waste')","2.08222855951976e-05","1.48809369397227e-05","1.59995959097712e-05"
"('DK', 'Manufacture of glass and glass products')","2.08123827088132e-05","1.41262666712185e-05","1.9893853586213e-05"
"('NO', 'Paper')","2.077717756607e-05","1.01332792230183e-05","2.07543420958326e-05"
"('HR', 'Manufacture of machinery and equipment n.e.c. (29)')","2.07659273633723e-05","7.24696407675451e-06","2.07658993296063e-05"
"('ZA', 'Transmission of electricity')","2.07602391679755e-05","1.92597459439415e-05","1.14968529660185e-05"
"('AT', 'Extraction of crude petroleum and services related to crude oil extraction, excluding surveying')","2.07460030930006e-05","1.72277458685707e-05","1.97680703197718e-05"
"('AT', 'Tanning and dressing of leather; manufacture of luggage, handbags, saddlery, harness and footwear (19)')","2.06873958978713e-05","8.50655761539916e-06","2.06871619472828e-05"
"('TR', 'Production of electricity by biomass and waste')","2.06182821397541e-05","2.052617810678e-05","7.25414576794395e-07"
"('RO', 'Paper')","2.05884406319133e-05","1.18055072480176e-05","2.0563552815605e-05"
"('CY', 'Retail trade, except of motor vehicles and motorcycles; repair of personal and household goods (52)')","2.0545392886652e-05","1.17503612730177e-05","2.05253267504202e-05"
"('BR', 'Precious metals production')","2.050222421003e-05","1.13684775265595e-05","1.87741442068886e-05"
"('ES', 'Production of meat products nec')","2.04793640416582e-05","9.7483571314892e-06","1.89925281736318e-05"
"('NO', 'Waste water treatment, other')","2.0381659977669e-05","1.02662786466136e-05","1.72534016993912e-05"
"('AU', 'Processing of meat pigs')","2.03312365912106e-05","5.29736629645457e-06","1.96042597142386e-05"
"('WE', 'Retail sale of automotive fuel')","2.03277758040459e-05","1.04945138522161e-05","1.63560341201503e-05"
"('CH', 'Transmission of electricity')","2.0310066752476e-05","1.27758015376476e-05","1.41955091167952e-05"
"('SI', 'Casting of metals')","2.02679551946505e-05","8.31376627482632e-06","2.02632910307303e-05"
"('MX', 'Production of meat products nec')","2.02292975413845e-05","1.61972483114456e-05","1.43481260175519e-05"
"('HU', 'Cultivation of wheat')","2.02142813697903e-05","1.31489478557018e-05","1.91406678725311e-05"
"('HR', 'Processing of dairy products')","2.0105884902933e-05","1.1310493965217e-05","2.00874498610761e-05"
"('FI', 'Recreational, cultural and sporting activities (92)')","2.00921810683632e-05","9.07287426913981e-06","2.00920297567808e-05"
"('FI', 'Manufacture of textiles (17)')","2.00812582753797e-05","7.39985868532827e-06","2.00812288745846e-05"
"('CZ', 'Manufacture of wearing apparel; dressing and dyeing of fur (18)')","2.00651578164531e-05","8.20537727310006e-06","2.00640223740988e-05"
"('RO', 'Insurance and pension funding, except compulsory social security (66)')","1.99867705651409e-05","7.52632404467767e-06","1.99656050500797e-05"
"('EE', 'Air transport (62)')","1.99602990581657e-05","6.64522623727558e-06","1.99423075797938e-05"
"('LV', 'Retail trade, except of motor vehicles and motorcycles; repair of personal and household goods (52)')","1.98943043523509e-05","9.2227592151366e-06","1.98701035061396e-05"
"('JP', 'Steam and hot water supply')","1.98857694695757e-05","1.94582407746467e-05","1.00078098622241e-06"
"('ID', 'Production of meat products nec')","1.9876612896606e-05","1.44651184628719e-05","1.90082713345702e-05"
"('FI', 'Extraction, liquefaction, and regasification of other petroleum and gaseous materials')","1.98505498192949e-05","1.12395314902944e-05","1.60324905576426e-05"
"('SI', 'Transport via railways')","1.98210905450896e-05","1.50009981381431e-05","1.93603980517845e-05"
"('CY', 'Other business activities (74)')","1.9810104356596e-05","1.57311296897121e-05","1.9810003824128e-05"
"('HU', 'Landfill of waste: Food')","1.97902401264589e-05","1.36183225548728e-05","1.74653024139316e-05"
"('IE', 'Pulp')","1.97864373357063e-05","1.62146761936845e-05","1.65472198825308e-05"
"('SK', 'Distribution and trade of electricity')","1.97861109311058e-05","1.13350571309722e-05","1.8718573788123e-05"
"('FI', 'Manufacture of glass and glass products')","1.97842052035672e-05","1.26933383334613e-05","1.85936993426246e-05"
"('RO', 'Transport via pipelines')","1.97372801347077e-05","6.51359103152849e-06","1.85332214331687e-05"
"('SK', 'Lead, zinc and tin production')","1.97051980287392e-05","1.14126998247473e-05","1.79289226706489e-05"
"('HR', 'Computer and related activities (72)')","1.96235228090181e-05","8.76016586870668e-06","1.96229582042019e-05"
"('SK', 'Paper')","1.96078486628293e-05","8.188136930816e-06","1.96050599232636e-05"
"('NL', 'Manufacture of bricks, tiles and construction products, in baked clay')","1.95473113103018e-05","1.31701744995488e-05","1.49421964835797e-05"
"('BG', 'Post and telecommunications (64)')","1.95261221810294e-05","1.23796415596011e-05","1.93837769594834e-05"
"('MX', 'Transport via pipelines')","1.94898334747184e-05","1.93604921936767e-05","7.41954470103251e-06"
"('SI', 'Sea and coastal water transport')","1.94732809997051e-05","8.7606735358887e-06","1.93023138651802e-05"
"('HR', 'Manufacture of beverages')","1.94685827909783e-05","9.12329284492871e-06","1.93796958200315e-05"
"('NL', 'Processing vegetable oils and fats')","1.94261680481779e-05","9.70662105131203e-06","1.46930836629508e-05"
"('PL', 'Extraction of crude petroleum and services related to crude oil extraction, excluding surveying')","1.93898311998741e-05","8.68592905148384e-06","1.76763321848935e-05"
"('NO', 'Processing of meat poultry')","1.9319409395149e-05","6.70761666834931e-06","1.9250193453951e-05"
"('SK', 'Tanning and dressing of leather; manufacture of luggage, handbags, saddlery, harness and footwear (19)')","1.92379753416214e-05","7.18950053776277e-06","1.92319394864203e-05"
"('SK', 'Manufacture of wearing apparel; dressing and dyeing of fur (18)')","1.912186352767e-05","6.26699182229434e-06","1.91099735113496e-05"
"('DK', 'Transport via railways')","1.90306782662006e-05","1.55435716568064e-05","1.61807775783135e-05"
"('WE', 'Cultivation of sugar cane, sugar beet')","1.90243565931527e-05","1.50633158699241e-05","1.48014811128067e-05"
"('HU', 'Activities of membership organisation n.e.c. (91)')","1.90149862063585e-05","1.07950048196677e-05","1.90149862063585e-05"
"('SE', 'Landfill of waste: Inert/metal/hazardous')","1.89807591966888e-05","1.00547068269523e-05","1.89796402385768e-05"
"('GR', 'Other service activities (93)')","1.89553085076163e-05","1.27599368198052e-06","1.89553085076163e-05"
"('DK', 'Manufacture of wearing apparel; dressing and dyeing of fur (18)')","1.89520863612279e-05","4.44181145618534e-06","1.89512455175324e-05"
"('LV', 'Renting of machinery and equipment without operator and of personal and household goods (71)')","1.88807512889653e-05","1.28919012859289e-05","1.74828859567406e-05"
"('CH', 'Tanning and dressing of leather; manufacture of luggage, handbags, saddlery, harness and footwear (19)')","1.88016150303931e-05","8.0382666271524e-06","1.87954800118324e-05"
"('PL', 'Incineration of waste: Wood')","1.87985278799053e-05","1.51692505806184e-05","1.28292422919676e-05"
"('LV', 'Processing of Food products nec')","1.8789284251976e-05","4.00000202987583e-06","1.87892343750708e-05"
"('SK', 'Health and social work (85)')","1.87705415194399e-05","8.76826505575944e-06","1.87705414573215e-05"
"('BR', 'Other non-ferrous metal production')","1.87423952496833e-05","9.05081696764555e-06","1.74797849425198e-05"
"('NO', 'Cattle farming')","1.8735572478495e-05","1.09919609424114e-05","1.87268549720205e-05"
"('MX', 'Cultivation of plant-based fibers')","1.87337600746898e-05","1.41551372614156e-05","1.5952309940215e-05"
"('SE', 'Waste water treatment, other')","1.87054097589274e-05","1.25626751415856e-05","1.21160889712032e-05"
"('DK', 'Manufacture of bricks, tiles and construction products, in baked clay')","1.85958128143803e-05","1.30434887362783e-05","1.71335124299389e-05"
"('EE', 'Manufacture of motor vehicles, trailers and semi-trailers (34)')","1.85943807857712e-05","7.33815091783808e-06","1.85943783610776e-05"
"('DK', 'Manufacture of cement, lime and plaster')","1.85803918898171e-05","1.11354303131388e-05","1.83355664183238e-05"
"('HR', 'Pulp')","1.85559483018609e-05","8.67059910695185e-06","1.81107442989604e-05"
"('NL', 'Cultivation of wheat')","1.85541854501277e-05","9.65885554292578e-06","1.72118761990789e-05"
"('TW', 'Transmission of electricity')","1.84801336479569e-05","1.78437865258126e-05","6.68663150783171e-06"
"('RO', 'Production of electricity by gas')","1.84797146750053e-05","1.21494390005714e-05","1.47164868258673e-05"
"('RU', 'Lead, zinc and tin production')","1.84139525667816e-05","1.71018138411098e-05","9.4166377153054e-06"
"('HU', 'Paper')","1.83697798072875e-05","7.04500904644564e-06","1.83674111666483e-05"
"('GR', 'Quarrying of sand and clay')","1.83552658373166e-05","1.24395692057926e-05","9.75134440213915e-06"
"('PT', 'Production of electricity by hydro')","1.83184571758776e-05","1.59867182770578e-05","9.75052715308036e-06"
"('BG', 'Cultivation of cereal grains nec')","1.83085699136722e-05","1.13187547769954e-05","1.80191415785431e-05"
"('RO', 'Production of electricity by wind')","1.82584350492831e-05","1.75063687687364e-05","6.55150226798995e-06"
"('MX', 'Forestry, logging and related service activities (02)')","1.8161446063238e-05","1.59771739950372e-05","1.80213256150313e-05"
"('PT', 'Raw milk')","1.81267319260405e-05","1.24391277603267e-05","1.80857888683285e-05"
"('FI', 'Casting of metals')","1.80448921141756e-05","8.36803181686971e-06","1.80060610924349e-05"
"('GR', 'Pulp')","1.80107867693771e-05","1.16441779343273e-05","1.78359174988744e-05"
"('MX', 'Meat animals nec')","1.80021870912144e-05","1.47043082259651e-05","5.0312412144697e-06"
"('DE', 'Fishing, operating of fish hatcheries and fish farms; service activities incidental to fishing (05)')","1.79942909102331e-05","1.1545275257587e-05","1.7955957185437e-05"
"('TR', 'Mining of aluminium ores and concentrates')","1.79891247333013e-05","1.78473534851834e-05","3.10495102967325e-07"
"('DK', 'Fishing, operating of fish hatcheries and fish farms; service activities incidental to fishing (05)')","1.79438055791956e-05","1.44323595564132e-05","1.4819043746735e-05"
"('WF', 'Manufacture of basic iron and steel and of ferro-alloys and first products thereof')","1.79238749432771e-05","1.46758313803681e-05","1.79186132578765e-05"
"('RO', 'Waste water treatment, food')","1.7848123953631e-05","5.04130742167384e-06","1.64560393414245e-05"
"('DK', 'Cultivation of cereal grains nec')","1.78476385559609e-05","9.27239462631255e-06","1.74294352022939e-05"
"('BR', 'Production of electricity by coal')","1.78097300015325e-05","1.06760459739195e-05","1.18803452648552e-05"
"('SI', 'Health and social work (85)')","1.76950011753229e-05","9.43934125922704e-06","1.76949386735817e-05"
"('SI', 'Manufacture of gas; distribution of gaseous fuels through mains')","1.76923004795751e-05","1.13955481097114e-05","1.76624627063866e-05"
"('ID', 'Manufacture of medical, precision and optical instruments, watches and clocks (33)')","1.76838179423968e-05","1.09475697958989e-05","1.59870109308824e-05"
"('MX', 'Production of electricity by coal')","1.75845196703841e-05","5.86565607869296e-06","1.41321716484078e-05"
"('GR', 'Distribution and trade of electricity')","1.7572668030388e-05","1.49553917206521e-05","1.61415455900911e-05"
"('LU', 'Public administration and defence; compulsory social security (75)')","1.75572991002224e-05","2.53689930200129e-06","1.7511833942627e-05"
"('HU', 'Activities auxiliary to financial intermediation (67)')","1.75274722096813e-05","1.47411441797274e-05","1.71287197553926e-05"
"('EE', 'Financial intermediation, except insurance and pension funding (65)')","1.74562854653183e-05","1.06838804475484e-05","1.74520861999891e-05"
"('ES', 'Forestry, logging and related service activities (02)')","1.74377977197426e-05","1.58672855426597e-05","1.6684323065139e-05"
"('TR', 'Sugar refining')","1.74195299188211e-05","1.30525138994158e-05","8.20517313332758e-06"
"('CH', 'Distribution and trade of electricity')","1.73616470148866e-05","1.25955464330563e-05","1.62809605775875e-05"
"('AU', 'Manufacture of bricks, tiles and construction products, in baked clay')","1.72853158378042e-05","1.47045145044569e-05","5.67422769580959e-06"
"('GB', 'Forestry, logging and related service activities (02)')","1.72707805279552e-05","1.3836767374393e-05","1.6571050022275e-05"
"('IE', 'Manufacture of furniture; manufacturing n.e.c. (36)')","1.72481029022194e-05","1.61280733960304e-05","1.57047341447898e-05"
"('ES', 'Lead, zinc and tin production')","1.7228788377208e-05","8.15801631713418e-06","1.55169819781756e-05"
"('ZA', 'Fishing, operating of fish hatcheries and fish farms; service activities incidental to fishing (05)')","1.71045495531952e-05","1.38878189077005e-05","1.70737641299582e-05"
"('SK', 'Landfill of waste: Food')","1.70633875525775e-05","4.63049629544036e-06","1.70633871360137e-05"
"('BG', 'Processing of dairy products')","1.70295792816772e-05","9.80051945165151e-06","1.70055653369535e-05"
"('HR', 'Sea and coastal water transport')","1.69806753979463e-05","8.87551062429286e-06","1.67219220406709e-05"
"('ID', 'Precious metals production')","1.69306498216826e-05","1.5543409603261e-05","1.62107159699622e-05"
"('HR', 'Transport via railways')","1.68462255308055e-05","4.05789275911725e-06","1.67727040744378e-05"
"('BE', 'Waste water treatment, food')","1.67417390093048e-05","1.40759548879797e-05","7.1224114749046e-06"
"('GR', 'Chemicals nec')","1.67135373257112e-05","4.58667759569662e-06","1.67061285319518e-05"
"('RO', 'Steam and hot water supply')","1.66848061206916e-05","1.27847899371769e-05","8.60830771950794e-06"
"('RO', 'Chemicals nec')","1.66773234273652e-05","8.02475838790194e-06","1.66103361040232e-05"
"('DK', 'Manufacture of other non-metallic mineral products n.e.c.')","1.66485837807441e-05","9.83313289540157e-06","1.63087068805732e-05"
"('KR', 'Mining of lead, zinc and tin ores and concentrates')","1.66468292987008e-05","1.63587075521572e-05","8.49911907806568e-07"
"('HR', 'Manufacture of gas; distribution of gaseous fuels through mains')","1.66312971188934e-05","1.32137392822207e-05","1.65020171622048e-05"
"('SE', 'Waste water treatment, food')","1.66146681061097e-05","1.30823350993739e-05","8.76294210805019e-06"
"('LV', 'Education (80)')","1.65838144218058e-05","8.32258504539245e-06","1.65838144171947e-05"
"('AT', 'Manufacture of office machinery and computers (30)')","1.65516084994691e-05","9.93159099935007e-06","1.6549839199641e-05"
"('ZA', 'Cultivation of oil seeds')","1.6550580367452e-05","8.71304306516513e-06","1.62796915799207e-05"
"('NL', 'Precious metals production')","1.65282366454203e-05","1.01907361556742e-05","1.44207081790205e-05"
"('HR', 'Sale, maintenance, repair of motor vehicles, motor vehicles parts, motorcycles, motor cycles parts and accessoiries')","1.65263053727178e-05","1.02793513605315e-05","1.64613429151217e-05"
"('TW', 'Inland water transport')","1.6507046309381e-05","1.06565974138106e-05","8.38418712601093e-06"
"('RO', 'Poultry farming')","1.64816062667411e-05","5.68341355405218e-06","1.63865230149785e-05"
"('AT', 'Manufacture of ceramic goods')","1.64758207225405e-05","9.20663915868432e-06","1.57358072895005e-05"
"('SE', 'Inland water transport')","1.63939015223051e-05","1.53561779381369e-05","5.0460645177162e-06"
"('MX', 'Transport via railways')","1.63908064749685e-05","3.31324845164738e-06","1.5858514177909e-05"
"('LT', 'Sale, maintenance, repair of motor vehicles, motor vehicles parts, motorcycles, motor cycles parts and accessoiries')","1.6362393460194e-05","1.05703448381952e-05","1.45412400331019e-05"
"('SI', 'Education (80)')","1.63346463198145e-05","7.5633694107841e-06","1.63346463198145e-05"
"('EE', 'Manufacture of office machinery and computers (30)')","1.62511682187715e-05","9.71700186366905e-06","1.62510858953331e-05"
"('HU', 'Manufacture of other non-metallic mineral products n.e.c.')","1.61953536700652e-05","8.24524372221342e-06","1.61221264074805e-05"
"('HU', 'Other service activities (93)')","1.61142978553007e-05","1.13791174057782e-05","1.61142978553007e-05"
"('ZA', 'Retail sale of automotive fuel')","1.6108173528935e-05","1.49780788324629e-05","8.3120054112709e-06"
"('IE', 'Other service activities (93)')","1.60613784888577e-05","1.07323730792135e-05","1.60523335668954e-05"
"('WE', 'Precious metals production')","1.60541371384789e-05","8.81941529694896e-06","1.52277681404518e-05"
"('PT', 'Aluminium production')","1.60344709584759e-05","5.57488965464738e-06","1.59443682767863e-05"
"('JP', 'Cultivation of sugar cane, sugar beet')","1.60315813930093e-05","1.45415774632552e-05","8.24771921936827e-06"
"('HR', 'Manufacture of motor vehicles, trailers and semi-trailers (34)')","1.59854672136453e-05","7.77206365392396e-06","1.59832860745357e-05"
"('GR', 'Recreational, cultural and sporting activities (92)')","1.59463071121939e-05","9.12411942622521e-06","1.59421664620735e-05"
"('CY', 'Activities auxiliary to financial intermediation (67)')","1.59406709733479e-05","1.07387089940887e-05","1.5935486103476e-05"
"('HR', 'Manufacture of wood and of products of wood and cork, except furniture; manufacture of articles of straw and plaiting materials (20)')","1.59181002711647e-05","6.90104080557126e-06","1.5916409916336e-05"
"('SI', 'Plastics, basic')","1.5837537154715e-05","5.05105702820372e-06","1.58250429714954e-05"
"('DK', 'Distribution and trade of electricity')","1.57560443269816e-05","1.5351067646466e-05","9.90188936208257e-06"
"('GB', 'Cultivation of oil seeds')","1.57415831880013e-05","1.11378189712659e-05","1.48580446255564e-05"
"('MT', 'Other business activities (74)')","1.57379377013204e-05","5.19627219456271e-06","1.5737937668915e-05"
"('GR', 'Paper')","1.5702316702358e-05","4.76803223494782e-06","1.56998615939357e-05"
"('LV', 'Health and social work (85)')","1.56985886744234e-05","5.63359905631277e-06","1.56985886744233e-05"
"('CZ', 'Publishing, printing and reproduction of recorded media (22)')","1.56896335413288e-05","9.87819185149841e-06","1.56891152956958e-05"
"('LT', 'Health and social work (85)')","1.56804786370409e-05","4.49513812219279e-06","1.5680474842144e-05"
"('FI', 'Landfill of waste: Food')","1.56557759418478e-05","1.09688990079129e-05","1.27073266274255e-05"
"('SI', 'Manufacture of cement, lime and plaster')","1.56545551761572e-05","9.39355409766027e-06","1.46562473650703e-05"
"('PT', 'Transport via pipelines')","1.55639688856784e-05","1.06089741543585e-05","1.37605734427058e-05"
"('BE', 'Biogasification of sewage slugde, incl. land application')","1.55608727806423e-05","8.04432554527291e-06","1.50495482704054e-05"
"('LU', 'Manufacture of textiles (17)')","1.55469491589383e-05","5.63051793277539e-06","1.55469385108814e-05"
"('RO', 'Forestry, logging and related service activities (02)')","1.55164141218592e-05","8.23474627090296e-06","1.54547601991865e-05"
"('LU', 'Research and development (73)')","1.55069442234214e-05","9.80353699786461e-06","1.54963133395471e-05"
"('RO', 'Processing of meat pigs')","1.55043169560358e-05","1.52671090174476e-06","1.55043164857107e-05"
"('GB', 'Production of electricity by petroleum and other oil derivatives')","1.54810966317003e-05","1.49090034479878e-05","1.47458548119135e-06"
"('EE', 'Renting of machinery and equipment without operator and of personal and household goods (71)')","1.54509428799679e-05","1.01780163128007e-05","1.53461545178155e-05"
"('SI', 'Manufacture of beverages')","1.54508477190143e-05","5.43024578919113e-06","1.54429306435087e-05"
"('SI', 'Research and development (73)')","1.54114210350516e-05","7.98493691656927e-06","1.54097448440809e-05"
"('HU', 'Production of electricity by gas')","1.53964234367305e-05","1.01209210330023e-05","1.26402139780492e-05"
"('IN', 'Meat animals nec')","1.53654296894484e-05","2.71092339338412e-07","1.53654296894066e-05"
"('CZ', 'Pigs farming')","1.53648542242091e-05","6.12496465606486e-06","1.53643332890515e-05"
"('FI', 'Manufacture of other non-metallic mineral products n.e.c.')","1.53314363135474e-05","9.61102885518754e-06","1.51155261193686e-05"
"('SE', 'Manufacture of wearing apparel; dressing and dyeing of fur (18)')","1.53265815302534e-05","4.36901834741013e-06","1.53235715423993e-05"
"('RO', 'Landfill of waste: Paper')","1.53195755034052e-05","2.8961272964762e-06","1.53195755034052e-05"
"('ZA', 'Casting of metals')","1.53181471936815e-05","8.08335678949992e-06","1.53177055117124e-05"
"('NO', 'Landfill of waste: Food')","1.52993413061419e-05","7.8777885141762e-06","1.39126321820213e-05"
"('CZ', 'Activities of membership organisation n.e.c. (91)')","1.52871608073538e-05","7.73020046628769e-06","1.52871608073538e-05"
"('MX', 'Inland water transport')","1.52638016897965e-05","1.48028613825147e-05","4.6376739035317e-06"
"('HR', 'Manufacture of cement, lime and plaster')","1.52173453393097e-05","9.92567757189698e-06","1.51409839789436e-05"
"('IE', 'Paper')","1.52140646194252e-05","1.30857723216975e-05","1.51407250918069e-05"
"('SE', 'Manufacture of glass and glass products')","1.52068770781063e-05","8.05937838776904e-06","1.49972408506688e-05"
"('ZA', 'Raw milk')","1.51956767047768e-05","6.54756263177128e-06","1.50687082521888e-05"
"('WM', 'Production of electricity by nuclear')","1.51868829455248e-05","1.4960601595611e-05","1.71738750012325e-06"
"('SI', 'Manufacture of wood and of products of wood and cork, except furniture; manufacture of articles of straw and plaiting materials (20)')","1.51750942645611e-05","7.56901946055515e-06","1.51744975404998e-05"
"('GR', 'Manufacture of electrical machinery and apparatus n.e.c. (31)')","1.51460825807562e-05","6.21382779720428e-06","1.51460632726649e-05"
"('IE', 'Lead, zinc and tin production')","1.51312169822139e-05","1.39915698499188e-05","8.80549299815078e-06"
"('WE', 'Manufacture of bricks, tiles and construction products, in baked clay')","1.5125542206241e-05","1.05642742793722e-05","1.11627993943436e-05"
"('WE', 'Production of electricity by hydro')","1.51214012500461e-05","1.4816249695754e-05","6.55973664654869e-06"
"('TW', 'Cultivation of cereal grains nec')","1.50773026833594e-05","7.39268621119116e-06","1.38281058217811e-05"
"('FI', 'Cultivation of cereal grains nec')","1.50104522640484e-05","7.7287578359278e-06","1.48666538862581e-05"
"('DK', 'Biogasification of food waste, incl. land application')","1.49864628444399e-05","1.31955455117757e-05","7.58921162258669e-06"
"('GB', 'Production of meat products nec')","1.49853310542954e-05","1.45029401453501e-05","1.18887950207733e-05"
"('AT', 'Cultivation of cereal grains nec')","1.49657579935991e-05","9.91605105561306e-06","1.44432179532949e-05"
"('DK', 'Sugar refining')","1.49333672818437e-05","1.26248761658016e-05","5.00379933778635e-06"
"('CA', 'N-fertiliser')","1.490268690173e-05","1.38393550081765e-05","4.84882223232919e-06"
"('CZ', 'Precious metals production')","1.48988331326451e-05","9.2557465260076e-06","1.33089336512264e-05"
"('ZA', 'Extraction of natural gas and services related to natural gas extraction, excluding surveying')","1.48817027091542e-05","6.08634549719022e-06","1.47447400924206e-05"
"('FR', 'Production of electricity nec')","1.48770343475027e-05","1.46208544499933e-05","4.94967435937766e-07"
"('IE', 'Manufacture of office machinery and computers (30)')","1.48515372689113e-05","1.26015171118937e-05","1.48482197641003e-05"
"('DK', 'Manufacture of furniture; manufacturing n.e.c. (36)')","1.48245906397524e-05","7.8228826124043e-06","1.45770053607876e-05"
"('LT', 'Air transport (62)')","1.47920038902739e-05","8.1465591971155e-06","1.3309330674193e-05"
"('LU', 'Sale, maintenance, repair of motor vehicles, motor vehicles parts, motorcycles, motor cycles parts and accessoiries')","1.46751724753132e-05","9.74317512036783e-06","1.22068762855699e-05"
"('LV', 'Manufacture of motor vehicles, trailers and semi-trailers (34)')","1.46681425955499e-05","7.9842472598581e-06","1.46681357581229e-05"
"('FI', 'Cultivation of crops nec')","1.46361335024188e-05","7.53665549270836e-06","1.43894623463499e-05"
"('AT', 'Pigs farming')","1.46103263152149e-05","8.53368777021141e-06","1.45958860592192e-05"
"('ZA', 'Processing vegetable oils and fats')","1.4588637859245e-05","5.8629047770551e-06","1.42429979886601e-05"
"('CH', 'Re-processing of secondary steel into new steel')","1.45433053341935e-05","6.92464770073561e-06","1.45333605395461e-05"
"('BG', 'Pulp')","1.44973308167809e-05","7.23021749366196e-06","1.44961451706244e-05"
"('TR', 'Lead, zinc and tin production')","1.44073801861115e-05","5.47833223281963e-06","1.3229187265992e-05"
"('SI', 'Insurance and pension funding, except compulsory social security (66)')","1.43968745303106e-05","7.85605645461036e-06","1.43790747573431e-05"
"('IT', 'Inland water transport')","1.43597379258428e-05","1.36994991632153e-05","2.35706209142558e-06"
"('JP', 'Inland water transport')","1.43453048418972e-05","1.42934336309321e-05","1.63099401426566e-06"
"('NL', 'Publishing, printing and reproduction of recorded media (22)')","1.43200679730289e-05","9.03592675810333e-06","1.43200282822115e-05"
"('PL', 'Production of electricity by petroleum and other oil derivatives')","1.43179187164199e-05","1.3978680223872e-05","1.63888577073268e-06"
"('SK', 'Activities auxiliary to financial intermediation (67)')","1.42928628271152e-05","8.65028631717894e-06","1.40668915341298e-05"
"('NO', 'Raw milk')","1.42874741129447e-05","7.85138400152249e-06","1.42293719184541e-05"
"('HU', 'Manufacture of glass and glass products')","1.42765210257096e-05","7.08950434272865e-06","1.4182169861509e-05"
"('PT', 'Sea and coastal water transport')","1.4244253551686e-05","7.30137930927625e-06","1.4060918720763e-05"
"('DK', 'Cultivation of wheat')","1.42189618339697e-05","6.08604960452306e-06","1.36864616925454e-05"
"('HR', 'Education (80)')","1.4199583093591e-05","6.83688094524194e-06","1.41995620682611e-05"
"('LU', 'Chemicals nec')","1.41503105254348e-05","6.29952003845697e-06","1.41320896644906e-05"
"('SE', 'Tanning and dressing of leather; manufacture of luggage, handbags, saddlery, harness and footwear (19)')","1.41218911834497e-05","4.73613121768629e-06","1.411993080458e-05"
"('BE', 'Incineration of waste: Wood')","1.41033949850602e-05","9.82433105173538e-06","8.98838427948084e-06"
"('HR', 'Extraction of natural gas and services related to natural gas extraction, excluding surveying')","1.40934809572778e-05","6.77854021638344e-06","1.40875394239375e-05"
"('CH', 'Quarrying of stone')","1.40380479846644e-05","1.10400632965828e-05","8.33677586479769e-06"
"('GB', 'Processing of meat pigs')","1.40247209688452e-05","1.23999844611468e-05","1.09531473943397e-05"
"('AU', 'Manufacture of radio, television and communication equipment and apparatus (32)')","1.39595489111706e-05","8.44807121598757e-06","1.39594042005541e-05"
"('ID', 'Casting of metals')","1.39528868894777e-05","1.05593502536024e-05","1.35359699248533e-05"
"('FR', 'Precious metals production')","1.3934579086223e-05","7.056084644559e-06","1.30142748723241e-05"
"('KR', 'Manufacture of gas; distribution of gaseous fuels through mains')","1.39322311880101e-05","1.12583233181687e-05","9.56640420599307e-06"
"('HU', 'Post and telecommunications (64)')","1.39282616582207e-05","1.19497178049756e-05","1.37551137932109e-05"
"('WE', 'Processed rice')","1.3923552779711e-05","7.20039162728162e-06","1.08831502476676e-05"
"('ZA', 'Production of electricity by nuclear')","1.38870415045253e-05","1.37149407705559e-05","2.78021541426192e-06"
"('LV', 'Processing of dairy products')","1.38748142167366e-05","5.21330716200895e-06","1.38654448781997e-05"
"('CZ', 'Production of electricity by gas')","1.38496494976673e-05","9.42737017458263e-06","9.44555810259485e-06"
"('CZ', 'Cultivation of oil seeds')","1.38390086218249e-05","8.19225171152566e-06","1.37215132054929e-05"
"('SK', 'Incineration of waste: Oil/Hazardous waste')","1.37925310934767e-05","9.51801222214919e-06","1.37924115024565e-05"
"('AT', 'Activities of membership organisation n.e.c. (91)')","1.37696621617985e-05","2.95567586525322e-06","1.37696621617985e-05"
"('SI', 'Sale, maintenance, repair of motor vehicles, motor vehicles parts, motorcycles, motor cycles parts and accessoiries')","1.37688894268542e-05","1.05337002459887e-05","1.36936675695782e-05"
"('RU', 'Manufacture of bricks, tiles and construction products, in baked clay')","1.37472128649954e-05","1.26350336282713e-05","3.88010391896717e-06"
"('NO', 'Transport via railways')","1.37427405543164e-05","9.40684404448199e-06","1.1645644487816e-05"
"('RO', 'Tanning and dressing of leather; manufacture of luggage, handbags, saddlery, harness and footwear (19)')","1.37196307862899e-05","4.52285462026067e-06","1.37182902852516e-05"
"('HR', 'Manufacture of textiles (17)')","1.36878151048126e-05","6.80304004539439e-06","1.36878129220231e-05"
"('PT', 'Manufacture of glass and glass products')","1.3642966900428e-05","8.42639290677715e-06","1.35018406942851e-05"
"('CH', 'Manufacture of ceramic goods')","1.35967772666692e-05","7.17920152379807e-06","1.30630005115821e-05"
"('BR', 'Cultivation of wheat')","1.35869868671132e-05","1.03501125357284e-05","1.32493283214183e-05"
"('IN', 'Mining of iron ores')","1.3579397945666e-05","1.28360989328815e-05","1.77544265717481e-06"
"('CN', 'Collection, purification and distribution of water (41)')","1.35775505163007e-05","1.26453232044247e-05","1.92227432663629e-06"
"('SI', 'Incineration of waste: Metals and Inert materials')","1.34820960271792e-05","8.54205261750534e-06","1.28676764830051e-05"
"('SE', 'Manufacture of ceramic goods')","1.34579126517828e-05","7.0380631989662e-06","1.33958278544793e-05"
"('SK', 'Transmission of electricity')","1.34073686066659e-05","7.28955503066964e-06","1.12579577079283e-05"
"('DE', 'P- and other fertiliser')","1.33937888698515e-05","8.78093064970335e-06","1.26714305858156e-05"
"('SK', 'Quarrying of sand and clay')","1.33151292974957e-05","8.28650751659805e-06","1.25664097717243e-05"
"('BG', 'Aluminium production')","1.33101338599719e-05","5.503775883041e-06","1.32975560957359e-05"
"('RO', 'Collection, purification and distribution of water (41)')","1.32724569651883e-05","3.86545813176522e-06","1.24019132001496e-05"
"('HR', 'Insurance and pension funding, except compulsory social security (66)')","1.32503873053698e-05","6.69959929422396e-06","1.32493640509206e-05"
"('AT', 'Precious metals production')","1.31935273045785e-05","9.1827102621177e-06","9.94681369983927e-06"
"('MX', 'Other non-ferrous metal production')","1.31762711590332e-05","8.11838843950503e-06","1.16385206916138e-05"
"('CZ', 'Landfill of waste: Plastic')","1.31555851727977e-05","7.31375879193335e-06","1.31555851727977e-05"
"('CZ', 'Other service activities (93)')","1.31451274975044e-05","6.22640744389312e-06","1.31451106663712e-05"
"('ZA', 'Cultivation of wheat')","1.31302678576099e-05","6.89181910199117e-06","1.28437670519114e-05"
"('EE', 'Retail trade, except of motor vehicles and motorcycles; repair of personal and household goods (52)')","1.31132194270957e-05","4.67446756695467e-06","1.31119938081284e-05"
"('BE', 'Cultivation of wheat')","1.31081038850685e-05","6.68321674107898e-06","1.23896139948962e-05"
"('TR', 'Forestry, logging and related service activities (02)')","1.310113378177e-05","1.04351232860018e-05","1.30391561254281e-05"
"('TW', 'Production of electricity by solar photovoltaic')","1.30919964103587e-05","1.30919964103587e-05","8.27824914584528e-07"
"('WE', 'Mining of lead, zinc and tin ores and concentrates')","1.29490040100371e-05","1.28436838157323e-05","3.16501306798971e-07"
"('WM', 'Pigs farming')","1.29445876682633e-05","1.24645822873995e-05","1.13595601565275e-05"
"('ZA', 'Production of meat products nec')","1.29393260961222e-05","9.71197470190813e-06","1.28922462340575e-05"
"('TW', 'Sugar refining')","1.2932754584326e-05","1.01204751951956e-05","6.0871629212485e-06"
"('BG', 'Paper')","1.29237832596723e-05","5.57065298593599e-06","1.29225041021733e-05"
"('LT', 'Renting of machinery and equipment without operator and of personal and household goods (71)')","1.29221430989109e-05","6.90407141702426e-06","1.20887357976531e-05"
"('SE', 'Recycling of waste and scrap')","1.29206101882328e-05","1.28233824700004e-05","1.60968100245682e-07"
"('CY', 'Real estate activities (70)')","1.2906152266564e-05","9.9125314031947e-06","1.29030999859683e-05"
"('GR', 'Tanning and dressing of leather; manufacture of luggage, handbags, saddlery, harness and footwear (19)')","1.29007220774232e-05","3.6608181719235e-06","1.28999878661621e-05"
"('HR', 'Manufacture of wearing apparel; dressing and dyeing of fur (18)')","1.28613331192257e-05","7.52492546715231e-06","1.28046013890393e-05"
"('EE', 'Manufacture of machinery and equipment n.e.c. (29)')","1.28248346845151e-05","5.65435595661341e-06","1.28229976703817e-05"
"('HU', 'Landfill of waste: Paper')","1.27239835853273e-05","7.94130085043944e-06","1.27211117374247e-05"
"('IT', 'Cultivation of paddy rice')","1.27209090787588e-05","1.20111110301685e-05","1.02114489676307e-05"
"('GR', 'Processing vegetable oils and fats')","1.27081428917003e-05","5.3354489772255e-06","1.19802778746466e-05"
"('EE', 'Hotels and restaurants (55)')","1.27035677482517e-05","4.25159118770579e-06","1.26388739119224e-05"
"('MX', 'Cultivation of oil seeds')","1.26965644476502e-05","7.55184226620071e-06","1.20099424314811e-05"
"('ES', 'Processed rice')","1.26378756706188e-05","1.24421578546651e-05","5.39307130303847e-06"
"('TW', 'Production of electricity by petroleum and other oil derivatives')","1.26272970919206e-05","1.26272970919206e-05","1.2702567401448e-06"
"('FR', 'Other non-ferrous metal production')","1.26120544177189e-05","7.06862206083888e-06","1.1555507007495e-05"
"('NO', 'Manufacture of cement, lime and plaster')","1.25696462387454e-05","7.52627358810016e-06","1.25654331968098e-05"
"('CH', 'Aluminium production')","1.24990076725997e-05","4.84565466785982e-06","1.2498201026195e-05"
"('LV', 'Hotels and restaurants (55)')","1.24313964463822e-05","3.90374393070597e-06","1.23601588134514e-05"
"('CY', 'Manufacture of other transport equipment (35)')","1.24227817115493e-05","4.6076002774268e-06","1.23356070955378e-05"
"('EE', 'Transport via railways')","1.23903575229777e-05","6.70958114865875e-06","1.22715681572555e-05"
"('SE', 'Processing of meat pigs')","1.23589186065059e-05","2.65577641582422e-06","1.23560092521917e-05"
"('SI', 'Renting of machinery and equipment without operator and of personal and household goods (71)')","1.22696167167431e-05","8.48213126360947e-06","1.22362936159581e-05"
"('RO', 'Publishing, printing and reproduction of recorded media (22)')","1.22540131282921e-05","7.92324378279956e-06","1.22540033253543e-05"
"('MT', 'Retail trade, except of motor vehicles and motorcycles; repair of personal and household goods (52)')","1.2239340943375e-05","6.50363186921805e-06","1.22356732763558e-05"
"('PL', 'Activities of membership organisation n.e.c. (91)')","1.22216655963372e-05","3.69398049387533e-06","1.22216655963372e-05"
"('WE', 'Lead, zinc and tin production')","1.22182312491976e-05","7.14796271026003e-06","1.08374591295648e-05"
"('CZ', 'Plastics, basic')","1.22004355457524e-05","4.26467850796767e-06","1.21864997879182e-05"
"('PT', 'Manufacture of ceramic goods')","1.2152946865307e-05","6.56666754871562e-06","1.19800543288015e-05"
"('IT', 'Manufacture of tobacco products (16)')","1.21356955263834e-05","1.41054801355582e-06","1.21352423468039e-05"
"('LT', 'Quarrying of sand and clay')","1.21240424824966e-05","1.12569010276156e-05","1.0312256019219e-05"
"('PT', 'Incineration of waste: Oil/Hazardous waste')","1.20866020052566e-05","6.16669881165093e-06","1.14718970757572e-05"
"('KR', 'Mining of coal and lignite; extraction of peat (10)')","1.20241979681119e-05","6.9042816244427e-06","1.09183352991547e-05"
"('PL', 'Cultivation of sugar cane, sugar beet')","1.197088427718e-05","7.4042248161455e-06","1.17212933197486e-05"
"('PT', 'Forestry, logging and related service activities (02)')","1.19639553258591e-05","1.01969604116284e-05","1.17422083550657e-05"
"('GB', 'Pigs farming')","1.19600986430287e-05","2.41592574949309e-06","1.19445086445579e-05"
"('SI', 'Quarrying of stone')","1.19356298136373e-05","8.55536516510165e-06","8.38076213374365e-06"
"('WF', 'Production of electricity by solar photovoltaic')","1.19234645243177e-05","1.08912064437927e-05","3.13564351214315e-06"
"('NO', 'Poultry farming')","1.18830619167818e-05","6.2027799611148e-06","1.18770413770584e-05"
"('CZ', 'Incineration of waste: Textiles')","1.18334689418846e-05","8.85890386057065e-06","7.53184732786807e-06"
"('IE', 'Manufacture of other non-metallic mineral products n.e.c.')","1.18006412601573e-05","1.07730056535941e-05","1.1363531597752e-05"
"('MX', 'Activities of membership organisation n.e.c. (91)')","1.17702070331365e-05","1.63521735773814e-06","1.17702070331365e-05"
"('LV', 'P- and other fertiliser')","1.17398591383688e-05","6.97339826645376e-06","1.17295464527645e-05"
"('IE', 'Manufacture of electrical machinery and apparatus n.e.c. (31)')","1.17205654257624e-05","1.16835731474411e-05","1.17175875956965e-05"
"('EE', 'Public administration and defence; compulsory social security (75)')","1.17045340542566e-05","9.4507773630159e-07","1.16937538353895e-05"
"('PL', 'Cultivation of oil seeds')","1.1684820905541e-05","5.00905339206936e-06","1.1522879611281e-05"
"('PT', 'Composting of food waste, incl. land application')","1.16653936384109e-05","6.98756496890012e-06","1.16653936384109e-05"
"('DE', 'Meat animals nec')","1.15574524036379e-05","1.13790289340151e-05","3.74271472470496e-06"
"('AU', 'Casting of metals')","1.15539417301852e-05","5.51198552361563e-06","1.14314294157133e-05"
"('SK', 'Post and telecommunications (64)')","1.15426492400607e-05","1.02755745915e-05","1.13629580845332e-05"
"('BE', 'Manufacture of tobacco products (16)')","1.15229807379207e-05","6.24747356126799e-06","9.48652468918478e-06"
"('LU', 'Manufacture of beverages')","1.15130858460056e-05","6.3660773735357e-06","1.14524800907843e-05"
"('RO', 'Pigs farming')","1.14850927790633e-05","7.39263762719976e-06","1.14763714317698e-05"
"('FI', 'Waste water treatment, other')","1.14730234189378e-05","7.85342713648383e-06","8.58582255916646e-06"
"('IT', 'P- and other fertiliser')","1.14571448449528e-05","5.41580928181142e-06","1.13564063644788e-05"
"('AT', 'Other service activities (93)')","1.14386462733238e-05","5.37055373147578e-06","1.14386173811535e-05"
"('PT', 'Processing of meat cattle')","1.14302287886605e-05","2.21844962668919e-06","1.14172855896448e-05"
"('LV', 'Manufacture of fish products')","1.14283335111287e-05","3.29067097505658e-06","1.14249548766327e-05"
"('GR', 'Copper production')","1.13826839226924e-05","5.80895226673209e-06","1.13639315755181e-05"
"('SI', 'Manufacture of textiles (17)')","1.13804014638e-05","6.08565308103243e-06","1.13797579417554e-05"
"('HU', 'Distribution and trade of electricity')","1.13797039784012e-05","7.57253931998969e-06","1.09514508011437e-05"
"('AT', 'Recreational, cultural and sporting activities (92)')","1.13781466853054e-05","8.17671366205569e-06","1.13775945521166e-05"
"('BE', 'Forestry, logging and related service activities (02)')","1.13387214595058e-05","5.7992881544218e-06","1.10664812029671e-05"
"('SI', 'Manufacture of office machinery and computers (30)')","1.1315736349695e-05","2.38476494222655e-06","1.13157363362851e-05"
"('LT', 'Cultivation of wheat')","1.13150267896199e-05","6.63516775190285e-06","1.10623410009141e-05"
"('SK', 'Incineration of waste: Paper')","1.13138994608063e-05","8.88901019006207e-06","4.10072755511876e-06"
"('FI', 'Production of electricity by hydro')","1.13034751006539e-05","1.09509369731131e-05","7.43671173489773e-06"
"('NO', 'Incineration of waste: Wood')","1.1222979384224e-05","3.98796327758111e-06","1.12229793832342e-05"
"('PT', 'Publishing, printing and reproduction of recorded media (22)')","1.12134773016748e-05","8.18979211425539e-06","1.12133826543128e-05"
"('PT', 'Waste water treatment, food')","1.12099770655896e-05","6.93880393700598e-06","9.39341288903999e-06"
"('LV', 'Manufacture of fabricated metal products, except machinery and equipment (28)')","1.10755236111451e-05","6.6622398257723e-06","1.1075342724439e-05"
"('PL', 'Manufacture of tobacco products (16)')","1.10364422017629e-05","5.41250478072163e-06","1.03274783469829e-05"
"('HU', 'Manufacture of bricks, tiles and construction products, in baked clay')","1.0976308214584e-05","6.83451559013733e-06","9.05493453942333e-06"
"('PL', 'Recycling of waste and scrap')","1.09673067663528e-05","1.07166419538806e-05","6.88302936117359e-07"
"('BR', 'Manufacture of fish products')","1.09427693937843e-05","6.08258907965337e-06","1.03918363063809e-05"
"('NO', 'Landfill of waste: Paper')","1.093520889997e-05","7.16281496675837e-06","1.093520889997e-05"
"('BG', 'Manufacture of office machinery and computers (30)')","1.09326130109202e-05","3.66374992338393e-06","1.09326101321768e-05"
"('NO', 'Manufacture of furniture; manufacturing n.e.c. (36)')","1.09186068580458e-05","6.1390427698392e-06","9.86753590542591e-06"
"('AU', 'Activities of membership organisation n.e.c. (91)')","1.08748501375531e-05","9.12915527981231e-06","1.08748501375531e-05"
"('PL', 'Incineration of waste: Paper')","1.08671969733738e-05","1.0149200475682e-05","3.89641748744472e-06"
"('JP', 'Mining of coal and lignite; extraction of peat (10)')","1.08573457521053e-05","6.66042140281237e-06","8.65793264701021e-06"
"('IE', 'Cultivation of cereal grains nec')","1.08488417833544e-05","5.19297808558729e-06","1.07008560009435e-05"
"('NL', 'Manufacture of glass and glass products')","1.08303426484054e-05","6.52363062812089e-06","1.07642115684007e-05"
"('IE', 'Extraction of natural gas and services related to natural gas extraction, excluding surveying')","1.07894426550084e-05","1.04065857489289e-05","1.06422384797988e-05"
"('BE', 'Cultivation of crops nec')","1.07888331927974e-05","5.12361929217574e-06","9.44145849463309e-06"
"('EE', 'Forestry, logging and related service activities (02)')","1.07749929888437e-05","5.90821900368558e-06","1.07397483138808e-05"
"('FI', 'Cattle farming')","1.07471960946053e-05","3.96342591333655e-06","1.0741301763912e-05"
"('WM', 'Wool, silk-worm cocoons')","1.06886990270928e-05","7.30382184660419e-06","7.49745584547281e-06"
"('WL', 'Production of electricity by biomass and waste')","1.068522738775e-05","1.06719551576029e-05","2.4346589788278e-07"
"('AT', 'Steam and hot water supply')","1.06204490775543e-05","8.25243823623186e-06","4.48783641248834e-06"
"('ES', 'Production of electricity by coal')","1.06197094233185e-05","8.08029182742392e-06","5.35020684417483e-06"
"('GR', 'Activities of membership organisation n.e.c. (91)')","1.05775009630917e-05","3.31968915979187e-06","1.05773874366276e-05"
"('AU', 'Transmission of electricity')","1.05210930081704e-05","1.24695007879463e-06","1.0354326882473e-05"
"('SK', 'Landfill of waste: Textiles')","1.05088432535148e-05","9.40995430278867e-06","4.81780879862922e-06"
"('NO', 'Pigs farming')","1.04803073114907e-05","5.38527971126652e-06","1.04539715165337e-05"
"('NO', 'Production of meat products nec')","1.04653048139641e-05","7.19682164134421e-06","1.03301529986225e-05"
"('BE', 'Manufacture of gas; distribution of gaseous fuels through mains')","1.04583254209521e-05","9.51548328492723e-06","6.63701503204368e-06"
"('FI', 'Other service activities (93)')","1.04306537854133e-05","4.91462723157268e-06","1.04271598373877e-05"
"('CZ', 'Manufacture of gas; distribution of gaseous fuels through mains')","1.0418936481138e-05","5.99296725564777e-06","9.12420462798502e-06"
"('MT', 'Recreational, cultural and sporting activities (92)')","1.04189217746162e-05","3.96222128881867e-06","1.04189217746162e-05"
"('GR', 'Retail sale of automotive fuel')","1.04089933340097e-05","6.22075444510769e-06","8.47412970806821e-06"
"('EE', 'Manufacture of rubber and plastic products (25)')","1.03395113021203e-05","4.97350205157097e-06","1.03355763278344e-05"
"('PL', 'Processing vegetable oils and fats')","1.03361088986442e-05","9.57945957056117e-06","7.35707310698447e-06"
"('SI', 'Processing of nuclear fuel')","1.03244684070455e-05","0","1.03244684070455e-05"
"('CH', 'Processing of dairy products')","1.03140763245153e-05","5.86982157527649e-06","1.02011790986502e-05"
"('ID', 'Processing of dairy products')","1.02742651022014e-05","6.33745172613935e-06","1.02213333929537e-05"
"('IE', 'Manufacture of radio, television and communication equipment and apparatus (32)')","1.02680468040166e-05","1.02536169682755e-05","1.02603321745414e-05"
"('RO', 'Inland water transport')","1.02625937092573e-05","8.38731349425445e-06","6.1259708609456e-06"
"('ZA', 'Aluminium production')","1.01807347074173e-05","5.40170235620909e-06","1.01203510256946e-05"
"('MX', 'Pulp')","1.01586500699955e-05","5.68497488986012e-06","9.89582803561359e-06"
"('CA', 'Mining of chemical and fertilizer minerals, production of salt, other mining and quarrying n.e.c.')","1.01365484982894e-05","9.3670777373458e-06","1.19225293159556e-06"
"('WE', 'Activities of membership organisation n.e.c. (91)')","1.01115186990332e-05","7.5924400784452e-06","1.01115186990332e-05"
"('AT', 'Sugar refining')","1.01085862527556e-05","7.85870972072442e-06","6.10713589462949e-06"
"('KR', 'Mining of iron ores')","1.0106273508522e-05","9.91042310957913e-06","8.93766267334649e-07"
"('BG', 'Transport via pipelines')","1.01043002399661e-05","7.66905720180665e-06","8.53835621290721e-06"
"('LU', 'Quarrying of stone')","1.01004788117353e-05","7.84785058365335e-06","5.78565743605454e-06"
"('LT', 'Insurance and pension funding, except compulsory social security (66)')","1.00631230237759e-05","5.34338354317276e-06","1.00598894335646e-05"
"('DE', 'Manufacture of electrical machinery and apparatus n.e.c. (31)')","1.00523120754263e-05","6.15433928209064e-06","1.00509215831696e-05"
"('HU', 'Collection, purification and distribution of water (41)')","1.0047144885777e-05","9.21730711833629e-06","4.14023650550489e-06"
"('EE', 'P- and other fertiliser')","1.00434302963012e-05","3.1554566671523e-06","1.00130035203422e-05"
"('ES', 'Cultivation of oil seeds')","1.00318512426529e-05","8.24664700161835e-06","9.02841440200911e-06"
"('CY', 'Manufacture of fabricated metal products, except machinery and equipment (28)')","1.00264954555556e-05","3.73186495322477e-06","1.0026495455526e-05"
"('LV', 'Raw milk')","9.99506202142455e-06","3.2525921300984e-06","9.9950005471012e-06"
"('HR', 'Forestry, logging and related service activities (02)')","9.97076817155674e-06","6.56797013816408e-06","8.63617440875014e-06"
"('DK', 'Other service activities (93)')","9.96833463661232e-06","3.98623027404154e-06","9.96827249079954e-06"
"('AU', 'Manufacture of ceramic goods')","9.9543318283096e-06","5.31812861452208e-06","9.91279930254721e-06"
"('NO', 'Publishing, printing and reproduction of recorded media (22)')","9.94292861092307e-06","7.13371164922109e-06","9.94292861092307e-06"
"('LV', 'Manufacture of cement, lime and plaster')","9.93780612043788e-06","5.54666120968442e-06","9.91717171346256e-06"
"('NL', 'Manufacture of other non-metallic mineral products n.e.c.')","9.91723278048699e-06","6.02383259007019e-06","9.68847983456287e-06"
"('ES', 'Manufacture of tobacco products (16)')","9.90680255051817e-06","1.28650185551419e-06","9.90680255051817e-06"
"('KR', 'Cultivation of crops nec')","9.90496984928069e-06","8.83430192783064e-06","5.67440106591225e-06"
"('NO', 'Forestry, logging and related service activities (02)')","9.88236292197808e-06","8.5473156911809e-06","9.66240152228738e-06"
"('GR', 'Production of electricity by gas')","9.87194756412381e-06","6.66569084552779e-06","8.53944810081297e-06"
"('HR', 'Recreational, cultural and sporting activities (92)')","9.87066407739034e-06","4.78376359123379e-06","9.87043831412391e-06"
"('FI', 'Biogasification of sewage slugde, incl. land application')","9.86297656591607e-06","6.20841244574929e-06","9.86290452848127e-06"
"('PT', 'Other service activities (93)')","9.84739508689033e-06","1.62398474762024e-06","9.84739508689033e-06"
"('IN', 'Pulp')","9.83405052753083e-06","4.30509864556488e-06","9.82387252982547e-06"
"('JP', 'Extraction of crude petroleum and services related to crude oil extraction, excluding surveying')","9.80791958791247e-06","7.54070194359659e-06","9.68056586044775e-06"
"('BE', 'Extraction of natural gas and services related to natural gas extraction, excluding surveying')","9.78257477339802e-06","4.91062374017241e-06","7.98898228704661e-06"
"('SE', 'Processing of meat poultry')","9.7773964022852e-06","2.61994033767035e-06","9.63853087221015e-06"
"('MT', 'Fishing, operating of fish hatcheries and fish farms; service activities incidental to fishing (05)')","9.76315407624614e-06","5.12203318953578e-06","9.75228474714894e-06"
"('NL', 'Fishing, operating of fish hatcheries and fish farms; service activities incidental to fishing (05)')","9.72257393843372e-06","6.68950705674462e-06","9.69411318140443e-06"
"('MT', 'Manufacture of other transport equipment (35)')","9.71603435922166e-06","1.77650992363257e-06","9.70495411605196e-06"
"('HU', 'Publishing, printing and reproduction of recorded media (22)')","9.70988762318978e-06","4.09687708711012e-06","9.70988762318978e-06"
"('LT', 'Education (80)')","9.70802413442329e-06","3.95992474454469e-06","9.7071329771054e-06"
"('BG', 'Mining of coal and lignite; extraction of peat (10)')","9.66260469196087e-06","5.80250549454825e-06","9.66248381190087e-06"
"('SK', 'Forestry, logging and related service activities (02)')","9.65617880460827e-06","7.10267714703415e-06","9.65446520089741e-06"
"('WE', 'Production of electricity by biomass and waste')","9.64228038410358e-06","9.42248693363427e-06","4.472522656561e-07"
"('LU', 'Copper production')","9.6261923245969e-06","3.86205090621666e-06","9.62124785901063e-06"
"('CZ', 'Cattle farming')","9.58648453937184e-06","2.4388305741317e-06","9.58457233702634e-06"
"('HU', 'Forestry, logging and related service activities (02)')","9.56879936100857e-06","5.98327628053305e-06","9.56726789880621e-06"
"('AT', 'Extraction of natural gas and services related to natural gas extraction, excluding surveying')","9.51748333407479e-06","6.64499225174248e-06","9.26691707297507e-06"
"('CY', 'Production of electricity by petroleum and other oil derivatives')","9.51456474611379e-06","7.8150441900748e-06","6.976950285973e-06"
"('IT', 'Other non-ferrous metal production')","9.46592443694828e-06","5.52609482619187e-06","7.47072380414472e-06"
"('FI', 'Collection, purification and distribution of water (41)')","9.46452661107911e-06","7.1397214021847e-06","5.47933079970441e-06"
"('BE', 'Landfill of waste: Food')","9.39670265962462e-06","7.72418260740201e-06","4.34121893269948e-06"
"('LV', 'Sale, maintenance, repair of motor vehicles, motor vehicles parts, motorcycles, motor cycles parts and accessoiries')","9.39517408318774e-06","6.65087439341467e-06","9.38742498958898e-06"
"('LV', 'Manufacture of machinery and equipment n.e.c. (29)')","9.38954541991801e-06","3.7404324334007e-06","9.38935661226256e-06"
"('HU', 'Manufacture of furniture; manufacturing n.e.c. (36)')","9.38729964407919e-06","5.13563343942697e-06","8.9743876478048e-06"
"('LT', 'Raw milk')","9.38125150764724e-06","6.52627537627511e-07","9.37926592999507e-06"
"('FR', 'Animal products nec')","9.35342657790729e-06","8.76983322344556e-06","2.05584340464271e-06"
"('HR', 'Plastics, basic')","9.28294464982056e-06","1.73493211579189e-06","9.2703557849763e-06"
"('US', 'Manufacture of medical, precision and optical instruments, watches and clocks (33)')","9.25114054729856e-06","6.89055609824293e-06","7.27101820184975e-06"
"('PT', 'Poultry farming')","9.25078480853252e-06","4.42875312955133e-06","9.24965682869025e-06"
"('HR', 'Manufacture of office machinery and computers (30)')","9.2489726976217e-06","5.18342142314546e-06","9.24896501000171e-06"
"('TR', 'Manufacture of bricks, tiles and construction products, in baked clay')","9.2371495851635e-06","7.91745204287076e-06","5.44261863124661e-06"
"('LV', 'Transport via railways')","9.18181248713471e-06","5.78188708963858e-06","8.43764634797174e-06"
"('ZA', 'Transport via pipelines')","9.17724924983236e-06","2.84897797746659e-06","9.05262262302476e-06"
"('EE', 'Activities auxiliary to financial intermediation (67)')","9.16380898176443e-06","4.36454199170768e-06","9.13859193231011e-06"
"('NO', 'Copper production')","9.14575079222779e-06","4.81980468492743e-06","9.09374643991749e-06"
"('CY', 'Manufacture of motor vehicles, trailers and semi-trailers (34)')","9.13784381824584e-06","5.90982938629756e-06","9.13783737723919e-06"
"('KR', 'Processing vegetable oils and fats')","9.12977586672432e-06","4.06903411590289e-06","9.02728857434421e-06"
"('PT', 'Private households with employed persons (95)')","9.1256659017215e-06","9.1256659017215e-06","9.1256659017215e-06"
"('NO', 'Casting of metals')","9.09685937413517e-06","4.38737351541124e-06","9.05008349900762e-06"
"('NL', 'P- and other fertiliser')","9.05418625200271e-06","3.94574968868429e-06","8.93825689804566e-06"
"('SK', 'Education (80)')","9.04389303946033e-06","2.8269413547041e-06","9.04272827226947e-06"
"('BG', 'Publishing, printing and reproduction of recorded media (22)')","9.03257570386123e-06","5.30529948849277e-06","9.03257570386123e-06"
"('NL', 'Landfill of waste: Food')","8.99368640862026e-06","7.90721073916252e-06","3.21554278105997e-06"
"('NO', 'Manufacture of gas; distribution of gaseous fuels through mains')","8.98352595838615e-06","3.73201321384675e-06","7.98065269230099e-06"
"('KR', 'Forestry, logging and related service activities (02)')","8.97532253248003e-06","7.68957373456434e-06","8.97450256057175e-06"
"('SK', 'Incineration of waste: Food')","8.97381197678058e-06","6.76314260673355e-06","7.91032567578584e-06"
"('GR', 'Transport via pipelines')","8.959181106207e-06","7.81887121264572e-06","7.47590658760535e-06"
"('PL', 'Landfill of waste: Plastic')","8.87356094197726e-06","6.83709119147844e-06","8.87356094197726e-06"
"('WE', 'Production of electricity by petroleum and other oil derivatives')","8.85852570348373e-06","8.08901510421121e-06","1.39039326812979e-06"
"('BG', 'Real estate activities (70)')","8.84032614026193e-06","6.74944213427174e-06","8.81652639934064e-06"
"('CZ', 'Processing of meat pigs')","8.8392532056118e-06","3.5502305464057e-06","8.73861083035987e-06"
"('US', 'Manufacture of radio, television and communication equipment and apparatus (32)')","8.83012156750806e-06","4.55208112688662e-06","8.82987310781406e-06"
"('SI', 'Processing of dairy products')","8.82571069896056e-06","4.10602211544042e-06","8.81559349026512e-06"
"('IE', 'Fishing, operating of fish hatcheries and fish farms; service activities incidental to fishing (05)')","8.82314402820838e-06","6.23058399204488e-06","8.80593264957513e-06"
"('NL', 'Private households with employed persons (95)')","8.8197406994304e-06","8.72080778175625e-06","8.8197406994304e-06"
"('PT', 'Processing of meat poultry')","8.80749327574626e-06","1.19383751403654e-06","8.7913364249658e-06"
"('BG', 'Forestry, logging and related service activities (02)')","8.79970375599924e-06","6.98788760996232e-06","8.79886883141339e-06"
"('FI', 'Manufacture of furniture; manufacturing n.e.c. (36)')","8.7967309502873e-06","3.6779739681395e-06","8.72359692918287e-06"
"('FR', 'Production of electricity by coal')","8.78247481177789e-06","6.78341350676418e-06","3.74572636280726e-06"
"('TW', 'Manufacture of gas; distribution of gaseous fuels through mains')","8.77440823290201e-06","5.71158585131577e-06","6.90386980130987e-06"
"('BR', 'Lead, zinc and tin production')","8.74077206662714e-06","4.93248320263935e-06","8.14373740737376e-06"
"('FI', 'Processing of meat pigs')","8.71355315172032e-06","2.39887340960431e-06","8.69530390960731e-06"
"('US', 'Meat animals nec')","8.70459700589532e-06","4.78173127171058e-06","8.06435278920268e-06"
"('SE', 'Cultivation of wheat')","8.6849165055437e-06","4.57918481190072e-06","8.49168703363255e-06"
"('CA', 'Manufacture of ceramic goods')","8.63330138687236e-06","4.27181146851327e-06","8.62333279648233e-06"
"('BG', 'Casting of metals')","8.60145439711768e-06","3.8138516590709e-06","8.59181455436722e-06"
"('KR', 'Extraction of natural gas and services related to natural gas extraction, excluding surveying')","8.60029248509149e-06","6.14096699948382e-06","6.89596764856987e-06"
"('ES', 'Meat animals nec')","8.57898727136584e-06","8.19699991670209e-06","3.39184542237045e-06"
"('TR', 'Extraction of natural gas and services related to natural gas extraction, excluding surveying')","8.526547238897e-06","2.18746083352422e-06","8.4320077672546e-06"
"('SE', 'Manufacture of other non-metallic mineral products n.e.c.')","8.50235896512851e-06","4.78883981174216e-06","8.2856066207424e-06"
"('TW', 'Cultivation of crops nec')","8.48906113316233e-06","4.41686053788843e-06","8.16152926134566e-06"
"('CZ', 'Sea and coastal water transport')","8.4613371292267e-06","3.99980779215779e-06","8.3770788369026e-06"
"('SE', 'Cultivation of cereal grains nec')","8.43756314604464e-06","6.43274084759198e-06","8.31904180575834e-06"
"('LT', 'Hotels and restaurants (55)')","8.40454957953429e-06","3.57006602752208e-06","8.40371997265877e-06"
"('LU', 'Health and social work (85)')","8.40076552532675e-06","1.26463143578777e-06","8.40076459417258e-06"
"('PL', 'Extraction, liquefaction, and regasification of other petroleum and gaseous materials')","8.39691275494436e-06","6.59788831689533e-06","6.49695161764199e-06"
"('PT', 'Copper production')","8.36883632085306e-06","3.91462441577552e-06","8.27139124163879e-06"
"('BG', 'Cultivation of crops nec')","8.34779993585813e-06","2.63626633273798e-06","7.87287384316686e-06"
"('PT', 'Incineration of waste: Wood')","8.34651099074278e-06","5.93666582492115e-06","6.80712924414928e-06"
"('FI', 'Aluminium production')","8.31240966806228e-06","4.14299715464181e-06","8.14837986339527e-06"
"('FI', 'Processing of meat cattle')","8.29106466738831e-06","2.86506607962922e-06","8.2884258875179e-06"
"('DK', 'Processing of nuclear fuel')","8.28257435173428e-06","0","8.28257435173428e-06"
"('IE', 'Transmission of electricity')","8.25142935481307e-06","7.63832201848109e-06","3.82092767425688e-06"
"('FI', 'Landfill of waste: Paper')","8.25076306800916e-06","4.91437717957607e-06","8.25071252156102e-06"
"('SK', 'Air transport (62)')","8.2421197592551e-06","7.23290705413705e-06","7.74467639163805e-06"
"('IE', 'Meat animals nec')","8.23670418872126e-06","7.44975156936931e-06","4.75826913285403e-06"
"('SI', 'Activities of membership organisation n.e.c. (91)')","8.23257955474094e-06","4.66215271950476e-06","8.23257955474094e-06"
"('DK', 'Manufacture of tobacco products (16)')","8.19668580925903e-06","6.81984443148133e-06","6.43276807590668e-06"
"('HU', 'Cattle farming')","8.18734407608439e-06","4.15350113703803e-06","8.16170637758416e-06"
"('TR', 'Cultivation of crops nec')","8.18675819844523e-06","6.43771105208845e-06","6.51017550940386e-06"
"('PT', 'Mining of other non-ferrous metal ores and concentrates')","8.17279218363715e-06","7.94724011006943e-06","5.12347476546363e-07"
"('BE', 'Processing vegetable oils and fats')","8.16779425416937e-06","5.87249368962127e-06","7.04089223735003e-06"
"('MX', 'Manufacture of coke oven products')","8.16247797420505e-06","4.40536740810903e-06","8.07048767296597e-06"
"('HU', 'Waste water treatment, food')","8.10828489476553e-06","6.46139625774503e-06","5.53997106281617e-06"
"('WM', 'Manufacture of gas; distribution of gaseous fuels through mains')","8.10062137983249e-06","7.90459508118449e-06","2.35933638048792e-06"
"('GB', 'Sugar refining')","8.08323059198623e-06","6.55023433625461e-06","4.46204485906861e-06"
"('FI', 'Production of electricity by wind')","8.03449839337681e-06","7.96192760528536e-06","3.26767525409773e-06"
"('FI', 'Tanning and dressing of leather; manufacture of luggage, handbags, saddlery, harness and footwear (19)')","8.03393017478445e-06","5.52407651398344e-06","8.03336705856785e-06"
"('EE', 'Plastics, basic')","7.99285533436314e-06","2.50868960017368e-06","7.77844998188793e-06"
"('EE', 'Extraction of crude petroleum and services related to crude oil extraction, excluding surveying')","7.97760906749691e-06","3.81308268396033e-06","7.97760904610184e-06"
"('BE', 'Poultry farming')","7.96390834706781e-06","4.83945031397328e-06","7.95449117119109e-06"
"('BE', 'Landfill of waste: Inert/metal/hazardous')","7.95833519314745e-06","4.66511150440787e-06","7.95706448828295e-06"
"('CH', 'Recreational, cultural and sporting activities (92)')","7.95693237718939e-06","5.33664343531304e-06","7.93546071496754e-06"
"('FI', 'Manufacture of wearing apparel; dressing and dyeing of fur (18)')","7.9226434566057e-06","1.46275022479368e-06","7.92263615008111e-06"
"('CZ', 'Cultivation of vegetables, fruit, nuts')","7.91530288579454e-06","4.5511653789489e-06","7.90834769557684e-06"
"('ZA', 'Cultivation of sugar cane, sugar beet')","7.87702707771059e-06","5.81581198621387e-06","7.13529373998552e-06"
"('LV', 'Manufacture of basic iron and steel and of ferro-alloys and first products thereof')","7.86985294107824e-06","4.77181252661663e-06","7.86477213864172e-06"
"('AT', 'Quarrying of stone')","7.85926106747686e-06","6.00199707860613e-06","4.91877346200998e-06"
"('AT', 'Manufacture of glass and glass products')","7.85370931189247e-06","5.0564500137267e-06","7.65034386028842e-06"
"('IE', 'Cultivation of wheat')","7.84069770167911e-06","3.5637450645214e-06","7.72015448654423e-06"
"('SK', 'Cultivation of wheat')","7.83627038919953e-06","3.79168779341901e-06","7.75482992577152e-06"
"('IE', 'Cultivation of vegetables, fruit, nuts')","7.83560429246096e-06","2.57061554586461e-06","7.82751518678051e-06"
"('BE', 'Manufacture of ceramic goods')","7.8314515820012e-06","3.86274173974585e-06","7.44012956463746e-06"
"('ES', 'Precious metals production')","7.80732210130338e-06","4.39629959728798e-06","7.32497523427072e-06"
"('DK', 'Copper production')","7.80674226461905e-06","3.59695488309636e-06","7.64524035044304e-06"
"('SI', 'Manufacture of other transport equipment (35)')","7.79107534329246e-06","2.96950385048025e-06","7.75846658233413e-06"
"('EE', 'Health and social work (85)')","7.78488001130798e-06","4.32737384807736e-06","7.78488001130798e-06"
"('LT', 'Forestry, logging and related service activities (02)')","7.76574251646082e-06","5.38174726510887e-06","7.70361725761224e-06"
"('FI', 'Mining of copper ores and concentrates')","7.75627224899928e-06","6.69399029440403e-06","3.16434109000285e-06"
"('NL', 'Production of meat products nec')","7.71141514878299e-06","4.71865524107354e-06","6.86246730626333e-06"
"('PT', 'Manufacture of other non-metallic mineral products n.e.c.')","7.69541686387122e-06","3.98598897617116e-06","7.64889034400747e-06"
"('PT', 'Retail sale of automotive fuel')","7.64894091576856e-06","6.68668851705712e-06","4.80297220888898e-06"
"('HU', 'Biogasification of sewage slugde, incl. land application')","7.63026604024043e-06","4.96048067217501e-06","7.53724122811862e-06"
"('MT', 'Quarrying of stone')","7.59266855451291e-06","5.83381344154414e-06","7.1118552550926e-06"
"('SE', 'Manufacture of fish products')","7.56682239647893e-06","2.7349604227437e-06","7.56063452031923e-06"
"('AT', 'Poultry farming')","7.55614614376686e-06","4.14047142115135e-06","7.55182599205638e-06"
"('LU', 'Petroleum Refinery')","7.54758095324244e-06","7.4373635693097e-06","7.54540810431616e-06"
"('SE', 'Extraction, liquefaction, and regasification of other petroleum and gaseous materials')","7.53622523292547e-06","5.67812497500294e-06","6.27222878254037e-06"
"('BG', 'Poultry farming')","7.51981014530564e-06","4.95316480996437e-06","7.51562622520854e-06"
"('DE', 'Landfill of waste: Food')","7.51587454829729e-06","7.30611928759349e-06","1.4843904353417e-06"
"('EE', 'Processing of dairy products')","7.47705717675083e-06","2.25523527638596e-06","7.47019425856681e-06"
"('BR', 'Production of electricity by solar photovoltaic')","7.47154139990199e-06","3.22746558949019e-06","7.38611733535256e-06"
"('TW', 'Raw milk')","7.4022244922445e-06","2.9325408475975e-06","6.91520382655954e-06"
"('NO', 'Lead, zinc and tin production')","7.39422939376092e-06","3.97589461392139e-06","7.262090598646e-06"
"('BE', 'Manufacture of wearing apparel; dressing and dyeing of fur (18)')","7.39195976421063e-06","4.44454358156002e-06","7.38476515254901e-06"
"('RO', 'Activities auxiliary to financial intermediation (67)')","7.38994018491121e-06","3.48578100833641e-06","7.37611752070197e-06"
"('GR', 'Cultivation of cereal grains nec')","7.36781848026325e-06","6.00432002143275e-06","7.31360659621924e-06"
"('CY', 'Air transport (62)')","7.35136499138311e-06","8.67959000337383e-07","7.35100491302139e-06"
"('EE', 'Manufacture of gas; distribution of gaseous fuels through mains')","7.30265641898906e-06","4.50797993800146e-06","7.27968632831064e-06"
"('RO', 'Sea and coastal water transport')","7.28123441445631e-06","4.47937385143584e-06","7.22378586563635e-06"
"('SI', 'Landfill of waste: Food')","7.25775546350967e-06","3.98906388529025e-06","7.16191247377523e-06"
"('ID', 'Sugar refining')","7.21566602224801e-06","3.71528817712641e-06","5.96741956309503e-06"
"('CA', 'Retail sale of automotive fuel')","7.20266792487517e-06","3.45619983787699e-06","4.48380704563316e-06"
"('EE', 'Petroleum Refinery')","7.18047114451891e-06","3.60366706439984e-06","7.17966771457876e-06"
"('WF', 'Manufacture of tobacco products (16)')","7.17679122523303e-06","2.5635036225922e-06","6.43677603662904e-06"
"('LU', 'Post and telecommunications (64)')","7.15261885009976e-06","3.93475536588276e-06","7.11790289061113e-06"
"('IE', 'Activities of membership organisation n.e.c. (91)')","7.14117675554389e-06","2.68599649995064e-06","7.13823472543838e-06"
"('GR', 'Fishing, operating of fish hatcheries and fish farms; service activities incidental to fishing (05)')","7.13650290505278e-06","6.30329604072563e-06","7.11536984427127e-06"
"('LV', 'Manufacture of rubber and plastic products (25)')","7.12294439125652e-06","4.18181807202947e-06","7.12287401092322e-06"
"('CY', 'Processing of Food products nec')","7.12039093433586e-06","3.04135296260553e-06","7.12038379627514e-06"
"('EE', 'Sale, maintenance, repair of motor vehicles, motor vehicles parts, motorcycles, motor cycles parts and accessoiries')","7.0955180403278e-06","3.50665358798416e-06","6.9828434186133e-06"
"('FR', 'Lead, zinc and tin production')","7.09513870431387e-06","3.25987760357744e-06","6.90504704852578e-06"
"('SE', 'Cultivation of vegetables, fruit, nuts')","7.08471660709113e-06","5.91032392303734e-06","7.04788629388963e-06"
"('PT', 'Incineration of waste: Textiles')","7.08020707316387e-06","5.24693221840347e-06","5.47699395553489e-06"
"('FI', 'Pigs farming')","7.06334289865888e-06","3.26720015784093e-06","7.06334287479007e-06"
"('SI', 'Landfill of waste: Inert/metal/hazardous')","7.06174192961394e-06","3.93449380008635e-06","7.06174190691281e-06"
"('SK', 'Cultivation of cereal grains nec')","7.05272143815157e-06","4.19269272576429e-06","7.00834308493742e-06"
"('PL', 'Production of electricity by biomass and waste')","7.04233911034816e-06","6.66045445654195e-06","6.68989100146009e-07"
"('GB', 'Tanning and dressing of leather; manufacture of luggage, handbags, saddlery, harness and footwear (19)')","7.03945669493562e-06","4.65247884937874e-06","6.94768500174709e-06"
"('BG', 'Steam and hot water supply')","7.03118312112759e-06","4.90309262165595e-06","5.19894838405217e-06"
"('LT', 'Poultry farming')","7.03010021826877e-06","1.62519157017565e-06","7.0108680387361e-06"
"('RO', 'Pulp')","7.00698782638377e-06","2.22681474115304e-06","6.99914539389918e-06"
"('SE', 'Landfill of waste: Paper')","6.99194034369267e-06","3.73120755596445e-06","6.99194034369267e-06"
"('FR', 'Manufacture of coke oven products')","6.97243489801699e-06","4.14069050565606e-06","6.38695284001385e-06"
"('HR', 'Re-processing of secondary steel into new steel')","6.97016979862305e-06","4.36327807074201e-06","6.9621918533482e-06"
"('KR', 'Processed rice')","6.96952422148651e-06","5.28475789277234e-06","3.75942120269736e-06"
"('SI', 'Activities auxiliary to financial intermediation (67)')","6.94230808328797e-06","4.53385115519247e-06","6.9326167307259e-06"
"('LV', 'Insurance and pension funding, except compulsory social security (66)')","6.93706729407814e-06","3.49866324656338e-06","6.93619479480688e-06"
"('SK', 'Manufacture of furniture; manufacturing n.e.c. (36)')","6.93210300536545e-06","3.65956835713904e-06","6.84881381401318e-06"
"('HR', 'Distribution and trade of electricity')","6.93081549693693e-06","5.54061983577794e-06","6.83984828697474e-06"
"('CA', 'Manufacture of bricks, tiles and construction products, in baked clay')","6.89245262715294e-06","4.07920266934039e-06","6.89245262715294e-06"
"('IT', 'Manufacture of coke oven products')","6.88881035187396e-06","5.41999205027245e-06","4.58149421274401e-06"
"('NO', 'Manufacture of wearing apparel; dressing and dyeing of fur (18)')","6.87282043177682e-06","2.70021465341046e-06","6.87277171069732e-06"
"('NO', 'Precious metals production')","6.85789869754716e-06","4.48905089047877e-06","6.5604118864169e-06"
"('PL', 'Production of meat products nec')","6.84961314102441e-06","2.57551812253882e-06","6.65413109142597e-06"
"('RO', 'Cattle farming')","6.8492942653812e-06","3.25473739149591e-06","6.84121762537297e-06"
"('NO', 'Landfill of waste: Wood')","6.84846631596848e-06","5.95049670957725e-06","3.95384075009877e-06"
"('CZ', 'Extraction of crude petroleum and services related to crude oil extraction, excluding surveying')","6.83058019054357e-06","3.29325742693754e-06","6.82343197479158e-06"
"('IE', 'Quarrying of sand and clay')","6.7882957144347e-06","6.01375724820904e-06","4.05826498475572e-06"
"('BE', 'Production of electricity by biomass and waste')","6.78360416963046e-06","6.64132662033847e-06","4.2222280146327e-07"
"('EE', 'Education (80)')","6.76825543728077e-06","1.12959785308434e-06","6.76825543728077e-06"
"('FI', 'Cultivation of vegetables, fruit, nuts')","6.76193027297768e-06","4.07686779341267e-06","6.75517502674298e-06"
"('PT', 'Manufacture of furniture; manufacturing n.e.c. (36)')","6.75458349265568e-06","2.77909936263595e-06","6.60526572684467e-06"
"('CZ', 'Incineration of waste: Wood')","6.74212606360641e-06","2.43303129649332e-06","6.74212592618513e-06"
"('DK', 'Composting of food waste, incl. land application')","6.73750074410583e-06","4.92303098273618e-06","6.73750074410583e-06"
"('CY', 'Insurance and pension funding, except compulsory social security (66)')","6.73123086532236e-06","2.71642833131297e-06","6.73055675504261e-06"
"('HR', 'Renting of machinery and equipment without operator and of personal and household goods (71)')","6.73065600792958e-06","3.84354996161109e-06","6.69124711562079e-06"
"('MX', 'Manufacture of bricks, tiles and construction products, in baked clay')","6.6940169893956e-06","5.48817444579858e-06","3.32019192589018e-06"
"('SE', 'Cattle farming')","6.68333571072245e-06","3.68349175137363e-06","6.63501353835203e-06"
"('NO', 'Manufacture of ceramic goods')","6.66571390536907e-06","3.39475772189402e-06","6.65927184545741e-06"
"('BG', 'Cultivation of vegetables, fruit, nuts')","6.66069637873899e-06","5.74891099525247e-06","6.64120324799184e-06"
"('SK', 'Research and development (73)')","6.65720241552479e-06","3.68034365471021e-06","6.63882260231739e-06"
"('EE', 'Processing of Food products nec')","6.65440350356275e-06","2.50735592913467e-06","6.65425326303671e-06"
"('LT', 'Cultivation of vegetables, fruit, nuts')","6.62822630229967e-06","2.77505403758382e-06","6.62690489111178e-06"
"('CH', 'Pulp')","6.59438195197028e-06","3.10875807203882e-06","6.22057039226082e-06"
"('SI', 'Cattle farming')","6.58828525981801e-06","2.34999501771305e-06","6.58781171015373e-06"
"('SE', 'Pigs farming')","6.57881224427304e-06","4.71791024245937e-06","6.5765736818373e-06"
"('CH', 'Casting of metals')","6.55640966820202e-06","3.18905302226101e-06","6.50090777157981e-06"
"('EE', 'Manufacture of basic iron and steel and of ferro-alloys and first products thereof')","6.55247084575093e-06","3.71428796011237e-06","6.54900177610981e-06"
"('FI', 'P- and other fertiliser')","6.54749200077062e-06","4.89949672660719e-06","6.45840298637509e-06"
"('BG', 'Raw milk')","6.53557606034128e-06","3.89824715807622e-06","6.53330826784125e-06"
"('SI', 'Distribution and trade of electricity')","6.534093050381e-06","4.13187658398069e-06","6.51634666934755e-06"
"('MX', 'Private households with employed persons (95)')","6.53029954866839e-06","6.53029954866839e-06","6.53029954866839e-06"
"('ES', 'Sugar refining')","6.52879621796147e-06","4.26643001123332e-06","3.86236591992515e-06"
"('IE', 'Production of electricity by biomass and waste')","6.51641118538158e-06","6.46963975050449e-06","6.21755276146443e-07"
"('SK', 'Landfill of waste: Wood')","6.49665210341169e-06","4.81235708309487e-06","5.98555292259759e-06"
"('DK', 'Forestry, logging and related service activities (02)')","6.49393560435282e-06","5.05076425223249e-06","6.31962652102034e-06"
"('GR', 'Processing of meat cattle')","6.43694242938698e-06","6.38174632553083e-07","6.43049580002061e-06"
"('EE', 'Manufacture of cement, lime and plaster')","6.41692657050979e-06","4.14464705596828e-06","6.41683140027179e-06"
"('DE', 'Landfill of waste: Plastic')","6.39700738463052e-06","4.94966527512579e-06","6.39700738463052e-06"
"('GB', 'Steam and hot water supply')","6.37023331736753e-06","4.39211215729715e-06","2.5303477651088e-06"
"('TW', 'Retail sale of automotive fuel')","6.367251583729e-06","3.01071668863071e-06","5.13036429600787e-06"
"('ES', 'Other non-ferrous metal production')","6.36360903466589e-06","3.25749842881088e-06","5.92552429749646e-06"
"('SI', 'Recreational, cultural and sporting activities (92)')","6.34459761343412e-06","1.89517023647851e-06","6.34459761343412e-06"
"('KR', 'Production of electricity by wind')","6.33628162537125e-06","6.32459878704423e-06","6.95124939061553e-07"
"('ES', 'Cultivation of plant-based fibers')","6.33291768488076e-06","6.28255620584901e-06","4.46992083969758e-06"
"('LV', 'Cultivation of wheat')","6.32220747653776e-06","3.61471757617754e-06","6.28845968870975e-06"
"('LT', 'Cultivation of oil seeds')","6.31843697820804e-06","3.06161242814024e-06","6.28923436001748e-06"
"('NL', 'N-fertiliser')","6.25989741658146e-06","5.50860638847816e-06","2.05466217183373e-06"
"('AT', 'Inland water transport')","6.24935261472042e-06","5.29941488053885e-06","2.89607082371717e-06"
"('CZ', 'Tanning and dressing of leather; manufacture of luggage, handbags, saddlery, harness and footwear (19)')","6.23730446178289e-06","2.55043237496139e-06","6.23693897834604e-06"
"('HR', 'Cultivation of sugar cane, sugar beet')","6.22904070553011e-06","3.83814642789204e-07","6.22899773792421e-06"
"('HR', 'Production of electricity by hydro')","6.22381456889556e-06","5.7856665091754e-06","4.63843504501615e-06"
"('SK', 'Poultry farming')","6.2102505834336e-06","1.54639065058861e-06","6.20969292812335e-06"
"('BE', 'Private households with employed persons (95)')","6.19973258811201e-06","6.19973258811201e-06","6.19973258811201e-06"
"('SK', 'Mining of precious metal ores and concentrates')","6.19900894225533e-06","4.69325692261244e-07","6.09094566168525e-06"
"('SI', 'Other service activities (93)')","6.18161940642407e-06","3.95830823657272e-06","6.18034986150987e-06"
"('FI', 'Manufacture of fish products')","6.14668614826105e-06","3.21143699539916e-06","6.14215277112867e-06"
"('LT', 'Cultivation of cereal grains nec')","6.14668347271722e-06","3.24413792567479e-06","6.12929285488642e-06"
"('LU', 'Manufacture of other non-metallic mineral products n.e.c.')","6.12995759403056e-06","3.27231191118547e-06","6.12165644875826e-06"
"('BG', 'Other business activities (74)')","6.12925990375046e-06","3.65888603346318e-06","6.12925990375046e-06"
"('LU', 'Manufacture of ceramic goods')","6.12151710126009e-06","2.67850347756564e-06","6.113505972653e-06"
"('FI', 'Landfill of waste: Textiles')","6.0970960754621e-06","5.84090112669557e-06","1.18884518968439e-06"
"('EE', 'Manufacture of beverages')","6.09599406402582e-06","2.27261688927552e-06","6.09487473186191e-06"
"('LU', 'Manufacture of other transport equipment (35)')","6.07728914219348e-06","3.0123491922609e-06","5.76287192702972e-06"
"('NL', 'Cultivation of crops nec')","6.07687257224573e-06","3.88709253650863e-06","5.43615370646451e-06"
"('EE', 'Manufacture of textiles (17)')","6.0763833006793e-06","1.92807150380764e-06","6.07634017818495e-06"
"('AU', 'Manufacture of coke oven products')","6.06674270698838e-06","4.11080862480657e-06","5.05925713798285e-06"
"('DE', 'Landfill of waste: Paper')","6.058313288557e-06","4.48237351143178e-06","6.058313288557e-06"
"('SI', 'Forestry, logging and related service activities (02)')","6.02811971800041e-06","4.85920732153729e-06","6.02608776578665e-06"
"('GB', 'Manufacture of tobacco products (16)')","6.01725104258575e-06","1.56078175263635e-06","5.41282894478155e-06"
"('SK', 'Activities of membership organisation n.e.c. (91)')","6.01256644347629e-06","3.82513047483748e-06","6.01256644347629e-06"
"('SK', 'Other service activities (93)')","6.01231681758665e-06","4.13112718850099e-06","6.01033971092731e-06"
"('CA', 'Production of electricity by solar photovoltaic')","6.01225696923576e-06","5.79385787278197e-06","1.82848524529177e-06"
"('LV', 'Activities auxiliary to financial intermediation (67)')","5.9895586559884e-06","3.88957665409102e-06","5.98380562798998e-06"
"('GR', 'Cattle farming')","5.97949500555724e-06","3.56394117742521e-06","5.97907857221189e-06"
"('BG', 'Manufacture of glass and glass products')","5.97509730687369e-06","2.23603506000034e-06","5.93411584572406e-06"
"('IN', 'Processing of meat pigs')","5.97398730544209e-06","1.40599198841498e-06","5.86809341559927e-06"
"('WF', 'Production of electricity by solar thermal')","5.94631176459324e-06","5.88685373534183e-06","7.35814362982293e-07"
"('NL', 'Mining of chemical and fertilizer minerals, production of salt, other mining and quarrying n.e.c.')","5.88744430473842e-06","5.33800477824653e-06","1.47596265937314e-06"
"('BE', 'Manufacture of coke oven products')","5.88739876850905e-06","4.35576879430727e-06","3.6031604813278e-06"
"('IE', 'Other non-ferrous metal production')","5.87847786840804e-06","3.94734452982054e-06","5.68097400200685e-06"
"('HU', 'Production of electricity by solar photovoltaic')","5.87817312677447e-06","3.96566976991948e-06","3.74077166624028e-06"
"('HR', 'Cultivation of vegetables, fruit, nuts')","5.86691210280864e-06","3.54765952329608e-06","5.8641262669942e-06"
"('LV', 'Activities of membership organisation n.e.c. (91)')","5.85790140240726e-06","3.14046419737364e-06","5.85790140240726e-06"
"('BG', 'Production of electricity by solar photovoltaic')","5.84957750489999e-06","5.00034881271359e-06","2.58126898788141e-06"
"('PT', 'Processing vegetable oils and fats')","5.84333358251973e-06","2.36043177797618e-06","5.57758961385102e-06"
"('RO', 'Manufacture of furniture; manufacturing n.e.c. (36)')","5.83980077805725e-06","2.03245320603485e-06","5.81474517098717e-06"
"('NO', 'Other service activities (93)')","5.83379953187749e-06","2.09436658821549e-06","5.83379953187749e-06"
"('PT', 'Other non-ferrous metal production')","5.79971660420527e-06","2.84187703578194e-06","5.66128245115148e-06"
"('SK', 'Production of electricity by gas')","5.75455196055873e-06","2.40951826193934e-06","5.22982693750422e-06"
"('NO', 'Mining of iron ores')","5.74461784312749e-06","5.14216531471968e-06","1.09908950649822e-06"
"('ZA', 'Wool, silk-worm cocoons')","5.72827832926268e-06","3.84405682381956e-06","4.83947348968611e-06"
"('IN', 'Pigs farming')","5.71731001356576e-06","4.70748087234657e-06","4.90734419370282e-06"
"('ID', 'Raw milk')","5.7068632086833e-06","4.07292813502386e-06","5.26508921309665e-06"
"('NL', 'Production of electricity by coal')","5.70360974622221e-06","3.33470509436579e-06","4.17808986515882e-06"
"('IE', 'Extraction, liquefaction, and regasification of other petroleum and gaseous materials')","5.64053023043839e-06","5.23159329163672e-06","1.14508544260105e-06"
"('GB', 'Cultivation of sugar cane, sugar beet')","5.6201622213577e-06","2.69422769503732e-06","5.60378100308752e-06"
"('TR', 'Cultivation of paddy rice')","5.60848832754369e-06","5.43273903416159e-06","4.24160502800803e-06"
"('ZA', 'Pigs farming')","5.60470517415356e-06","4.17784861079175e-06","5.53298956155804e-06"
"('ZA', 'Manufacture of medical, precision and optical instruments, watches and clocks (33)')","5.58245542501425e-06","3.26264563080447e-06","5.57853604439924e-06"
"('SI', 'Post and telecommunications (64)')","5.54068669322286e-06","3.1441790740698e-06","5.54057808655601e-06"
"('GR', 'Transmission of electricity')","5.53759300216155e-06","3.97355304401068e-06","4.5792041966648e-06"
"('EE', 'Insurance and pension funding, except compulsory social security (66)')","5.53661605917884e-06","2.21988231886253e-06","5.53561528878061e-06"
"('GR', 'Private households with employed persons (95)')","5.52140675228719e-06","5.51508619739605e-06","5.52140675228719e-06"
"('CZ', 'Quarrying of stone')","5.51501574027865e-06","3.98794468998511e-06","4.8685537957643e-06"
"('LU', 'Manufacture of wood and of products of wood and cork, except furniture; manufacture of articles of straw and plaiting materials (20)')","5.50590922145853e-06","2.17834955700874e-06","5.5059092101165e-06"
"('HR', 'Manufacture of other transport equipment (35)')","5.46481159556661e-06","2.97198385041602e-06","5.45225676396347e-06"
"('ID', 'Manufacture of gas; distribution of gaseous fuels through mains')","5.4472848667227e-06","4.2287990414335e-06","3.70069771205908e-06"
"('PT', 'Lead, zinc and tin production')","5.43145726053865e-06","3.3795058326875e-06","5.1468512920702e-06"
"('ZA', 'Forestry, logging and related service activities (02)')","5.4287979870137e-06","3.32004139789707e-06","5.33343684820336e-06"
"('WF', 'Mining of uranium and thorium ores (12)')","5.40187828623768e-06","5.25860066442854e-06","2.50357513449566e-07"
"('ZA', 'Activities of membership organisation n.e.c. (91)')","5.38598898579075e-06","3.53872802838012e-07","5.38598898579075e-06"
"('IE', 'Manufacture of basic iron and steel and of ferro-alloys and first products thereof')","5.37796528040042e-06","4.93747405304606e-06","5.36849901980897e-06"
"('RO', 'Production of electricity by solar photovoltaic')","5.37487300187808e-06","5.22546360767907e-06","1.34034281986386e-06"
"('HR', 'Aluminium production')","5.36241386013556e-06","2.90617919620909e-06","5.35756543601273e-06"
"('SK', 'Raw milk')","5.36169588763375e-06","5.00335789776717e-06","5.34819217310349e-06"
"('ZA', 'Copper production')","5.36132402349475e-06","2.64272758585333e-06","5.33961088550705e-06"
"('MX', 'Mining of precious metal ores and concentrates')","5.3582622542613e-06","5.3582622542613e-06","5.46305978107857e-07"
"('GR', 'Production of electricity by petroleum and other oil derivatives')","5.35482187314292e-06","3.95442029758481e-06","2.63085826912577e-06"
"('NO', 'Cultivation of cereal grains nec')","5.35452300287124e-06","3.89002557135299e-06","5.30975921681397e-06"
"('FI', 'Fishing, operating of fish hatcheries and fish farms; service activities incidental to fishing (05)')","5.31219510260615e-06","4.64358094072666e-06","5.30737317768324e-06"
"('FI', 'Cultivation of wheat')","5.30073040137909e-06","2.73173722723974e-06","5.22724807204117e-06"
"('IT', 'Cultivation of crops nec')","5.29591567128736e-06","2.59536521183446e-06","4.58502894817494e-06"
"('PT', 'Landfill of waste: Plastic')","5.28541862458601e-06","3.88315762634891e-06","5.28541862458601e-06"
"('TR', 'Manufacture of electrical machinery and apparatus n.e.c. (31)')","5.25187439893285e-06","3.51199711147742e-06","5.25149647140753e-06"
"('TR', 'Production of electricity nec')","5.24413285750379e-06","5.13569844964939e-06","1.92071691336608e-07"
"('HR', 'Transport via pipelines')","5.24227796947418e-06","4.49431309931039e-06","4.90698612645172e-06"
"('LT', 'Fishing, operating of fish hatcheries and fish farms; service activities incidental to fishing (05)')","5.21875385709245e-06","1.55940756882954e-06","5.21798201268265e-06"
"('PT', 'Fishing, operating of fish hatcheries and fish farms; service activities incidental to fishing (05)')","5.20679498987573e-06","3.4044212371264e-06","5.20251689571829e-06"
"('IT', 'Cultivation of oil seeds')","5.20374599409991e-06","4.13965437664069e-06","5.19037987353819e-06"
"('FI', 'Transmission of electricity')","5.19980707284808e-06","4.86229641701436e-06","3.59459239813453e-06"
"('AT', 'Manufacture of coke oven products')","5.19656202895862e-06","2.57667137096285e-06","5.09849169837535e-06"
"('BG', 'Processing of meat poultry')","5.17951632246733e-06","1.35564655246886e-06","5.15384685982909e-06"
"('ES', 'Production of electricity by biomass and waste')","5.14530778782744e-06","5.04994099481352e-06","4.95875180179893e-07"
"('BG', 'Manufacture of tobacco products (16)')","5.13762321926658e-06","2.49776511721615e-06","5.13752740593623e-06"
"('ZA', 'Production of electricity by wind')","5.07940646711591e-06","4.89178158738564e-06","1.84170077249392e-06"
"('RO', 'Production of meat products nec')","5.07822665148832e-06","1.03547018398144e-06","5.06209855782829e-06"
"('NL', 'Meat animals nec')","5.07532494462994e-06","4.97962322872567e-06","2.0454247494101e-06"
"('LT', 'Sea and coastal water transport')","5.07475920222138e-06","3.00863933547823e-06","5.01376849885391e-06"
"('SI', 'Transport via pipelines')","5.07424046541602e-06","3.03027700171736e-06","4.94543821760358e-06"
"('HU', 'Processing of meat cattle')","5.06753813836282e-06","1.11628308136208e-06","5.04416172232698e-06"
"('HR', 'Paper')","5.06234676047504e-06","2.01511123591198e-06","5.06205540997149e-06"
"('SI', 'Landfill of waste: Paper')","5.06207601366019e-06","2.84283403930033e-06","5.06207601366019e-06"
"('SI', 'Publishing, printing and reproduction of recorded media (22)')","5.0601087891687e-06","2.30463390623936e-06","5.06010772461528e-06"
"('BG', 'Production of electricity by gas')","5.03809594638387e-06","2.8229863067579e-06","4.52941148418207e-06"
"('LV', 'Research and development (73)')","5.03418163426294e-06","2.41329312675563e-06","5.03035554247279e-06"
"('CZ', 'Extraction of natural gas and services related to natural gas extraction, excluding surveying')","5.02414595466042e-06","2.20538134395666e-06","4.99211248003142e-06"
"('NL', 'Forestry, logging and related service activities (02)')","5.02327551406941e-06","3.2277606049523e-06","4.97774465613742e-06"
"('LV', 'Processing of meat poultry')","5.01878808039811e-06","4.98726498658052e-06","1.54780404179088e-06"
"('LV', 'Manufacture of beverages')","5.01861649556912e-06","1.79702222779749e-06","5.01366467725985e-06"
"('RO', 'Incineration of waste: Oil/Hazardous waste')","5.01080360481364e-06","9.06443095778551e-07","5.01080359914456e-06"
"('PL', 'Mining of copper ores and concentrates')","4.99632402350854e-06","4.78501490550336e-06","9.63958631755082e-07"
"('RO', 'Landfill of waste: Inert/metal/hazardous')","4.98879232138501e-06","1.31592792862949e-06","4.98879232138501e-06"
"('GB', 'Processed rice')","4.97928231853151e-06","2.64095885836208e-06","4.2662154298787e-06"
"('PL', 'Landfill of waste: Wood')","4.97197946048403e-06","2.14381759054971e-06","4.83718786358527e-06"
"('LV', 'Quarrying of stone')","4.93700521534255e-06","3.32927997014533e-06","4.90282757515857e-06"
"('SI', 'Paper')","4.93166957308881e-06","1.26748762609812e-06","4.9316499233768e-06"
"('LV', 'Paper')","4.92473044319251e-06","1.95681853268954e-06","4.92425143556707e-06"
"('BG', 'Production of meat products nec')","4.9220627682344e-06","1.94627728154624e-06","4.91251363617195e-06"
"('TR', 'Manufacture of office machinery and computers (30)')","4.92017361068353e-06","2.50656284267335e-06","4.92013295513376e-06"
"('LV', 'Distribution and trade of electricity')","4.91462568045195e-06","2.78134435147595e-06","4.87690961476648e-06"
"('HR', 'Research and development (73)')","4.90749761533268e-06","2.45323837372108e-06","4.90749286296741e-06"
"('SI', 'Manufacture of other non-metallic mineral products n.e.c.')","4.90122746416338e-06","2.17372856681387e-06","4.89389321168351e-06"
"('CN', 'Mining of chemical and fertilizer minerals, production of salt, other mining and quarrying n.e.c.')","4.88719583200914e-06","4.73171638090792e-06","2.93888097132929e-07"
"('BG', 'Processing of meat pigs')","4.88126406383144e-06","1.60922771977818e-06","4.80555628397911e-06"
"('CY', 'Processing of nuclear fuel')","4.87923437936984e-06","0","4.87923437936984e-06"
"('RU', 'Meat animals nec')","4.87628148913302e-06","1.97420254476297e-06","3.89724478657982e-06"
"('RO', 'Fishing, operating of fish hatcheries and fish farms; service activities incidental to fishing (05)')","4.87056819787442e-06","1.99638641313917e-06","4.87031391590089e-06"
"('BG', 'Manufacture of motor vehicles, trailers and semi-trailers (34)')","4.85923788013542e-06","2.61796216301419e-06","4.8592200855487e-06"
"('NO', 'Cultivation of vegetables, fruit, nuts')","4.85701323965328e-06","2.48824869559648e-06","4.8363206491351e-06"
"('IE', 'Processing of meat poultry')","4.83873433786855e-06","4.80497814639266e-06","4.194461368849e-06"
"('SI', 'Production of electricity by nuclear')","4.83556777541779e-06","4.15703527292552e-06","3.68761702899728e-06"
"('MX', 'Production of electricity by nuclear')","4.83150927996952e-06","4.77163286123375e-06","1.04340062120068e-06"
"('RU', 'Cultivation of paddy rice')","4.81860168207803e-06","4.25591847569259e-06","4.00011950105947e-06"
"('EE', 'Post and telecommunications (64)')","4.80401584748359e-06","2.00763378651945e-06","4.80313810973833e-06"
"('AT', 'Cultivation of wheat')","4.79750709418503e-06","3.4143360062443e-06","4.55347018087347e-06"
"('CY', 'Public administration and defence; compulsory social security (75)')","4.79351426299487e-06","1.18379739155202e-06","4.79348971291236e-06"
"('HU', 'Inland water transport')","4.7545038171861e-06","2.46277406794239e-06","3.66422994729036e-06"
"('GR', 'Meat animals nec')","4.75194734640262e-06","2.21333313604858e-06","4.68049140734476e-06"
"('NL', 'Manufacture of coke oven products')","4.7504758952684e-06","3.86904749212072e-06","2.77470642418913e-06"
"('FI', 'Waste water treatment, food')","4.7501527916122e-06","3.77650797836478e-06","3.34658936219231e-06"
"('RU', 'Animal products nec')","4.72718390066671e-06","3.89305777598802e-06","2.26277725662661e-06"
"('SI', 'Manufacture of wearing apparel; dressing and dyeing of fur (18)')","4.69030660007359e-06","1.97168650093595e-06","4.6902090073466e-06"
"('CZ', 'Re-processing of secondary steel into new steel')","4.64497033408136e-06","1.95859556975451e-06","4.55775291343863e-06"
"('JP', 'Cultivation of oil seeds')","4.63062068760918e-06","3.97142046650952e-06","3.37474537104295e-06"
"('HU', 'Incineration of waste: Metals and Inert materials')","4.60963421300806e-06","3.68377227873575e-06","3.77632276201378e-06"
"('PL', 'Fishing, operating of fish hatcheries and fish farms; service activities incidental to fishing (05)')","4.60273012322376e-06","1.99069959221801e-06","4.60198262490316e-06"
"('GR', 'Cultivation of wheat')","4.59918102952346e-06","2.98554575600165e-06","4.55459195015484e-06"
"('RU', 'Processed rice')","4.59690961650097e-06","3.03740605876617e-06","3.41416801347566e-06"
"('FI', 'Precious metals production')","4.56250777797832e-06","1.80750327221062e-06","4.37290254962522e-06"
"('HU', 'Production of electricity by coal')","4.55384898659797e-06","2.7119655312186e-06","4.28543378727832e-06"
"('HU', 'Manufacture of ceramic goods')","4.54974906094746e-06","3.02100975419906e-06","4.50524022276952e-06"
"('DK', 'Cattle farming')","4.53320634657241e-06","1.90927084919792e-06","4.53059273315549e-06"
"('PT', 'Production of meat products nec')","4.53049014884602e-06","1.69588881168593e-06","4.49296375576973e-06"
"('DK', 'Cultivation of vegetables, fruit, nuts')","4.52667082301271e-06","3.63264299050643e-06","4.51857866598773e-06"
"('BE', 'Cultivation of sugar cane, sugar beet')","4.52500882046828e-06","3.00817878581929e-06","4.45700920410405e-06"
"('SK', 'Production of electricity by hydro')","4.51911903743184e-06","2.97282601482366e-06","3.7651322496168e-06"
"('GB', 'Processing vegetable oils and fats')","4.51891495817458e-06","4.50675689573081e-06","3.91387068771247e-06"
"('SI', 'Tanning and dressing of leather; manufacture of luggage, handbags, saddlery, harness and footwear (19)')","4.50742439777128e-06","2.1087010507476e-06","4.50645702071404e-06"
"('GB', 'Mining of coal and lignite; extraction of peat (10)')","4.49232659371407e-06","3.28757855455564e-06","4.35304938556261e-06"
"('HU', 'Incineration of waste: Food')","4.48474313568118e-06","3.8396379108436e-06","2.69567232346229e-06"
"('HR', 'Collection, purification and distribution of water (41)')","4.45262253655697e-06","3.82876869416951e-06","2.57378555715764e-06"
"('GR', 'Production of electricity by wind')","4.44918188680246e-06","4.3262005421691e-06","2.44442035275953e-06"
"('BR', 'Manufacture of bricks, tiles and construction products, in baked clay')","4.43946279895144e-06","3.35072101137746e-06","4.05735919165226e-06"
"('WM', 'Mining of coal and lignite; extraction of peat (10)')","4.4151075992207e-06","2.7939090344494e-06","3.72184691713958e-06"
"('SE', 'Manufacture of coke oven products')","4.41149103559198e-06","2.73264301469858e-06","4.17025654128993e-06"
"('DE', 'Cultivation of crops nec')","4.40472844311922e-06","2.88436728338548e-06","4.35042698841593e-06"
"('KR', 'Manufacture of bricks, tiles and construction products, in baked clay')","4.39226541032459e-06","2.70546285973008e-06","4.39214280714718e-06"
"('EE', 'Landfill of waste: Inert/metal/hazardous')","4.39087207855399e-06","3.11044635683058e-06","4.39079658168683e-06"
"('DK', 'Retail sale of automotive fuel')","4.3875369620901e-06","3.19240423290808e-06","2.52123961708857e-06"
"('HU', 'Incineration of waste: Paper')","4.3829309393897e-06","3.68597071730214e-06","2.88279452875082e-06"
"('DK', 'P- and other fertiliser')","4.35963382928573e-06","1.64564836030227e-06","4.35940175884026e-06"
"('NO', 'Mining of coal and lignite; extraction of peat (10)')","4.33423985829666e-06","1.96103165399623e-06","4.31787522212405e-06"
"('HR', 'Publishing, printing and reproduction of recorded media (22)')","4.32914135987662e-06","2.33031478907806e-06","4.32914135987662e-06"
"('DK', 'Biogasification of paper, incl. land application')","4.29980295340471e-06","4.13681598529775e-06","7.16812125081983e-07"
"('FR', 'Private households with employed persons (95)')","4.28843097153434e-06","4.28843097153434e-06","4.28843097153434e-06"
"('PT', 'Cultivation of cereal grains nec')","4.28011846963894e-06","3.35325429359227e-06","4.24516860691147e-06"
"('AT', 'Production of electricity by biomass and waste')","4.27577781492333e-06","3.92109192519961e-06","8.07710246455354e-07"
"('BE', 'Landfill of waste: Plastic')","4.26144838228496e-06","2.55419552862881e-06","4.26144838228496e-06"
"('LT', 'Cattle farming')","4.26033745539252e-06","2.56917721642074e-06","4.25676377246271e-06"
"('LU', 'Processing of meat cattle')","4.25848151099999e-06","1.02904866802995e-06","4.2538841780138e-06"
"('HR', 'Cultivation of cereal grains nec')","4.25310052814479e-06","2.38088909893721e-06","4.23046212352815e-06"
"('ZA', 'Processing of meat pigs')","4.25196824336614e-06","4.15758578841306e-07","4.25022020967773e-06"
"('HU', 'Composting of food waste, incl. land application')","4.24823012752139e-06","2.48254536101962e-06","4.24642415091437e-06"
"('TW', 'Forestry, logging and related service activities (02)')","4.2390728204723e-06","3.71144820840962e-06","4.23896955258195e-06"
"('RO', 'Manufacture of glass and glass products')","4.2354540020412e-06","2.67017265387858e-06","4.22663639881921e-06"
"('GR', 'Extraction of crude petroleum and services related to crude oil extraction, excluding surveying')","4.21841152967397e-06","2.91507237503897e-06","4.21835985422908e-06"
"('LT', 'Distribution and trade of electricity')","4.20874008795444e-06","2.85024860186666e-06","4.18469607920826e-06"
"('LV', 'Chemicals nec')","4.20352272096282e-06","1.81643264858884e-06","4.20336904754109e-06"
"('BG', 'Public administration and defence; compulsory social security (75)')","4.20029586387843e-06","2.25671480007459e-06","4.19140814556649e-06"
"('SI', 'Raw milk')","4.17249536135797e-06","2.16371923712869e-06","4.16985846363116e-06"
"('HR', 'Activities auxiliary to financial intermediation (67)')","4.17122494994122e-06","3.15930041938788e-06","4.17030651370203e-06"
"('ID', 'Cultivation of sugar cane, sugar beet')","4.16555220333359e-06","9.55697639443056e-07","4.06916683801474e-06"
"('ES', 'P- and other fertiliser')","4.16459997213702e-06","2.52573245290449e-06","4.14543521143675e-06"
"('ES', 'Processing of nuclear fuel')","4.16254778254026e-06","1.2665166183347e-06","3.73876935240205e-06"
"('GR', 'Processing of meat poultry')","4.15805532530135e-06","8.40855258962452e-07","4.10791570241652e-06"
"('TW', 'Cultivation of oil seeds')","4.14873389106628e-06","2.39720361582724e-06","3.40429468554209e-06"
"('CZ', 'Processing of meat cattle')","4.14249513906141e-06","7.98300301498159e-07","4.1382788376061e-06"
"('LT', 'Landfill of waste: Inert/metal/hazardous')","4.13020525843554e-06","1.81561905874967e-06","4.13020525843554e-06"
"('RO', 'Mining of coal and lignite; extraction of peat (10)')","4.12650761933134e-06","2.46160594838459e-06","4.12563554834356e-06"
"('LU', 'Raw milk')","4.12148337331129e-06","2.39872906566079e-06","4.11561354639578e-06"
"('BE', 'Landfill of waste: Paper')","4.11587639283883e-06","2.41057644165052e-06","4.11582002145851e-06"
"('HU', 'Quarrying of stone')","4.10947151655017e-06","2.24736901966997e-06","3.48166682629666e-06"
"('ZA', 'Meat animals nec')","4.07643533123834e-06","9.27225253532602e-07","4.00569587359765e-06"
"('FI', 'Processing of meat poultry')","4.07556353409164e-06","1.83896536215917e-06","4.07555961607574e-06"
"('SI', 'Copper production')","4.06776089865436e-06","2.34408245875845e-06","4.05457690211334e-06"
"('LV', 'Cultivation of cereal grains nec')","4.06721632598752e-06","1.60111429641898e-06","4.06466622850934e-06"
"('LU', 'Manufacture of furniture; manufacturing n.e.c. (36)')","4.04196390817677e-06","1.74804290522369e-06","3.90769303012548e-06"
"('LV', 'Quarrying of sand and clay')","4.03988696541309e-06","1.40123413897593e-06","4.03237167662707e-06"
"('BE', 'Cultivation of cereal grains nec')","4.03071716333783e-06","2.78026263049691e-06","3.98666763982856e-06"
"('TR', 'Pulp')","4.02925560316555e-06","2.82162990579475e-06","3.68351775279914e-06"
"('SI', 'Collection, purification and distribution of water (41)')","4.02161421125569e-06","3.53515100360985e-06","2.89106562371863e-06"
"('EE', 'Activities of membership organisation n.e.c. (91)')","4.0046032518964e-06","2.63183577317322e-06","4.0046032518964e-06"
"('LT', 'Other service activities (93)')","4.00405918632617e-06","1.96925734137007e-06","4.00405918628693e-06"
"('SE', 'Precious metals production')","3.98429770519183e-06","2.12989031381415e-06","3.88840572187761e-06"
"('FI', 'Production of electricity by gas')","3.97909872791233e-06","3.35327540456587e-06","2.75087750542985e-06"
"('WE', 'Mining of iron ores')","3.97560955792121e-06","3.7089596687055e-06","8.3526865631477e-07"
"('SE', 'Cultivation of crops nec')","3.96568116215247e-06","2.79944593783595e-06","3.68582463030761e-06"
"('MT', 'Inland water transport')","3.95946823591235e-06","1.80933259215641e-06","3.84361219684343e-06"
"('HR', 'Production of electricity by gas')","3.94863434849588e-06","2.59475245320424e-06","3.79256155595972e-06"
"('BR', 'Production of meat products nec')","3.94731532228343e-06","2.88414590155515e-06","3.747078509503e-06"
"('DE', 'Production of meat products nec')","3.94538270383316e-06","3.93397993071214e-06","2.42839987700316e-06"
"('LT', 'Manufacture of gas; distribution of gaseous fuels through mains')","3.94488629863069e-06","2.02558440877359e-06","3.93739550313134e-06"
"('BG', 'Insurance and pension funding, except compulsory social security (66)')","3.93547521065431e-06","1.9105682943067e-06","3.93488771831556e-06"
"('JP', 'Cultivation of cereal grains nec')","3.93408858730454e-06","3.27799129069323e-06","3.85027029126032e-06"
"('GR', 'Production of electricity by coal')","3.91286486676443e-06","1.57136762708228e-06","3.83012858545409e-06"
"('LV', 'Manufacture of textiles (17)')","3.89943495330704e-06","2.08187062594948e-06","3.89929902152829e-06"
"('SE', 'Production of meat products nec')","3.89341159631754e-06","4.96582724935457e-07","3.87982416032138e-06"
"('FI', 'Manufacture of coke oven products')","3.87680678120335e-06","1.85848821770666e-06","3.80996490609657e-06"
"('LU', 'Lead, zinc and tin production')","3.87417862495724e-06","1.67121649497424e-06","3.84048626810248e-06"
"('DK', 'Manufacture of ceramic goods')","3.85073280480669e-06","2.55891638237493e-06","3.83768126276653e-06"
"('TR', 'Mining of iron ores')","3.84910670427676e-06","3.73541451054826e-06","5.70772992876723e-07"
"('SI', 'Quarrying of sand and clay')","3.84546067268744e-06","2.07870491302491e-06","3.73280925400985e-06"
"('EE', 'Raw milk')","3.82250629582386e-06","2.03283170326164e-06","3.82250504138827e-06"
"('BG', 'Health and social work (85)')","3.8163686803379e-06","2.33446978557311e-06","3.81627153824851e-06"
"('DK', 'Other non-ferrous metal production')","3.81305547076723e-06","2.43195508359442e-06","3.6244255729497e-06"
"('CY', 'Manufacture of cement, lime and plaster')","3.81270399653485e-06","2.42367543427989e-06","3.81036790157153e-06"
"('AT', 'Production of electricity by solar photovoltaic')","3.80121806805486e-06","3.52642598652976e-06","1.10093661309496e-06"
"('IT', 'Cultivation of sugar cane, sugar beet')","3.78808249446141e-06","3.02906217937795e-06","2.62101559300988e-06"
"('ZA', 'Production of electricity by solar photovoltaic')","3.78807102089262e-06","3.7011777783608e-06","7.98461713786798e-07"
"('BG', 'Production of electricity by hydro')","3.78476851661624e-06","3.60260326120413e-06","3.00685924349828e-06"
"('AT', 'Manufacture of tobacco products (16)')","3.78352405759609e-06","1.54762005824722e-06","3.78349954417851e-06"
"('PT', 'Extraction, liquefaction, and regasification of other petroleum and gaseous materials')","3.76607260121907e-06","2.08314345572397e-06","3.5034049338208e-06"
"('PT', 'Production of electricity by solar photovoltaic')","3.73022146627001e-06","3.51248236219499e-06","1.20180329145148e-06"
"('AT', 'Manufacture of furniture; manufacturing n.e.c. (36)')","3.72345053024337e-06","2.24787409475946e-06","3.54090484327248e-06"
"('KR', 'Production of meat products nec')","3.71796657986135e-06","2.58944972025706e-06","3.40346259063739e-06"
"('NL', 'Quarrying of sand and clay')","3.7154338174853e-06","2.23041529870784e-06","3.00550029692277e-06"
"('HR', 'Fishing, operating of fish hatcheries and fish farms; service activities incidental to fishing (05)')","3.71073785087474e-06","2.04338808763015e-06","3.70686215826628e-06"
"('RO', 'Processing of meat poultry')","3.7065795842633e-06","8.16042185694625e-07","3.70326334543305e-06"
"('PT', 'Production of electricity by coal')","3.69758322556916e-06","1.24829054780342e-06","3.56134311088617e-06"
"('SK', 'Recreational, cultural and sporting activities (92)')","3.69339919518774e-06","2.50404507576531e-06","3.69337702591627e-06"
"('KR', 'Extraction of crude petroleum and services related to crude oil extraction, excluding surveying')","3.68072330544401e-06","2.52612788703834e-06","2.50973920473154e-06"
"('LU', 'Quarrying of sand and clay')","3.66935989500708e-06","2.5266444032779e-06","3.54616816773433e-06"
"('ID', 'Manufacture of bricks, tiles and construction products, in baked clay')","3.66928966610014e-06","2.38003764496777e-06","3.66928966610014e-06"
"('CA', 'Cultivation of crops nec')","3.66282945527277e-06","2.62142892925267e-06","3.46325224233452e-06"
"('GR', 'Manufacture of other transport equipment (35)')","3.64311488808206e-06","1.82682827454539e-06","3.19652281655654e-06"
"('RO', 'Landfill of waste: Textiles')","3.64040842351377e-06","2.37047910833997e-06","1.92885910376649e-06"
"('RO', 'Manufacture of ceramic goods')","3.62192431683872e-06","1.57971356100602e-06","3.61480189065064e-06"
"('DE', 'Animal products nec')","3.61339484069492e-06","3.46144759877136e-06","1.0002296055625e-06"
"('IE', 'Cultivation of sugar cane, sugar beet')","3.61318283388177e-06","2.01813301964419e-06","3.6130246909438e-06"
"('FR', 'P- and other fertiliser')","3.59994299772178e-06","2.38223217026916e-06","3.48603999285818e-06"
"('HU', 'Retail sale of automotive fuel')","3.59773913833085e-06","2.37281015664494e-06","2.58808098355416e-06"
"('IN', 'Processing of meat poultry')","3.57965877262441e-06","2.87394353560387e-06","2.10973364946743e-06"
"('TR', 'Other non-ferrous metal production')","3.57019481638962e-06","1.47117912344579e-06","3.43434130546618e-06"
"('RO', 'Other non-ferrous metal production')","3.56823150292477e-06","2.35311321950539e-06","3.35955017367575e-06"
"('HR', 'Tanning and dressing of leather; manufacture of luggage, handbags, saddlery, harness and footwear (19)')","3.55586623335603e-06","1.00954116924668e-06","3.55586619445192e-06"
"('ID', 'Mining of copper ores and concentrates')","3.55364090523015e-06","2.53506438972942e-06","2.11839899457008e-06"
"('SK', 'Chemicals nec')","3.55039789617153e-06","1.71147338700602e-06","3.55022872702791e-06"
"('LU', 'Manufacture of fish products')","3.54651289222604e-06","2.21822623224083e-06","3.54563563220916e-06"
"('DK', 'Plastics, basic')","3.54551829592526e-06","1.35792158650935e-06","3.51132358828977e-06"
"('LT', 'Activities auxiliary to financial intermediation (67)')","3.54338696344478e-06","2.66283235416499e-06","3.54337709716987e-06"
"('SI', 'Processing of meat cattle')","3.53357453136095e-06","1.102596268007e-06","3.53085407643866e-06"
"('HU', 'Landfill of waste: Inert/metal/hazardous')","3.53280636200453e-06","2.4880754786724e-06","3.53247667922765e-06"
"('HU', 'Transmission of electricity')","3.52665173920862e-06","2.5737331568846e-06","2.80625729446079e-06"
"('LU', 'Education (80)')","3.51632335959884e-06","1.52830313354286e-06","3.51534634806662e-06"
"('DK', 'Lead, zinc and tin production')","3.51582392924685e-06","1.95492107609052e-06","3.31341778563233e-06"
"('CY', 'Renting of machinery and equipment without operator and of personal and household goods (71)')","3.51146063889083e-06","2.60265619447169e-06","3.45623058935672e-06"
"('SK', 'Publishing, printing and reproduction of recorded media (22)')","3.50628319825087e-06","1.91380507041545e-06","3.50628319825087e-06"
"('GR', 'Pigs farming')","3.50525206672586e-06","8.06026084458702e-07","3.50312533693171e-06"
"('LU', 'Other non-ferrous metal production')","3.47213517966845e-06","1.60257588013343e-06","3.46092807716534e-06"
"('DE', 'Manufacture of radio, television and communication equipment and apparatus (32)')","3.46844067111566e-06","2.10667483772665e-06","3.46840661295838e-06"
"('AU', 'Cultivation of paddy rice')","3.46834580221379e-06","3.00618241655443e-06","3.09050352744593e-06"
"('SK', 'Manufacture of glass and glass products')","3.46757535378214e-06","1.53853787613406e-06","3.46650835763956e-06"
"('CZ', 'Manufacture of tobacco products (16)')","3.4604740862444e-06","3.52090240587686e-07","3.46039237598048e-06"
"('SK', 'Incineration of waste: Wood')","3.4392107495453e-06","2.73321400420507e-06","3.43900036686232e-06"
"('SI', 'Production of electricity by coal')","3.43022178532148e-06","1.73122143229969e-06","3.32000898823424e-06"
"('RO', 'Casting of metals')","3.42943329782756e-06","1.76514432399367e-06","3.42943328479696e-06"
"('LU', 'Manufacture of cement, lime and plaster')","3.40758281015592e-06","1.7342042847111e-06","3.40758260575821e-06"
"('SE', 'Manufacture of gas; distribution of gaseous fuels through mains')","3.39979165354438e-06","2.8421577780982e-06","2.72546131578568e-06"
"('SK', 'Precious metals production')","3.39767956876678e-06","2.19166917746405e-06","3.36811600544216e-06"
"('TW', 'Manufacture of bricks, tiles and construction products, in baked clay')","3.36155985592792e-06","2.21602312122249e-06","2.53836827172078e-06"
"('IE', 'Wool, silk-worm cocoons')","3.3279923738626e-06","2.50062520678774e-06","3.23072214361791e-06"
"('SE', 'Other non-ferrous metal production')","3.32604775568884e-06","1.5591553442109e-06","3.15078704372778e-06"
"('LT', 'Manufacture of rubber and plastic products (25)')","3.32478503729054e-06","1.78417960526914e-06","3.32478502105272e-06"
"('GR', 'Cultivation of plant-based fibers')","3.32202626001576e-06","2.9412743254591e-06","3.15486778758374e-06"
"('GR', 'Manufacture of bricks, tiles and construction products, in baked clay')","3.30776294536998e-06","2.43306244233869e-06","3.27486356962208e-06"
"('DK', 'Cultivation of oil seeds')","3.30428189656643e-06","1.49193060796485e-06","3.28567244173646e-06"
"('HU', 'Processing vegetable oils and fats')","3.25633447470165e-06","1.76318611392938e-06","3.04725439830162e-06"
"('CY', 'Collection, purification and distribution of water (41)')","3.25341414176228e-06","2.23040434353564e-06","3.17485967149596e-06"
"('ID', 'Activities of membership organisation n.e.c. (91)')","3.25330908805442e-06","1.47769855157268e-06","3.25330908805442e-06"
"('LU', 'Processing of meat pigs')","3.24634602399531e-06","1.45048165023714e-06","3.24280297081889e-06"
"('TW', 'Pulp')","3.24491551335044e-06","2.18523054896023e-06","2.91615551205719e-06"
"('JP', 'Cultivation of wheat')","3.23512014597899e-06","2.54683703108591e-06","3.14425363535641e-06"
"('CY', 'Sale, maintenance, repair of motor vehicles, motor vehicles parts, motorcycles, motor cycles parts and accessoiries')","3.22631254746698e-06","9.89028406889119e-07","3.22589374532077e-06"
"('EE', 'Research and development (73)')","3.21867308904873e-06","9.66991937439073e-07","3.21867212821724e-06"
"('NL', 'Cultivation of cereal grains nec')","3.21036819538517e-06","2.42820613221974e-06","2.94109668887418e-06"
"('AT', 'Processing of meat poultry')","3.20382373018758e-06","2.93840224477357e-06","2.8494898623259e-06"
"('HU', 'Landfill of waste: Wood')","3.19321658311946e-06","2.15424605474538e-06","3.15986860299566e-06"
"('SI', 'Waste water treatment, other')","3.17500963718968e-06","1.78453930796575e-06","3.01878202660989e-06"
"('CY', 'Processing of dairy products')","3.16917643145642e-06","1.05526945577961e-06","3.16886461115567e-06"
"('EE', 'Distribution and trade of electricity')","3.16397573255327e-06","2.40075540426299e-06","3.15149449106172e-06"
"('NO', 'Steam and hot water supply')","3.15461890168823e-06","1.030711459581e-06","2.70711547422342e-06"
"('DK', 'Publishing, printing and reproduction of recorded media (22)')","3.14627034760188e-06","2.21404465820925e-06","3.14626369664107e-06"
"('DK', 'Processing of meat poultry')","3.14430361541523e-06","3.04508068287752e-06","2.88676494835334e-06"
"('EE', 'Transport via pipelines')","3.1413202123784e-06","1.41255208839993e-06","3.09825223804144e-06"
"('CY', 'Mining of copper ores and concentrates')","3.1386814197337e-06","1.71449597004162e-06","2.9253595072971e-06"
"('LT', 'Research and development (73)')","3.13034601803703e-06","1.90404858877632e-06","3.13032460287608e-06"
"('CY', 'Manufacture of rubber and plastic products (25)')","3.12922274000721e-06","1.28597811858307e-06","3.12922273965406e-06"
"('BE', 'Fishing, operating of fish hatcheries and fish farms; service activities incidental to fishing (05)')","3.12548803512166e-06","2.28720698291661e-06","3.12411257874308e-06"
"('TW', 'Steam and hot water supply')","3.10095171346154e-06","1.77050527612688e-06","2.86912321685538e-06"
"('FR', 'Mining of aluminium ores and concentrates')","3.09892996811394e-06","3.0134542808099e-06","2.56203944780757e-07"
"('LT', 'Manufacture of wood and of products of wood and cork, except furniture; manufacture of articles of straw and plaiting materials (20)')","3.07604617674632e-06","1.82015568748193e-06","3.0759462207347e-06"
"('ES', 'Cultivation of paddy rice')","3.07363964516714e-06","2.78367980186416e-06","2.66952356102942e-06"
"('PT', 'Manufacture of tobacco products (16)')","3.07214175597481e-06","1.76667896381293e-06","3.07189573784692e-06"
"('HU', 'Incineration of waste: Oil/Hazardous waste')","3.06845139132369e-06","2.27767299448056e-06","2.98848808152647e-06"
"('NO', 'Processing vegetable oils and fats')","3.0672764358488e-06","1.79333145969269e-06","3.00492152383301e-06"
"('BE', 'Extraction, liquefaction, and regasification of other petroleum and gaseous materials')","3.0594374938513e-06","2.45527542832704e-06","2.24754018858516e-06"
"('HR', 'Other service activities (93)')","3.051801052016e-06","1.56449677936317e-06","3.051801052016e-06"
"('HU', 'Landfill of waste: Textiles')","3.04307404637798e-06","2.67092528086463e-06","1.06318204365187e-06"
"('SI', 'Cultivation of vegetables, fruit, nuts')","3.0381649719338e-06","2.04347993317653e-06","3.03745609308925e-06"
"('TR', 'Manufacture of radio, television and communication equipment and apparatus (32)')","3.02346483816179e-06","2.23991273950628e-06","3.02326466490588e-06"
"('DK', 'Transmission of electricity')","3.01938933783978e-06","2.99710509139376e-06","1.76815696184383e-06"
"('AU', 'Production of electricity nec')","3.00637288103421e-06","3.00637288103421e-06","2.94841369361905e-08"
"('FI', 'Private households with employed persons (95)')","3.00162288848429e-06","2.66014371690749e-06","3.00162288848429e-06"
"('PT', 'Manufacture of bricks, tiles and construction products, in baked clay')","2.99030924472107e-06","1.99621883936583e-06","2.97029961212812e-06"
"('NO', 'Cultivation of crops nec')","2.98973460218744e-06","1.69720826625545e-06","2.93920313507701e-06"
"('SI', 'Incineration of waste: Oil/Hazardous waste')","2.98838987092548e-06","1.63984610481463e-06","2.94911494347904e-06"
"('LV', 'Production of electricity by gas')","2.98677922283437e-06","1.36827740271257e-06","2.88757473859289e-06"
"('LV', 'Production of electricity by hydro')","2.97681377984178e-06","1.69867555731465e-06","2.82443570135632e-06"
"('KR', 'Cultivation of cereal grains nec')","2.9639099578247e-06","2.41300291348683e-06","2.72624199217012e-06"
"('IE', 'Forestry, logging and related service activities (02)')","2.95151759253082e-06","1.62321966272609e-06","2.94183678800788e-06"
"('CY', 'Chemicals nec')","2.92936967733736e-06","1.63755602831361e-06","2.92936628974224e-06"
"('RO', 'Manufacture of bricks, tiles and construction products, in baked clay')","2.92686024075825e-06","2.28941031460521e-06","2.92276598452632e-06"
"('ES', 'Cultivation of sugar cane, sugar beet')","2.92196883080032e-06","2.46464141414855e-06","2.9176935727491e-06"
"('IN', 'Wool, silk-worm cocoons')","2.9185674824804e-06","9.83262932719419e-07","2.59762180024077e-06"
"('KR', 'Meat animals nec')","2.90446929508486e-06","2.70158557531393e-06","8.70339402139556e-07"
"('WM', 'Manufacture of coke oven products')","2.89724677091835e-06","2.55657104889327e-06","7.94275409321271e-07"
"('CY', 'Other land transport')","2.89153932727349e-06","1.51958961584367e-06","2.89145118687986e-06"
"('GR', 'Production of meat products nec')","2.8687793966091e-06","7.13853092642914e-07","2.86672097181712e-06"
"('GR', 'Production of electricity by solar photovoltaic')","2.86182329910502e-06","2.78575054093341e-06","2.08876942018465e-06"
"('HR', 'Activities of membership organisation n.e.c. (91)')","2.84930772752032e-06","1.14962813740404e-06","2.84930772752032e-06"
"('HU', 'Meat animals nec')","2.84910175844699e-06","2.7159664165477e-06","2.26243948098156e-06"
"('CH', 'Manufacture of fish products')","2.84595651543119e-06","1.16579703214619e-06","2.84358070646426e-06"
"('LV', 'Post and telecommunications (64)')","2.84484998562204e-06","1.66403988079579e-06","2.8441032939999e-06"
"('FI', 'Incineration of waste: Paper')","2.83492709927646e-06","2.47077553130521e-06","1.55171503476997e-06"
"('LV', 'Other service activities (93)')","2.83113749225686e-06","1.67838628491035e-06","2.83113749225686e-06"
"('BG', 'Manufacture of other non-metallic mineral products n.e.c.')","2.82376869174091e-06","1.54335648624517e-06","2.81703364901342e-06"
"('CZ', 'Manufacture of bricks, tiles and construction products, in baked clay')","2.79263484457708e-06","1.7851332646052e-06","2.17833310076971e-06"
"('CY', 'Health and social work (85)')","2.78860160707493e-06","9.66226472320574e-08","2.78860160707493e-06"
"('SK', 'Sea and coastal water transport')","2.78726594625129e-06","1.63901599971312e-06","2.73940319012852e-06"
"('GR', 'Manufacture of other non-metallic mineral products n.e.c.')","2.78560347614428e-06","1.6748546784004e-06","2.78149857531381e-06"
"('WF', 'Mining of aluminium ores and concentrates')","2.78372814323603e-06","2.45302118318602e-06","4.98621431315797e-07"
"('CY', 'Manufacture of office machinery and computers (30)')","2.78224846914001e-06","1.95206809495567e-06","2.78224043339488e-06"
"('DE', 'Composting of paper and wood, incl. land application')","2.77922140422176e-06","2.18083993061416e-06","2.77424632942758e-06"
"('BG', 'Tanning and dressing of leather; manufacture of luggage, handbags, saddlery, harness and footwear (19)')","2.77824927958891e-06","6.37515567308545e-07","2.77816929605e-06"
"('SK', 'Manufacture of bricks, tiles and construction products, in baked clay')","2.76277716639757e-06","1.74369049007693e-06","2.25339436037504e-06"
"('SE', 'Sugar refining')","2.76016868764839e-06","1.73364695657552e-06","2.25296620435075e-06"
"('LT', 'Activities of membership organisation n.e.c. (91)')","2.75003184925834e-06","1.0936824135829e-06","2.75003184925834e-06"
"('CZ', 'Meat animals nec')","2.74727659164175e-06","1.68289872191563e-06","2.56897320647423e-06"
"('SK', 'Mining of chemical and fertilizer minerals, production of salt, other mining and quarrying n.e.c.')","2.74514485143472e-06","1.08212599927778e-06","2.31636012522419e-06"
"('MX', 'Mining of coal and lignite; extraction of peat (10)')","2.73326546067736e-06","1.56579487630872e-06","2.42030862350161e-06"
"('LV', 'Processing of nuclear fuel')","2.72861704912941e-06","0","2.72861704912941e-06"
"('FI', 'Poultry farming')","2.72491853401979e-06","1.4415052548453e-06","2.72430367405009e-06"
"('AT', 'P- and other fertiliser')","2.71745248002416e-06","1.35513769493415e-06","2.71258398695294e-06"
"('GB', 'Animal products nec')","2.70300542746491e-06","2.70300542746491e-06","8.80126661332744e-07"
"('FI', 'Mining of coal and lignite; extraction of peat (10)')","2.69297282610595e-06","1.50663670936622e-06","2.67358473322633e-06"
"('SK', 'Incineration of waste: Plastic')","2.68507873962654e-06","2.24978088520616e-06","2.51096938349241e-06"
"('SK', 'Re-processing of secondary steel into new steel')","2.68358005252247e-06","1.04128510346433e-06","2.66934522634586e-06"
"('AU', 'Manufacture of tobacco products (16)')","2.67988940896202e-06","7.31380758794908e-07","2.6544681978052e-06"
"('SK', 'Cultivation of oil seeds')","2.67594193803901e-06","2.14590376052205e-06","2.6610871756201e-06"
"('LV', 'Manufacture of other transport equipment (35)')","2.66369469260745e-06","9.3720313540297e-07","2.66338439739935e-06"
"('HR', 'Copper production')","2.65719558264939e-06","1.40005899837906e-06","2.6563654652053e-06"
"('CY', 'Cultivation of vegetables, fruit, nuts')","2.64118991115155e-06","1.81594377074263e-06","2.64034287467804e-06"
"('LU', 'Aluminium production')","2.6275150403097e-06","1.64902094595522e-06","2.54154875553418e-06"
"('FR', 'Processed rice')","2.6071741564202e-06","2.6071741564202e-06","1.61434309288463e-06"
"('BE', 'P- and other fertiliser')","2.59587682449926e-06","1.68283645067317e-06","2.58196002966191e-06"
"('DK', 'Tanning and dressing of leather; manufacture of luggage, handbags, saddlery, harness and footwear (19)')","2.59402885525883e-06","7.28900988441806e-07","2.59400607581719e-06"
"('AT', 'Retail sale of automotive fuel')","2.59005234826425e-06","1.87885541390553e-06","1.59872660638218e-06"
"('BG', 'Production of electricity by wind')","2.58835991128185e-06","2.51113745807399e-06","1.46608208245262e-06"
"('HR', 'Post and telecommunications (64)')","2.58551558107729e-06","1.90848987969461e-06","2.57681900439716e-06"
"('ZA', 'Manufacture of gas; distribution of gaseous fuels through mains')","2.57773252202047e-06","1.41879473445449e-06","2.49027746126e-06"
"('WE', 'Quarrying of sand and clay')","2.57632400513557e-06","2.20924228149483e-06","1.73754593999371e-06"
"('ES', 'Extraction of crude petroleum and services related to crude oil extraction, excluding surveying')","2.57288547479649e-06","1.42105315483843e-06","2.57074630817536e-06"
"('KR', 'Production of electricity by hydro')","2.54088655506334e-06","2.51989251364951e-06","6.85576693856609e-07"
"('TR', 'Manufacture of gas; distribution of gaseous fuels through mains')","2.53849937476679e-06","1.66518009036194e-06","2.39572952111605e-06"
"('TR', 'Mining of nickel ores and concentrates')","2.52873140215651e-06","2.46241698493281e-06","4.23592648995033e-07"
"('IE', 'Tanning and dressing of leather; manufacture of luggage, handbags, saddlery, harness and footwear (19)')","2.52053601080533e-06","1.40969644747542e-06","2.52006576043664e-06"
"('EE', 'Production of electricity by gas')","2.50930354939e-06","1.41983481509914e-06","2.45642569413576e-06"
"('CN', 'Quarrying of sand and clay')","2.50553251846828e-06","2.12038514104817e-06","7.58999980197382e-07"
"('FI', 'Incineration of waste: Wood')","2.5052821664107e-06","1.93113611611971e-06","1.82003939544259e-06"
"('IE', 'Precious metals production')","2.50453756374138e-06","1.48396953933441e-06","2.47496261561319e-06"
"('AT', 'Cultivation of oil seeds')","2.50386127911682e-06","2.07042587060789e-06","2.48236699463589e-06"
"('WE', 'Manufacture of gas; distribution of gaseous fuels through mains')","2.497339476859e-06","1.83104571484397e-06","2.18856367119296e-06"
"('IE', 'Poultry farming')","2.49373409900965e-06","3.83812585131242e-07","2.49327804950403e-06"
"('TW', 'Production of meat products nec')","2.48567516411954e-06","1.91377189103267e-06","2.39608726023338e-06"
"('IE', 'Manufacture of glass and glass products')","2.47167118454157e-06","2.21847625451156e-06","2.45598059851115e-06"
"('WE', 'Extraction, liquefaction, and regasification of other petroleum and gaseous materials')","2.45868593163472e-06","1.92487104946865e-06","1.84000956201872e-06"
"('RO', 'Landfill of waste: Wood')","2.4570544754889e-06","6.24347369028248e-07","2.4570544754889e-06"
"('ZA', 'Manufacture of bricks, tiles and construction products, in baked clay')","2.44341181347898e-06","1.6907462270182e-06","2.39490789011002e-06"
"('CZ', 'Production of electricity by solar photovoltaic')","2.43638623122494e-06","1.96431926501573e-06","2.04686542820793e-06"
"('CH', 'Copper production')","2.42526318555343e-06","1.84193774875658e-06","2.42367158528422e-06"
"('ZA', 'Sugar refining')","2.42368344341225e-06","1.36435845542765e-06","1.92332192841911e-06"
"('FR', 'Extraction of natural gas and services related to natural gas extraction, excluding surveying')","2.41239394499224e-06","1.54512807463393e-06","2.41114040676628e-06"
"('SE', 'Production of electricity by gas')","2.40624734833149e-06","1.28495009521686e-06","1.85480699042507e-06"
"('FI', 'Production of electricity by coal')","2.40001041449493e-06","1.1187413241364e-06","2.10392246346788e-06"
"('BG', 'Pigs farming')","2.38547173623065e-06","2.17428005526565e-06","2.38391785749424e-06"
"('BG', 'Sea and coastal water transport')","2.38356034161745e-06","1.84740624998473e-06","2.3742030125281e-06"
"('LU', 'Precious metals production')","2.37210000949212e-06","1.30779261257835e-06","2.36600489709289e-06"
"('MX', 'Processing vegetable oils and fats')","2.3680234286412e-06","1.16599045885935e-06","2.24967031288307e-06"
"('LV', 'Cultivation of vegetables, fruit, nuts')","2.32063567652332e-06","2.04561001780456e-06","2.3189289404591e-06"
"('BG', 'Processing vegetable oils and fats')","2.30396263648226e-06","8.93901368854311e-07","2.26809161120356e-06"
"('LT', 'Pigs farming')","2.28888585455172e-06","1.91523736460298e-06","2.28864887881252e-06"
"('HR', 'Retail sale of automotive fuel')","2.28722712659998e-06","1.95959375191373e-06","1.89308455445871e-06"
"('LU', 'Cattle farming')","2.28569933099083e-06","1.18817286868872e-06","2.28304938371524e-06"
"('EE', 'Paper')","2.28397858638794e-06","6.06890055659722e-07","2.28378882953016e-06"
"('HU', 'Incineration of waste: Plastic')","2.28243010127305e-06","1.92684846753942e-06","1.52876678917875e-06"
"('BG', 'Manufacture of ceramic goods')","2.27668397622104e-06","1.11225023341934e-06","2.27661627355173e-06"
"('LV', 'Poultry farming')","2.27437022333332e-06","7.57771734627986e-07","2.27391204208913e-06"
"('GR', 'Mining of coal and lignite; extraction of peat (10)')","2.27405596932339e-06","1.64500346171582e-06","2.27390070671864e-06"
"('IT', 'Sugar refining')","2.27140929794736e-06","1.48455050083083e-06","1.43575451006719e-06"
"('SI', 'Production of electricity by hydro')","2.26356115299253e-06","1.72755346560649e-06","2.11233740677218e-06"
"('ZA', 'Other non-ferrous metal production')","2.26108465491913e-06","1.25068447912045e-06","2.21134543635106e-06"
"('SK', 'Cultivation of vegetables, fruit, nuts')","2.25567616506769e-06","1.99248936353001e-06","2.25417021835723e-06"
"('RO', 'Processing of meat cattle')","2.254161610309e-06","5.4282920792399e-07","2.24957280507755e-06"
"('PT', 'Steam and hot water supply')","2.2406820092145e-06","0","2.2406820092145e-06"
"('EE', 'Other service activities (93)')","2.24054700445845e-06","1.10227699026099e-06","2.24054700445845e-06"
"('FR', 'Cultivation of crops nec')","2.23920723519144e-06","2.10284498747835e-06","1.72441190223985e-06"
"('SI', 'Lead, zinc and tin production')","2.23222069183473e-06","1.3947391441125e-06","2.23055959685381e-06"
"('AU', 'Mining of uranium and thorium ores (12)')","2.22281108685771e-06","8.28473519780314e-07","2.22281108685771e-06"
"('SK', 'Collection, purification and distribution of water (41)')","2.2149613724271e-06","1.33573764653542e-06","2.00483039064561e-06"
"('GR', 'Inland water transport')","2.21308559285177e-06","9.75976736390269e-07","2.08743863501035e-06"
"('DK', 'Cultivation of sugar cane, sugar beet')","2.20344425456479e-06","1.29048968397152e-06","2.15176298829497e-06"
"('LT', 'Manufacture of fabricated metal products, except machinery and equipment (28)')","2.18767000235138e-06","1.51208551488637e-06","2.18766441920435e-06"
"('FI', 'Landfill of waste: Wood')","2.18274498271911e-06","1.58146857029291e-06","2.13834736216811e-06"
"('LT', 'Extraction of crude petroleum and services related to crude oil extraction, excluding surveying')","2.18250084882655e-06","1.76082317937999e-06","2.18246695990157e-06"
"('WL', 'Production of electricity by solar photovoltaic')","2.17902711536147e-06","1.54784759861425e-06","2.17083220082652e-06"
"('CA', 'Production of meat products nec')","2.17314488594883e-06","1.58324821151982e-06","1.76093819718961e-06"
"('SE', 'Poultry farming')","2.16051895377927e-06","1.16546674905281e-06","2.15969444722135e-06"
"('DK', 'Poultry farming')","2.15179561386956e-06","1.08040502236324e-06","2.15059328575873e-06"
"('TR', 'Steam and hot water supply')","2.15039132534198e-06","1.55994350162337e-06","2.15039132534198e-06"
"('NO', 'Cultivation of wheat')","2.1498992770639e-06","1.64612954676836e-06","2.12981873242086e-06"
"('PT', 'Mining of copper ores and concentrates')","2.13696079731149e-06","1.22120329704859e-06","1.94957153636572e-06"
"('BE', 'Steam and hot water supply')","2.13292094246197e-06","1.34439707714525e-06","1.91154522167833e-06"
"('HR', 'Processing vegetable oils and fats')","2.13228664306124e-06","1.99351813648139e-06","2.03806357823328e-06"
"('EE', 'Processing of meat pigs')","2.1288140071328e-06","7.73716693554057e-07","2.12762305685118e-06"
"('MT', 'Sale, maintenance, repair of motor vehicles, motor vehicles parts, motorcycles, motor cycles parts and accessoiries')","2.11234600172699e-06","1.06957364368516e-06","2.11217007444022e-06"
"('AT', 'Manufacture of fish products')","2.09237292494659e-06","1.02288997369445e-06","2.09230265751088e-06"
"('WF', 'Extraction, liquefaction, and regasification of other petroleum and gaseous materials')","2.09209374792867e-06","1.53864569956129e-06","1.36564302565801e-06"
"('BG', 'Processing of meat cattle')","2.0917091413129e-06","1.28113761841666e-06","2.08226079422698e-06"
"('WM', 'Processing of meat pigs')","2.08663010861934e-06","1.1612900607879e-06","1.94509086358901e-06"
"('LV', 'Manufacture of wearing apparel; dressing and dyeing of fur (18)')","2.07084954251457e-06","6.29069287962006e-07","2.07051800732413e-06"
"('LT', 'Recreational, cultural and sporting activities (92)')","2.06303803528551e-06","9.41085141984809e-07","2.06303625109403e-06"
"('FR', 'Manufacture of tobacco products (16)')","2.04831753410417e-06","7.16386152933878e-07","2.04828724281838e-06"
"('HR', 'P- and other fertiliser')","2.04664906227025e-06","3.37196720169811e-07","2.04605501532794e-06"
"('PL', 'Sea and coastal water transport')","2.04545551527996e-06","1.20470083347357e-06","2.01477513866258e-06"
"('AT', 'Renting of machinery and equipment without operator and of personal and household goods (71)')","2.04080824020934e-06","1.57749708433538e-06","1.95994644627815e-06"
"('AT', 'Cultivation of sugar cane, sugar beet')","2.03973988110979e-06","1.70914372439017e-06","2.03271504810845e-06"
"('LV', 'Recreational, cultural and sporting activities (92)')","2.03705484557621e-06","3.36136389329863e-07","2.03705484557621e-06"
"('ID', 'Mining of lead, zinc and tin ores and concentrates')","2.0220115646275e-06","9.64737269458317e-07","1.72842482299382e-06"
"('DE', 'Mining of other non-ferrous metal ores and concentrates')","2.02028899384263e-06","1.75143273765563e-06","5.57040361992209e-07"
"('SK', 'Landfill of waste: Plastic')","2.01793124032776e-06","1.62783098388736e-06","2.01793124032776e-06"
"('ZA', 'Lead, zinc and tin production')","2.00131511594493e-06","9.38699747957818e-07","1.94204018234139e-06"
"('NL', 'Production of electricity by nuclear')","1.98750027729297e-06","1.85653676262886e-06","9.39880568445395e-07"
"('LV', 'Steam and hot water supply')","1.98523099790332e-06","8.9427881411769e-07","1.98523099790332e-06"
"('CH', 'Production of meat products nec')","1.98462078493836e-06","1.02700096131657e-06","1.95757027606576e-06"
"('BG', 'Quarrying of sand and clay')","1.98353150878687e-06","1.33696272338122e-06","1.92100492791273e-06"
"('JP', 'Production of meat products nec')","1.98086747663962e-06","1.07469291855147e-06","1.98085996265302e-06"
"('CY', 'Manufacture of wearing apparel; dressing and dyeing of fur (18)')","1.98061917918889e-06","1.11935017652325e-06","1.98061917857275e-06"
"('TW', 'Processing of meat cattle')","1.97885075465439e-06","7.80836702387317e-07","1.94252385296693e-06"
"('FI', 'Incineration of waste: Food')","1.97610409291006e-06","1.64159222259979e-06","1.2250852377991e-06"
"('FI', 'Landfill of waste: Plastic')","1.97574684268486e-06","1.34851102460016e-06","1.97574684268486e-06"
"('BR', 'Mining of precious metal ores and concentrates')","1.97121240895632e-06","1.25687987385949e-06","1.41817588918832e-06"
"('LV', 'Transmission of electricity')","1.97063084858071e-06","8.92200579021653e-07","1.90341811817508e-06"
"('EE', 'Production of electricity by wind')","1.96513653380531e-06","1.86554030444329e-06","1.56899942626741e-06"
"('EE', 'Processing of nuclear fuel')","1.96175937322489e-06","0","1.96175937322489e-06"
"('SI', 'Transmission of electricity')","1.96072750526638e-06","1.51535543912542e-06","1.81593837020032e-06"
"('SK', 'Manufacture of coke oven products')","1.95970307286148e-06","9.25606166148371e-07","1.93812542745285e-06"
"('PL', 'Production of electricity by hydro')","1.95535543497902e-06","1.9348962782793e-06","9.08220057449086e-07"
"('EE', 'Manufacture of fish products')","1.95489434455105e-06","5.95327356109536e-07","1.95475050257907e-06"
"('NL', 'Manufacture of gas; distribution of gaseous fuels through mains')","1.95335762945571e-06","1.16684483560868e-06","1.61381663024453e-06"
"('LU', 'Paper')","1.95160276946925e-06","1.23883177919483e-06","1.95155944743203e-06"
"('SK', 'Steam and hot water supply')","1.95109274491199e-06","2.91617997836785e-07","1.88891570883472e-06"
"('LU', 'Other service activities (93)')","1.95005029348749e-06","1.19572795407635e-06","1.94983836869439e-06"
"('NL', 'Landfill of waste: Paper')","1.94281927955495e-06","1.18292809896907e-06","1.94281927955495e-06"
"('LT', 'P- and other fertiliser')","1.92927456723263e-06","1.27823083520578e-06","1.92589838033027e-06"
"('FI', 'Manufacture of ceramic goods')","1.92396965705003e-06","1.31190011264355e-06","1.92393832378565e-06"
"('EE', 'Pulp')","1.91968784730727e-06","4.73347793214869e-07","1.9193329632349e-06"
"('LV', 'Plastics, basic')","1.91521831376413e-06","8.70730870665896e-07","1.91452961660672e-06"
"('TW', 'Cultivation of wheat')","1.90869683289248e-06","5.73385170485378e-07","1.89528702770024e-06"
"('FI', 'Retail sale of automotive fuel')","1.90527680296426e-06","1.42837005720766e-06","1.36478021008908e-06"
"('CY', 'Pigs farming')","1.90016341598618e-06","1.00072410704068e-06","1.90015868145396e-06"
"('MT', 'Retail sale of automotive fuel')","1.89983530466424e-06","6.13446915671972e-07","1.89483078962176e-06"
"('HU', 'Quarrying of sand and clay')","1.89945969039997e-06","8.02130309231932e-07","1.89481623599042e-06"
"('LU', 'Manufacture of electrical machinery and apparatus n.e.c. (31)')","1.89850166548619e-06","1.08255297022266e-06","1.89847499081129e-06"
"('IT', 'Extraction, liquefaction, and regasification of other petroleum and gaseous materials')","1.89406846265741e-06","1.06443422646822e-06","1.31911435904543e-06"
"('LU', 'Activities of membership organisation n.e.c. (91)')","1.88534090724043e-06","1.22985027936982e-06","1.88534090724043e-06"
"('CY', 'Distribution and trade of electricity')","1.88455470375097e-06","1.64561911285667e-06","1.87166724967613e-06"
"('CH', 'Financial intermediation, except insurance and pension funding (65)')","1.87980782463382e-06","1.33956822030572e-06","1.85886981255064e-06"
"('EE', 'Transmission of electricity')","1.87534784433341e-06","7.63134350123571e-07","1.8652784260878e-06"
"('LV', 'Cultivation of oil seeds')","1.8751502543266e-06","1.40925081181077e-06","1.86687667623905e-06"
"('CY', 'Education (80)')","1.85121493995676e-06","3.32473860291044e-07","1.85121221333809e-06"
"('LV', 'Transport via pipelines')","1.8507933359945e-06","7.86449315576076e-07","1.84438030891872e-06"
"('CA', 'Meat animals nec')","1.8461229867421e-06","7.81320099563214e-07","1.62663150284921e-06"
"('FI', 'Cultivation of oil seeds')","1.84276736904655e-06","8.51591052753709e-07","1.83422931556828e-06"
"('CZ', 'Production of electricity by hydro')","1.83921746194946e-06","1.52314106275923e-06","1.31239087880201e-06"
"('AT', 'Quarrying of sand and clay')","1.83201989305907e-06","1.10597616502966e-06","1.60771188965107e-06"
"('RO', 'Cultivation of crops nec')","1.83060012329989e-06","1.1980174634854e-06","1.80506366201187e-06"
"('ID', 'Mining of aluminium ores and concentrates')","1.82951437190865e-06","1.67593677058136e-06","2.41430618235939e-07"
"('TR', 'N-fertiliser')","1.82908034882372e-06","1.48883476334517e-06","1.1332814843814e-06"
"('CZ', 'Cultivation of sugar cane, sugar beet')","1.82515299769807e-06","2.52228129863106e-07","1.82512764974397e-06"
"('GB', 'Manufacture of coke oven products')","1.82476791307971e-06","9.74056352054382e-07","1.65723858997489e-06"
"('HR', 'Manufacture of bricks, tiles and construction products, in baked clay')","1.82154584376588e-06","1.21186252931304e-06","1.79153033765873e-06"
"('CY', 'Manufacture of machinery and equipment n.e.c. (29)')","1.81109259891624e-06","6.07927180192309e-07","1.81108811938624e-06"
"('NO', 'N-fertiliser')","1.75833566289122e-06","1.08796379957254e-06","1.46127670428092e-06"
"('SE', 'Cultivation of oil seeds')","1.75607186271496e-06","1.69141364691462e-06","1.73845966580031e-06"
"('GR', 'Manufacture of medical, precision and optical instruments, watches and clocks (33)')","1.74910181860224e-06","1.19506165572985e-06","1.74908251302551e-06"
"('IE', 'Production of electricity by hydro')","1.72659268896294e-06","1.72659268896294e-06","5.85192176383196e-07"
"('EE', 'Manufacture of wearing apparel; dressing and dyeing of fur (18)')","1.71856654830937e-06","4.61179014352907e-07","1.7185652921969e-06"
"('AT', 'N-fertiliser')","1.71818903515072e-06","1.5328603843961e-06","8.22599264209289e-07"
"('CN', 'Production of electricity by solar thermal')","1.71023491508084e-06","1.18167674667665e-06","1.53199704964298e-06"
"('LU', 'Cultivation of vegetables, fruit, nuts')","1.70203501332365e-06","1.16818468746721e-06","1.70195440134615e-06"
"('RO', 'Manufacture of fish products')","1.70031368944535e-06","8.35452233036355e-07","1.69704499605799e-06"
"('ZA', 'Manufacture of coke oven products')","1.70031107692396e-06","1.19938856377394e-06","1.6631260833971e-06"
"('AU', 'Cultivation of crops nec')","1.69918412383554e-06","9.53795340957605e-07","1.63260252699798e-06"
"('SI', 'Cultivation of cereal grains nec')","1.69358418316355e-06","1.23803431870509e-06","1.67958490041348e-06"
"('SK', 'Production of electricity by coal')","1.68915782292609e-06","5.7378718781043e-07","1.68014798304997e-06"
"('MT', 'Quarrying of sand and clay')","1.68486587794164e-06","1.50582097228506e-06","1.68486587794164e-06"
"('SK', 'Sugar refining')","1.67244552931126e-06","5.64125119854248e-07","1.59680181088922e-06"
"('ID', 'Meat animals nec')","1.66792310749563e-06","4.33204498575161e-07","1.66792310749563e-06"
"('EE', 'Manufacture of other transport equipment (35)')","1.66790277106249e-06","9.16430315008962e-07","1.66480674696689e-06"
"('NL', 'Manufacture of ceramic goods')","1.66579868089867e-06","1.09186267276065e-06","1.6657976307864e-06"
"('FR', 'N-fertiliser')","1.66508068411336e-06","1.60888209024894e-06","4.28146911896679e-07"
"('ES', 'Cultivation of crops nec')","1.65949560243073e-06","1.25983576035924e-06","1.43793939973577e-06"
"('LT', 'Manufacture of motor vehicles, trailers and semi-trailers (34)')","1.64212013109287e-06","7.74673661708195e-07","1.64211585156281e-06"
"('BG', 'Manufacture of other transport equipment (35)')","1.64140013418517e-06","1.06968151936242e-06","1.56294235757893e-06"
"('PT', 'Production of electricity by petroleum and other oil derivatives')","1.64066272100213e-06","1.059646042604e-06","1.0213764901775e-06"
"('AT', 'Sea and coastal water transport')","1.62006774682859e-06","8.00468373614365e-07","1.6190946480838e-06"
"('AU', 'Pulp')","1.6167808921126e-06","8.8447649194536e-07","1.6147949181687e-06"
"('SI', 'Waste water treatment, food')","1.59731412916833e-06","8.17876874756461e-07","1.5973137551084e-06"
"('CY', 'Raw milk')","1.59405436536826e-06","6.85791730454954e-07","1.59404797486464e-06"
"('US', 'Mining of other non-ferrous metal ores and concentrates')","1.59360353415875e-06","1.03464969889545e-06","7.09339795926933e-07"
"('SE', 'Quarrying of stone')","1.58219970612955e-06","1.34175047564468e-06","8.0944325656643e-07"
"('CZ', 'Other non-ferrous metal production')","1.57743588122326e-06","7.19014592199577e-07","1.43357952790792e-06"
"('SK', 'Incineration of waste: Textiles')","1.57735583560127e-06","1.37806656244299e-06","1.38242676567091e-06"
"('TW', 'Extraction of natural gas and services related to natural gas extraction, excluding surveying')","1.57650420344814e-06","9.26267540847386e-07","1.50010196864101e-06"
"('GR', 'Manufacture of tobacco products (16)')","1.57008871928795e-06","4.89590865495976e-07","1.57004248212017e-06"
"('EE', 'Pigs farming')","1.56803557933096e-06","1.38163932848586e-06","1.56780784805769e-06"
"('LU', 'Manufacture of office machinery and computers (30)')","1.56638128392562e-06","5.07683244961512e-07","1.56638066117322e-06"
"('NO', 'Manufacture of tobacco products (16)')","1.56390442956232e-06","0","1.56390442956232e-06"
"('WM', 'Collection, purification and distribution of water (41)')","1.56081411208127e-06","1.10185017468896e-06","9.36243541009879e-07"
"('BG', 'Cattle farming')","1.56014348148146e-06","7.79788278334677e-07","1.55924337691256e-06"
"('EE', 'Recreational, cultural and sporting activities (92)')","1.55720632913331e-06","5.20729999105382e-07","1.55720632913331e-06"
"('HR', 'Cultivation of wheat')","1.54840251716433e-06","1.00327112329482e-06","1.45759282121003e-06"
"('GR', 'Manufacture of radio, television and communication equipment and apparatus (32)')","1.54720484576072e-06","7.39540349225865e-07","1.54718916531698e-06"
"('PT', 'Inland water transport')","1.54587546443957e-06","1.28759389337056e-06","1.03595979496139e-06"
"('LV', 'Manufacture of tobacco products (16)')","1.5442843339968e-06","7.7403808224392e-07","1.54428433391814e-06"
"('HR', 'Transmission of electricity')","1.54372576944741e-06","1.21713572367005e-06","1.38077440093374e-06"
"('HR', 'Production of electricity by wind')","1.54355083498363e-06","1.49358431209376e-06","1.30814430480417e-06"
"('RO', 'Composting of food waste, incl. land application')","1.53455743751349e-06","4.07807513412466e-07","1.53455743751349e-06"
"('NO', 'Manufacture of bricks, tiles and construction products, in baked clay')","1.531068849596e-06","1.44832693154853e-06","4.80792545184529e-07"
"('IE', 'Manufacture of motor vehicles, trailers and semi-trailers (34)')","1.52457818995463e-06","1.15900427070347e-06","1.52456799138355e-06"
"('EE', 'Steam and hot water supply')","1.51551791439062e-06","3.9617976180964e-07","1.50208400531879e-06"
"('ZA', 'Inland water transport')","1.50217429288063e-06","8.6454144166722e-07","1.50048269454154e-06"
"('PT', 'P- and other fertiliser')","1.48501674450267e-06","1.05648080859295e-06","1.47446904639928e-06"
"('TW', 'Cultivation of sugar cane, sugar beet')","1.4785815947357e-06","9.62028705425995e-07","1.05671893900603e-06"
"('HR', 'Manufacture of other non-metallic mineral products n.e.c.')","1.47402416364805e-06","9.21185105573329e-07","1.4722760862338e-06"
"('NL', 'Landfill of waste: Wood')","1.4731114035691e-06","1.10360240276212e-06","1.14454987747481e-06"
"('SI', 'Other non-ferrous metal production')","1.47120577027383e-06","9.28519105026186e-07","1.45186720118032e-06"
"('TW', 'Manufacture of machinery and equipment n.e.c. (29)')","1.47115179911452e-06","8.01881157662094e-07","1.47105460009724e-06"
"('IE', 'Manufacture of wearing apparel; dressing and dyeing of fur (18)')","1.47108965143489e-06","1.11269686759588e-06","1.46777062438918e-06"
"('BG', 'Manufacture of bricks, tiles and construction products, in baked clay')","1.47070124287314e-06","9.34456542009598e-07","1.47070124149347e-06"
"('CY', 'Processing of meat pigs')","1.46258324619117e-06","3.76363678638844e-07","1.46258314487518e-06"
"('MT', 'Supporting and auxiliary transport activities; activities of travel agencies (63)')","1.45841278936486e-06","3.93849207138566e-07","1.45840737028075e-06"
"('HU', 'Manufacture of tobacco products (16)')","1.45753993102608e-06","6.23245243289038e-07","1.45748562836226e-06"
"('HU', 'Cultivation of sugar cane, sugar beet')","1.44792621379838e-06","9.26507037827132e-07","1.42951434790923e-06"
"('HU', 'Copper production')","1.44715337300796e-06","6.97689080917224e-07","1.43981522718436e-06"
"('BG', 'Re-processing of secondary steel into new steel')","1.44145289997151e-06","5.95613904157521e-07","1.44124345512382e-06"
"('LT', 'Chemicals nec')","1.44018898441654e-06","6.66356284365088e-07","1.43988510884e-06"
"('JP', 'Sugar refining')","1.42985166034153e-06","1.02751585718388e-06","8.10586139117371e-07"
"('BG', 'Meat animals nec')","1.42180343850932e-06","1.36121544106432e-06","1.13468896096538e-06"
"('MX', 'Processed rice')","1.42047293440551e-06","8.11863948479847e-07","1.35219555654756e-06"
"('SI', 'Manufacture of bricks, tiles and construction products, in baked clay')","1.41669974456355e-06","9.90707208909955e-07","1.41668787891968e-06"
"('CA', 'Cultivation of sugar cane, sugar beet')","1.41368313802062e-06","1.07917659392071e-06","1.41358936365095e-06"
"('HR', 'Manufacture of tobacco products (16)')","1.41083261181686e-06","3.51314746521748e-07","1.40290486542309e-06"
"('LT', 'Composting of food waste, incl. land application')","1.40784950813702e-06","5.71040646709498e-07","1.40784950813702e-06"
"('PL', 'Retail sale of automotive fuel')","1.40759856971178e-06","1.26800912269753e-06","6.37464932487709e-07"
"('RO', 'Meat animals nec')","1.40580105875228e-06","1.17792960656902e-06","1.31176340524364e-06"
"('NO', 'Production of electricity by gas')","1.40501836706622e-06","1.04201753585798e-06","8.80747594666206e-07"
"('BG', 'Activities auxiliary to financial intermediation (67)')","1.40443604573658e-06","3.56775649655864e-07","1.40418098345584e-06"
"('CY', 'Processing of meat poultry')","1.38825759482294e-06","7.59564794870285e-07","1.38825759482294e-06"
"('WE', 'Cultivation of crops nec')","1.38806959261831e-06","1.17326846367269e-06","1.2501524279449e-06"
"('LT', 'Plastics, basic')","1.38157864362664e-06","3.7531542928346e-07","1.38135135299563e-06"
"('HR', 'Steam and hot water supply')","1.38070235227795e-06","8.75134021623934e-07","1.23232819120171e-06"
"('LT', 'Post and telecommunications (64)')","1.37434628512376e-06","9.01364144086721e-07","1.37421491655592e-06"
"('EE', 'Collection, purification and distribution of water (41)')","1.36003054085289e-06","1.05727856315053e-06","1.26778292095308e-06"
"('EE', 'Inland water transport')","1.35933626055369e-06","4.32379075145924e-07","1.35326323528435e-06"
"('SK', 'Other non-ferrous metal production')","1.35492614351998e-06","9.33211680958809e-07","1.30753205590591e-06"
"('WM', 'Mining of copper ores and concentrates')","1.3539511161462e-06","1.10433917009673e-06","4.28627795212211e-07"
"('CZ', 'Processing of meat poultry')","1.35230238456619e-06","1.79728598527867e-07","1.35230199580534e-06"
"('SE', 'Biogasification of food waste, incl. land application')","1.33784962091505e-06","1.06631103824083e-06","9.40789017066672e-07"
"('SK', 'Manufacture of other non-metallic mineral products n.e.c.')","1.33720975000673e-06","9.02108431100661e-07","1.32930556273008e-06"
"('LV', 'Processing of meat pigs')","1.33522822711296e-06","3.90886701318575e-07","1.3345614084155e-06"
"('SI', 'Poultry farming')","1.32337889342275e-06","6.86457265899945e-07","1.32330350913827e-06"
"('RO', 'Manufacture of tobacco products (16)')","1.31473480416675e-06","4.28604114925219e-07","1.31466856609901e-06"
"('CZ', 'Fishing, operating of fish hatcheries and fish farms; service activities incidental to fishing (05)')","1.30739954989856e-06","4.52751872329377e-07","1.30732734725237e-06"
"('NL', 'Production of electricity by petroleum and other oil derivatives')","1.29578425806552e-06","7.6727437388276e-07","6.58211072352197e-07"
"('PL', 'Production of electricity by solar photovoltaic')","1.27587325758464e-06","1.13213392754997e-06","1.26241825088454e-06"
"('IE', 'Production of electricity by petroleum and other oil derivatives')","1.27220431571139e-06","9.71918552851104e-07","5.5915351006112e-07"
"('EE', 'Extraction, liquefaction, and regasification of other petroleum and gaseous materials')","1.26981707726621e-06","7.28950783270038e-07","1.26902008548812e-06"
"('EE', 'Publishing, printing and reproduction of recorded media (22)')","1.26471758049884e-06","5.26792941902397e-07","1.26471758049884e-06"
"('LV', 'Fishing, operating of fish hatcheries and fish farms; service activities incidental to fishing (05)')","1.26389674678053e-06","1.01995089869526e-06","1.26335498515466e-06"
"('BE', 'Processed rice')","1.26346464476026e-06","1.24797689183602e-06","1.04090859107011e-06"
"('MX', 'Cultivation of paddy rice')","1.2593640570513e-06","1.00331427879689e-06","1.12974242676633e-06"
"('NO', 'Production of electricity by petroleum and other oil derivatives')","1.25787338600147e-06","1.01958470333367e-06","3.92231119384458e-07"
"('LV', 'Pigs farming')","1.25561979612652e-06","9.75601890089498e-07","1.25555678266578e-06"
"('LT', 'Manufacture of machinery and equipment n.e.c. (29)')","1.25421485332952e-06","6.35869299304502e-07","1.25420166097367e-06"
"('CZ', 'Mining of chemical and fertilizer minerals, production of salt, other mining and quarrying n.e.c.')","1.25177609647526e-06","9.87739171187702e-07","1.07866345951476e-06"
"('PL', 'Private households with employed persons (95)')","1.24966063535053e-06","6.25688162308077e-07","1.24966063535053e-06"
"('FI', 'Composting of food waste, incl. land application')","1.24099667343453e-06","8.6717688061914e-07","1.24099667343453e-06"
"('LU', 'Manufacture of bricks, tiles and construction products, in baked clay')","1.24016467605542e-06","5.35792146233585e-07","1.23937953414035e-06"
"('IE', 'Quarrying of stone')","1.23326372005533e-06","1.0712349079153e-06","9.66063632223675e-07"
"('IT', 'Biogasification of sewage slugde, incl. land application')","1.22946856858948e-06","8.41490231009507e-07","1.22940273596161e-06"
"('HU', 'Mining of coal and lignite; extraction of peat (10)')","1.22819257339754e-06","9.23935376554863e-07","1.22802674910274e-06"
"('RO', 'Extraction, liquefaction, and regasification of other petroleum and gaseous materials')","1.22307515185025e-06","1.07719078611936e-06","1.14197908482314e-06"
"('SE', 'Cultivation of sugar cane, sugar beet')","1.21402549918013e-06","1.01943502112506e-06","1.21267165156596e-06"
"('PL', 'Meat animals nec')","1.20837307844611e-06","1.20837307844611e-06","7.15489560236657e-07"
"('ES', 'Production of electricity nec')","1.20756531887556e-06","1.20255665733072e-06","8.63291329670613e-08"
"('EE', 'Cultivation of cereal grains nec')","1.20632132390807e-06","4.35126178200772e-07","1.20579168619073e-06"
"('FI', 'Mining of chemical and fertilizer minerals, production of salt, other mining and quarrying n.e.c.')","1.19401781304347e-06","6.33441865295626e-07","9.2624953997409e-07"
"('DK', 'Processing vegetable oils and fats')","1.18885254756963e-06","1.1161243627395e-06","1.06419048470876e-06"
"('SK', 'Manufacture of ceramic goods')","1.18761435754577e-06","6.76427276968381e-07","1.18759970865916e-06"
"('RO', 'Manufacture of other non-metallic mineral products n.e.c.')","1.18624407317196e-06","8.04159525301405e-07","1.18190092296008e-06"
"('IE', 'Manufacture of machinery and equipment n.e.c. (29)')","1.17987050585087e-06","9.24208502268105e-07","1.17985628761917e-06"
"('LU', 'Retail sale of automotive fuel')","1.17348355405244e-06","9.31316964387089e-07","6.55367931196596e-07"
"('DK', 'Production of electricity by coal')","1.17338081313051e-06","9.39901004224104e-07","9.54073834131994e-07"
"('ZA', 'Cultivation of crops nec')","1.16972321344146e-06","7.41107523771554e-07","1.12744804056593e-06"
"('LU', 'Private households with employed persons (95)')","1.16490848077633e-06","1.16490848077633e-06","1.16490848077633e-06"
"('LT', 'Landfill of waste: Food')","1.16444269980497e-06","4.44308474806958e-07","1.16444269980497e-06"
"('PT', 'Meat animals nec')","1.16339993009736e-06","1.14621869905442e-06","1.00631406754595e-06"
"('EE', 'Cultivation of vegetables, fruit, nuts')","1.15788694402526e-06","9.99399901556748e-07","1.15752456799513e-06"
"('PT', 'N-fertiliser')","1.15456270030198e-06","1.09493019996226e-06","3.40631506238383e-07"
"('SI', 'Mining of coal and lignite; extraction of peat (10)')","1.13426075981007e-06","1.00564655263501e-06","1.13411802455156e-06"
"('RO', 'Production of electricity by petroleum and other oil derivatives')","1.12982416434919e-06","8.45872305106294e-07","5.16369134555818e-07"
"('CY', 'Manufacture of wood and of products of wood and cork, except furniture; manufacture of articles of straw and plaiting materials (20)')","1.12397772032565e-06","7.23010182015707e-07","1.12397511020613e-06"
"('IE', 'Private households with employed persons (95)')","1.11917233778223e-06","1.11472073871609e-06","1.11917233778223e-06"
"('ES', 'Manufacture of coke oven products')","1.11738705244675e-06","5.49080749857231e-07","1.08534743230265e-06"
"('WE', 'Production of electricity by wind')","1.11380837438203e-06","8.93788231345765e-07","7.80103252295698e-07"
"('BG', 'Extraction, liquefaction, and regasification of other petroleum and gaseous materials')","1.11092448426042e-06","8.46809265504147e-07","9.99401331833209e-07"
"('CZ', 'Manufacture of fish products')","1.10984135616323e-06","5.70170876056028e-07","1.1098380865258e-06"
"('BG', 'Plastics, basic')","1.10415057089144e-06","4.89901865771891e-07","1.10081306328258e-06"
"('TW', 'Production of electricity by hydro')","1.10060994068204e-06","1.05367811444702e-06","3.7156480248658e-07"
"('TW', 'Production of electricity by wind')","1.09666179378345e-06","1.09666179378345e-06","2.08467874056395e-07"
"('CZ', 'Cultivation of crops nec')","1.0960027705711e-06","6.05684952215859e-07","1.08312715399173e-06"
"('BR', 'Meat animals nec')","1.09141900875245e-06","5.65057229882089e-07","8.2358731166712e-07"
"('MT', 'Public administration and defence; compulsory social security (75)')","1.07594375688355e-06","4.60277314150842e-07","1.07568850315323e-06"
"('US', 'Mining of chemical and fertilizer minerals, production of salt, other mining and quarrying n.e.c.')","1.07406135541028e-06","8.74473989519155e-07","3.9017704242532e-07"
"('SI', 'Processing of meat pigs')","1.07168732332036e-06","3.10428744745865e-07","1.07168676204642e-06"
"('LU', 'Distribution and trade of electricity')","1.07078936048096e-06","7.21338661300051e-07","1.02103311790547e-06"
"('GR', 'Poultry farming')","1.07070554047365e-06","3.25774038100219e-07","1.07038317354828e-06"
"('AT', 'Manufacture of machinery and equipment n.e.c. (29)')","1.06168574413605e-06","6.4405112907387e-07","1.06168525739656e-06"
"('ZA', 'Extraction of crude petroleum and services related to crude oil extraction, excluding surveying')","1.06149078879557e-06","4.55662481456186e-07","1.06148492935415e-06"
"('SI', 'P- and other fertiliser')","1.06102253773938e-06","7.46145666167677e-07","1.059675951916e-06"
"('CZ', 'Processing vegetable oils and fats')","1.05757444099356e-06","8.02770968574521e-07","1.01996470314388e-06"
"('HU', 'P- and other fertiliser')","1.05275697016371e-06","1.96417182843743e-07","1.04972193881003e-06"
"('LV', 'Cattle farming')","1.05124005269012e-06","8.84170231926985e-07","1.05113517542568e-06"
"('ES', 'Inland water transport')","1.0442442256012e-06","8.26414156586359e-07","4.88127682506797e-07"
"('CA', 'Quarrying of stone')","1.0415134738801e-06","4.19825976082833e-07","1.0415134738801e-06"
"('PT', 'Processed rice')","1.02947831350806e-06","9.03122896742117e-07","9.26594642375722e-07"
"('LT', 'Manufacture of office machinery and computers (30)')","1.02534762895084e-06","7.92896888235867e-07","1.02533453608831e-06"
"('HR', 'Production of electricity by coal')","1.02383227095587e-06","5.34224273088417e-07","1.01498809364435e-06"
"('AT', 'Incineration of waste: Metals and Inert materials')","1.0165264688955e-06","7.15826713754193e-07","8.31596851213941e-07"
"('SI', 'Retail sale of automotive fuel')","1.00900491699572e-06","7.91154285655182e-07","8.60151958290508e-07"
"('LV', 'Retail sale of automotive fuel')","1.00226457883122e-06","5.70026678844667e-07","9.77524362228583e-07"
"('BE', 'Tanning and dressing of leather; manufacture of luggage, handbags, saddlery, harness and footwear (19)')","9.98243762766595e-07","6.96755723485493e-07","9.98077197349088e-07"
"('HU', 'Private households with employed persons (95)')","9.93249501947835e-07","6.86852069459617e-07","9.93249501947835e-07"
"('PL', 'Cultivation of crops nec')","9.91157363519598e-07","7.10531027727808e-07","9.63840897265452e-07"
"('LT', 'Production of electricity by wind')","9.90523204368374e-07","9.51895044185853e-07","7.77277441621891e-07"
"('LT', 'Processing of meat pigs')","9.86573978283723e-07","2.74588382747182e-07","9.86270115830463e-07"
"('CY', 'Quarrying of stone')","9.85926976387575e-07","6.90416016056475e-07","6.9874321483926e-07"
"('GR', 'Mining of iron ores')","9.85082751251961e-07","3.39572470424145e-07","9.84500922390538e-07"
"('LV', 'Copper production')","9.82839654492797e-07","6.20104713873824e-07","9.81354175146398e-07"
"('DE', 'Processed rice')","9.81730489463981e-07","6.07913439252937e-07","8.83784027523421e-07"
"('CY', 'Paper')","9.7821552431503e-07","4.29013165251853e-07","9.7821480928197e-07"
"('HU', 'Sugar refining')","9.70422424790507e-07","4.25442190296983e-07","9.43109155870538e-07"
"('HU', 'Manufacture of coke oven products')","9.63209018800189e-07","5.47487044366552e-07","9.51757434792679e-07"
"('EE', 'Composting of food waste, incl. land application')","9.62890088956361e-07","5.6935011994789e-07","9.62890088956361e-07"
"('HU', 'Production of meat products nec')","9.60289405971902e-07","9.28596083598575e-07","9.56746639348423e-07"
"('US', 'Incineration of waste: Oil/Hazardous waste')","9.55199104861435e-07","7.19559635323495e-07","9.54814442855289e-07"
"('WE', 'Mining of other non-ferrous metal ores and concentrates')","9.5513526364137e-07","7.22205527788021e-07","4.8123664225547e-07"
"('CY', 'Manufacture of textiles (17)')","9.53185734405486e-07","6.56641090701251e-07","9.53147016802473e-07"
"('AT', 'Fishing, operating of fish hatcheries and fish farms; service activities incidental to fishing (05)')","9.52898973930447e-07","6.14557450445929e-07","9.52839396401574e-07"
"('CH', 'Activities auxiliary to financial intermediation (67)')","9.4702813067541e-07","6.64140666433772e-07","9.08193771164649e-07"
"('DK', 'Precious metals production')","9.35188868306142e-07","7.58826187101913e-07","8.72111015123871e-07"
"('SE', 'Landfill of waste: Plastic')","9.31008453234808e-07","5.76842651968781e-07","9.31008453234808e-07"
"('CY', 'Poultry farming')","9.25675735562514e-07","5.89055854043215e-07","9.25670006667293e-07"
"('RO', 'Processing vegetable oils and fats')","9.24084299316725e-07","2.58077481402496e-07","9.19657530970204e-07"
"('PL', 'Incineration of waste: Food')","9.21444778595839e-07","8.52118057861497e-07","5.23370803753519e-07"
"('LT', 'Production of electricity by gas')","9.20721169551011e-07","5.76568671753271e-07","8.87921160665707e-07"
"('NL', 'Processed rice')","9.20043502889949e-07","8.52576812443768e-07","8.10652965511671e-07"
"('NO', 'Tanning and dressing of leather; manufacture of luggage, handbags, saddlery, harness and footwear (19)')","9.08834656617797e-07","9.08834656617797e-07","9.0867284914762e-07"
"('GR', 'Mining of chemical and fertilizer minerals, production of salt, other mining and quarrying n.e.c.')","8.89806909483152e-07","5.48665435067931e-07","7.97974239907003e-07"
"('SI', 'Processing of meat poultry')","8.88831001967378e-07","4.70374379375202e-07","8.81957603312345e-07"
"('FR', 'Cultivation of plant-based fibers')","8.8659883885066e-07","8.8659883885066e-07","8.27462310397559e-07"
"('PL', 'Biogasification of food waste, incl. land application')","8.86596289056983e-07","8.01529980278433e-07","6.18544018503521e-07"
"('FI', 'Cultivation of sugar cane, sugar beet')","8.85575704674843e-07","5.6999160833868e-07","8.64147229413138e-07"
"('BG', 'Manufacture of fish products')","8.79339325159903e-07","4.43668883035286e-07","8.79318816375426e-07"
"('SE', 'Landfill of waste: Food')","8.76229343754666e-07","4.63138328809568e-07","8.76229343754666e-07"
"('SE', 'Manufacture of bricks, tiles and construction products, in baked clay')","8.66315150645807e-07","5.97476154647716e-07","8.66315150645807e-07"
"('CH', 'Extraction of natural gas and services related to natural gas extraction, excluding surveying')","8.65232266151775e-07","2.61104830129067e-07","8.65194217939762e-07"
"('SK', 'Extraction, liquefaction, and regasification of other petroleum and gaseous materials')","8.64521064018198e-07","8.64521064018198e-07","8.12694579009048e-07"
"('CY', 'Manufacture of beverages')","8.61107876723001e-07","3.76559171091003e-07","8.61040949725662e-07"
"('SE', 'Processing vegetable oils and fats')","8.59716194320326e-07","6.83860048040701e-07","8.35509735144912e-07"
"('HU', 'Fishing, operating of fish hatcheries and fish farms; service activities incidental to fishing (05)')","8.59045566640289e-07","5.67557994381291e-07","8.59028997182455e-07"
"('CY', 'Recreational, cultural and sporting activities (92)')","8.57919495786301e-07","4.00361659851351e-07","8.5791164227941e-07"
"('CA', 'Quarrying of sand and clay')","8.56895570502867e-07","3.44515759956603e-07","8.56234832885986e-07"
"('IE', 'Cultivation of oil seeds')","8.56062340000104e-07","8.36555440984515e-07","8.39642768530965e-07"
"('PL', 'Inland water transport')","8.54814805097461e-07","1.86282236156948e-07","8.43410680292527e-07"
"('MT', 'Manufacture of rubber and plastic products (25)')","8.5400965182541e-07","3.12210653532261e-07","8.53169396498967e-07"
"('AT', 'Processing vegetable oils and fats')","8.53477590158826e-07","8.35748107529031e-07","8.0571620140857e-07"
"('SE', 'Production of electricity by solar photovoltaic')","8.53290684053249e-07","8.04766643490311e-07","6.75214376663781e-07"
"('LT', 'Processing of meat cattle')","8.52550724931796e-07","4.55714790730268e-07","8.51624757542746e-07"
"('GR', 'Cultivation of oil seeds')","8.48922109816077e-07","7.28911080829989e-07","8.46505481930478e-07"
"('CA', 'Mining of copper ores and concentrates')","8.484899958842e-07","3.46221695005862e-07","8.40851095770934e-07"
"('BR', 'Mining of coal and lignite; extraction of peat (10)')","8.39174677641394e-07","2.12733548260419e-07","8.39172408296588e-07"
"('CA', 'Steam and hot water supply')","8.32739858559244e-07","4.74321845852032e-07","8.32443234924151e-07"
"('FI', 'Manufacture of bricks, tiles and construction products, in baked clay')","8.32590691064352e-07","6.3496147929995e-07","8.32532728832819e-07"
"('LT', 'Landfill of waste: Paper')","8.31027181653643e-07","5.34463050644192e-07","8.31027181653643e-07"
"('HR', 'Extraction, liquefaction, and regasification of other petroleum and gaseous materials')","8.29412737309074e-07","6.55128958578673e-07","8.29412737309074e-07"
"('FI', 'Incineration of waste: Plastic')","8.27618425671206e-07","6.4932209774484e-07","6.47994619872007e-07"
"('BE', 'Landfill of waste: Textiles')","8.24577933059976e-07","7.55045343455647e-07","1.8602497941602e-07"
"('SK', 'Cultivation of sugar cane, sugar beet')","8.24395373637454e-07","7.05710204932513e-07","8.23957267791891e-07"
"('HR', 'Production of meat products nec')","8.21704882286532e-07","3.27868891891291e-07","8.21704420746365e-07"
"('CH', 'Sugar refining')","8.16399526227895e-07","3.44388818018007e-07","6.88595827979307e-07"
"('US', 'Composting of food waste, incl. land application')","8.08656831603077e-07","5.29778498145534e-07","8.08656831603077e-07"
"('CH', 'Other non-ferrous metal production')","8.07349074215484e-07","3.80987864092083e-07","8.07305299593562e-07"
"('NL', 'Landfill of waste: Plastic')","8.06857575380533e-07","4.56668846689172e-07","8.06857575380533e-07"
"('ES', 'Animal products nec')","7.92745989858162e-07","6.03598928150313e-07","4.22172162859829e-07"
"('MT', 'Real estate activities (70)')","7.91616574233866e-07","3.9235327751408e-07","7.91584920510762e-07"
"('GR', 'Processing of meat pigs')","7.91514310341799e-07","4.65822427798645e-07","7.84551667118039e-07"
"('AU', 'N-fertiliser')","7.8708427926548e-07","6.06760815619072e-07","5.78385935292454e-07"
"('HR', 'Sugar refining')","7.86906983831371e-07","6.35707202597781e-07","6.64002088035594e-07"
"('DK', 'Processed rice')","7.86793747949368e-07","3.33035021894641e-07","7.44370477434479e-07"
"('NO', 'Landfill of waste: Plastic')","7.77561803685528e-07","6.0275802224579e-07","7.77561803685528e-07"
"('SI', 'Landfill of waste: Textiles')","7.77418688108247e-07","6.13856852834303e-07","5.87754395236555e-07"
"('SK', 'Manufacture of fish products')","7.7593317042724e-07","2.74245548065916e-07","7.75009416302539e-07"
"('CZ', 'Production of meat products nec')","7.73706168563531e-07","6.50135901394701e-07","7.61176107789177e-07"
"('SI', 'Landfill of waste: Wood')","7.72977686071793e-07","5.4898095235876e-07","7.72977686071793e-07"
"('BG', 'Fishing, operating of fish hatcheries and fish farms; service activities incidental to fishing (05)')","7.72507705914301e-07","5.14869425489348e-07","7.68459372662784e-07"
"('CY', 'Aluminium production')","7.66111790543212e-07","4.08197544032112e-07","7.66045851041739e-07"
"('LV', 'Manufacture of other non-metallic mineral products n.e.c.')","7.65020152570485e-07","4.85610207585276e-07","7.64621513294051e-07"
"('BG', 'Extraction of crude petroleum and services related to crude oil extraction, excluding surveying')","7.64546788350718e-07","6.24805578016889e-07","7.64522616109483e-07"
"('IT', 'Processing of nuclear fuel')","7.63463023692776e-07","0","7.63463023692776e-07"
"('IE', 'Production of electricity by coal')","7.62427908974486e-07","2.83898714919653e-07","7.42366545076912e-07"
"('CN', 'Production of electricity by Geothermal')","7.60906246921354e-07","7.60906246921354e-07","1.3104590096403e-08"
"('CA', 'Production of electricity by biomass and waste')","7.53305585520973e-07","6.47789343061195e-07","1.71862460372239e-07"
"('HU', 'Landfill of waste: Plastic')","7.51542392632621e-07","5.65986833805911e-07","7.51542392632621e-07"
"('EE', 'Manufacture of glass and glass products')","7.50579658125022e-07","5.53182706276271e-07","7.50165396693784e-07"
"('CN', 'Quarrying of stone')","7.49399692281128e-07","4.35116690567e-07","5.28259670370577e-07"
"('GR', 'Production of electricity by hydro')","7.49009882431997e-07","6.78334162123307e-07","6.75857596180286e-07"
"('SE', 'Private households with employed persons (95)')","7.48340719053231e-07","7.48340719053231e-07","7.48340719053231e-07"
"('LT', 'Incineration of waste: Metals and Inert materials')","7.47964004919864e-07","6.82070418863624e-07","5.80969229580419e-07"
"('EE', 'Aluminium production')","7.45687967342796e-07","2.93258583481654e-07","7.45600335747988e-07"
"('BE', 'Mining of coal and lignite; extraction of peat (10)')","7.33393475026162e-07","3.19682632456095e-07","7.32403343290211e-07"
"('ES', 'Extraction of natural gas and services related to natural gas extraction, excluding surveying')","7.32632110792468e-07","4.26473202982734e-07","7.29149445920178e-07"
"('CZ', 'Private households with employed persons (95)')","7.24956139801794e-07","7.24956139801794e-07","7.24956139801794e-07"
"('GR', 'Forestry, logging and related service activities (02)')","7.24704767539097e-07","7.10751563754378e-07","7.23228910000645e-07"
"('BE', 'N-fertiliser')","7.07428767356156e-07","5.74234496663348e-07","4.39546054519171e-07"
"('LV', 'Sea and coastal water transport')","7.06286696321416e-07","4.62487349338716e-07","7.03221012188962e-07"
"('BR', 'Processing vegetable oils and fats')","7.05175289508289e-07","4.36608493711675e-07","6.73977863279161e-07"
"('FR', 'Cultivation of paddy rice')","7.00089386352145e-07","7.00089386352145e-07","5.63432582587992e-07"
"('SI', 'Manufacture of fish products')","6.98871530133101e-07","3.69920832016502e-07","6.98860019644453e-07"
"('LT', 'Manufacture of cement, lime and plaster')","6.95762526737649e-07","5.57698753402054e-07","6.95762526737649e-07"
"('AT', 'Production of electricity by petroleum and other oil derivatives')","6.91512319965343e-07","5.06563320897084e-07","6.40705760357903e-07"
"('SI', 'Manufacture of glass and glass products')","6.88836557632734e-07","3.9376932040466e-07","6.88829022120588e-07"
"('CY', 'Pulp')","6.80953375580379e-07","3.77140627365343e-07","6.80891910842816e-07"
"('RU', 'Cultivation of plant-based fibers')","6.79175441865384e-07","5.18768963194487e-07","6.79175441865384e-07"
"('CH', 'Production of electricity by solar photovoltaic')","6.77480852986462e-07","4.87785207116941e-07","5.56446413811992e-07"
"('RO', 'Landfill of waste: Plastic')","6.70095341228745e-07","2.00576537521931e-07","6.70095341228745e-07"
"('NL', 'Quarrying of stone')","6.68084280188922e-07","3.04730500541117e-07","6.03423449008315e-07"
"('AT', 'Composting of food waste, incl. land application')","6.67686170808189e-07","4.42615766400723e-07","6.67686170808189e-07"
"('EE', 'Cultivation of wheat')","6.60196863037763e-07","1.3412330416713e-07","6.59901530710138e-07"
"('DK', 'Mining of coal and lignite; extraction of peat (10)')","6.57269593115148e-07","9.51446807658404e-08","6.55623588646414e-07"
"('HU', 'Extraction, liquefaction, and regasification of other petroleum and gaseous materials')","6.55535994849171e-07","4.96529978998416e-07","6.11437860702854e-07"
"('RU', 'Production of electricity by wind')","6.54679345932706e-07","5.76477301683479e-07","3.67984735610386e-07"
"('SK', 'Pigs farming')","6.54326137185025e-07","3.57321596725039e-07","6.54309024574805e-07"
"('LT', 'Manufacture of wearing apparel; dressing and dyeing of fur (18)')","6.49599424391298e-07","1.74483151517538e-07","6.4959917938638e-07"
"('EE', 'Other non-ferrous metal production')","6.45537705292955e-07","2.87287039034022e-07","6.44187715125306e-07"
"('US', 'Wool, silk-worm cocoons')","6.37214006352741e-07","3.83006094012274e-07","6.37167261458975e-07"
"('MT', 'Insurance and pension funding, except compulsory social security (66)')","6.35832486634888e-07","3.98403195132215e-07","6.35087750508122e-07"
"('CY', 'Transport via railways')","6.35801480307808e-07","4.3198566470146e-07","6.34184054705534e-07"
"('LT', 'Manufacture of textiles (17)')","6.35631759399034e-07","4.20267555127132e-07","6.35628049521568e-07"
"('LV', 'Aluminium production')","6.34998436223588e-07","2.61050782890309e-07","6.34669797950438e-07"
"('CY', 'Inland water transport')","6.33955125353543e-07","2.14980445066522e-07","6.30323380557467e-07"
"('ID', 'Mining of precious metal ores and concentrates')","6.27801820415769e-07","3.2067372605351e-07","6.12805905005167e-07"
"('LT', 'Cultivation of crops nec')","6.24430990802989e-07","5.53639966504059e-07","6.23862779556979e-07"
"('CH', 'Processing of meat poultry')","6.24076679633091e-07","1.43709835759214e-08","6.24076679633091e-07"
"('DK', 'Production of electricity by gas')","6.20011258469085e-07","5.23175782082523e-08","6.19785968721675e-07"
"('GB', 'P- and other fertiliser')","6.15624167030995e-07","3.40506140134473e-07","6.14471226525337e-07"
"('EE', 'Cultivation of oil seeds')","6.13862989049821e-07","1.62129232307251e-07","6.13759716753715e-07"
"('ZA', 'Mining of other non-ferrous metal ores and concentrates')","6.11057928565922e-07","3.87562984540095e-07","4.32725884627238e-07"
"('IE', 'Copper production')","6.09849469870774e-07","5.94934849924655e-07","6.08336729783976e-07"
"('CY', 'Post and telecommunications (64)')","6.08508036016458e-07","3.81626514621703e-07","6.0829065600681e-07"
"('CY', 'Fishing, operating of fish hatcheries and fish farms; service activities incidental to fishing (05)')","6.03808117386839e-07","5.45622407574364e-07","6.03778603732826e-07"
"('FI', 'Sugar refining')","6.03465738428499e-07","1.49061434272614e-07","5.90121896541817e-07"
"('CY', 'Other service activities (93)')","6.02933602334341e-07","2.53816272364041e-07","6.02933602334341e-07"
"('IT', 'N-fertiliser')","6.02048348978492e-07","4.85650732187127e-07","2.62536647644765e-07"
"('NL', 'Production of electricity nec')","5.98139118188201e-07","5.85138191426559e-07","6.22237355365449e-08"
"('TR', 'Manufacture of medical, precision and optical instruments, watches and clocks (33)')","5.98133651223118e-07","3.99645937432912e-07","5.41324762380821e-07"
"('SI', 'Manufacture of furniture; manufacturing n.e.c. (36)')","5.97339201931835e-07","2.78930058793111e-07","5.95795607692922e-07"
"('LV', 'Publishing, printing and reproduction of recorded media (22)')","5.93972827461515e-07","3.35849634487685e-07","5.93972254450557e-07"
"('RU', 'Mining of precious metal ores and concentrates')","5.9108700312447e-07","4.27518819974638e-07","2.38337110623675e-07"
"('SK', 'Cattle farming')","5.88742562772053e-07","3.00308721574324e-07","5.88466879045869e-07"
"('NO', 'Mining of other non-ferrous metal ores and concentrates')","5.87564086362556e-07","3.26444988686352e-07","5.27612318991462e-07"
"('HU', 'Sea and coastal water transport')","5.87541838522409e-07","2.25836117531416e-07","5.8625144698868e-07"
"('LT', 'Retail sale of automotive fuel')","5.87332412406099e-07","5.08106448466011e-07","4.65231994851197e-07"
"('PT', 'Precious metals production')","5.82014667484077e-07","3.86335094656378e-07","5.76330014615838e-07"
"('LU', 'Pigs farming')","5.77769670042916e-07","4.29011188251564e-07","5.77609600747956e-07"
"('ZA', 'Cultivation of plant-based fibers')","5.73797433003434e-07","3.4240190728144e-07","5.72677310594433e-07"
"('KR', 'Cultivation of wheat')","5.72200640112111e-07","4.46559293392118e-07","5.71231402707983e-07"
"('HR', 'Processing of meat poultry')","5.69364363608185e-07","2.77161908912542e-07","5.69364363608185e-07"
"('SK', 'Processing of meat cattle')","5.68181726609959e-07","1.56628312048674e-07","5.68181482149019e-07"
"('DE', 'N-fertiliser')","5.62287817334621e-07","4.52534201863109e-07","2.23365916183618e-07"
"('EE', 'Cattle farming')","5.62250117588235e-07","1.14703983721642e-07","5.62246965574629e-07"
"('SK', 'Private households with employed persons (95)')","5.61950427373193e-07","3.65550553671047e-07","5.61950427373193e-07"
"('BG', 'Production of electricity by biomass and waste')","5.60254869918874e-07","5.40673488427196e-07","1.1000258902152e-07"
"('DK', 'Landfill of waste: Food')","5.60253404406688e-07","3.66876057115423e-07","5.60253404406688e-07"
"('SI', 'Cultivation of wheat')","5.5960621105255e-07","3.75110252493587e-07","5.54607924336564e-07"
"('NO', 'Meat animals nec')","5.57877334216394e-07","6.544680299056e-08","5.57877334216394e-07"
"('TW', 'Cattle farming')","5.57110514221907e-07","3.90288093464127e-07","5.56798437085657e-07"
"('EE', 'Fishing, operating of fish hatcheries and fish farms; service activities incidental to fishing (05)')","5.55469039369515e-07","1.89020201460071e-07","5.5544316240148e-07"
"('CY', 'Activities of membership organisation n.e.c. (91)')","5.54454965363782e-07","3.94359713868979e-07","5.54454965363782e-07"
"('AU', 'Mining of other non-ferrous metal ores and concentrates')","5.52535441037124e-07","3.22215721408805e-07","3.82493983104418e-07"
"('CH', 'Lead, zinc and tin production')","5.52422577066872e-07","3.61033123223013e-07","5.52415932866402e-07"
"('MT', 'Distribution and trade of electricity')","5.47169204909273e-07","4.88153176644017e-07","5.47169204906385e-07"
"('WE', 'Quarrying of stone')","5.45599749784356e-07","3.46672958352833e-07","4.47111696125942e-07"
"('EE', 'Landfill of waste: Food')","5.42557602880952e-07","2.58163887127207e-07","5.42557602880952e-07"
"('GR', 'Manufacture of fish products')","5.42413635742825e-07","2.87915560106738e-07","5.4211184687996e-07"
"('PT', 'Cultivation of paddy rice')","5.42005061352828e-07","4.75161124704448e-07","5.30871507329647e-07"
"('LU', 'Manufacture of medical, precision and optical instruments, watches and clocks (33)')","5.4066935787185e-07","1.88426092182718e-07","5.40661216436515e-07"
"('SI', 'Composting of food waste, incl. land application')","5.39717812979137e-07","3.81268253863731e-07","5.39717812979137e-07"
"('CH', 'Processed rice')","5.38421687773845e-07","3.95806020721264e-07","5.14044166473723e-07"
"('MT', 'Production of electricity by gas')","5.34897006626242e-07","4.64434286645333e-07","5.34897006626242e-07"
"('CY', 'Quarrying of sand and clay')","5.34209004462259e-07","1.89248991569532e-07","5.33702284671507e-07"
"('CY', 'Transport via pipelines')","5.32500056758812e-07","2.29059139842659e-07","5.20529500759961e-07"
"('CY', 'Retail sale of automotive fuel')","5.29234827162964e-07","2.24211927995763e-07","5.2903501178155e-07"
"('SI', 'Pigs farming')","5.28253055665737e-07","4.42781505140466e-07","5.28225722195617e-07"
"('GB', 'Biogasification of paper, incl. land application')","5.19574821796096e-07","2.3635018561478e-07","5.19574821796096e-07"
"('SI', 'Manufacture of ceramic goods')","5.1326156561314e-07","4.0599862130007e-07","5.13239114658905e-07"
"('PL', 'Mining of precious metal ores and concentrates')","5.12903940495772e-07","3.85404514245843e-07","3.96599045185464e-07"
"('TR', 'Private households with employed persons (95)')","5.11294314718306e-07","4.14151573884646e-07","5.11294314718306e-07"
"('IN', 'Mining of precious metal ores and concentrates')","4.98538601489875e-07","3.03555054376055e-07","3.85616282991914e-07"
"('CA', 'Cultivation of plant-based fibers')","4.97436343217801e-07","3.85186911449438e-07","4.600455331646e-07"
"('EE', 'Copper production')","4.93864704356952e-07","2.693162395078e-07","4.93778690185518e-07"
"('WF', 'Mining of precious metal ores and concentrates')","4.91190355426423e-07","1.44825062720561e-07","4.53505523493389e-07"
"('LV', 'Processing vegetable oils and fats')","4.90030553903625e-07","2.57986688469221e-07","4.85832256836485e-07"
"('BG', 'Cultivation of paddy rice')","4.87234179924164e-07","3.77498208017242e-07","4.78657010675449e-07"
"('DK', 'Production of electricity by solar photovoltaic')","4.84559186438931e-07","4.72777516177942e-07","3.00452099541964e-07"
"('NO', 'Private households with employed persons (95)')","4.82310418438919e-07","1.8438630002866e-07","4.82310418438919e-07"
"('AT', 'Mining of chemical and fertilizer minerals, production of salt, other mining and quarrying n.e.c.')","4.77277575173832e-07","1.80405064351438e-07","4.76985613190237e-07"
"('HR', 'Cultivation of oil seeds')","4.70611643996708e-07","4.32063467851213e-07","4.6901446267674e-07"
"('AT', 'Meat animals nec')","4.70443601760104e-07","4.70443601760104e-07","3.28015911941225e-07"
"('LT', 'Cultivation of sugar cane, sugar beet')","4.63929391775429e-07","2.79084183808284e-07","4.62650062727794e-07"
"('GR', 'Manufacture of ceramic goods')","4.63656159185746e-07","3.5051195026296e-07","4.63645247798024e-07"
"('MT', 'Health and social work (85)')","4.63262410817219e-07","1.59300082628014e-07","4.63262410817219e-07"
"('RO', 'Cultivation of sugar cane, sugar beet')","4.59449177368778e-07","3.8510618995836e-07","4.51728309907576e-07"
"('HR', 'Inland water transport')","4.56684838996924e-07","3.76250696101596e-08","4.56684456955567e-07"
"('CY', 'Transmission of electricity')","4.53491471895629e-07","3.60902620926759e-07","4.47777470139582e-07"
"('KR', 'Manufacture of machinery and equipment n.e.c. (29)')","4.53170433765145e-07","2.46227278668532e-07","4.53155621293919e-07"
"('HR', 'Processing of meat pigs')","4.5286794525772e-07","1.40741134156775e-07","4.52864344629601e-07"
"('LV', 'Cultivation of crops nec')","4.49277352433637e-07","3.14184228581066e-07","4.47593847974897e-07"
"('AT', 'Production of electricity by coal')","4.48476443994618e-07","1.37908901950029e-07","4.46097734311315e-07"
"('MT', 'Transmission of electricity')","4.48418278633374e-07","8.41871081342772e-08","4.4785885185513e-07"
"('TR', 'Processed rice')","4.45230531581253e-07","2.14710098847227e-07","3.6219833428435e-07"
"('EE', 'Retail sale of automotive fuel')","4.39317029830144e-07","2.44508909047796e-07","4.2528518507098e-07"
"('SK', 'Extraction of natural gas and services related to natural gas extraction, excluding surveying')","4.37936421385571e-07","2.85826888811672e-07","4.376323474691e-07"
"('PT', 'Mining of precious metal ores and concentrates')","4.3485988740858e-07","2.32153209617096e-07","4.25571213422215e-07"
"('CZ', 'Processed rice')","4.34503957129897e-07","2.36205330885321e-07","4.2211275179481e-07"
"('AT', 'Private households with employed persons (95)')","4.32436765532395e-07","4.18944554840355e-07","4.32436765532395e-07"
"('WL', 'Mining of copper ores and concentrates')","4.30697354119926e-07","3.13827312362497e-07","2.27312735237297e-07"
"('PT', 'Biogasification of paper, incl. land application')","4.25372787884788e-07","3.36776422093469e-07","4.25372787884788e-07"
"('EE', 'Chemicals nec')","4.24277374651513e-07","2.21703626532395e-07","4.24203852954779e-07"
"('MX', 'Manufacture of gas; distribution of gaseous fuels through mains')","4.23739639828254e-07","2.03694374920657e-07","4.21367736640425e-07"
"('LT', 'Pulp')","4.23730838896156e-07","3.09773083633187e-07","4.23526196412103e-07"
"('LT', 'Collection, purification and distribution of water (41)')","4.21549523611009e-07","4.15729371515475e-07","2.63000396722641e-07"
"('LT', 'Waste water treatment, other')","4.20778619484736e-07","2.64456056842927e-07","4.20432251619113e-07"
"('HR', 'Manufacture of furniture; manufacturing n.e.c. (36)')","4.20311764320575e-07","2.06340597058868e-07","4.19438830378637e-07"
"('BG', 'Extraction of natural gas and services related to natural gas extraction, excluding surveying')","4.20197477217217e-07","3.67362775819837e-07","4.19976866182919e-07"
"('BG', 'Other service activities (93)')","4.19796717636548e-07","2.82749678281796e-07","4.19796717636548e-07"
"('LT', 'Steam and hot water supply')","4.18109119115897e-07","0","4.18109119115897e-07"
"('BE', 'Production of meat products nec')","4.17446817404086e-07","1.39759289094864e-07","4.17443405872913e-07"
"('IE', 'Manufacture of other transport equipment (35)')","4.16332840759446e-07","4.16332840759446e-07","4.16088394633393e-07"
"('SI', 'Private households with employed persons (95)')","4.12516030066738e-07","4.12516030066738e-07","4.12516030066738e-07"
"('LT', 'Sugar refining')","4.09968069151411e-07","1.76567101512363e-07","4.06636789949344e-07"
"('CY', 'Copper production')","4.09031064896319e-07","3.16178084715865e-07","4.09008672809944e-07"
"('MX', 'N-fertiliser')","4.08209788480175e-07","1.44069590013109e-08","4.08191820750478e-07"
"('CY', 'Manufacture of basic iron and steel and of ferro-alloys and first products thereof')","4.06395985126306e-07","2.56364130010954e-07","4.06392820012033e-07"
"('HR', 'Raw milk')","4.06322498255707e-07","2.85685662591478e-07","4.06322498255707e-07"
"('LV', 'Processing of meat cattle')","4.05553017678623e-07","8.40580661965609e-08","4.05496930047851e-07"
"('GR', 'Manufacture of glass and glass products')","4.052650031742e-07","2.82937347288026e-07","4.01646767503556e-07"
"('SK', 'Processing of meat pigs')","4.05096202161473e-07","2.38192831082068e-07","4.05093577754446e-07"
"('CY', 'Publishing, printing and reproduction of recorded media (22)')","4.0286940201574e-07","2.37836724015517e-07","4.0286940201574e-07"
"('BG', 'Animal products nec')","4.02618589348913e-07","2.68591571049985e-07","3.62641758359583e-07"
"('EE', 'Cultivation of crops nec')","4.02564564673528e-07","1.08785006581747e-07","4.02379629504388e-07"
"('WF', 'Quarrying of sand and clay')","4.01349898944493e-07","1.15375952083558e-07","3.90087165255856e-07"
"('SK', 'Production of electricity by solar photovoltaic')","4.00827139443138e-07","1.50063494653326e-07","3.8335263283906e-07"
"('WE', 'Production of electricity by solar photovoltaic')","4.00123200295868e-07","3.85579564519161e-07","3.98614062196765e-07"
"('MT', 'Air transport (62)')","3.97928819776328e-07","1.95085737846724e-07","3.97751861809437e-07"
"('SK', 'Processing vegetable oils and fats')","3.96405242500564e-07","2.37669483600909e-07","3.94184534443022e-07"
"('ZA', 'Production of electricity by solar thermal')","3.9553639445239e-07","3.9553639445239e-07","3.9553639445239e-07"
"('CY', 'Manufacture of bricks, tiles and construction products, in baked clay')","3.94498438443775e-07","2.44986849733172e-07","3.94488544527549e-07"
"('WF', 'Mining of lead, zinc and tin ores and concentrates')","3.92738170492568e-07","3.55019377709688e-07","1.4183199340822e-07"
"('GR', 'Mining of lead, zinc and tin ores and concentrates')","3.92303292340364e-07","3.63188930633499e-07","2.77310156466807e-07"
"('SK', 'Processing of meat poultry')","3.91513591029454e-07","3.04960574192354e-07","3.91513206828433e-07"
"('CY', 'Manufacture of fish products')","3.89737692596652e-07","2.00651200206024e-07","3.8952084809956e-07"
"('BG', 'Production of electricity by petroleum and other oil derivatives')","3.88045536486192e-07","2.36139672377104e-07","2.73369198260164e-07"
"('EE', 'Waste water treatment, other')","3.87703727461241e-07","2.01874572637932e-07","3.87664548996254e-07"
"('CA', 'Mining of lead, zinc and tin ores and concentrates')","3.8355390506452e-07","1.43829021295324e-07","3.8355390506452e-07"
"('LV', 'Collection, purification and distribution of water (41)')","3.82895693304278e-07","2.33191189276062e-07","3.79296688290816e-07"
"('BG', 'Recreational, cultural and sporting activities (92)')","3.77290364436752e-07","1.83925769979377e-07","3.77290364436752e-07"
"('HU', 'Animal products nec')","3.72312103034258e-07","2.81041862175793e-07","3.52856450367e-07"
"('LT', 'Processing of dairy products')","3.69526595555953e-07","1.34829125901992e-07","3.69513216019141e-07"
"('IE', 'Mining of precious metal ores and concentrates')","3.68334899645383e-07","3.68334899645383e-07","3.62957868132282e-07"
"('ZA', 'Production of electricity by hydro')","3.63449440899659e-07","3.52518864455235e-07","2.68332273071171e-07"
"('IN', 'Mining of uranium and thorium ores (12)')","3.6256377992885e-07","3.6256377992885e-07","1.41406674180123e-08"
"('HR', 'Production of electricity by biomass and waste')","3.59605899459625e-07","2.5477000059723e-07","2.48913033758117e-07"
"('IN', 'Production of electricity by biomass and waste')","3.53404353323776e-07","1.6000684793778e-07","2.3098978273011e-07"
"('BG', 'Other non-ferrous metal production')","3.49533622863465e-07","2.47543381780982e-07","3.42022146136443e-07"
"('SI', 'Biogasification of sewage slugde, incl. land application')","3.49009707655194e-07","2.47440207412181e-07","3.49009707655194e-07"
"('NO', 'Recycling of waste and scrap')","3.48962009437456e-07","2.36346363572574e-07","2.13019971960606e-07"
"('LU', 'Cultivation of wheat')","3.47480149615555e-07","1.09555584567766e-07","3.47358097500231e-07"
"('CY', 'Private households with employed persons (95)')","3.44827246020611e-07","3.16738396270698e-07","3.44827246020611e-07"
"('LV', 'Pulp')","3.44411436737807e-07","1.54932151203958e-07","3.43883581796567e-07"
"('LU', 'Sea and coastal water transport')","3.41898307357935e-07","3.18762094694274e-07","3.41229544645727e-07"
"('EE', 'Landfill of waste: Paper')","3.41758591241987e-07","1.79074955668641e-07","3.41758591241987e-07"
"('EE', 'Processing of meat cattle')","3.38710264262767e-07","1.07997981549718e-07","3.38543232152229e-07"
"('HU', 'Incineration of waste: Wood')","3.32919909275502e-07","2.72965948029895e-07","3.32890370480897e-07"
"('DK', 'Landfill of waste: Paper')","3.29062323000939e-07","2.06009769618015e-07","3.29062323000939e-07"
"('EE', 'Lead, zinc and tin production')","3.28307136183219e-07","2.65248034651506e-07","3.275791032174e-07"
"('WL', 'Mining of iron ores')","3.27112415604606e-07","9.36260675533505e-08","3.27112415604606e-07"
"('CY', 'Meat animals nec')","3.25921619222084e-07","3.04192085822082e-07","3.22233359773595e-07"
"('EE', 'Manufacture of other non-metallic mineral products n.e.c.')","3.25911130712546e-07","2.14837207106201e-07","3.25796744592387e-07"
"('US', 'Quarrying of sand and clay')","3.25006631612305e-07","2.43126259877997e-07","1.38674172251877e-07"
"('HU', 'Production of electricity by biomass and waste')","3.24811145992037e-07","1.5868623055183e-07","2.43843765020575e-07"
"('BG', 'Mining of lead, zinc and tin ores and concentrates')","3.24290725611549e-07","3.03489725059771e-07","2.35309297628077e-07"
"('CH', 'Processing of meat cattle')","3.24113854065045e-07","1.03266159398344e-07","3.24113854065045e-07"
"('BE', 'Landfill of waste: Wood')","3.23608566061244e-07","2.49916639962812e-07","2.93803843375172e-07"
"('LT', 'Lead, zinc and tin production')","3.19408837620396e-07","2.57098909231339e-07","3.19344943395841e-07"
"('AT', 'Production of meat products nec')","3.18396698350883e-07","3.18396698350883e-07","2.89656546522418e-07"
"('HU', 'Incineration of waste: Textiles')","3.17498032547593e-07","2.66471967079869e-07","2.6869039337901e-07"
"('LT', 'Private households with employed persons (95)')","3.17183222874253e-07","3.17183222874253e-07","3.17183222874253e-07"
"('DK', 'Recycling of waste and scrap')","3.15574189212149e-07","3.00119786932903e-07","1.18510105890464e-07"
"('KR', 'Renting of machinery and equipment without operator and of personal and household goods (71)')","3.14734401616938e-07","9.05361906554428e-08","2.98249944936214e-07"
"('ES', 'Wool, silk-worm cocoons')","3.14401121713355e-07","2.79040947906359e-07","3.14401121713355e-07"
"('LU', 'Sugar refining')","3.13155340849508e-07","2.05673798672766e-07","3.05951929299713e-07"
"('BG', 'Manufacture of gas; distribution of gaseous fuels through mains')","3.09288284115493e-07","2.3982223107569e-07","3.09183805430583e-07"
"('IT', 'Composting of paper and wood, incl. land application')","3.08933472780491e-07","2.39203383583153e-07","3.07899398739628e-07"
"('GR', 'P- and other fertiliser')","3.05535106126085e-07","3.21013776486078e-08","3.0553445867098e-07"
"('WE', 'Forestry, logging and related service activities (02)')","3.04783812986725e-07","2.77372898202229e-07","3.04758810881621e-07"
"('PL', 'Animal products nec')","3.0476769852619e-07","3.0476769852619e-07","1.43387675143892e-07"
"('ID', 'Production of electricity by wind')","3.04341980597538e-07","3.04341980597538e-07","2.69017287770228e-07"
"('CH', 'Manufacture of bricks, tiles and construction products, in baked clay')","3.02223532008231e-07","2.54233506054908e-07","3.02223532008231e-07"
"('LT', 'Processing of Food products nec')","3.01873237582219e-07","1.43019084151906e-07","3.01783727017126e-07"
"('AT', 'Animal products nec')","3.01519596967041e-07","3.01519596967041e-07","1.72233047348651e-07"
"('LU', 'Forestry, logging and related service activities (02)')","2.98534250994594e-07","2.30750613966362e-07","2.98494640746095e-07"
"('TW', 'N-fertiliser')","2.96731054229866e-07","1.91071130610597e-07","2.27044371361214e-07"
"('KR', 'Wool, silk-worm cocoons')","2.96135887160873e-07","2.51063428129032e-07","2.96135887160873e-07"
"('CH', 'Steam and hot water supply')","2.95766360710619e-07","1.55837862658314e-07","2.95763345087069e-07"
"('IN', 'Manufacture of machinery and equipment n.e.c. (29)')","2.94277522277871e-07","1.13697136876472e-07","2.94277416397563e-07"
"('BG', 'Mining of chemical and fertilizer minerals, production of salt, other mining and quarrying n.e.c.')","2.93056780010589e-07","2.11416846113742e-07","2.7304340396264e-07"
"('WF', 'Manufacture of coke oven products')","2.91906415717953e-07","8.01384341010713e-08","2.67852445397184e-07"
"('CY', 'Processing of meat cattle')","2.90313156521981e-07","7.03800653588454e-08","2.90313116540133e-07"
"('LU', 'Cultivation of cereal grains nec')","2.90231478949489e-07","1.32592317165805e-07","2.90216998394996e-07"
"('DE', 'Production of electricity by Geothermal')","2.89408913568467e-07","2.84807883835984e-07","1.49396159090885e-07"
"('ZA', 'Mining of iron ores')","2.8750638376855e-07","2.06759537271809e-07","2.45021837890853e-07"
"('MT', 'Cultivation of wheat')","2.85305063781377e-07","8.31357592118484e-08","2.85305063781377e-07"
"('MT', 'Raw milk')","2.8432621244574e-07","9.39136580077009e-08","2.8432621244574e-07"
"('SK', 'Production of electricity by biomass and waste')","2.83295922862506e-07","9.41281307909114e-08","2.56026596210992e-07"
"('ID', 'Wool, silk-worm cocoons')","2.79232819062467e-07","5.66428276798699e-08","2.79232819062467e-07"
"('CZ', 'Sugar refining')","2.78204622143606e-07","1.32094905573843e-07","2.69751380189843e-07"
"('CH', 'Renting of machinery and equipment without operator and of personal and household goods (71)')","2.77765176715948e-07","2.24555073264512e-07","2.76323484730927e-07"
"('CY', 'Cattle farming')","2.77554822192428e-07","2.55041923067072e-07","2.77547797709636e-07"
"('SI', 'Animal products nec')","2.77423186979109e-07","2.77423186979109e-07","2.47026664722496e-07"
"('WF', 'Mining of nickel ores and concentrates')","2.7736108775662e-07","2.32432639088674e-07","1.49045503931088e-07"
"('RU', 'Wool, silk-worm cocoons')","2.74732005723624e-07","3.46350488196964e-08","2.74732005723624e-07"
"('JP', 'Meat animals nec')","2.74501445160498e-07","1.2129075040257e-07","2.74501445160498e-07"
"('LU', 'Processed rice')","2.73066831554073e-07","1.4379569536385e-07","2.70289829943847e-07"
"('HU', 'Cultivation of crops nec')","2.72489323580231e-07","1.54994019505937e-07","2.72139136950818e-07"
"('IE', 'P- and other fertiliser')","2.70325290333276e-07","2.31956715641926e-07","2.70234401776977e-07"
"('GR', 'Cultivation of crops nec')","2.67733986828872e-07","2.3897740006978e-07","2.65697882397893e-07"
"('HU', 'Lead, zinc and tin production')","2.64015390450361e-07","6.24508835191788e-08","2.64015390450361e-07"
"('TW', 'Meat animals nec')","2.61671315809855e-07","0","2.61671315809855e-07"
"('IN', 'Mining of other non-ferrous metal ores and concentrates')","2.60690428400234e-07","1.85035129057757e-07","1.57500442301766e-07"
"('BE', 'Retail sale of automotive fuel')","2.60164345047291e-07","1.69442275781993e-07","2.25350158351981e-07"
"('PT', 'Cultivation of wheat')","2.58875652588214e-07","1.88592068190025e-07","2.55072535568707e-07"
"('HU', 'Precious metals production')","2.57396746318737e-07","1.46733724942655e-07","2.57391050946132e-07"
"('FR', 'Composting of paper and wood, incl. land application')","2.56858327953765e-07","2.19838410423517e-07","2.56640625974424e-07"
"('RU', 'Production of electricity by solar photovoltaic')","2.55857449501081e-07","0","2.55857449501081e-07"
"('EE', 'Tanning and dressing of leather; manufacture of luggage, handbags, saddlery, harness and footwear (19)')","2.54866450836068e-07","1.74932146508988e-07","2.54864343515328e-07"
"('DE', 'Mining of lead, zinc and tin ores and concentrates')","2.54587158286827e-07","1.46615317645847e-07","2.54587158286827e-07"
"('LT', 'Copper production')","2.53364262847074e-07","2.0963706490524e-07","2.53247884189482e-07"
"('CY', 'Production of meat products nec')","2.53340861559656e-07","3.91114718821813e-08","2.53340861559656e-07"
"('NO', 'Cultivation of oil seeds')","2.52777235833374e-07","1.50867978713511e-07","2.37543975722826e-07"
"('NO', 'Animal products nec')","2.5238459328938e-07","1.38324496040349e-07","2.42495834682429e-07"
"('BG', 'Activities of membership organisation n.e.c. (91)')","2.51886749667549e-07","1.69157370943507e-07","2.51886749667549e-07"
"('MT', 'Activities auxiliary to financial intermediation (67)')","2.4985242863361e-07","1.20912282472465e-07","2.49848456536869e-07"
"('LU', 'Cultivation of oil seeds')","2.49566223811006e-07","1.32617759397634e-07","2.49559044496361e-07"
"('LT', 'Manufacture of beverages')","2.4789984226088e-07","1.18040861457604e-07","2.47888640122201e-07"
"('SI', 'Mining of chemical and fertilizer minerals, production of salt, other mining and quarrying n.e.c.')","2.47239512517015e-07","1.38704035077758e-07","2.30908870224236e-07"
"('MT', 'Cultivation of vegetables, fruit, nuts')","2.46717507919145e-07","1.32284707611956e-07","2.46706059727965e-07"
"('CH', 'Processing vegetable oils and fats')","2.4356403361628e-07","1.50425798937888e-07","2.33069306585138e-07"
"('LT', 'Paper')","2.42813314179589e-07","1.86919721131966e-07","2.42812825529397e-07"
"('WE', 'Cultivation of paddy rice')","2.41606592009818e-07","1.61192276502122e-07","2.35276420900017e-07"
"('GR', 'Manufacture of gas; distribution of gaseous fuels through mains')","2.36272902356516e-07","1.63534781626044e-07","2.33345997181673e-07"
"('CH', 'Processing of meat pigs')","2.35045217126538e-07","6.41338439829413e-08","2.35045217126538e-07"
"('LT', 'Processing of meat poultry')","2.33956478445177e-07","1.23489343694038e-07","2.33748574550734e-07"
"('CH', 'N-fertiliser')","2.33813361775092e-07","2.33813361775092e-07","4.68115134124762e-08"
"('CN', 'Landfill of waste: Food')","2.32090086453235e-07","1.01281102118232e-07","2.32090086453235e-07"
"('US', 'Mining of iron ores')","2.31206670654091e-07","0","2.31206670654091e-07"
"('LV', 'Manufacture of bricks, tiles and construction products, in baked clay')","2.26631404025807e-07","1.97403065426783e-07","2.26631404025807e-07"
"('RO', 'Retail sale of automotive fuel')","2.24153060165774e-07","1.43853016299318e-07","2.22223396526294e-07"
"('GR', 'Lead, zinc and tin production')","2.22842029042906e-07","8.97867619585278e-08","2.22842029042906e-07"
"('HU', 'Production of electricity by wind')","2.22637634398846e-07","1.27236627849788e-07","2.16567005677137e-07"
"('LT', 'Manufacture of basic iron and steel and of ferro-alloys and first products thereof')","2.20048513817425e-07","1.93220502484626e-07","2.20046858689847e-07"
"('BE', 'Biogasification of paper, incl. land application')","2.20038601602243e-07","1.40688529411951e-07","2.20038601602243e-07"
"('CZ', 'Manufacture of coke oven products')","2.18790519798394e-07","9.59394102062825e-08","1.95255794359114e-07"
"('CZ', 'Production of electricity by wind')","2.16716757706538e-07","1.10881828524918e-07","2.12639526507857e-07"
"('BG', 'Research and development (73)')","2.15620470437377e-07","1.05479149826599e-07","2.15620470437377e-07"
"('BR', 'Mining of iron ores')","2.14975939338225e-07","1.1753941754532e-07","1.68557118716087e-07"
"('FI', 'Inland water transport')","2.146430354246e-07","7.82736025902e-08","2.1430809957818e-07"
"('HR', 'Manufacture of ceramic goods')","2.14162547313209e-07","1.56946872273304e-07","2.14162547313209e-07"
"('NO', 'Inland water transport')","2.13775920668259e-07","1.13538235452023e-07","2.04719098888802e-07"
"('HR', 'Private households with employed persons (95)')","2.12684308816658e-07","1.6160156361111e-07","2.12684308816658e-07"
"('BE', 'Meat animals nec')","2.12582806795114e-07","2.12582806795114e-07","1.25846181237047e-07"
"('LU', 'Pulp')","2.09656879453675e-07","1.33097545612022e-07","2.09656308679053e-07"
"('SI', 'Steam and hot water supply')","2.09478305901964e-07","4.31348188497746e-08","2.06879145587614e-07"
"('TW', 'Extraction of crude petroleum and services related to crude oil extraction, excluding surveying')","2.09432708531172e-07","1.15525543983495e-07","2.04904955499238e-07"
"('SE', 'Production of electricity by biomass and waste')","2.08155421928796e-07","1.4376583335189e-07","8.76223693634012e-08"
"('TR', 'Manufacture of machinery and equipment n.e.c. (29)')","2.06454956372562e-07","0","2.06454956372562e-07"
"('LU', 'Manufacture of radio, television and communication equipment and apparatus (32)')","2.05700886411994e-07","1.49118480716392e-07","2.05700886411994e-07"
"('SI', 'Landfill of waste: Plastic')","2.05490132566542e-07","1.34757113689225e-07","2.05490132566542e-07"
"('LV', 'Private households with employed persons (95)')","2.03685664110764e-07","2.03685664110764e-07","2.03685664110764e-07"
"('PT', 'Mining of chemical and fertilizer minerals, production of salt, other mining and quarrying n.e.c.')","2.03568385941064e-07","1.49551665483852e-07","1.85705978294457e-07"
"('AU', 'Processing vegetable oils and fats')","2.00984543917165e-07","5.99549403370535e-08","1.99416551512683e-07"
"('LT', 'Processing vegetable oils and fats')","2.00932197982303e-07","1.15558984702141e-07","2.0068366929929e-07"
"('PT', 'Composting of paper and wood, incl. land application')","2.00177133288716e-07","1.71350528474717e-07","2.00102647946428e-07"
"('SE', 'Processed rice')","2.00129660735803e-07","9.16186850229989e-08","1.99252511386921e-07"
"('EE', 'Precious metals production')","1.99384546800331e-07","1.65757926468943e-07","1.99360027115383e-07"
"('HR', 'Manufacture of fish products')","1.97706397013896e-07","1.02992621953141e-07","1.97706397013896e-07"
"('EE', 'Manufacture of furniture; manufacturing n.e.c. (36)')","1.97675757663401e-07","9.76775547099246e-08","1.96959996044633e-07"
"('EE', 'Incineration of waste: Oil/Hazardous waste')","1.97232247144259e-07","7.80814901300396e-08","1.97231973543294e-07"
"('CY', 'Production of electricity by solar photovoltaic')","1.96409701299202e-07","1.88413987529376e-07","1.81560970709779e-07"
"('BG', 'Quarrying of stone')","1.96364289390792e-07","1.49096298636346e-07","1.90443106553044e-07"
"('LV', 'Production of electricity by biomass and waste')","1.96359645233201e-07","5.34466323001186e-08","1.90106576373187e-07"
"('WM', 'Manufacture of machinery and equipment n.e.c. (29)')","1.93816058969001e-07","9.99612366546854e-08","1.93816058969001e-07"
"('WF', 'Mining of other non-ferrous metal ores and concentrates')","1.93023163528824e-07","1.55201045083053e-07","1.41935362194623e-07"
"('DK', 'Production of electricity by biomass and waste')","1.9246443935498e-07","2.27141578993135e-08","1.89782849401613e-07"
"('EE', 'Processing of meat poultry')","1.90891207053509e-07","1.84098439335786e-07","1.90093557082491e-07"
"('MT', 'Pigs farming')","1.90022716921718e-07","4.86864424987533e-08","1.90022716921718e-07"
"('LU', 'Inland water transport')","1.89392313672333e-07","1.78438870707565e-07","1.89392313672333e-07"
"('AT', 'Incineration of waste: Plastic')","1.88336083285491e-07","1.29885071221398e-07","1.31775360193608e-07"
"('LT', 'Waste water treatment, food')","1.87906104095898e-07","9.22764409633783e-08","1.87906104095898e-07"
"('FI', 'Incineration of waste: Textiles')","1.87376961822323e-07","1.59399452088141e-07","1.20535595429781e-07"
"('SK', 'Production of electricity by petroleum and other oil derivatives')","1.86671351000471e-07","8.35617408375327e-08","1.76824868388568e-07"
"('PT', 'Mining of lead, zinc and tin ores and concentrates')","1.85284337011614e-07","1.70257749106963e-07","1.63746895332716e-07"
"('NO', 'Sugar refining')","1.85047815603173e-07","8.95030843789631e-08","1.85047815603173e-07"
"('RU', 'Mining of copper ores and concentrates')","1.802989895024e-07","8.66276886434636e-08","1.802989895024e-07"
"('JP', 'Processing of nuclear fuel')","1.78422938808461e-07","1.5271985909347e-08","1.77655843817572e-07"
"('CY', 'Manufacture of tobacco products (16)')","1.75588852713035e-07","0","1.75588852713035e-07"
"('CY', 'Processing vegetable oils and fats')","1.74521594999939e-07","1.26182371275591e-07","1.74198136097844e-07"
"('FI', 'Processing of nuclear fuel')","1.74217339626551e-07","0","1.74217339626551e-07"
"('PL', 'Mining of nickel ores and concentrates')","1.74021542890434e-07","1.63711339555877e-07","5.67138681015169e-08"
"('PL', 'Processed rice')","1.73836262946224e-07","8.11643132896452e-08","1.73476888324164e-07"
"('NO', 'Wool, silk-worm cocoons')","1.72724506799936e-07","1.0657841663417e-07","1.72724506799936e-07"
"('BE', 'Mining of other non-ferrous metal ores and concentrates')","1.72372675766012e-07","6.02169453921836e-08","1.69938001213951e-07"
"('EE', 'Private households with employed persons (95)')","1.72213335509542e-07","1.72213335509542e-07","1.72213335509542e-07"
"('CY', 'Cultivation of cereal grains nec')","1.69081970062847e-07","1.30994956434118e-07","1.69034429076063e-07"
"('BR', 'Mining of other non-ferrous metal ores and concentrates')","1.68940035715534e-07","2.39088223448502e-08","1.68940035715534e-07"
"('FI', 'Animal products nec')","1.66159988106852e-07","1.66159988106852e-07","1.35659730733133e-07"
"('IE', 'Manufacture of ceramic goods')","1.64717943349995e-07","1.64717943349995e-07","1.64717943349995e-07"
"('RU', 'Cultivation of crops nec')","1.60949132547111e-07","6.85610855418213e-08","1.60668741743763e-07"
"('US', 'Mining of copper ores and concentrates')","1.60476602757135e-07","6.81418941518806e-08","1.60476602757135e-07"
"('ZA', 'Production of electricity by petroleum and other oil derivatives')","1.58964129647718e-07","5.8407695328974e-08","1.54738811009361e-07"
"('RO', 'Animal products nec')","1.57751772192866e-07","1.46159805303056e-07","1.43194605315201e-07"
"('HR', 'Processing of meat cattle')","1.57370088700714e-07","1.24621028779618e-08","1.57370088700714e-07"
"('NL', 'Landfill of waste: Textiles')","1.56351590162673e-07","1.08208408108792e-07","1.28295929821494e-07"
"('CY', 'Research and development (73)')","1.56144166972818e-07","0","1.56144166972818e-07"
"('KR', 'Recycling of waste and scrap')","1.55783567796229e-07","1.52853542735217e-07","5.81129402540489e-08"
"('SK', 'Mining of copper ores and concentrates')","1.54724098918057e-07","8.65933114903732e-08","1.44090286453841e-07"
"('US', 'Processing vegetable oils and fats')","1.54285327168149e-07","3.5336868449137e-08","1.54238701840883e-07"
"('FI', 'Processing vegetable oils and fats')","1.53751138737982e-07","1.53751138737982e-07","1.49891689828047e-07"
"('LU', 'Meat animals nec')","1.51678072268232e-07","1.14526154621064e-07","1.3969154910451e-07"
"('LV', 'Manufacture of glass and glass products')","1.49301257271298e-07","1.04664896054881e-07","1.49301144665753e-07"
"('WM', 'Production of electricity by biomass and waste')","1.48920836477896e-07","9.88858563383399e-08","6.96448555176007e-08"
"('LT', 'Publishing, printing and reproduction of recorded media (22)')","1.45217192725392e-07","1.20916433266551e-07","1.45217192725392e-07"
"('SI', 'Production of electricity by gas')","1.43870159914081e-07","3.47199499519183e-08","1.43826213531446e-07"
"('DE', 'Wool, silk-worm cocoons')","1.42175156683924e-07","6.84043231379097e-08","1.42175156683924e-07"
"('CA', 'Plastics, basic')","1.38489820234453e-07","4.46626651130626e-08","1.38489709699725e-07"
"('WL', 'Mining of other non-ferrous metal ores and concentrates')","1.38176916939349e-07","8.16623539847302e-08","8.80781015341378e-08"
"('FR', 'Mining of uranium and thorium ores (12)')","1.37331684754122e-07","1.37331684754122e-07","1.37331684754122e-07"
"('CH', 'Processing of nuclear fuel')","1.36465598915349e-07","7.0106657025418e-08","1.29096383432918e-07"
"('JP', 'Manufacture of machinery and equipment n.e.c. (29)')","1.34060840420341e-07","7.51365772337377e-08","1.34060671773136e-07"
"('SK', 'Fishing, operating of fish hatcheries and fish farms; service activities incidental to fishing (05)')","1.31344312348756e-07","9.94782672106559e-08","1.31338079835546e-07"
"('CH', 'Production of electricity by gas')","1.30384754230521e-07","0","1.30384754230521e-07"
"('DK', 'Production of electricity by petroleum and other oil derivatives')","1.29505889628652e-07","2.82036485299447e-08","1.28551722307568e-07"
"('RU', 'Production of electricity by biomass and waste')","1.28489419387593e-07","3.69282309239133e-08","1.03738862589215e-07"
"('FI', 'N-fertiliser')","1.28291347353081e-07","1.25216439561697e-07","9.35897932012777e-08"
"('WM', 'Landfill of waste: Food')","1.28173946626563e-07","6.58924186399856e-08","1.28173946626563e-07"
"('CY', 'Production of electricity by wind')","1.27469385543921e-07","1.27469385543921e-07","1.22650728160392e-07"
"('SI', 'Fishing, operating of fish hatcheries and fish farms; service activities incidental to fishing (05)')","1.26114126569345e-07","7.58966934994347e-08","1.26109662359254e-07"
"('IN', 'Quarrying of stone')","1.2402375529386e-07","7.6888990291298e-08","1.14627817554868e-07"
"('IN', 'Mining of copper ores and concentrates')","1.23776688856811e-07","4.52783150214166e-08","1.23776688856811e-07"
"('ZA', 'Processed rice')","1.23107478133945e-07","3.61905955514943e-08","1.20518067116794e-07"
"('LT', 'Manufacture of glass and glass products')","1.21770688322094e-07","9.31087644678538e-08","1.21770688322094e-07"
"('DE', 'Landfill of waste: Textiles')","1.19476923669985e-07","9.6624628927781e-08","1.19363619523384e-07"
"('HU', 'Manufacture of fish products')","1.19403049804639e-07","4.17174281812148e-08","1.19403006833519e-07"
"('BG', 'Inland water transport')","1.18301198642942e-07","8.13953321714905e-08","1.02606186644361e-07"
"('IT', 'Wool, silk-worm cocoons')","1.17275885645234e-07","1.02037580592957e-07","7.2265804501161e-08"
"('FI', 'Extraction of natural gas and services related to natural gas extraction, excluding surveying')","1.1682987998504e-07","4.19400522295365e-08","1.16820607049978e-07"
"('HR', 'Poultry farming')","1.15689510262686e-07","7.24560937293193e-08","1.15687768140249e-07"
"('SK', 'Production of meat products nec')","1.1472868191878e-07","0","1.1472868191878e-07"
"('ZA', 'Mining of copper ores and concentrates')","1.13446229035075e-07","6.60184397774793e-08","1.10908057709851e-07"
"('GR', 'Cultivation of paddy rice')","1.1296862375155e-07","1.00304370192994e-07","1.12614123191895e-07"
"('WE', 'Cultivation of plant-based fibers')","1.11732610383985e-07","7.14978840388471e-08","1.11500169081708e-07"
"('SE', 'Mining of chemical and fertilizer minerals, production of salt, other mining and quarrying n.e.c.')","1.11372664521609e-07","1.11372664521609e-07","6.41867105033252e-08"
"('PT', 'Cultivation of oil seeds')","1.11348469549469e-07","9.02310641763066e-08","1.10079044258721e-07"
"('ES', 'N-fertiliser')","1.10861593424934e-07","7.45418859385044e-08","1.10855495726191e-07"
"('GR', 'Processed rice')","1.09692671147215e-07","1.09692671147215e-07","1.02443530727382e-07"
"('TR', 'Production of electricity by petroleum and other oil derivatives')","1.09524880633758e-07","7.74617992283154e-08","5.53112691823123e-08"
"('LU', 'Transmission of electricity')","1.09282830304488e-07","0","1.09282830304488e-07"
"('EE', 'Waste water treatment, food')","1.0765716419698e-07","6.57162438303236e-08","1.0765716419698e-07"
"('NL', 'Production of electricity by biomass and waste')","1.06520557088033e-07","1.30542266384195e-08","1.06308823335373e-07"
"('SK', 'Mining of lead, zinc and tin ores and concentrates')","1.06183531975365e-07","7.17572165186223e-08","9.17774495073458e-08"
"('SK', 'Retail sale of automotive fuel')","1.0507407322477e-07","6.86584911603513e-08","9.34974884476877e-08"
"('BE', 'Extraction of crude petroleum and services related to crude oil extraction, excluding surveying')","1.04149377381429e-07","2.77833758489695e-08","1.04149377381429e-07"
"('BE', 'Cultivation of oil seeds')","1.02836326182201e-07","1.02836326182201e-07","1.02829393682284e-07"
"('LV', 'Production of electricity by wind')","1.02805913743807e-07","4.07629821642751e-08","1.02789555959492e-07"
"('IE', 'Processing vegetable oils and fats')","1.01755132678749e-07","8.78585791604724e-08","1.01553778960053e-07"
"('SI', 'Production of electricity by solar photovoltaic')","1.01745273190006e-07","9.43756497026694e-08","1.01715555172214e-07"
"('LU', 'Cultivation of crops nec')","1.01261954778155e-07","0","1.01261954778155e-07"
"('LT', 'Landfill of waste: Wood')","1.00839339555762e-07","8.09493855531661e-08","1.00839339555762e-07"
"('FR', 'Processing vegetable oils and fats')","1.00774373242336e-07","0","1.00774373242336e-07"
"('SE', 'Biogasification of paper, incl. land application')","1.00285023885013e-07","6.37806202644557e-08","1.00285023885013e-07"
"('LU', 'Production of electricity by wind')","1.00183300891631e-07","0","1.00183300891631e-07"
"('GB', 'Cultivation of crops nec')","9.89609765293318e-08","5.02263279489144e-08","9.89446488676888e-08"
"('CY', 'Tanning and dressing of leather; manufacture of luggage, handbags, saddlery, harness and footwear (19)')","9.88494793820743e-08","3.55578287821922e-08","9.88494793820743e-08"
"('BG', 'Precious metals production')","9.83323664932532e-08","5.10842366798202e-08","9.83315527577148e-08"
"('BG', 'Manufacture of furniture; manufacturing n.e.c. (36)')","9.77513215551896e-08","6.32432995566698e-08","9.70666574253633e-08"
"('AT', 'Mining of iron ores')","9.53417462608111e-08","8.40618636119504e-08","8.670053627252e-08"
"('BR', 'Wool, silk-worm cocoons')","9.53106938193698e-08","0","9.53106938193698e-08"
"('IE', 'Manufacture of bricks, tiles and construction products, in baked clay')","9.51424685572977e-08","9.51424685572977e-08","9.51424685572977e-08"
"('PT', 'Recycling of waste and scrap')","9.28481759264172e-08","7.24330643695111e-08","6.39188253911194e-08"
"('GR', 'Precious metals production')","9.20337216667431e-08","5.53776360952697e-08","9.20334638841523e-08"
"('ZA', 'Animal products nec')","9.14625924816603e-08","4.21393131696686e-08","8.76535600225519e-08"
"('IE', 'Sugar refining')","9.12643520174997e-08","7.35063955880223e-08","8.99485435323177e-08"
"('LU', 'Processing vegetable oils and fats')","9.08799850761779e-08","5.05240099424911e-08","9.0738706226915e-08"
"('MX', 'Mining of other non-ferrous metal ores and concentrates')","9.08645181857843e-08","1.87992742333899e-08","9.08645181857843e-08"
"('AU', 'Mining of chemical and fertilizer minerals, production of salt, other mining and quarrying n.e.c.')","9.02640146124217e-08","2.40320273969343e-08","9.02617410956079e-08"
"('CA', 'Sugar refining')","9.01765548575215e-08","2.26912538413508e-08","9.01765548575215e-08"
"('PT', 'Production of electricity by biomass and waste')","8.92729174060809e-08","3.14739545687605e-08","7.73949193124671e-08"
"('LT', 'Meat animals nec')","8.88748288259752e-08","8.88748288259752e-08","8.88748288259752e-08"
"('SK', 'Mining of coal and lignite; extraction of peat (10)')","8.60313927445861e-08","8.60313927445861e-08","8.60305053583239e-08"
"('LU', 'Publishing, printing and reproduction of recorded media (22)')","8.5549902692733e-08","5.9829716084875e-08","8.5549902692733e-08"
"('ID', 'Mining of nickel ores and concentrates')","8.52336868498148e-08","4.60298507341364e-08","8.52336868498148e-08"
"('IN', 'Mining of chemical and fertilizer minerals, production of salt, other mining and quarrying n.e.c.')","8.51906921814165e-08","3.8220742523487e-08","8.44569243202289e-08"
"('CZ', 'Animal products nec')","8.4503377677667e-08","6.28402393770815e-08","7.98712852140328e-08"
"('PT', 'Production of electricity by Geothermal')","8.44869425850292e-08","6.21882623805705e-08","5.28393987487032e-08"
"('CY', 'Cultivation of wheat')","8.38398889979958e-08","6.75239933524029e-08","8.38267541843426e-08"
"('BR', 'Renting of machinery and equipment without operator and of personal and household goods (71)')","8.34148249385387e-08","0","8.34148249385387e-08"
"('BR', 'Landfill of waste: Food')","8.24293669452842e-08","0","8.24293669452842e-08"
"('MX', 'Extraction, liquefaction, and regasification of other petroleum and gaseous materials')","8.13250835645333e-08","6.37704354064326e-08","5.0759999208123e-08"
"('CH', 'Production of electricity by biomass and waste')","8.13217235115651e-08","0","8.13217235115651e-08"
"('RO', 'Cultivation of paddy rice')","8.10133628101188e-08","6.2047807332615e-08","8.0699787164119e-08"
"('AT', 'Processing of nuclear fuel')","8.07137083809689e-08","0","8.07137083809689e-08"
"('WE', 'Wool, silk-worm cocoons')","8.05792373582866e-08","5.07333306647705e-08","8.05792373582866e-08"
"('LT', 'Manufacture of tobacco products (16)')","7.87227760381478e-08","2.35828592487521e-08","7.87227760381478e-08"
"('AT', 'Incineration of waste: Oil/Hazardous waste')","7.8526694202284e-08","5.59892848739811e-08","7.85181275168629e-08"
"('DK', 'Landfill of waste: Wood')","7.84029592630163e-08","6.02007404012844e-08","7.84029592630163e-08"
"('MX', 'Mining of copper ores and concentrates')","7.82178995871486e-08","2.45641860513411e-08","7.82178995871486e-08"
"('TR', 'Wool, silk-worm cocoons')","7.81272180523605e-08","4.1112920243049e-08","7.81272180523605e-08"
"('RO', 'Wool, silk-worm cocoons')","7.76476001952189e-08","1.20514167988693e-08","7.76476001952189e-08"
"('EE', 'Biogasification of sewage slugde, incl. land application')","7.76305769318349e-08","4.53625391755136e-08","7.76305769318349e-08"
"('SI', 'Meat animals nec')","7.73316602665348e-08","7.73316602665348e-08","7.2564725737465e-08"
"('LT', 'Manufacture of other transport equipment (35)')","7.73087094900007e-08","5.48104613659142e-08","7.72805874893814e-08"
"('LU', 'Extraction of natural gas and services related to natural gas extraction, excluding surveying')","7.68181024316035e-08","2.74975261259623e-08","7.64964169709078e-08"
"('LU', 'Manufacture of wearing apparel; dressing and dyeing of fur (18)')","7.67831121372296e-08","4.06344369981693e-08","7.67831121372296e-08"
"('MT', 'Petroleum Refinery')","7.65697585279922e-08","5.01790906349848e-08","7.65697211670948e-08"
"('CA', 'Mining of nickel ores and concentrates')","7.64770304408287e-08","2.59893916374565e-08","7.64770304408287e-08"
"('SI', 'Petroleum Refinery')","7.57543384988484e-08","2.72036233817135e-08","7.57543176365063e-08"
"('IN', 'Quarrying of sand and clay')","7.40394964104924e-08","2.32152117427041e-08","6.90135231852276e-08"
"('BR', 'Waste water treatment, other')","7.39452090457125e-08","0","7.39452090457125e-08"
"('HR', 'Manufacture of glass and glass products')","7.34128800284184e-08","7.34128800284184e-08","7.34128800284184e-08"
"('BR', 'Landfill of waste: Inert/metal/hazardous')","7.29203717552693e-08","0","7.29203717552693e-08"
"('CN', 'Renting of machinery and equipment without operator and of personal and household goods (71)')","7.25461259293592e-08","5.68697518853304e-08","7.25408927090237e-08"
"('DK', 'Landfill of waste: Textiles')","7.21959516178669e-08","5.6951877991168e-08","6.81928890886993e-08"
"('LT', 'Manufacture of other non-metallic mineral products n.e.c.')","7.11093872438341e-08","4.00814372510187e-08","7.11093872438341e-08"
"('SK', 'Manufacture of tobacco products (16)')","7.02579618627377e-08","2.43795891128057e-08","7.02579618627377e-08"
"('SE', 'Production of electricity by petroleum and other oil derivatives')","6.73316103456159e-08","3.49479271238662e-08","4.72111876232328e-08"
"('NL', 'Retail sale of automotive fuel')","6.72795071277668e-08","3.41033220045403e-08","5.2828086092704e-08"
"('LT', 'Manufacture of furniture; manufacturing n.e.c. (36)')","6.65033721557322e-08","2.99148462727509e-08","6.55331473913609e-08"
"('AT', 'Financial intermediation, except insurance and pension funding (65)')","6.63214566521273e-08","1.6591297660239e-08","6.63205241644891e-08"
"('CA', 'Processing of nuclear fuel')","6.60092169203467e-08","5.89289809341549e-08","6.59982300981778e-08"
"('MT', 'Production of electricity by solar photovoltaic')","6.56773221775651e-08","4.37468962167987e-08","6.56773221775651e-08"
"('CY', 'Forestry, logging and related service activities (02)')","6.55867480646378e-08","2.47967158556447e-08","6.55867480646378e-08"
"('DK', 'Cultivation of crops nec')","6.46250426537524e-08","1.88240272161896e-08","6.37873568202479e-08"
"('SE', 'Meat animals nec')","6.34561352922969e-08","6.34561352922969e-08","5.81615200738702e-08"
"('LT', 'Production of electricity by petroleum and other oil derivatives')","6.25272217813589e-08","0","6.25272217813589e-08"
"('EE', 'Manufacture of bricks, tiles and construction products, in baked clay')","6.20009845475393e-08","6.20009845475393e-08","6.20009845475393e-08"
"('LT', 'Inland water transport')","6.19560185712349e-08","2.96910287733393e-08","6.17932889189746e-08"
"('AU', 'Landfill of waste: Paper')","6.19243745065434e-08","3.67622003970553e-08","6.19243745065434e-08"
"('HR', 'Cultivation of crops nec')","6.1201913690109e-08","4.46829018643316e-08","6.1201913690109e-08"
"('LT', 'N-fertiliser')","6.0979485686874e-08","4.93428350428254e-08","5.94913353063635e-08"
"('CY', 'Manufacture of gas; distribution of gaseous fuels through mains')","6.09544172641521e-08","2.31820524196556e-08","6.09438822590109e-08"
"('HR', 'Production of electricity by Geothermal')","6.08402552094425e-08","6.08402552094425e-08","5.08454034436006e-08"
"('IE', 'N-fertiliser')","6.0599273279321e-08","5.2138666950461e-08","3.9270513237315e-08"
"('GR', 'Steam and hot water supply')","5.92530764847802e-08","0","5.92530764847802e-08"
"('GB', 'Wool, silk-worm cocoons')","5.91706363052543e-08","4.47740781313805e-08","5.91706363052543e-08"
"('AT', 'Incineration of waste: Paper')","5.85645570236746e-08","3.80839880156928e-08","5.74575435139224e-08"
"('CZ', 'Production of electricity by petroleum and other oil derivatives')","5.8526467471581e-08","2.78960159340064e-08","5.26914213427002e-08"
"('LU', 'Poultry farming')","5.79623708365193e-08","1.96931353290896e-08","5.79623708365193e-08"
"('WL', 'Mining of lead, zinc and tin ores and concentrates')","5.77364747547966e-08","1.41512535559572e-08","5.77364747547966e-08"
"('SE', 'Landfill of waste: Wood')","5.74676707933853e-08","1.31532430150883e-08","5.74676707933853e-08"
"('MT', 'Poultry farming')","5.68260962814741e-08","5.68260962814741e-08","5.68260962814741e-08"
"('TW', 'Cultivation of plant-based fibers')","5.68061534871036e-08","2.12672544033084e-08","5.68061534871036e-08"
"('PL', 'Quarrying of sand and clay')","5.54657185953165e-08","2.96423593545284e-08","5.54657185953165e-08"
"('SE', 'Mining of coal and lignite; extraction of peat (10)')","5.53332791259202e-08","0","5.53332791259202e-08"
"('LT', 'Casting of metals')","5.52723774998758e-08","3.2758853739701e-08","5.52723774998758e-08"
"('AT', 'Incineration of waste: Food')","5.51015271022997e-08","4.01216564986183e-08","5.39026851607003e-08"
"('BR', 'Mining of chemical and fertilizer minerals, production of salt, other mining and quarrying n.e.c.')","5.43766859252827e-08","0","5.43766859252827e-08"
"('IE', 'Mining of coal and lignite; extraction of peat (10)')","5.43277470712279e-08","5.43277470712279e-08","5.43274863191233e-08"
"('BG', 'Wool, silk-worm cocoons')","5.41258136150525e-08","5.41258136150525e-08","5.41173083124417e-08"
"('US', 'Quarrying of stone')","5.2806060842767e-08","0","5.2806060842767e-08"
"('NL', 'Wool, silk-worm cocoons')","5.21867215832546e-08","4.71700246657838e-08","5.21867215832546e-08"
"('FR', 'Manufacture of electrical machinery and apparatus n.e.c. (31)')","5.15420654790862e-08","0","5.15420654790862e-08"
"('LU', 'Fishing, operating of fish hatcheries and fish farms; service activities incidental to fishing (05)')","5.14621526399523e-08","5.14621526399523e-08","5.14610400214786e-08"
"('LU', 'Manufacture of glass and glass products')","5.13615695972741e-08","5.13615695972741e-08","5.13615695972741e-08"
"('ES', 'Mining of uranium and thorium ores (12)')","5.10002431166131e-08","3.22917321475e-08","4.3089813950286e-08"
"('NO', 'Mining of nickel ores and concentrates')","5.09873032245644e-08","0","5.09873032245644e-08"
"('HU', 'Wool, silk-worm cocoons')","5.08046902897737e-08","4.40020713796121e-08","5.08046902897737e-08"
"('LT', 'Manufacture of fish products')","4.91521455213304e-08","1.53280782386751e-08","4.91521455213304e-08"
"('GR', 'Animal products nec')","4.90277174218979e-08","3.65438892680429e-08","4.77143880256279e-08"
"('ID', 'Quarrying of sand and clay')","4.8919751468361e-08","2.68003047906072e-08","4.84595231646499e-08"
"('BE', 'Processing of nuclear fuel')","4.8865480323097e-08","1.73546556748474e-08","4.74175230143959e-08"
"('SK', 'Extraction of crude petroleum and services related to crude oil extraction, excluding surveying')","4.88606497088444e-08","4.88606497088444e-08","4.88604892554608e-08"
"('HR', 'Manufacture of coke oven products')","4.80679873488346e-08","1.21477672507441e-08","4.80653268779009e-08"
"('FI', 'Production of meat products nec')","4.80224407782768e-08","1.62489743915511e-08","4.80224407782768e-08"
"('SE', 'Extraction of natural gas and services related to natural gas extraction, excluding surveying')","4.7430528299347e-08","0","4.7430528299347e-08"
"('BR', 'Composting of food waste, incl. land application')","4.73268586581223e-08","0","4.73268586581223e-08"
"('BR', 'Waste water treatment, food')","4.70733578379205e-08","0","4.70733578379205e-08"
"('EE', 'Production of electricity by biomass and waste')","4.63266535109633e-08","2.6156224207852e-08","4.63266535109633e-08"
"('SK', 'Mining of iron ores')","4.49814225956894e-08","4.49814225956894e-08","4.16491133290757e-08"
"('BE', 'Animal products nec')","4.48728715811863e-08","4.48728715811863e-08","3.11498291703613e-08"
"('KR', 'Mining of copper ores and concentrates')","4.45699166299284e-08","3.26246237072461e-08","4.45699166299284e-08"
"('SI', 'Cultivation of crops nec')","4.44512366337012e-08","4.44512366337012e-08","4.37663796896684e-08"
"('CY', 'Production of electricity by biomass and waste')","4.41810787924777e-08","0","4.41810787924777e-08"
"('WM', 'Landfill of waste: Paper')","4.40221986937179e-08","2.26313853792948e-08","4.40221986937179e-08"
"('PL', 'Composting of paper and wood, incl. land application')","4.36932942913227e-08","0","4.36932942913227e-08"
"('LU', 'Production of electricity by solar photovoltaic')","4.32973928166355e-08","0","4.32973928166355e-08"
"('LV', 'Manufacture of furniture; manufacturing n.e.c. (36)')","4.32527181773183e-08","0","4.32527181773183e-08"
"('PL', 'Biogasification of paper, incl. land application')","4.31156232706868e-08","4.31156232706868e-08","4.31156232706868e-08"
"('DK', 'N-fertiliser')","4.31032997714047e-08","0","4.31032997714047e-08"
"('WL', 'Mining of nickel ores and concentrates')","4.28955178220179e-08","2.3134248770527e-08","3.44511200239053e-08"
"('CA', 'Mining of iron ores')","4.28825784692552e-08","1.55556551686629e-08","4.28825784692552e-08"
"('CY', 'Cultivation of oil seeds')","4.24047296975203e-08","3.0857736242423e-08","4.23732085154294e-08"
"('BR', 'Landfill of waste: Paper')","4.18293774743834e-08","0","4.18293774743834e-08"
"('CY', 'Manufacture of other non-metallic mineral products n.e.c.')","4.13246638949351e-08","1.44578933850729e-08","4.13246638949351e-08"
"('BR', 'Mining of copper ores and concentrates')","4.08357869261589e-08","0","4.08357869261589e-08"
"('GR', 'Extraction of natural gas and services related to natural gas extraction, excluding surveying')","4.07362402993188e-08","4.07362402993188e-08","4.07305802536444e-08"
"('BE', 'Production of electricity by hydro')","3.96178803625708e-08","3.19198006859105e-08","3.66270100301504e-08"
"('GR', 'N-fertiliser')","3.92273679440502e-08","1.76810457533054e-08","3.86357662791835e-08"
"('SE', 'Landfill of waste: Textiles')","3.8964414475441e-08","0","3.8964414475441e-08"
"('FR', 'Wool, silk-worm cocoons')","3.8393725861774e-08","3.00008713865176e-08","3.8393725861774e-08"
"('PL', 'Quarrying of stone')","3.82449294975428e-08","2.46533752867965e-08","3.82449294975428e-08"
"('WE', 'Animal products nec')","3.80106123491396e-08","1.53966350548039e-08","3.80106123491396e-08"
"('CZ', 'Inland water transport')","3.77737592297357e-08","0","3.77737592297357e-08"
"('KR', 'Production of electricity by tide, wave, ocean')","3.76408872142896e-08","0","3.76408872142896e-08"
"('IE', 'Retail sale of automotive fuel')","3.76054763883238e-08","1.6656912976937e-08","3.76054763883238e-08"
"('MX', 'Wool, silk-worm cocoons')","3.74304027760605e-08","1.54436907398927e-08","3.74304027760605e-08"
"('WM', 'Landfill of waste: Inert/metal/hazardous')","3.69704107674769e-08","1.90061854818954e-08","3.69704107674769e-08"
"('US', 'Collection, purification and distribution of water (41)')","3.69270081432134e-08","0","3.69270081432134e-08"
"('BE', 'Cultivation of plant-based fibers')","3.68208577744822e-08","0","3.68208577744822e-08"
"('IT', 'Mining of precious metal ores and concentrates')","3.65530465338929e-08","0","3.65530465338929e-08"
"('SE', 'Animal products nec')","3.64131414742739e-08","3.64131414742739e-08","3.21509218354477e-08"
"('CN', 'Production of electricity by biomass and waste')","3.63815042018334e-08","1.28217219157374e-08","3.63815042018334e-08"
"('FI', 'Production of electricity by petroleum and other oil derivatives')","3.62516689586225e-08","0","3.62516689586225e-08"
"('CY', 'Cultivation of crops nec')","3.60247476150733e-08","0","3.60247476150733e-08"
"('HU', 'Mining of other non-ferrous metal ores and concentrates')","3.59914173200048e-08","3.59914173200048e-08","3.59914173200048e-08"
"('HR', 'N-fertiliser')","3.56261801358765e-08","3.56261801358765e-08","3.2120576359886e-08"
"('CA', 'Mining of other non-ferrous metal ores and concentrates')","3.56174987180166e-08","1.22481860768297e-08","3.56174987180166e-08"
"('EE', 'Casting of metals')","3.5303576230887e-08","2.39130172242668e-08","3.5303576230887e-08"
"('HR', 'Pigs farming')","3.49610683349318e-08","1.52904355158151e-08","3.49610220552371e-08"
"('LT', 'Landfill of waste: Textiles')","3.43658474079264e-08","1.83900407941444e-08","3.43658474079264e-08"
"('PL', 'Incineration of waste: Textiles')","3.26101596270948e-08","3.26101596270948e-08","1.59396578647191e-08"
"('SI', 'Processed rice')","3.25373520697892e-08","3.25373520697892e-08","3.25373520697892e-08"
"('LU', 'Steam and hot water supply')","3.21370353014715e-08","0","3.21370353014715e-08"
"('RU', 'Mining of nickel ores and concentrates')","3.19415617265755e-08","1.61028209761595e-08","3.19415617265755e-08"
"('AU', 'Re-processing of secondary paper into new pulp')","3.13356380842705e-08","3.13356380842705e-08","2.94841369361905e-08"
"('IT', 'Mining of lead, zinc and tin ores and concentrates')","3.06903181980566e-08","0","3.06903181980566e-08"
"('LV', 'Manufacture of ceramic goods')","3.06752547884259e-08","3.06752547884259e-08","3.06752547884259e-08"
"('LT', 'Biogasification of sewage slugde, incl. land application')","3.05215913735045e-08","3.05215913735045e-08","3.05215913735045e-08"
"('MX', 'Mining of iron ores')","2.98091912267075e-08","0","2.98091912267075e-08"
"('HU', 'Cultivation of paddy rice')","2.9487086215777e-08","2.9487086215777e-08","2.89626008899132e-08"
"('CN', 'Landfill of waste: Paper')","2.93585115515925e-08","0","2.93585115515925e-08"
"('ID', 'Cultivation of plant-based fibers')","2.88100576287375e-08","2.88100576287375e-08","2.88100576287375e-08"
"('SI', 'Extraction of crude petroleum and services related to crude oil extraction, excluding surveying')","2.85000387343871e-08","0","2.85000387343871e-08"
"('AT', 'Mining of coal and lignite; extraction of peat (10)')","2.82736419926537e-08","0","2.82736419926537e-08"
"('SK', 'Meat animals nec')","2.81577099888621e-08","2.81577099888621e-08","2.81577099888621e-08"
"('EE', 'Landfill of waste: Wood')","2.78638750060671e-08","1.56351411598429e-08","2.78638750060671e-08"
"('JP', 'Wool, silk-worm cocoons')","2.78265682875498e-08","2.78265682875498e-08","2.78265682875498e-08"
"('HR', 'Processed rice')","2.77717057044367e-08","2.77717057044367e-08","2.77717057044367e-08"
"('FR', 'Production of electricity by Geothermal')","2.74218638094946e-08","0","2.74218638094946e-08"
"('DK', 'Landfill of waste: Plastic')","2.73980828030757e-08","2.73980828030757e-08","2.73980828030757e-08"
"('CN', 'Waste water treatment, other')","2.71761912719694e-08","0","2.71761912719694e-08"
"('MX', 'Production of electricity by biomass and waste')","2.66495690653564e-08","0","2.66495690653564e-08"
"('WM', 'Quarrying of sand and clay')","2.66211573088688e-08","0","2.66211573088688e-08"
"('HR', 'Meat animals nec')","2.62161911507325e-08","0","2.62161911507325e-08"
"('PL', 'Other non-ferrous metal production')","2.61241206381343e-08","0","2.61241206381343e-08"
"('BR', 'Manufacture of machinery and equipment n.e.c. (29)')","2.60860334736956e-08","0","2.60860334736956e-08"
"('LU', 'Production of electricity by hydro')","2.57321872758489e-08","0","2.57321872758489e-08"
"('CZ', 'Mining of iron ores')","2.52776048442942e-08","2.52776048442942e-08","2.52776048442942e-08"
"('HR', 'Cultivation of plant-based fibers')","2.50870854970038e-08","1.23736627388673e-08","2.50870854970038e-08"
"('EE', 'Poultry farming')","2.47756126736432e-08","0","2.47756126736432e-08"
"('BE', 'Production of electricity by petroleum and other oil derivatives')","2.45639831025115e-08","1.42011011988777e-08","2.45639831025115e-08"
"('LU', 'Wool, silk-worm cocoons')","2.3837607549381e-08","0","2.3837607549381e-08"
"('WM', 'Production of electricity by solar thermal')","2.33126213680029e-08","2.33126213680029e-08","2.33126213680029e-08"
"('EE', 'Landfill of waste: Textiles')","2.25057770639834e-08","1.29645575363266e-08","2.25057770639834e-08"
"('LT', 'Transmission of electricity')","2.1617122082443e-08","1.37347722613574e-08","2.12989541077596e-08"
"('LU', 'Production of electricity by gas')","2.15851586122211e-08","0","2.15851586122211e-08"
"('LU', 'Animal products nec')","2.15659112937762e-08","0","2.15659112937762e-08"
"('LT', 'Transport via pipelines')","2.13230952751975e-08","2.13230952751975e-08","2.13142970057842e-08"
"('LU', 'Production of meat products nec')","2.11393008215846e-08","2.11393008215846e-08","2.11052556121686e-08"
"('EE', 'Processing vegetable oils and fats')","2.09711501244432e-08","1.46222333364692e-08","2.0942422989323e-08"
"('EE', 'Manufacture of ceramic goods')","2.09681064343211e-08","2.09681064343211e-08","2.09681064343211e-08"
"('CN', 'Landfill of waste: Plastic')","2.09229016137943e-08","0","2.09229016137943e-08"
"('HR', 'Production of electricity by solar photovoltaic')","2.08518590859465e-08","2.08518590859465e-08","2.04415852230795e-08"
"('US', 'Mining of lead, zinc and tin ores and concentrates')","2.0376578437669e-08","0","2.0376578437669e-08"
"('CN', 'Landfill of waste: Inert/metal/hazardous')","2.01239625048641e-08","0","2.01239625048641e-08"
"('RU', 'Production of electricity by Geothermal')","2.00498439684985e-08","0","2.00498439684985e-08"
"('MT', 'Meat animals nec')","1.99945657800694e-08","1.99945657800694e-08","1.99945657800694e-08"
"('HU', 'N-fertiliser')","1.97933845009685e-08","1.97933845009685e-08","1.97927495518171e-08"
"('HR', 'Cattle farming')","1.9695161448974e-08","0","1.9695161448974e-08"
"('WM', 'Renting of machinery and equipment without operator and of personal and household goods (71)')","1.95602977803415e-08","0","1.95602977803415e-08"
"('PT', 'Wool, silk-worm cocoons')","1.95370598108902e-08","1.95370598108902e-08","1.95368376912608e-08"
"('AU', 'Quarrying of stone')","1.92858265486151e-08","0","1.92858265486151e-08"
"('RO', 'Sugar refining')","1.87398006313005e-08","0","1.87398006313005e-08"
"('ID', 'N-fertiliser')","1.85430367805386e-08","0","1.85430367805386e-08"
"('SI', 'Precious metals production')","1.8486250702951e-08","1.8486250702951e-08","1.84861149837021e-08"
"('GR', 'Production of electricity by biomass and waste')","1.82715810286102e-08","0","1.82715810286102e-08"
"('MT', 'Other service activities (93)')","1.81540360373099e-08","0","1.81540360373099e-08"
"('LT', 'Production of electricity by hydro')","1.80786641469564e-08","1.46776444545094e-08","1.80484249018492e-08"
"('CY', 'Petroleum Refinery')","1.80252549399146e-08","1.80252549399146e-08","1.80252439698295e-08"
"('LV', 'Tanning and dressing of leather; manufacture of luggage, handbags, saddlery, harness and footwear (19)')","1.79745591275857e-08","0","1.79745591275857e-08"
"('HU', 'Production of electricity nec')","1.77639724758969e-08","0","1.77639724758969e-08"
"('PL', 'Mining of lead, zinc and tin ores and concentrates')","1.77142596139695e-08","0","1.77142596139695e-08"
"('PT', 'Animal products nec')","1.76447101049641e-08","1.76447101049641e-08","1.6017457361131e-08"
"('BR', 'Quarrying of stone')","1.76098174653312e-08","0","1.76098174653312e-08"
"('SI', 'Production of electricity by biomass and waste')","1.75086103389747e-08","0","1.75086103389747e-08"
"('CY', 'Lead, zinc and tin production')","1.74813705912336e-08","0","1.74813705912336e-08"
"('WF', 'Production of electricity by biomass and waste')","1.70218399137069e-08","0","1.70218399137069e-08"
"('CH', 'Incineration of waste: Food')","1.65909063445627e-08","0","1.65909063445627e-08"
"('ID', 'Mining of other non-ferrous metal ores and concentrates')","1.63773528277542e-08","0","1.63773528277542e-08"
"('EE', 'Manufacture of coke oven products')","1.56462676827194e-08","0","1.56462676827194e-08"
"('IN', 'Mining of lead, zinc and tin ores and concentrates')","1.55540103092395e-08","0","1.55540103092395e-08"
"('DK', 'Production of meat products nec')","1.53785501350262e-08","1.53785501350262e-08","1.51516174477731e-08"
"('CH', 'Incineration of waste: Paper')","1.52991654713593e-08","0","1.52991654713593e-08"
"('SI', 'Processing vegetable oils and fats')","1.51562901821514e-08","1.51562901821514e-08","1.51562901821514e-08"
"('MT', 'Transport via railways')","1.50188526406925e-08","1.50188526406925e-08","1.50188057963877e-08"
"('CA', 'Wool, silk-worm cocoons')","1.50161808001316e-08","1.50161808001316e-08","1.33234005586009e-08"
"('GR', 'Wool, silk-worm cocoons')","1.49835215203888e-08","1.49835215203888e-08","1.49835215203888e-08"
"('NO', 'Production of electricity by coal')","1.47256659450161e-08","0","1.47256659450161e-08"
"('SI', 'Production of meat products nec')","1.45813133261305e-08","1.45813133261305e-08","1.45813133261305e-08"
"('BR', 'Quarrying of sand and clay')","1.45143292727278e-08","0","1.45143292727278e-08"
"('AT', 'Waste water treatment, other')","1.41845029884182e-08","0","1.41845029884182e-08"
"('DK', 'Wool, silk-worm cocoons')","1.40607516199307e-08","1.40607516199307e-08","1.40607516199307e-08"
"('AU', 'Waste water treatment, other')","1.36504395379266e-08","0","1.36504395379266e-08"
"('MT', 'Publishing, printing and reproduction of recorded media (22)')","1.31448371549712e-08","1.31448371549712e-08","1.31448371549712e-08"
"('SK', 'Animal products nec')","1.30432734978079e-08","1.30432734978079e-08","1.30432734978079e-08"
"('BG', 'Processed rice')","1.28563429675798e-08","1.28563429675798e-08","1.28563429675798e-08"
"('BR', 'Landfill of waste: Wood')","1.27479870714139e-08","0","1.27479870714139e-08"
"('BG', 'Mining of other non-ferrous metal ores and concentrates')","1.26923539191859e-08","1.26923539191859e-08","1.26923539191859e-08"
"('EE', 'Incineration of waste: Wood')","1.26503051972666e-08","1.26503051972666e-08","1.26503051972666e-08"
"('SE', 'P- and other fertiliser')","1.26037695192736e-08","0","1.26037695192736e-08"
"('CY', 'Animal products nec')","1.25118159731534e-08","0","1.25118159731534e-08"
"('MT', 'Activities of membership organisation n.e.c. (91)')","1.238886299263e-08","0","1.238886299263e-08"
"('NO', 'Quarrying of sand and clay')","1.22339720149135e-08","1.22339720149135e-08","1.22339720149135e-08"
"('CY', 'Manufacture of ceramic goods')","1.22243665717166e-08","1.22243665717166e-08","1.22243665717166e-08"
"('KR', 'Waste water treatment, other')","1.10831226970604e-08","0","1.10831226970604e-08"
"('HU', 'Processed rice')","1.09967845467665e-08","0","1.09967845467665e-08"
"('ID', 'Production of electricity by solar photovoltaic')","1.08200829500078e-08","0","1.08200829500078e-08"
"('FI', 'Quarrying of stone')","1.07453783432127e-08","0","1.07453783432127e-08"
"('EE', 'N-fertiliser')","1.05621181592918e-08","0","1.05621181592918e-08"
"('CH', 'Production of electricity by wind')","1.00658070706318e-08","0","1.00658070706318e-08"
"('WM', 'Landfill of waste: Plastic')","9.99625097168696e-09","0","9.99625097168696e-09"
"('LT', 'Production of electricity by biomass and waste')","9.93575059010489e-09","0","9.93575059010489e-09"
"('SK', 'Cultivation of crops nec')","9.2824400198843e-09","0","9.2824400198843e-09"
"('IE', 'Mining of chemical and fertilizer minerals, production of salt, other mining and quarrying n.e.c.')","8.51361323583641e-09","0","8.51361323583641e-09"
"('HR', 'Lead, zinc and tin production')","8.27513704218911e-09","0","8.27513704218911e-09"
"('SI', 'Extraction of natural gas and services related to natural gas extraction, excluding surveying')","7.9340036083168e-09","0","7.9340036083168e-09"
"('ES', 'Manufacture of electrical machinery and apparatus n.e.c. (31)')","7.6008807624532e-09","0","7.6008807624532e-09"
"('LV', 'Other non-ferrous metal production')","7.06011304336583e-09","0","7.06011304336583e-09"
"('LU', 'Production of electricity by biomass and waste')","6.98602376691937e-09","0","6.98602376691937e-09"
"('HU', 'Production of electricity by petroleum and other oil derivatives')","6.43059431942917e-09","0","6.43059431942917e-09"
"('HU', 'Other non-ferrous metal production')","6.41107741708085e-09","0","6.41107741708085e-09"
"('GB', 'Manufacture of electrical machinery and apparatus n.e.c. (31)')","6.10699100610767e-09","0","6.10699100610767e-09"
"('RO', 'Production of electricity by biomass and waste')","5.91310235237294e-09","0","5.91310235237294e-09"
"('FI', 'Production of electricity by solar photovoltaic')","3.85763437528286e-09","0","3.85763437528286e-09"
"('LT', 'Production of meat products nec')","3.249459435882e-09","0","3.249459435882e-09"
"('AT', 'Cultivation of paddy rice')","0","0","0"
"('AT', 'Cultivation of plant-based fibers')","0","0","0"
"('AT', 'Cultivation of crops nec')","0","0","0"
"('AT', 'Wool, silk-worm cocoons')","0","0","0"
"('AT', 'Manure treatment (conventional), storage and land application')","0","0","0"
"('AT', 'Manure treatment (biogas), storage and land application')","0","0","0"
"('AT', 'Extraction, liquefaction, and regasification of other petroleum and gaseous materials')","0","0","0"
"('AT', 'Mining of uranium and thorium ores (12)')","0","0","0"
"('AT', 'Mining of copper ores and concentrates')","0","0","0"
"('AT', 'Mining of nickel ores and concentrates')","0","0","0"
"('AT', 'Mining of aluminium ores and concentrates')","0","0","0"
"('AT', 'Mining of precious metal ores and concentrates')","0","0","0"
"('AT', 'Mining of lead, zinc and tin ores and concentrates')","0","0","0"
"('AT', 'Processed rice')","0","0","0"
"('AT', 'Re-processing of secondary wood material into new wood material')","0","0","0"
"('AT', 'Re-processing of secondary paper into new pulp')","0","0","0"
"('AT', 'Re-processing of secondary plastic into new plastic')","0","0","0"
"('AT', 'Re-processing of secondary glass into new glass')","0","0","0"
"('AT', 'Re-processing of ash into clinker')","0","0","0"
"('AT', 'Re-processing of secondary preciuos metals into new preciuos metals')","0","0","0"
"('AT', 'Re-processing of secondary aluminium into new aluminium')","0","0","0"
"('AT', 'Re-processing of secondary lead into new lead, zinc and tin')","0","0","0"
"('AT', 'Re-processing of secondary copper into new copper')","0","0","0"
"('AT', 'Re-processing of secondary other non-ferrous metals into new other non-ferrous metals')","0","0","0"
"('AT', 'Manufacture of electrical machinery and apparatus n.e.c. (31)')","0","0","0"
"('AT', 'Manufacture of radio, television and communication equipment and apparatus (32)')","0","0","0"
"('AT', 'Manufacture of medical, precision and optical instruments, watches and clocks (33)')","0","0","0"
"('AT', 'Recycling of bottles by direct reuse')","0","0","0"
"('AT', 'Production of electricity by nuclear')","0","0","0"
"('AT', 'Production of electricity by solar thermal')","0","0","0"
"('AT', 'Production of electricity by tide, wave, ocean')","0","0","0"
"('AT', 'Production of electricity by Geothermal')","0","0","0"
"('AT', 'Production of electricity nec')","0","0","0"
"('AT', 'Re-processing of secondary construction material into aggregates')","0","0","0"
"('AT', 'Incineration of waste: Textiles')","0","0","0"
"('AT', 'Incineration of waste: Wood')","0","0","0"
"('AT', 'Biogasification of food waste, incl. land application')","0","0","0"
"('AT', 'Biogasification of paper, incl. land application')","0","0","0"
"('AT', 'Biogasification of sewage slugde, incl. land application')","0","0","0"
"('AT', 'Composting of paper and wood, incl. land application')","0","0","0"
"('AT', 'Waste water treatment, food')","0","0","0"
"('AT', 'Landfill of waste: Food')","0","0","0"
"('AT', 'Landfill of waste: Paper')","0","0","0"
"('AT', 'Landfill of waste: Plastic')","0","0","0"
"('AT', 'Landfill of waste: Inert/metal/hazardous')","0","0","0"
"('AT', 'Landfill of waste: Textiles')","0","0","0"
"('AT', 'Landfill of waste: Wood')","0","0","0"
"('AT', 'Extra-territorial organizations and bodies')","0","0","0"
"('BE', 'Cultivation of paddy rice')","0","0","0"
"('BE', 'Wool, silk-worm cocoons')","0","0","0"
"('BE', 'Manure treatment (conventional), storage and land application')","0","0","0"
"('BE', 'Manure treatment (biogas), storage and land application')","0","0","0"
"('BE', 'Mining of uranium and thorium ores (12)')","0","0","0"
"('BE', 'Mining of iron ores')","0","0","0"
"('BE', 'Mining of copper ores and concentrates')","0","0","0"
"('BE', 'Mining of nickel ores and concentrates')","0","0","0"
"('BE', 'Mining of aluminium ores and concentrates')","0","0","0"
"('BE', 'Mining of precious metal ores and concentrates')","0","0","0"
"('BE', 'Mining of lead, zinc and tin ores and concentrates')","0","0","0"
"('BE', 'Re-processing of secondary wood material into new wood material')","0","0","0"
"('BE', 'Re-processing of secondary paper into new pulp')","0","0","0"
"('BE', 'Re-processing of secondary plastic into new plastic')","0","0","0"
"('BE', 'Re-processing of secondary glass into new glass')","0","0","0"
"('BE', 'Re-processing of ash into clinker')","0","0","0"
"('BE', 'Re-processing of secondary preciuos metals into new preciuos metals')","0","0","0"
"('BE', 'Re-processing of secondary aluminium into new aluminium')","0","0","0"
"('BE', 'Re-processing of secondary lead into new lead, zinc and tin')","0","0","0"
"('BE', 'Re-processing of secondary copper into new copper')","0","0","0"
"('BE', 'Re-processing of secondary other non-ferrous metals into new other non-ferrous metals')","0","0","0"
"('BE', 'Manufacture of electrical machinery and apparatus n.e.c. (31)')","0","0","0"
"('BE', 'Manufacture of radio, television and communication equipment and apparatus (32)')","0","0","0"
"('BE', 'Manufacture of medical, precision and optical instruments, watches and clocks (33)')","0","0","0"
"('BE', 'Recycling of waste and scrap')","0","0","0"
"('BE', 'Recycling of bottles by direct reuse')","0","0","0"
"('BE', 'Production of electricity by coal')","0","0","0"
"('BE', 'Production of electricity by solar thermal')","0","0","0"
"('BE', 'Production of electricity by tide, wave, ocean')","0","0","0"
"('BE', 'Production of electricity by Geothermal')","0","0","0"
"('BE', 'Production of electricity nec')","0","0","0"
"('BE', 'Re-processing of secondary construction material into aggregates')","0","0","0"
"('BE', 'Composting of paper and wood, incl. land application')","0","0","0"
"('BE', 'Extra-territorial organizations and bodies')","0","0","0"
"('BG', 'Cultivation of sugar cane, sugar beet')","0","0","0"
"('BG', 'Cultivation of plant-based fibers')","0","0","0"
"('BG', 'Manure treatment (conventional), storage and land application')","0","0","0"
"('BG', 'Manure treatment (biogas), storage and land application')","0","0","0"
"('BG', 'Mining of uranium and thorium ores (12)')","0","0","0"
"('BG', 'Mining of iron ores')","0","0","0"
"('BG', 'Mining of nickel ores and concentrates')","0","0","0"
"('BG', 'Mining of aluminium ores and concentrates')","0","0","0"
"('BG', 'Sugar refining')","0","0","0"
"('BG', 'Re-processing of secondary wood material into new wood material')","0","0","0"
"('BG', 'Re-processing of secondary paper into new pulp')","0","0","0"
"('BG', 'Manufacture of coke oven products')","0","0","0"
"('BG', 'Processing of nuclear fuel')","0","0","0"
"('BG', 'Re-processing of secondary plastic into new plastic')","0","0","0"
"('BG', 'N-fertiliser')","0","0","0"
"('BG', 'Re-processing of secondary glass into new glass')","0","0","0"
"('BG', 'Re-processing of ash into clinker')","0","0","0"
"('BG', 'Manufacture of basic iron and steel and of ferro-alloys and first products thereof')","0","0","0"
"('BG', 'Re-processing of secondary preciuos metals into new preciuos metals')","0","0","0"
"('BG', 'Re-processing of secondary aluminium into new aluminium')","0","0","0"
"('BG', 'Re-processing of secondary lead into new lead, zinc and tin')","0","0","0"
"('BG', 'Re-processing of secondary copper into new copper')","0","0","0"
"('BG', 'Re-processing of secondary other non-ferrous metals into new other non-ferrous metals')","0","0","0"
"('BG', 'Manufacture of machinery and equipment n.e.c. (29)')","0","0","0"
"('BG', 'Manufacture of electrical machinery and apparatus n.e.c. (31)')","0","0","0"
"('BG', 'Manufacture of radio, television and communication equipment and apparatus (32)')","0","0","0"
"('BG', 'Manufacture of medical, precision and optical instruments, watches and clocks (33)')","0","0","0"
"('BG', 'Recycling of waste and scrap')","0","0","0"
"('BG', 'Recycling of bottles by direct reuse')","0","0","0"
"('BG', 'Production of electricity by solar thermal')","0","0","0"
"('BG', 'Production of electricity by tide, wave, ocean')","0","0","0"
"('BG', 'Production of electricity by Geothermal')","0","0","0"
"('BG', 'Production of electricity nec')","0","0","0"
"('BG', 'Re-processing of secondary construction material into aggregates')","0","0","0"
"('BG', 'Financial intermediation, except insurance and pension funding (65)')","0","0","0"
"('BG', 'Renting of machinery and equipment without operator and of personal and household goods (71)')","0","0","0"
"('BG', 'Incineration of waste: Food')","0","0","0"
"('BG', 'Incineration of waste: Paper')","0","0","0"
"('BG', 'Incineration of waste: Plastic')","0","0","0"
"('BG', 'Incineration of waste: Metals and Inert materials')","0","0","0"
"('BG', 'Incineration of waste: Textiles')","0","0","0"
"('BG', 'Incineration of waste: Wood')","0","0","0"
"('BG', 'Incineration of waste: Oil/Hazardous waste')","0","0","0"
"('BG', 'Biogasification of food waste, incl. land application')","0","0","0"
"('BG', 'Biogasification of paper, incl. land application')","0","0","0"
"('BG', 'Biogasification of sewage slugde, incl. land application')","0","0","0"
"('BG', 'Composting of food waste, incl. land application')","0","0","0"
"('BG', 'Composting of paper and wood, incl. land application')","0","0","0"
"('BG', 'Waste water treatment, food')","0","0","0"
"('BG', 'Waste water treatment, other')","0","0","0"
"('BG', 'Landfill of waste: Food')","0","0","0"
"('BG', 'Landfill of waste: Paper')","0","0","0"
"('BG', 'Landfill of waste: Plastic')","0","0","0"
"('BG', 'Landfill of waste: Inert/metal/hazardous')","0","0","0"
"('BG', 'Landfill of waste: Textiles')","0","0","0"
"('BG', 'Landfill of waste: Wood')","0","0","0"
"('BG', 'Private households with employed persons (95)')","0","0","0"
"('BG', 'Extra-territorial organizations and bodies')","0","0","0"
"('CY', 'Cultivation of paddy rice')","0","0","0"
"('CY', 'Cultivation of sugar cane, sugar beet')","0","0","0"
"('CY', 'Cultivation of plant-based fibers')","0","0","0"
"('CY', 'Wool, silk-worm cocoons')","0","0","0"
"('CY', 'Manure treatment (conventional), storage and land application')","0","0","0"
"('CY', 'Manure treatment (biogas), storage and land application')","0","0","0"
"('CY', 'Mining of coal and lignite; extraction of peat (10)')","0","0","0"
"('CY', 'Extraction of crude petroleum and services related to crude oil extraction, excluding surveying')","0","0","0"
"('CY', 'Extraction of natural gas and services related to natural gas extraction, excluding surveying')","0","0","0"
"('CY', 'Extraction, liquefaction, and regasification of other petroleum and gaseous materials')","0","0","0"
"('CY', 'Mining of uranium and thorium ores (12)')","0","0","0"
"('CY', 'Mining of iron ores')","0","0","0"
"('CY', 'Mining of nickel ores and concentrates')","0","0","0"
"('CY', 'Mining of aluminium ores and concentrates')","0","0","0"
"('CY', 'Mining of precious metal ores and concentrates')","0","0","0"
"('CY', 'Mining of lead, zinc and tin ores and concentrates')","0","0","0"
"('CY', 'Mining of other non-ferrous metal ores and concentrates')","0","0","0"
"('CY', 'Mining of chemical and fertilizer minerals, production of salt, other mining and quarrying n.e.c.')","0","0","0"
"('CY', 'Processed rice')","0","0","0"
"('CY', 'Sugar refining')","0","0","0"
"('CY', 'Re-processing of secondary wood material into new wood material')","0","0","0"
"('CY', 'Re-processing of secondary paper into new pulp')","0","0","0"
"('CY', 'Manufacture of coke oven products')","0","0","0"
"('CY', 'Plastics, basic')","0","0","0"
"('CY', 'Re-processing of secondary plastic into new plastic')","0","0","0"
"('CY', 'N-fertiliser')","0","0","0"
"('CY', 'P- and other fertiliser')","0","0","0"
"('CY', 'Manufacture of glass and glass products')","0","0","0"
"('CY', 'Re-processing of secondary glass into new glass')","0","0","0"
"('CY', 'Re-processing of ash into clinker')","0","0","0"
"('CY', 'Re-processing of secondary steel into new steel')","0","0","0"
"('CY', 'Precious metals production')","0","0","0"
"('CY', 'Re-processing of secondary preciuos metals into new preciuos metals')","0","0","0"
"('CY', 'Re-processing of secondary aluminium into new aluminium')","0","0","0"
"('CY', 'Re-processing of secondary lead into new lead, zinc and tin')","0","0","0"
"('CY', 'Re-processing of secondary copper into new copper')","0","0","0"
"('CY', 'Other non-ferrous metal production')","0","0","0"
"('CY', 'Re-processing of secondary other non-ferrous metals into new other non-ferrous metals')","0","0","0"
"('CY', 'Casting of metals')","0","0","0"
"('CY', 'Manufacture of electrical machinery and apparatus n.e.c. (31)')","0","0","0"
"('CY', 'Manufacture of radio, television and communication equipment and apparatus (32)')","0","0","0"
"('CY', 'Manufacture of medical, precision and optical instruments, watches and clocks (33)')","0","0","0"
"('CY', 'Manufacture of furniture; manufacturing n.e.c. (36)')","0","0","0"
"('CY', 'Recycling of waste and scrap')","0","0","0"
"('CY', 'Recycling of bottles by direct reuse')","0","0","0"
"('CY', 'Production of electricity by coal')","0","0","0"
"('CY', 'Production of electricity by gas')","0","0","0"
"('CY', 'Production of electricity by nuclear')","0","0","0"
"('CY', 'Production of electricity by hydro')","0","0","0"
"('CY', 'Production of electricity by solar thermal')","0","0","0"
"('CY', 'Production of electricity by tide, wave, ocean')","0","0","0"
"('CY', 'Production of electricity by Geothermal')","0","0","0"
"('CY', 'Production of electricity nec')","0","0","0"
"('CY', 'Steam and hot water supply')","0","0","0"
"('CY', 'Re-processing of secondary construction material into aggregates')","0","0","0"
"('CY', 'Incineration of waste: Food')","0","0","0"
"('CY', 'Incineration of waste: Paper')","0","0","0"
"('CY', 'Incineration of waste: Plastic')","0","0","0"
"('CY', 'Incineration of waste: Metals and Inert materials')","0","0","0"
"('CY', 'Incineration of waste: Textiles')","0","0","0"
"('CY', 'Incineration of waste: Wood')","0","0","0"
"('CY', 'Incineration of waste: Oil/Hazardous waste')","0","0","0"
"('CY', 'Biogasification of food waste, incl. land application')","0","0","0"
"('CY', 'Biogasification of paper, incl. land application')","0","0","0"
"('CY', 'Biogasification of sewage slugde, incl. land application')","0","0","0"
"('CY', 'Composting of food waste, incl. land application')","0","0","0"
"('CY', 'Composting of paper and wood, incl. land application')","0","0","0"
"('CY', 'Waste water treatment, food')","0","0","0"
"('CY', 'Waste water treatment, other')","0","0","0"
"('CY', 'Landfill of waste: Food')","0","0","0"
"('CY', 'Landfill of waste: Paper')","0","0","0"
"('CY', 'Landfill of waste: Plastic')","0","0","0"
"('CY', 'Landfill of waste: Inert/metal/hazardous')","0","0","0"
"('CY', 'Landfill of waste: Textiles')","0","0","0"
"('CY', 'Landfill of waste: Wood')","0","0","0"
"('CY', 'Extra-territorial organizations and bodies')","0","0","0"
"('CZ', 'Cultivation of paddy rice')","0","0","0"
"('CZ', 'Cultivation of plant-based fibers')","0","0","0"
"('CZ', 'Wool, silk-worm cocoons')","0","0","0"
"('CZ', 'Manure treatment (conventional), storage and land application')","0","0","0"
"('CZ', 'Manure treatment (biogas), storage and land application')","0","0","0"
"('CZ', 'Extraction, liquefaction, and regasification of other petroleum and gaseous materials')","0","0","0"
"('CZ', 'Mining of uranium and thorium ores (12)')","0","0","0"
"('CZ', 'Mining of copper ores and concentrates')","0","0","0"
"('CZ', 'Mining of nickel ores and concentrates')","0","0","0"
"('CZ', 'Mining of aluminium ores and concentrates')","0","0","0"
"('CZ', 'Mining of precious metal ores and concentrates')","0","0","0"
"('CZ', 'Mining of lead, zinc and tin ores and concentrates')","0","0","0"
"('CZ', 'Mining of other non-ferrous metal ores and concentrates')","0","0","0"
"('CZ', 'Re-processing of secondary wood material into new wood material')","0","0","0"
"('CZ', 'Re-processing of secondary paper into new pulp')","0","0","0"
"('CZ', 'Re-processing of secondary plastic into new plastic')","0","0","0"
"('CZ', 'Re-processing of secondary glass into new glass')","0","0","0"
"('CZ', 'Re-processing of ash into clinker')","0","0","0"
"('CZ', 'Re-processing of secondary preciuos metals into new preciuos metals')","0","0","0"
"('CZ', 'Re-processing of secondary aluminium into new aluminium')","0","0","0"
"('CZ', 'Re-processing of secondary lead into new lead, zinc and tin')","0","0","0"
"('CZ', 'Re-processing of secondary copper into new copper')","0","0","0"
"('CZ', 'Re-processing of secondary other non-ferrous metals into new other non-ferrous metals')","0","0","0"
"('CZ', 'Manufacture of electrical machinery and apparatus n.e.c. (31)')","0","0","0"
"('CZ', 'Manufacture of radio, television and communication equipment and apparatus (32)')","0","0","0"
"('CZ', 'Manufacture of medical, precision and optical instruments, watches and clocks (33)')","0","0","0"
"('CZ', 'Recycling of bottles by direct reuse')","0","0","0"
"('CZ', 'Production of electricity by solar thermal')","0","0","0"
"('CZ', 'Production of electricity by tide, wave, ocean')","0","0","0"
"('CZ', 'Production of electricity by Geothermal')","0","0","0"
"('CZ', 'Production of electricity nec')","0","0","0"
"('CZ', 'Re-processing of secondary construction material into aggregates')","0","0","0"
"('CZ', 'Biogasification of food waste, incl. land application')","0","0","0"
"('CZ', 'Biogasification of paper, incl. land application')","0","0","0"
"('CZ', 'Composting of paper and wood, incl. land application')","0","0","0"
"('CZ', 'Extra-territorial organizations and bodies')","0","0","0"
"('DE', 'Cultivation of paddy rice')","0","0","0"
"('DE', 'Cultivation of plant-based fibers')","0","0","0"
"('DE', 'Manure treatment (conventional), storage and land application')","0","0","0"
"('DE', 'Manure treatment (biogas), storage and land application')","0","0","0"
"('DE', 'Extraction, liquefaction, and regasification of other petroleum and gaseous materials')","0","0","0"
"('DE', 'Mining of copper ores and concentrates')","0","0","0"
"('DE', 'Mining of nickel ores and concentrates')","0","0","0"
"('DE', 'Mining of aluminium ores and concentrates')","0","0","0"
"('DE', 'Mining of precious metal ores and concentrates')","0","0","0"
"('DE', 'Re-processing of secondary wood material into new wood material')","0","0","0"
"('DE', 'Re-processing of secondary paper into new pulp')","0","0","0"
"('DE', 'Re-processing of secondary plastic into new plastic')","0","0","0"
"('DE', 'Re-processing of secondary glass into new glass')","0","0","0"
"('DE', 'Re-processing of ash into clinker')","0","0","0"
"('DE', 'Re-processing of secondary preciuos metals into new preciuos metals')","0","0","0"
"('DE', 'Re-processing of secondary aluminium into new aluminium')","0","0","0"
"('DE', 'Re-processing of secondary lead into new lead, zinc and tin')","0","0","0"
"('DE', 'Re-processing of secondary copper into new copper')","0","0","0"
"('DE', 'Re-processing of secondary other non-ferrous metals into new other non-ferrous metals')","0","0","0"
"('DE', 'Manufacture of medical, precision and optical instruments, watches and clocks (33)')","0","0","0"
"('DE', 'Recycling of bottles by direct reuse')","0","0","0"
"('DE', 'Production of electricity by solar thermal')","0","0","0"
"('DE', 'Production of electricity by tide, wave, ocean')","0","0","0"
"('DE', 'Re-processing of secondary construction material into aggregates')","0","0","0"
"('DE', 'Extra-territorial organizations and bodies')","0","0","0"
"('DK', 'Cultivation of paddy rice')","0","0","0"
"('DK', 'Cultivation of plant-based fibers')","0","0","0"
"('DK', 'Meat animals nec')","0","0","0"
"('DK', 'Animal products nec')","0","0","0"
"('DK', 'Manure treatment (conventional), storage and land application')","0","0","0"
"('DK', 'Manure treatment (biogas), storage and land application')","0","0","0"
"('DK', 'Extraction, liquefaction, and regasification of other petroleum and gaseous materials')","0","0","0"
"('DK', 'Mining of uranium and thorium ores (12)')","0","0","0"
"('DK', 'Mining of iron ores')","0","0","0"
"('DK', 'Mining of copper ores and concentrates')","0","0","0"
"('DK', 'Mining of nickel ores and concentrates')","0","0","0"
"('DK', 'Mining of aluminium ores and concentrates')","0","0","0"
"('DK', 'Mining of precious metal ores and concentrates')","0","0","0"
"('DK', 'Mining of lead, zinc and tin ores and concentrates')","0","0","0"
"('DK', 'Mining of other non-ferrous metal ores and concentrates')","0","0","0"
"('DK', 'Quarrying of stone')","0","0","0"
"('DK', 'Quarrying of sand and clay')","0","0","0"
"('DK', 'Mining of chemical and fertilizer minerals, production of salt, other mining and quarrying n.e.c.')","0","0","0"
"('DK', 'Re-processing of secondary wood material into new wood material')","0","0","0"
"('DK', 'Re-processing of secondary paper into new pulp')","0","0","0"
"('DK', 'Manufacture of coke oven products')","0","0","0"
"('DK', 'Re-processing of secondary plastic into new plastic')","0","0","0"
"('DK', 'Re-processing of secondary glass into new glass')","0","0","0"
"('DK', 'Re-processing of ash into clinker')","0","0","0"
"('DK', 'Re-processing of secondary steel into new steel')","0","0","0"
"('DK', 'Re-processing of secondary preciuos metals into new preciuos metals')","0","0","0"
"('DK', 'Re-processing of secondary aluminium into new aluminium')","0","0","0"
"('DK', 'Re-processing of secondary lead into new lead, zinc and tin')","0","0","0"
"('DK', 'Re-processing of secondary copper into new copper')","0","0","0"
"('DK', 'Re-processing of secondary other non-ferrous metals into new other non-ferrous metals')","0","0","0"
"('DK', 'Casting of metals')","0","0","0"
"('DK', 'Manufacture of electrical machinery and apparatus n.e.c. (31)')","0","0","0"
"('DK', 'Manufacture of radio, television and communication equipment and apparatus (32)')","0","0","0"
"('DK', 'Manufacture of medical, precision and optical instruments, watches and clocks (33)')","0","0","0"
"('DK', 'Recycling of bottles by direct reuse')","0","0","0"
"('DK', 'Production of electricity by nuclear')","0","0","0"
"('DK', 'Production of electricity by hydro')","0","0","0"
"('DK', 'Production of electricity by solar thermal')","0","0","0"
"('DK', 'Production of electricity by tide, wave, ocean')","0","0","0"
"('DK', 'Production of electricity by Geothermal')","0","0","0"
"('DK', 'Production of electricity nec')","0","0","0"
"('DK', 'Re-processing of secondary construction material into aggregates')","0","0","0"
"('DK', 'Composting of paper and wood, incl. land application')","0","0","0"
"('DK', 'Extra-territorial organizations and bodies')","0","0","0"
"('EE', 'Cultivation of paddy rice')","0","0","0"
"('EE', 'Cultivation of sugar cane, sugar beet')","0","0","0"
"('EE', 'Cultivation of plant-based fibers')","0","0","0"
"('EE', 'Meat animals nec')","0","0","0"
"('EE', 'Animal products nec')","0","0","0"
"('EE', 'Wool, silk-worm cocoons')","0","0","0"
"('EE', 'Manure treatment (conventional), storage and land application')","0","0","0"
"('EE', 'Manure treatment (biogas), storage and land application')","0","0","0"
"('EE', 'Mining of coal and lignite; extraction of peat (10)')","0","0","0"
"('EE', 'Extraction of natural gas and services related to natural gas extraction, excluding surveying')","0","0","0"
"('EE', 'Mining of uranium and thorium ores (12)')","0","0","0"
"('EE', 'Mining of iron ores')","0","0","0"
"('EE', 'Mining of copper ores and concentrates')","0","0","0"
"('EE', 'Mining of nickel ores and concentrates')","0","0","0"
"('EE', 'Mining of aluminium ores and concentrates')","0","0","0"
"('EE', 'Mining of precious metal ores and concentrates')","0","0","0"
"('EE', 'Mining of lead, zinc and tin ores and concentrates')","0","0","0"
"('EE', 'Mining of other non-ferrous metal ores and concentrates')","0","0","0"
"('EE', 'Quarrying of stone')","0","0","0"
"('EE', 'Quarrying of sand and clay')","0","0","0"
"('EE', 'Mining of chemical and fertilizer minerals, production of salt, other mining and quarrying n.e.c.')","0","0","0"
"('EE', 'Production of meat products nec')","0","0","0"
"('EE', 'Processed rice')","0","0","0"
"('EE', 'Sugar refining')","0","0","0"
"('EE', 'Manufacture of tobacco products (16)')","0","0","0"
"('EE', 'Re-processing of secondary wood material into new wood material')","0","0","0"
"('EE', 'Re-processing of secondary paper into new pulp')","0","0","0"
"('EE', 'Re-processing of secondary plastic into new plastic')","0","0","0"
"('EE', 'Re-processing of secondary glass into new glass')","0","0","0"
"('EE', 'Re-processing of ash into clinker')","0","0","0"
"('EE', 'Re-processing of secondary steel into new steel')","0","0","0"
"('EE', 'Re-processing of secondary preciuos metals into new preciuos metals')","0","0","0"
"('EE', 'Re-processing of secondary aluminium into new aluminium')","0","0","0"
"('EE', 'Re-processing of secondary lead into new lead, zinc and tin')","0","0","0"
"('EE', 'Re-processing of secondary copper into new copper')","0","0","0"
"('EE', 'Re-processing of secondary other non-ferrous metals into new other non-ferrous metals')","0","0","0"
"('EE', 'Manufacture of electrical machinery and apparatus n.e.c. (31)')","0","0","0"
"('EE', 'Manufacture of radio, television and communication equipment and apparatus (32)')","0","0","0"
"('EE', 'Manufacture of medical, precision and optical instruments, watches and clocks (33)')","0","0","0"
"('EE', 'Recycling of waste and scrap')","0","0","0"
"('EE', 'Recycling of bottles by direct reuse')","0","0","0"
"('EE', 'Production of electricity by coal')","0","0","0"
"('EE', 'Production of electricity by nuclear')","0","0","0"
"('EE', 'Production of electricity by hydro')","0","0","0"
"('EE', 'Production of electricity by solar photovoltaic')","0","0","0"
"('EE', 'Production of electricity by solar thermal')","0","0","0"
"('EE', 'Production of electricity by tide, wave, ocean')","0","0","0"
"('EE', 'Production of electricity by Geothermal')","0","0","0"
"('EE', 'Production of electricity nec')","0","0","0"
"('EE', 'Re-processing of secondary construction material into aggregates')","0","0","0"
"('EE', 'Incineration of waste: Food')","0","0","0"
"('EE', 'Incineration of waste: Paper')","0","0","0"
"('EE', 'Incineration of waste: Plastic')","0","0","0"
"('EE', 'Incineration of waste: Metals and Inert materials')","0","0","0"
"('EE', 'Incineration of waste: Textiles')","0","0","0"
"('EE', 'Biogasification of food waste, incl. land application')","0","0","0"
"('EE', 'Biogasification of paper, incl. land application')","0","0","0"
"('EE', 'Composting of paper and wood, incl. land application')","0","0","0"
"('EE', 'Landfill of waste: Plastic')","0","0","0"
"('EE', 'Extra-territorial organizations and bodies')","0","0","0"
"('ES', 'Manure treatment (conventional), storage and land application')","0","0","0"
"('ES', 'Manure treatment (biogas), storage and land application')","0","0","0"
"('ES', 'Mining of coal and lignite; extraction of peat (10)')","0","0","0"
"('ES', 'Extraction, liquefaction, and regasification of other petroleum and gaseous materials')","0","0","0"
"('ES', 'Mining of iron ores')","0","0","0"
"('ES', 'Mining of aluminium ores and concentrates')","0","0","0"
"('ES', 'Re-processing of secondary wood material into new wood material')","0","0","0"
"('ES', 'Re-processing of secondary paper into new pulp')","0","0","0"
"('ES', 'Re-processing of secondary plastic into new plastic')","0","0","0"
"('ES', 'Re-processing of secondary glass into new glass')","0","0","0"
"('ES', 'Re-processing of ash into clinker')","0","0","0"
"('ES', 'Re-processing of secondary preciuos metals into new preciuos metals')","0","0","0"
"('ES', 'Re-processing of secondary aluminium into new aluminium')","0","0","0"
"('ES', 'Re-processing of secondary lead into new lead, zinc and tin')","0","0","0"
"('ES', 'Re-processing of secondary copper into new copper')","0","0","0"
"('ES', 'Re-processing of secondary other non-ferrous metals into new other non-ferrous metals')","0","0","0"
"('ES', 'Manufacture of radio, television and communication equipment and apparatus (32)')","0","0","0"
"('ES', 'Manufacture of medical, precision and optical instruments, watches and clocks (33)')","0","0","0"
"('ES', 'Recycling of bottles by direct reuse')","0","0","0"
"('ES', 'Production of electricity by tide, wave, ocean')","0","0","0"
"('ES', 'Production of electricity by Geothermal')","0","0","0"
"('ES', 'Steam and hot water supply')","0","0","0"
"('ES', 'Re-processing of secondary construction material into aggregates')","0","0","0"
"('ES', 'Composting of paper and wood, incl. land application')","0","0","0"
"('ES', 'Extra-territorial organizations and bodies')","0","0","0"
"('FI', 'Cultivation of paddy rice')","0","0","0"
"('FI', 'Cultivation of plant-based fibers')","0","0","0"
"('FI', 'Meat animals nec')","0","0","0"
"('FI', 'Wool, silk-worm cocoons')","0","0","0"
"('FI', 'Manure treatment (conventional), storage and land application')","0","0","0"
"('FI', 'Manure treatment (biogas), storage and land application')","0","0","0"
"('FI', 'Extraction of crude petroleum and services related to crude oil extraction, excluding surveying')","0","0","0"
"('FI', 'Mining of uranium and thorium ores (12)')","0","0","0"
"('FI', 'Mining of iron ores')","0","0","0"
"('FI', 'Mining of aluminium ores and concentrates')","0","0","0"
"('FI', 'Processed rice')","0","0","0"
"('FI', 'Manufacture of tobacco products (16)')","0","0","0"
"('FI', 'Re-processing of secondary wood material into new wood material')","0","0","0"
"('FI', 'Re-processing of secondary paper into new pulp')","0","0","0"
"('FI', 'Re-processing of secondary plastic into new plastic')","0","0","0"
"('FI', 'Re-processing of secondary glass into new glass')","0","0","0"
"('FI', 'Re-processing of ash into clinker')","0","0","0"
"('FI', 'Re-processing of secondary preciuos metals into new preciuos metals')","0","0","0"
"('FI', 'Re-processing of secondary aluminium into new aluminium')","0","0","0"
"('FI', 'Re-processing of secondary lead into new lead, zinc and tin')","0","0","0"
"('FI', 'Re-processing of secondary copper into new copper')","0","0","0"
"('FI', 'Re-processing of secondary other non-ferrous metals into new other non-ferrous metals')","0","0","0"
"('FI', 'Manufacture of electrical machinery and apparatus n.e.c. (31)')","0","0","0"
"('FI', 'Manufacture of radio, television and communication equipment and apparatus (32)')","0","0","0"
"('FI', 'Manufacture of medical, precision and optical instruments, watches and clocks (33)')","0","0","0"
"('FI', 'Recycling of bottles by direct reuse')","0","0","0"
"('FI', 'Production of electricity by solar thermal')","0","0","0"
"('FI', 'Production of electricity by tide, wave, ocean')","0","0","0"
"('FI', 'Production of electricity by Geothermal')","0","0","0"
"('FI', 'Production of electricity nec')","0","0","0"
"('FI', 'Re-processing of secondary construction material into aggregates')","0","0","0"
"('FI', 'Biogasification of food waste, incl. land application')","0","0","0"
"('FI', 'Biogasification of paper, incl. land application')","0","0","0"
"('FI', 'Composting of paper and wood, incl. land application')","0","0","0"
"('FI', 'Extra-territorial organizations and bodies')","0","0","0"
"('FR', 'Manure treatment (conventional), storage and land application')","0","0","0"
"('FR', 'Manure treatment (biogas), storage and land application')","0","0","0"
"('FR', 'Mining of coal and lignite; extraction of peat (10)')","0","0","0"
"('FR', 'Extraction, liquefaction, and regasification of other petroleum and gaseous materials')","0","0","0"
"('FR', 'Mining of iron ores')","0","0","0"
"('FR', 'Mining of copper ores and concentrates')","0","0","0"
"('FR', 'Mining of nickel ores and concentrates')","0","0","0"
"('FR', 'Mining of precious metal ores and concentrates')","0","0","0"
"('FR', 'Mining of lead, zinc and tin ores and concentrates')","0","0","0"
"('FR', 'Mining of other non-ferrous metal ores and concentrates')","0","0","0"
"('FR', 'Re-processing of secondary wood material into new wood material')","0","0","0"
"('FR', 'Re-processing of secondary paper into new pulp')","0","0","0"
"('FR', 'Re-processing of secondary plastic into new plastic')","0","0","0"
"('FR', 'Re-processing of secondary glass into new glass')","0","0","0"
"('FR', 'Re-processing of ash into clinker')","0","0","0"
"('FR', 'Re-processing of secondary preciuos metals into new preciuos metals')","0","0","0"
"('FR', 'Re-processing of secondary aluminium into new aluminium')","0","0","0"
"('FR', 'Re-processing of secondary lead into new lead, zinc and tin')","0","0","0"
"('FR', 'Re-processing of secondary copper into new copper')","0","0","0"
"('FR', 'Re-processing of secondary other non-ferrous metals into new other non-ferrous metals')","0","0","0"
"('FR', 'Manufacture of radio, television and communication equipment and apparatus (32)')","0","0","0"
"('FR', 'Manufacture of medical, precision and optical instruments, watches and clocks (33)')","0","0","0"
"('FR', 'Recycling of waste and scrap')","0","0","0"
"('FR', 'Recycling of bottles by direct reuse')","0","0","0"
"('FR', 'Production of electricity by solar thermal')","0","0","0"
"('FR', 'Re-processing of secondary construction material into aggregates')","0","0","0"
"('FR', 'Extra-territorial organizations and bodies')","0","0","0"
"('GR', 'Cultivation of sugar cane, sugar beet')","0","0","0"
"('GR', 'Manure treatment (conventional), storage and land application')","0","0","0"
"('GR', 'Manure treatment (biogas), storage and land application')","0","0","0"
"('GR', 'Extraction, liquefaction, and regasification of other petroleum and gaseous materials')","0","0","0"
"('GR', 'Mining of uranium and thorium ores (12)')","0","0","0"
"('GR', 'Mining of copper ores and concentrates')","0","0","0"
"('GR', 'Mining of other non-ferrous metal ores and concentrates')","0","0","0"
"('GR', 'Sugar refining')","0","0","0"
"('GR', 'Re-processing of secondary wood material into new wood material')","0","0","0"
"('GR', 'Re-processing of secondary paper into new pulp')","0","0","0"
"('GR', 'Manufacture of coke oven products')","0","0","0"
"('GR', 'Processing of nuclear fuel')","0","0","0"
"('GR', 'Re-processing of secondary plastic into new plastic')","0","0","0"
"('GR', 'Re-processing of secondary glass into new glass')","0","0","0"
"('GR', 'Re-processing of ash into clinker')","0","0","0"
"('GR', 'Manufacture of basic iron and steel and of ferro-alloys and first products thereof')","0","0","0"
"('GR', 'Re-processing of secondary preciuos metals into new preciuos metals')","0","0","0"
"('GR', 'Re-processing of secondary aluminium into new aluminium')","0","0","0"
"('GR', 'Re-processing of secondary lead into new lead, zinc and tin')","0","0","0"
"('GR', 'Re-processing of secondary copper into new copper')","0","0","0"
"('GR', 'Other non-ferrous metal production')","0","0","0"
"('GR', 'Re-processing of secondary other non-ferrous metals into new other non-ferrous metals')","0","0","0"
"('GR', 'Casting of metals')","0","0","0"
"('GR', 'Manufacture of machinery and equipment n.e.c. (29)')","0","0","0"
"('GR', 'Recycling of waste and scrap')","0","0","0"
"('GR', 'Recycling of bottles by direct reuse')","0","0","0"
"('GR', 'Production of electricity by nuclear')","0","0","0"
"('GR', 'Production of electricity by solar thermal')","0","0","0"
"('GR', 'Production of electricity by tide, wave, ocean')","0","0","0"
"('GR', 'Production of electricity by Geothermal')","0","0","0"
"('GR', 'Production of electricity nec')","0","0","0"
"('GR', 'Collection, purification and distribution of water (41)')","0","0","0"
"('GR', 'Re-processing of secondary construction material into aggregates')","0","0","0"
"('GR', 'Renting of machinery and equipment without operator and of personal and household goods (71)')","0","0","0"
"('GR', 'Incineration of waste: Food')","0","0","0"
"('GR', 'Incineration of waste: Paper')","0","0","0"
"('GR', 'Incineration of waste: Plastic')","0","0","0"
"('GR', 'Incineration of waste: Metals and Inert materials')","0","0","0"
"('GR', 'Incineration of waste: Textiles')","0","0","0"
"('GR', 'Incineration of waste: Wood')","0","0","0"
"('GR', 'Incineration of waste: Oil/Hazardous waste')","0","0","0"
"('GR', 'Biogasification of food waste, incl. land application')","0","0","0"
"('GR', 'Biogasification of paper, incl. land application')","0","0","0"
"('GR', 'Biogasification of sewage slugde, incl. land application')","0","0","0"
"('GR', 'Composting of food waste, incl. land application')","0","0","0"
"('GR', 'Composting of paper and wood, incl. land application')","0","0","0"
"('GR', 'Waste water treatment, food')","0","0","0"
"('GR', 'Waste water treatment, other')","0","0","0"
"('GR', 'Landfill of waste: Food')","0","0","0"
"('GR', 'Landfill of waste: Paper')","0","0","0"
"('GR', 'Landfill of waste: Plastic')","0","0","0"
"('GR', 'Landfill of waste: Inert/metal/hazardous')","0","0","0"
"('GR', 'Landfill of waste: Textiles')","0","0","0"
"('GR', 'Landfill of waste: Wood')","0","0","0"
"('GR', 'Extra-territorial organizations and bodies')","0","0","0"
"('HR', 'Cultivation of paddy rice')","0","0","0"
"('HR', 'Animal products nec')","0","0","0"
"('HR', 'Wool, silk-worm cocoons')","0","0","0"
"('HR', 'Manure treatment (conventional), storage and land application')","0","0","0"
"('HR', 'Manure treatment (biogas), storage and land application')","0","0","0"
"('HR', 'Mining of coal and lignite; extraction of peat (10)')","0","0","0"
"('HR', 'Mining of uranium and thorium ores (12)')","0","0","0"
"('HR', 'Mining of iron ores')","0","0","0"
"('HR', 'Mining of copper ores and concentrates')","0","0","0"
"('HR', 'Mining of nickel ores and concentrates')","0","0","0"
"('HR', 'Mining of aluminium ores and concentrates')","0","0","0"
"('HR', 'Mining of precious metal ores and concentrates')","0","0","0"
"('HR', 'Mining of lead, zinc and tin ores and concentrates')","0","0","0"
"('HR', 'Mining of other non-ferrous metal ores and concentrates')","0","0","0"
"('HR', 'Quarrying of stone')","0","0","0"
"('HR', 'Quarrying of sand and clay')","0","0","0"
"('HR', 'Mining of chemical and fertilizer minerals, production of salt, other mining and quarrying n.e.c.')","0","0","0"
"('HR', 'Re-processing of secondary wood material into new wood material')","0","0","0"
"('HR', 'Re-processing of secondary paper into new pulp')","0","0","0"
"('HR', 'Processing of nuclear fuel')","0","0","0"
"('HR', 'Re-processing of secondary plastic into new plastic')","0","0","0"
"('HR', 'Re-processing of secondary glass into new glass')","0","0","0"
"('HR', 'Re-processing of ash into clinker')","0","0","0"
"('HR', 'Manufacture of basic iron and steel and of ferro-alloys and first products thereof')","0","0","0"
"('HR', 'Precious metals production')","0","0","0"
"('HR', 'Re-processing of secondary preciuos metals into new preciuos metals')","0","0","0"
"('HR', 'Re-processing of secondary aluminium into new aluminium')","0","0","0"
"('HR', 'Re-processing of secondary lead into new lead, zinc and tin')","0","0","0"
"('HR', 'Re-processing of secondary copper into new copper')","0","0","0"
"('HR', 'Other non-ferrous metal production')","0","0","0"
"('HR', 'Re-processing of secondary other non-ferrous metals into new other non-ferrous metals')","0","0","0"
"('HR', 'Casting of metals')","0","0","0"
"('HR', 'Manufacture of electrical machinery and apparatus n.e.c. (31)')","0","0","0"
"('HR', 'Manufacture of radio, television and communication equipment and apparatus (32)')","0","0","0"
"('HR', 'Manufacture of medical, precision and optical instruments, watches and clocks (33)')","0","0","0"
"('HR', 'Recycling of waste and scrap')","0","0","0"
"('HR', 'Recycling of bottles by direct reuse')","0","0","0"
"('HR', 'Production of electricity by nuclear')","0","0","0"
"('HR', 'Production of electricity by petroleum and other oil derivatives')","0","0","0"
"('HR', 'Production of electricity by solar thermal')","0","0","0"
"('HR', 'Production of electricity by tide, wave, ocean')","0","0","0"
"('HR', 'Production of electricity nec')","0","0","0"
"('HR', 'Re-processing of secondary construction material into aggregates')","0","0","0"
"('HR', 'Incineration of waste: Food')","0","0","0"
"('HR', 'Incineration of waste: Paper')","0","0","0"
"('HR', 'Incineration of waste: Plastic')","0","0","0"
"('HR', 'Incineration of waste: Metals and Inert materials')","0","0","0"
"('HR', 'Incineration of waste: Textiles')","0","0","0"
"('HR', 'Incineration of waste: Wood')","0","0","0"
"('HR', 'Incineration of waste: Oil/Hazardous waste')","0","0","0"
"('HR', 'Biogasification of food waste, incl. land application')","0","0","0"
"('HR', 'Biogasification of paper, incl. land application')","0","0","0"
"('HR', 'Biogasification of sewage slugde, incl. land application')","0","0","0"
"('HR', 'Composting of food waste, incl. land application')","0","0","0"
"('HR', 'Composting of paper and wood, incl. land application')","0","0","0"
"('HR', 'Waste water treatment, food')","0","0","0"
"('HR', 'Waste water treatment, other')","0","0","0"
"('HR', 'Landfill of waste: Food')","0","0","0"
"('HR', 'Landfill of waste: Paper')","0","0","0"
"('HR', 'Landfill of waste: Plastic')","0","0","0"
"('HR', 'Landfill of waste: Inert/metal/hazardous')","0","0","0"
"('HR', 'Landfill of waste: Textiles')","0","0","0"
"('HR', 'Landfill of waste: Wood')","0","0","0"
"('HR', 'Extra-territorial organizations and bodies')","0","0","0"
"('HU', 'Cultivation of plant-based fibers')","0","0","0"
"('HU', 'Manure treatment (conventional), storage and land application')","0","0","0"
"('HU', 'Manure treatment (biogas), storage and land application')","0","0","0"
"('HU', 'Mining of uranium and thorium ores (12)')","0","0","0"
"('HU', 'Mining of iron ores')","0","0","0"
"('HU', 'Mining of copper ores and concentrates')","0","0","0"
"('HU', 'Mining of nickel ores and concentrates')","0","0","0"
"('HU', 'Mining of aluminium ores and concentrates')","0","0","0"
"('HU', 'Mining of precious metal ores and concentrates')","0","0","0"
"('HU', 'Mining of lead, zinc and tin ores and concentrates')","0","0","0"
"('HU', 'Mining of chemical and fertilizer minerals, production of salt, other mining and quarrying n.e.c.')","0","0","0"
"('HU', 'Re-processing of secondary wood material into new wood material')","0","0","0"
"('HU', 'Re-processing of secondary paper into new pulp')","0","0","0"
"('HU', 'Processing of nuclear fuel')","0","0","0"
"('HU', 'Re-processing of secondary plastic into new plastic')","0","0","0"
"('HU', 'Re-processing of secondary glass into new glass')","0","0","0"
"('HU', 'Re-processing of ash into clinker')","0","0","0"
"('HU', 'Re-processing of secondary preciuos metals into new preciuos metals')","0","0","0"
"('HU', 'Re-processing of secondary aluminium into new aluminium')","0","0","0"
"('HU', 'Re-processing of secondary lead into new lead, zinc and tin')","0","0","0"
"('HU', 'Re-processing of secondary copper into new copper')","0","0","0"
"('HU', 'Re-processing of secondary other non-ferrous metals into new other non-ferrous metals')","0","0","0"
"('HU', 'Manufacture of electrical machinery and apparatus n.e.c. (31)')","0","0","0"
"('HU', 'Manufacture of radio, television and communication equipment and apparatus (32)')","0","0","0"
"('HU', 'Manufacture of medical, precision and optical instruments, watches and clocks (33)')","0","0","0"
"('HU', 'Recycling of waste and scrap')","0","0","0"
"('HU', 'Recycling of bottles by direct reuse')","0","0","0"
"('HU', 'Production of electricity by hydro')","0","0","0"
"('HU', 'Production of electricity by solar thermal')","0","0","0"
"('HU', 'Production of electricity by tide, wave, ocean')","0","0","0"
"('HU', 'Production of electricity by Geothermal')","0","0","0"
"('HU', 'Re-processing of secondary construction material into aggregates')","0","0","0"
"('HU', 'Biogasification of food waste, incl. land application')","0","0","0"
"('HU', 'Biogasification of paper, incl. land application')","0","0","0"
"('HU', 'Composting of paper and wood, incl. land application')","0","0","0"
"('HU', 'Extra-territorial organizations and bodies')","0","0","0"
"('IE', 'Cultivation of paddy rice')","0","0","0"
"('IE', 'Cultivation of plant-based fibers')","0","0","0"
"('IE', 'Cultivation of crops nec')","0","0","0"
"('IE', 'Animal products nec')","0","0","0"
"('IE', 'Manure treatment (conventional), storage and land application')","0","0","0"
"('IE', 'Manure treatment (biogas), storage and land application')","0","0","0"
"('IE', 'Extraction of crude petroleum and services related to crude oil extraction, excluding surveying')","0","0","0"
"('IE', 'Mining of uranium and thorium ores (12)')","0","0","0"
"('IE', 'Mining of iron ores')","0","0","0"
"('IE', 'Mining of copper ores and concentrates')","0","0","0"
"('IE', 'Mining of nickel ores and concentrates')","0","0","0"
"('IE', 'Mining of aluminium ores and concentrates')","0","0","0"
"('IE', 'Mining of other non-ferrous metal ores and concentrates')","0","0","0"
"('IE', 'Processed rice')","0","0","0"
"('IE', 'Manufacture of tobacco products (16)')","0","0","0"
"('IE', 'Re-processing of secondary wood material into new wood material')","0","0","0"
"('IE', 'Re-processing of secondary paper into new pulp')","0","0","0"
"('IE', 'Manufacture of coke oven products')","0","0","0"
"('IE', 'Re-processing of secondary plastic into new plastic')","0","0","0"
"('IE', 'Re-processing of secondary glass into new glass')","0","0","0"
"('IE', 'Re-processing of ash into clinker')","0","0","0"
"('IE', 'Re-processing of secondary steel into new steel')","0","0","0"
"('IE', 'Re-processing of secondary preciuos metals into new preciuos metals')","0","0","0"
"('IE', 'Re-processing of secondary aluminium into new aluminium')","0","0","0"
"('IE', 'Re-processing of secondary lead into new lead, zinc and tin')","0","0","0"
"('IE', 'Re-processing of secondary copper into new copper')","0","0","0"
"('IE', 'Re-processing of secondary other non-ferrous metals into new other non-ferrous metals')","0","0","0"
"('IE', 'Casting of metals')","0","0","0"
"('IE', 'Manufacture of medical, precision and optical instruments, watches and clocks (33)')","0","0","0"
"('IE', 'Recycling of waste and scrap')","0","0","0"
"('IE', 'Recycling of bottles by direct reuse')","0","0","0"
"('IE', 'Production of electricity by nuclear')","0","0","0"
"('IE', 'Production of electricity by solar photovoltaic')","0","0","0"
"('IE', 'Production of electricity by solar thermal')","0","0","0"
"('IE', 'Production of electricity by tide, wave, ocean')","0","0","0"
"('IE', 'Production of electricity by Geothermal')","0","0","0"
"('IE', 'Production of electricity nec')","0","0","0"
"('IE', 'Steam and hot water supply')","0","0","0"
"('IE', 'Re-processing of secondary construction material into aggregates')","0","0","0"
"('IE', 'Incineration of waste: Food')","0","0","0"
"('IE', 'Incineration of waste: Paper')","0","0","0"
"('IE', 'Incineration of waste: Plastic')","0","0","0"
"('IE', 'Incineration of waste: Metals and Inert materials')","0","0","0"
"('IE', 'Incineration of waste: Textiles')","0","0","0"
"('IE', 'Incineration of waste: Wood')","0","0","0"
"('IE', 'Incineration of waste: Oil/Hazardous waste')","0","0","0"
"('IE', 'Biogasification of food waste, incl. land application')","0","0","0"
"('IE', 'Biogasification of paper, incl. land application')","0","0","0"
"('IE', 'Biogasification of sewage slugde, incl. land application')","0","0","0"
"('IE', 'Composting of food waste, incl. land application')","0","0","0"
"('IE', 'Composting of paper and wood, incl. land application')","0","0","0"
"('IE', 'Waste water treatment, food')","0","0","0"
"('IE', 'Waste water treatment, other')","0","0","0"
"('IE', 'Landfill of waste: Food')","0","0","0"
"('IE', 'Landfill of waste: Paper')","0","0","0"
"('IE', 'Landfill of waste: Plastic')","0","0","0"
"('IE', 'Landfill of waste: Inert/metal/hazardous')","0","0","0"
"('IE', 'Landfill of waste: Textiles')","0","0","0"
"('IE', 'Landfill of waste: Wood')","0","0","0"
"('IE', 'Extra-territorial organizations and bodies')","0","0","0"
"('IT', 'Cultivation of plant-based fibers')","0","0","0"
"('IT', 'Animal products nec')","0","0","0"
"('IT', 'Manure treatment (conventional), storage and land application')","0","0","0"
"('IT', 'Manure treatment (biogas), storage and land application')","0","0","0"
"('IT', 'Mining of coal and lignite; extraction of peat (10)')","0","0","0"
"('IT', 'Mining of uranium and thorium ores (12)')","0","0","0"
"('IT', 'Mining of iron ores')","0","0","0"
"('IT', 'Mining of copper ores and concentrates')","0","0","0"
"('IT', 'Mining of nickel ores and concentrates')","0","0","0"
"('IT', 'Mining of aluminium ores and concentrates')","0","0","0"
"('IT', 'Mining of other non-ferrous metal ores and concentrates')","0","0","0"
"('IT', 'Re-processing of secondary wood material into new wood material')","0","0","0"
"('IT', 'Re-processing of secondary paper into new pulp')","0","0","0"
"('IT', 'Re-processing of secondary plastic into new plastic')","0","0","0"
"('IT', 'Re-processing of secondary glass into new glass')","0","0","0"
"('IT', 'Re-processing of ash into clinker')","0","0","0"
"('IT', 'Re-processing of secondary preciuos metals into new preciuos metals')","0","0","0"
"('IT', 'Re-processing of secondary aluminium into new aluminium')","0","0","0"
"('IT', 'Re-processing of secondary lead into new lead, zinc and tin')","0","0","0"
"('IT', 'Re-processing of secondary copper into new copper')","0","0","0"
"('IT', 'Re-processing of secondary other non-ferrous metals into new other non-ferrous metals')","0","0","0"
"('IT', 'Manufacture of electrical machinery and apparatus n.e.c. (31)')","0","0","0"
"('IT', 'Manufacture of radio, television and communication equipment and apparatus (32)')","0","0","0"
"('IT', 'Manufacture of medical, precision and optical instruments, watches and clocks (33)')","0","0","0"
"('IT', 'Recycling of bottles by direct reuse')","0","0","0"
"('IT', 'Production of electricity by nuclear')","0","0","0"
"('IT', 'Production of electricity by solar thermal')","0","0","0"
"('IT', 'Production of electricity by tide, wave, ocean')","0","0","0"
"('IT', 'Re-processing of secondary construction material into aggregates')","0","0","0"
"('IT', 'Extra-territorial organizations and bodies')","0","0","0"
"('LT', 'Cultivation of paddy rice')","0","0","0"
"('LT', 'Cultivation of plant-based fibers')","0","0","0"
"('LT', 'Animal products nec')","0","0","0"
"('LT', 'Wool, silk-worm cocoons')","0","0","0"
"('LT', 'Manure treatment (conventional), storage and land application')","0","0","0"
"('LT', 'Manure treatment (biogas), storage and land application')","0","0","0"
"('LT', 'Mining of coal and lignite; extraction of peat (10)')","0","0","0"
"('LT', 'Extraction of natural gas and services related to natural gas extraction, excluding surveying')","0","0","0"
"('LT', 'Extraction, liquefaction, and regasification of other petroleum and gaseous materials')","0","0","0"
"('LT', 'Mining of uranium and thorium ores (12)')","0","0","0"
"('LT', 'Mining of iron ores')","0","0","0"
"('LT', 'Mining of copper ores and concentrates')","0","0","0"
"('LT', 'Mining of nickel ores and concentrates')","0","0","0"
"('LT', 'Mining of aluminium ores and concentrates')","0","0","0"
"('LT', 'Mining of precious metal ores and concentrates')","0","0","0"
"('LT', 'Mining of lead, zinc and tin ores and concentrates')","0","0","0"
"('LT', 'Mining of other non-ferrous metal ores and concentrates')","0","0","0"
"('LT', 'Mining of chemical and fertilizer minerals, production of salt, other mining and quarrying n.e.c.')","0","0","0"
"('LT', 'Processed rice')","0","0","0"
"('LT', 'Tanning and dressing of leather; manufacture of luggage, handbags, saddlery, harness and footwear (19)')","0","0","0"
"('LT', 'Re-processing of secondary wood material into new wood material')","0","0","0"
"('LT', 'Re-processing of secondary paper into new pulp')","0","0","0"
"('LT', 'Manufacture of coke oven products')","0","0","0"
"('LT', 'Processing of nuclear fuel')","0","0","0"
"('LT', 'Re-processing of secondary plastic into new plastic')","0","0","0"
"('LT', 'Re-processing of secondary glass into new glass')","0","0","0"
"('LT', 'Manufacture of ceramic goods')","0","0","0"
"('LT', 'Manufacture of bricks, tiles and construction products, in baked clay')","0","0","0"
"('LT', 'Re-processing of ash into clinker')","0","0","0"
"('LT', 'Re-processing of secondary steel into new steel')","0","0","0"
"('LT', 'Precious metals production')","0","0","0"
"('LT', 'Re-processing of secondary preciuos metals into new preciuos metals')","0","0","0"
"('LT', 'Aluminium production')","0","0","0"
"('LT', 'Re-processing of secondary aluminium into new aluminium')","0","0","0"
"('LT', 'Re-processing of secondary lead into new lead, zinc and tin')","0","0","0"
"('LT', 'Re-processing of secondary copper into new copper')","0","0","0"
"('LT', 'Other non-ferrous metal production')","0","0","0"
"('LT', 'Re-processing of secondary other non-ferrous metals into new other non-ferrous metals')","0","0","0"
"('LT', 'Manufacture of electrical machinery and apparatus n.e.c. (31)')","0","0","0"
"('LT', 'Manufacture of radio, television and communication equipment and apparatus (32)')","0","0","0"
"('LT', 'Manufacture of medical, precision and optical instruments, watches and clocks (33)')","0","0","0"
"('LT', 'Recycling of waste and scrap')","0","0","0"
"('LT', 'Recycling of bottles by direct reuse')","0","0","0"
"('LT', 'Production of electricity by coal')","0","0","0"
"('LT', 'Production of electricity by nuclear')","0","0","0"
"('LT', 'Production of electricity by solar photovoltaic')","0","0","0"
"('LT', 'Production of electricity by solar thermal')","0","0","0"
"('LT', 'Production of electricity by tide, wave, ocean')","0","0","0"
"('LT', 'Production of electricity by Geothermal')","0","0","0"
"('LT', 'Production of electricity nec')","0","0","0"
"('LT', 'Re-processing of secondary construction material into aggregates')","0","0","0"
"('LT', 'Incineration of waste: Food')","0","0","0"
"('LT', 'Incineration of waste: Paper')","0","0","0"
"('LT', 'Incineration of waste: Plastic')","0","0","0"
"('LT', 'Incineration of waste: Textiles')","0","0","0"
"('LT', 'Incineration of waste: Wood')","0","0","0"
"('LT', 'Incineration of waste: Oil/Hazardous waste')","0","0","0"
"('LT', 'Biogasification of food waste, incl. land application')","0","0","0"
"('LT', 'Biogasification of paper, incl. land application')","0","0","0"
"('LT', 'Composting of paper and wood, incl. land application')","0","0","0"
"('LT', 'Landfill of waste: Plastic')","0","0","0"
"('LT', 'Extra-territorial organizations and bodies')","0","0","0"
"('LU', 'Cultivation of paddy rice')","0","0","0"
"('LU', 'Cultivation of sugar cane, sugar beet')","0","0","0"
"('LU', 'Cultivation of plant-based fibers')","0","0","0"
"('LU', 'Manure treatment (conventional), storage and land application')","0","0","0"
"('LU', 'Manure treatment (biogas), storage and land application')","0","0","0"
"('LU', 'Mining of coal and lignite; extraction of peat (10)')","0","0","0"
"('LU', 'Extraction of crude petroleum and services related to crude oil extraction, excluding surveying')","0","0","0"
"('LU', 'Extraction, liquefaction, and regasification of other petroleum and gaseous materials')","0","0","0"
"('LU', 'Mining of uranium and thorium ores (12)')","0","0","0"
"('LU', 'Mining of iron ores')","0","0","0"
"('LU', 'Mining of copper ores and concentrates')","0","0","0"
"('LU', 'Mining of nickel ores and concentrates')","0","0","0"
"('LU', 'Mining of aluminium ores and concentrates')","0","0","0"
"('LU', 'Mining of precious metal ores and concentrates')","0","0","0"
"('LU', 'Mining of lead, zinc and tin ores and concentrates')","0","0","0"
"('LU', 'Mining of other non-ferrous metal ores and concentrates')","0","0","0"
"('LU', 'Mining of chemical and fertilizer minerals, production of salt, other mining and quarrying n.e.c.')","0","0","0"
"('LU', 'Processing of meat poultry')","0","0","0"
"('LU', 'Tanning and dressing of leather; manufacture of luggage, handbags, saddlery, harness and footwear (19)')","0","0","0"
"('LU', 'Re-processing of secondary wood material into new wood material')","0","0","0"
"('LU', 'Re-processing of secondary paper into new pulp')","0","0","0"
"('LU', 'Manufacture of coke oven products')","0","0","0"
"('LU', 'Processing of nuclear fuel')","0","0","0"
"('LU', 'Plastics, basic')","0","0","0"
"('LU', 'Re-processing of secondary plastic into new plastic')","0","0","0"
"('LU', 'N-fertiliser')","0","0","0"
"('LU', 'P- and other fertiliser')","0","0","0"
"('LU', 'Re-processing of secondary glass into new glass')","0","0","0"
"('LU', 'Re-processing of ash into clinker')","0","0","0"
"('LU', 'Manufacture of basic iron and steel and of ferro-alloys and first products thereof')","0","0","0"
"('LU', 'Re-processing of secondary preciuos metals into new preciuos metals')","0","0","0"
"('LU', 'Re-processing of secondary aluminium into new aluminium')","0","0","0"
"('LU', 'Re-processing of secondary lead into new lead, zinc and tin')","0","0","0"
"('LU', 'Re-processing of secondary copper into new copper')","0","0","0"
"('LU', 'Re-processing of secondary other non-ferrous metals into new other non-ferrous metals')","0","0","0"
"('LU', 'Casting of metals')","0","0","0"
"('LU', 'Recycling of waste and scrap')","0","0","0"
"('LU', 'Recycling of bottles by direct reuse')","0","0","0"
"('LU', 'Production of electricity by coal')","0","0","0"
"('LU', 'Production of electricity by nuclear')","0","0","0"
"('LU', 'Production of electricity by petroleum and other oil derivatives')","0","0","0"
"('LU', 'Production of electricity by solar thermal')","0","0","0"
"('LU', 'Production of electricity by tide, wave, ocean')","0","0","0"
"('LU', 'Production of electricity by Geothermal')","0","0","0"
"('LU', 'Production of electricity nec')","0","0","0"
"('LU', 'Collection, purification and distribution of water (41)')","0","0","0"
"('LU', 'Re-processing of secondary construction material into aggregates')","0","0","0"
"('LU', 'Incineration of waste: Food')","0","0","0"
"('LU', 'Incineration of waste: Paper')","0","0","0"
"('LU', 'Incineration of waste: Plastic')","0","0","0"
"('LU', 'Incineration of waste: Metals and Inert materials')","0","0","0"
"('LU', 'Incineration of waste: Textiles')","0","0","0"
"('LU', 'Incineration of waste: Wood')","0","0","0"
"('LU', 'Incineration of waste: Oil/Hazardous waste')","0","0","0"
"('LU', 'Biogasification of food waste, incl. land application')","0","0","0"
"('LU', 'Biogasification of paper, incl. land application')","0","0","0"
"('LU', 'Biogasification of sewage slugde, incl. land application')","0","0","0"
"('LU', 'Composting of food waste, incl. land application')","0","0","0"
"('LU', 'Composting of paper and wood, incl. land application')","0","0","0"
"('LU', 'Waste water treatment, food')","0","0","0"
"('LU', 'Waste water treatment, other')","0","0","0"
"('LU', 'Landfill of waste: Food')","0","0","0"
"('LU', 'Landfill of waste: Paper')","0","0","0"
"('LU', 'Landfill of waste: Plastic')","0","0","0"
"('LU', 'Landfill of waste: Inert/metal/hazardous')","0","0","0"
"('LU', 'Landfill of waste: Textiles')","0","0","0"
"('LU', 'Landfill of waste: Wood')","0","0","0"
"('LU', 'Extra-territorial organizations and bodies')","0","0","0"
"('LV', 'Cultivation of paddy rice')","0","0","0"
"('LV', 'Cultivation of sugar cane, sugar beet')","0","0","0"
"('LV', 'Cultivation of plant-based fibers')","0","0","0"
"('LV', 'Meat animals nec')","0","0","0"
"('LV', 'Animal products nec')","0","0","0"
"('LV', 'Wool, silk-worm cocoons')","0","0","0"
"('LV', 'Manure treatment (conventional), storage and land application')","0","0","0"
"('LV', 'Manure treatment (biogas), storage and land application')","0","0","0"
"('LV', 'Mining of coal and lignite; extraction of peat (10)')","0","0","0"
"('LV', 'Extraction of crude petroleum and services related to crude oil extraction, excluding surveying')","0","0","0"
"('LV', 'Extraction of natural gas and services related to natural gas extraction, excluding surveying')","0","0","0"
"('LV', 'Extraction, liquefaction, and regasification of other petroleum and gaseous materials')","0","0","0"
"('LV', 'Mining of uranium and thorium ores (12)')","0","0","0"
"('LV', 'Mining of iron ores')","0","0","0"
"('LV', 'Mining of copper ores and concentrates')","0","0","0"
"('LV', 'Mining of nickel ores and concentrates')","0","0","0"
"('LV', 'Mining of aluminium ores and concentrates')","0","0","0"
"('LV', 'Mining of precious metal ores and concentrates')","0","0","0"
"('LV', 'Mining of lead, zinc and tin ores and concentrates')","0","0","0"
"('LV', 'Mining of other non-ferrous metal ores and concentrates')","0","0","0"
"('LV', 'Mining of chemical and fertilizer minerals, production of salt, other mining and quarrying n.e.c.')","0","0","0"
"('LV', 'Production of meat products nec')","0","0","0"
"('LV', 'Processed rice')","0","0","0"
"('LV', 'Sugar refining')","0","0","0"
"('LV', 'Re-processing of secondary wood material into new wood material')","0","0","0"
"('LV', 'Re-processing of secondary paper into new pulp')","0","0","0"
"('LV', 'Manufacture of coke oven products')","0","0","0"
"('LV', 'Petroleum Refinery')","0","0","0"
"('LV', 'Re-processing of secondary plastic into new plastic')","0","0","0"
"('LV', 'N-fertiliser')","0","0","0"
"('LV', 'Re-processing of secondary glass into new glass')","0","0","0"
"('LV', 'Re-processing of ash into clinker')","0","0","0"
"('LV', 'Re-processing of secondary steel into new steel')","0","0","0"
"('LV', 'Precious metals production')","0","0","0"
"('LV', 'Re-processing of secondary preciuos metals into new preciuos metals')","0","0","0"
"('LV', 'Re-processing of secondary aluminium into new aluminium')","0","0","0"
"('LV', 'Lead, zinc and tin production')","0","0","0"
"('LV', 'Re-processing of secondary lead into new lead, zinc and tin')","0","0","0"
"('LV', 'Re-processing of secondary copper into new copper')","0","0","0"
"('LV', 'Re-processing of secondary other non-ferrous metals into new other non-ferrous metals')","0","0","0"
"('LV', 'Casting of metals')","0","0","0"
"('LV', 'Manufacture of electrical machinery and apparatus n.e.c. (31)')","0","0","0"
"('LV', 'Manufacture of radio, television and communication equipment and apparatus (32)')","0","0","0"
"('LV', 'Manufacture of medical, precision and optical instruments, watches and clocks (33)')","0","0","0"
"('LV', 'Recycling of waste and scrap')","0","0","0"
"('LV', 'Recycling of bottles by direct reuse')","0","0","0"
"('LV', 'Production of electricity by coal')","0","0","0"
"('LV', 'Production of electricity by nuclear')","0","0","0"
"('LV', 'Production of electricity by petroleum and other oil derivatives')","0","0","0"
"('LV', 'Production of electricity by solar photovoltaic')","0","0","0"
"('LV', 'Production of electricity by solar thermal')","0","0","0"
"('LV', 'Production of electricity by tide, wave, ocean')","0","0","0"
"('LV', 'Production of electricity by Geothermal')","0","0","0"
"('LV', 'Production of electricity nec')","0","0","0"
"('LV', 'Re-processing of secondary construction material into aggregates')","0","0","0"
"('LV', 'Inland water transport')","0","0","0"
"('LV', 'Incineration of waste: Food')","0","0","0"
"('LV', 'Incineration of waste: Paper')","0","0","0"
"('LV', 'Incineration of waste: Plastic')","0","0","0"
"('LV', 'Incineration of waste: Metals and Inert materials')","0","0","0"
"('LV', 'Incineration of waste: Textiles')","0","0","0"
"('LV', 'Incineration of waste: Wood')","0","0","0"
"('LV', 'Incineration of waste: Oil/Hazardous waste')","0","0","0"
"('LV', 'Biogasification of food waste, incl. land application')","0","0","0"
"('LV', 'Biogasification of paper, incl. land application')","0","0","0"
"('LV', 'Biogasification of sewage slugde, incl. land application')","0","0","0"
"('LV', 'Composting of food waste, incl. land application')","0","0","0"
"('LV', 'Composting of paper and wood, incl. land application')","0","0","0"
"('LV', 'Waste water treatment, food')","0","0","0"
"('LV', 'Waste water treatment, other')","0","0","0"
"('LV', 'Landfill of waste: Food')","0","0","0"
"('LV', 'Landfill of waste: Paper')","0","0","0"
"('LV', 'Landfill of waste: Plastic')","0","0","0"
"('LV', 'Landfill of waste: Inert/metal/hazardous')","0","0","0"
"('LV', 'Landfill of waste: Textiles')","0","0","0"
"('LV', 'Landfill of waste: Wood')","0","0","0"
"('LV', 'Extra-territorial organizations and bodies')","0","0","0"
"('MT', 'Cultivation of paddy rice')","0","0","0"
"('MT', 'Cultivation of cereal grains nec')","0","0","0"
"('MT', 'Cultivation of oil seeds')","0","0","0"
"('MT', 'Cultivation of sugar cane, sugar beet')","0","0","0"
"('MT', 'Cultivation of plant-based fibers')","0","0","0"
"('MT', 'Cultivation of crops nec')","0","0","0"
"('MT', 'Cattle farming')","0","0","0"
"('MT', 'Animal products nec')","0","0","0"
"('MT', 'Wool, silk-worm cocoons')","0","0","0"
"('MT', 'Manure treatment (conventional), storage and land application')","0","0","0"
"('MT', 'Manure treatment (biogas), storage and land application')","0","0","0"
"('MT', 'Forestry, logging and related service activities (02)')","0","0","0"
"('MT', 'Mining of coal and lignite; extraction of peat (10)')","0","0","0"
"('MT', 'Extraction of crude petroleum and services related to crude oil extraction, excluding surveying')","0","0","0"
"('MT', 'Extraction of natural gas and services related to natural gas extraction, excluding surveying')","0","0","0"
"('MT', 'Extraction, liquefaction, and regasification of other petroleum and gaseous materials')","0","0","0"
"('MT', 'Mining of uranium and thorium ores (12)')","0","0","0"
"('MT', 'Mining of iron ores')","0","0","0"
"('MT', 'Mining of copper ores and concentrates')","0","0","0"
"('MT', 'Mining of nickel ores and concentrates')","0","0","0"
"('MT', 'Mining of aluminium ores and concentrates')","0","0","0"
"('MT', 'Mining of precious metal ores and concentrates')","0","0","0"
"('MT', 'Mining of lead, zinc and tin ores and concentrates')","0","0","0"
"('MT', 'Mining of other non-ferrous metal ores and concentrates')","0","0","0"
"('MT', 'Mining of chemical and fertilizer minerals, production of salt, other mining and quarrying n.e.c.')","0","0","0"
"('MT', 'Processing of meat cattle')","0","0","0"
"('MT', 'Processing of meat pigs')","0","0","0"
"('MT', 'Processing of meat poultry')","0","0","0"
"('MT', 'Production of meat products nec')","0","0","0"
"('MT', 'Processing vegetable oils and fats')","0","0","0"
"('MT', 'Processing of dairy products')","0","0","0"
"('MT', 'Processed rice')","0","0","0"
"('MT', 'Sugar refining')","0","0","0"
"('MT', 'Processing of Food products nec')","0","0","0"
"('MT', 'Manufacture of beverages')","0","0","0"
"('MT', 'Manufacture of fish products')","0","0","0"
"('MT', 'Manufacture of tobacco products (16)')","0","0","0"
"('MT', 'Manufacture of textiles (17)')","0","0","0"
"('MT', 'Manufacture of wearing apparel; dressing and dyeing of fur (18)')","0","0","0"
"('MT', 'Tanning and dressing of leather; manufacture of luggage, handbags, saddlery, harness and footwear (19)')","0","0","0"
"('MT', 'Manufacture of wood and of products of wood and cork, except furniture; manufacture of articles of straw and plaiting materials (20)')","0","0","0"
"('MT', 'Re-processing of secondary wood material into new wood material')","0","0","0"
"('MT', 'Pulp')","0","0","0"
"('MT', 'Re-processing of secondary paper into new pulp')","0","0","0"
"('MT', 'Paper')","0","0","0"
"('MT', 'Manufacture of coke oven products')","0","0","0"
"('MT', 'Processing of nuclear fuel')","0","0","0"
"('MT', 'Plastics, basic')","0","0","0"
"('MT', 'Re-processing of secondary plastic into new plastic')","0","0","0"
"('MT', 'N-fertiliser')","0","0","0"
"('MT', 'P- and other fertiliser')","0","0","0"
"('MT', 'Chemicals nec')","0","0","0"
"('MT', 'Manufacture of glass and glass products')","0","0","0"
"('MT', 'Re-processing of secondary glass into new glass')","0","0","0"
"('MT', 'Manufacture of ceramic goods')","0","0","0"
"('MT', 'Manufacture of bricks, tiles and construction products, in baked clay')","0","0","0"
"('MT', 'Manufacture of cement, lime and plaster')","0","0","0"
"('MT', 'Re-processing of ash into clinker')","0","0","0"
"('MT', 'Manufacture of other non-metallic mineral products n.e.c.')","0","0","0"
"('MT', 'Manufacture of basic iron and steel and of ferro-alloys and first products thereof')","0","0","0"
"('MT', 'Re-processing of secondary steel into new steel')","0","0","0"
"('MT', 'Precious metals production')","0","0","0"
"('MT', 'Re-processing of secondary preciuos metals into new preciuos metals')","0","0","0"
"('MT', 'Aluminium production')","0","0","0"
"('MT', 'Re-processing of secondary aluminium into new aluminium')","0","0","0"
"('MT', 'Lead, zinc and tin production')","0","0","0"
"('MT', 'Re-processing of secondary lead into new lead, zinc and tin')","0","0","0"
"('MT', 'Copper production')","0","0","0"
"('MT', 'Re-processing of secondary copper into new copper')","0","0","0"
"('MT', 'Other non-ferrous metal production')","0","0","0"
"('MT', 'Re-processing of secondary other non-ferrous metals into new other non-ferrous metals')","0","0","0"
"('MT', 'Casting of metals')","0","0","0"
"('MT', 'Manufacture of fabricated metal products, except machinery and equipment (28)')","0","0","0"
"('MT', 'Manufacture of machinery and equipment n.e.c. (29)')","0","0","0"
"('MT', 'Manufacture of office machinery and computers (30)')","0","0","0"
"('MT', 'Manufacture of electrical machinery and apparatus n.e.c. (31)')","0","0","0"
"('MT', 'Manufacture of radio, television and communication equipment and apparatus (32)')","0","0","0"
"('MT', 'Manufacture of medical, precision and optical instruments, watches and clocks (33)')","0","0","0"
"('MT', 'Manufacture of furniture; manufacturing n.e.c. (36)')","0","0","0"
"('MT', 'Recycling of waste and scrap')","0","0","0"
"('MT', 'Recycling of bottles by direct reuse')","0","0","0"
"('MT', 'Production of electricity by coal')","0","0","0"
"('MT', 'Production of electricity by nuclear')","0","0","0"
"('MT', 'Production of electricity by hydro')","0","0","0"
"('MT', 'Production of electricity by wind')","0","0","0"
"('MT', 'Production of electricity by petroleum and other oil derivatives')","0","0","0"
"('MT', 'Production of electricity by biomass and waste')","0","0","0"
"('MT', 'Production of electricity by solar thermal')","0","0","0"
"('MT', 'Production of electricity by tide, wave, ocean')","0","0","0"
"('MT', 'Production of electricity by Geothermal')","0","0","0"
"('MT', 'Production of electricity nec')","0","0","0"
"('MT', 'Manufacture of gas; distribution of gaseous fuels through mains')","0","0","0"
"('MT', 'Steam and hot water supply')","0","0","0"
"('MT', 'Collection, purification and distribution of water (41)')","0","0","0"
"('MT', 'Re-processing of secondary construction material into aggregates')","0","0","0"
"('MT', 'Other land transport')","0","0","0"
"('MT', 'Transport via pipelines')","0","0","0"
"('MT', 'Financial intermediation, except insurance and pension funding (65)')","0","0","0"
"('MT', 'Renting of machinery and equipment without operator and of personal and household goods (71)')","0","0","0"
"('MT', 'Research and development (73)')","0","0","0"
"('MT', 'Incineration of waste: Food')","0","0","0"
"('MT', 'Incineration of waste: Paper')","0","0","0"
"('MT', 'Incineration of waste: Plastic')","0","0","0"
"('MT', 'Incineration of waste: Metals and Inert materials')","0","0","0"
"('MT', 'Incineration of waste: Textiles')","0","0","0"
"('MT', 'Incineration of waste: Wood')","0","0","0"
"('MT', 'Incineration of waste: Oil/Hazardous waste')","0","0","0"
"('MT', 'Biogasification of food waste, incl. land application')","0","0","0"
"('MT', 'Biogasification of paper, incl. land application')","0","0","0"
"('MT', 'Biogasification of sewage slugde, incl. land application')","0","0","0"
"('MT', 'Composting of food waste, incl. land application')","0","0","0"
"('MT', 'Composting of paper and wood, incl. land application')","0","0","0"
"('MT', 'Waste water treatment, food')","0","0","0"
"('MT', 'Waste water treatment, other')","0","0","0"
"('MT', 'Landfill of waste: Food')","0","0","0"
"('MT', 'Landfill of waste: Paper')","0","0","0"
"('MT', 'Landfill of waste: Plastic')","0","0","0"
"('MT', 'Landfill of waste: Inert/metal/hazardous')","0","0","0"
"('MT', 'Landfill of waste: Textiles')","0","0","0"
"('MT', 'Landfill of waste: Wood')","0","0","0"
"('MT', 'Private households with employed persons (95)')","0","0","0"
"('MT', 'Extra-territorial organizations and bodies')","0","0","0"
"('NL', 'Cultivation of paddy rice')","0","0","0"
"('NL', 'Cultivation of oil seeds')","0","0","0"
"('NL', 'Cultivation of plant-based fibers')","0","0","0"
"('NL', 'Animal products nec')","0","0","0"
"('NL', 'Manure treatment (conventional), storage and land application')","0","0","0"
"('NL', 'Manure treatment (biogas), storage and land application')","0","0","0"
"('NL', 'Mining of coal and lignite; extraction of peat (10)')","0","0","0"
"('NL', 'Extraction, liquefaction, and regasification of other petroleum and gaseous materials')","0","0","0"
"('NL', 'Mining of uranium and thorium ores (12)')","0","0","0"
"('NL', 'Mining of iron ores')","0","0","0"
"('NL', 'Mining of copper ores and concentrates')","0","0","0"
"('NL', 'Mining of nickel ores and concentrates')","0","0","0"
"('NL', 'Mining of aluminium ores and concentrates')","0","0","0"
"('NL', 'Mining of precious metal ores and concentrates')","0","0","0"
"('NL', 'Mining of lead, zinc and tin ores and concentrates')","0","0","0"
"('NL', 'Mining of other non-ferrous metal ores and concentrates')","0","0","0"
"('NL', 'Re-processing of secondary wood material into new wood material')","0","0","0"
"('NL', 'Re-processing of secondary paper into new pulp')","0","0","0"
"('NL', 'Re-processing of secondary plastic into new plastic')","0","0","0"
"('NL', 'Re-processing of secondary glass into new glass')","0","0","0"
"('NL', 'Re-processing of ash into clinker')","0","0","0"
"('NL', 'Re-processing of secondary steel into new steel')","0","0","0"
"('NL', 'Re-processing of secondary preciuos metals into new preciuos metals')","0","0","0"
"('NL', 'Re-processing of secondary aluminium into new aluminium')","0","0","0"
"('NL', 'Re-processing of secondary lead into new lead, zinc and tin')","0","0","0"
"('NL', 'Re-processing of secondary copper into new copper')","0","0","0"
"('NL', 'Re-processing of secondary other non-ferrous metals into new other non-ferrous metals')","0","0","0"
"('NL', 'Manufacture of electrical machinery and apparatus n.e.c. (31)')","0","0","0"
"('NL', 'Manufacture of radio, television and communication equipment and apparatus (32)')","0","0","0"
"('NL', 'Manufacture of medical, precision and optical instruments, watches and clocks (33)')","0","0","0"
"('NL', 'Recycling of waste and scrap')","0","0","0"
"('NL', 'Recycling of bottles by direct reuse')","0","0","0"
"('NL', 'Production of electricity by hydro')","0","0","0"
"('NL', 'Production of electricity by solar thermal')","0","0","0"
"('NL', 'Production of electricity by tide, wave, ocean')","0","0","0"
"('NL', 'Production of electricity by Geothermal')","0","0","0"
"('NL', 'Re-processing of secondary construction material into aggregates')","0","0","0"
"('NL', 'Composting of paper and wood, incl. land application')","0","0","0"
"('NL', 'Extra-territorial organizations and bodies')","0","0","0"
"('PL', 'Cultivation of paddy rice')","0","0","0"
"('PL', 'Cultivation of plant-based fibers')","0","0","0"
"('PL', 'Wool, silk-worm cocoons')","0","0","0"
"('PL', 'Manure treatment (conventional), storage and land application')","0","0","0"
"('PL', 'Manure treatment (biogas), storage and land application')","0","0","0"
"('PL', 'Mining of uranium and thorium ores (12)')","0","0","0"
"('PL', 'Mining of iron ores')","0","0","0"
"('PL', 'Mining of aluminium ores and concentrates')","0","0","0"
"('PL', 'Mining of other non-ferrous metal ores and concentrates')","0","0","0"
"('PL', 'Mining of chemical and fertilizer minerals, production of salt, other mining and quarrying n.e.c.')","0","0","0"
"('PL', 'Re-processing of secondary wood material into new wood material')","0","0","0"
"('PL', 'Re-processing of secondary paper into new pulp')","0","0","0"
"('PL', 'Processing of nuclear fuel')","0","0","0"
"('PL', 'Re-processing of secondary plastic into new plastic')","0","0","0"
"('PL', 'Re-processing of secondary glass into new glass')","0","0","0"
"('PL', 'Re-processing of ash into clinker')","0","0","0"
"('PL', 'Re-processing of secondary preciuos metals into new preciuos metals')","0","0","0"
"('PL', 'Re-processing of secondary aluminium into new aluminium')","0","0","0"
"('PL', 'Re-processing of secondary lead into new lead, zinc and tin')","0","0","0"
"('PL', 'Re-processing of secondary copper into new copper')","0","0","0"
"('PL', 'Re-processing of secondary other non-ferrous metals into new other non-ferrous metals')","0","0","0"
"('PL', 'Manufacture of electrical machinery and apparatus n.e.c. (31)')","0","0","0"
"('PL', 'Manufacture of radio, television and communication equipment and apparatus (32)')","0","0","0"
"('PL', 'Manufacture of medical, precision and optical instruments, watches and clocks (33)')","0","0","0"
"('PL', 'Recycling of bottles by direct reuse')","0","0","0"
"('PL', 'Production of electricity by nuclear')","0","0","0"
"('PL', 'Production of electricity by solar thermal')","0","0","0"
"('PL', 'Production of electricity by tide, wave, ocean')","0","0","0"
"('PL', 'Production of electricity by Geothermal')","0","0","0"
"('PL', 'Production of electricity nec')","0","0","0"
"('PL', 'Re-processing of secondary construction material into aggregates')","0","0","0"
"('PL', 'Extra-territorial organizations and bodies')","0","0","0"
"('PT', 'Cultivation of sugar cane, sugar beet')","0","0","0"
"('PT', 'Cultivation of plant-based fibers')","0","0","0"
"('PT', 'Cultivation of crops nec')","0","0","0"
"('PT', 'Manure treatment (conventional), storage and land application')","0","0","0"
"('PT', 'Manure treatment (biogas), storage and land application')","0","0","0"
"('PT', 'Mining of coal and lignite; extraction of peat (10)')","0","0","0"
"('PT', 'Extraction of crude petroleum and services related to crude oil extraction, excluding surveying')","0","0","0"
"('PT', 'Extraction of natural gas and services related to natural gas extraction, excluding surveying')","0","0","0"
"('PT', 'Mining of uranium and thorium ores (12)')","0","0","0"
"('PT', 'Mining of iron ores')","0","0","0"
"('PT', 'Mining of nickel ores and concentrates')","0","0","0"
"('PT', 'Mining of aluminium ores and concentrates')","0","0","0"
"('PT', 'Sugar refining')","0","0","0"
"('PT', 'Re-processing of secondary wood material into new wood material')","0","0","0"
"('PT', 'Re-processing of secondary paper into new pulp')","0","0","0"
"('PT', 'Manufacture of coke oven products')","0","0","0"
"('PT', 'Processing of nuclear fuel')","0","0","0"
"('PT', 'Re-processing of secondary plastic into new plastic')","0","0","0"
"('PT', 'Re-processing of secondary glass into new glass')","0","0","0"
"('PT', 'Re-processing of ash into clinker')","0","0","0"
"('PT', 'Manufacture of basic iron and steel and of ferro-alloys and first products thereof')","0","0","0"
"('PT', 'Re-processing of secondary preciuos metals into new preciuos metals')","0","0","0"
"('PT', 'Re-processing of secondary aluminium into new aluminium')","0","0","0"
"('PT', 'Re-processing of secondary lead into new lead, zinc and tin')","0","0","0"
"('PT', 'Re-processing of secondary copper into new copper')","0","0","0"
"('PT', 'Re-processing of secondary other non-ferrous metals into new other non-ferrous metals')","0","0","0"
"('PT', 'Manufacture of electrical machinery and apparatus n.e.c. (31)')","0","0","0"
"('PT', 'Manufacture of radio, television and communication equipment and apparatus (32)')","0","0","0"
"('PT', 'Manufacture of medical, precision and optical instruments, watches and clocks (33)')","0","0","0"
"('PT', 'Recycling of bottles by direct reuse')","0","0","0"
"('PT', 'Production of electricity by nuclear')","0","0","0"
"('PT', 'Production of electricity by solar thermal')","0","0","0"
"('PT', 'Production of electricity by tide, wave, ocean')","0","0","0"
"('PT', 'Production of electricity nec')","0","0","0"
"('PT', 'Re-processing of secondary construction material into aggregates')","0","0","0"
"('PT', 'Biogasification of sewage slugde, incl. land application')","0","0","0"
"('PT', 'Extra-territorial organizations and bodies')","0","0","0"
"('RO', 'Cultivation of plant-based fibers')","0","0","0"
"('RO', 'Manure treatment (conventional), storage and land application')","0","0","0"
"('RO', 'Manure treatment (biogas), storage and land application')","0","0","0"
"('RO', 'Mining of uranium and thorium ores (12)')","0","0","0"
"('RO', 'Mining of iron ores')","0","0","0"
"('RO', 'Mining of copper ores and concentrates')","0","0","0"
"('RO', 'Mining of nickel ores and concentrates')","0","0","0"
"('RO', 'Mining of aluminium ores and concentrates')","0","0","0"
"('RO', 'Mining of precious metal ores and concentrates')","0","0","0"
"('RO', 'Mining of lead, zinc and tin ores and concentrates')","0","0","0"
"('RO', 'Mining of other non-ferrous metal ores and concentrates')","0","0","0"
"('RO', 'Quarrying of stone')","0","0","0"
"('RO', 'Quarrying of sand and clay')","0","0","0"
"('RO', 'Mining of chemical and fertilizer minerals, production of salt, other mining and quarrying n.e.c.')","0","0","0"
"('RO', 'Processed rice')","0","0","0"
"('RO', 'Re-processing of secondary wood material into new wood material')","0","0","0"
"('RO', 'Re-processing of secondary paper into new pulp')","0","0","0"
"('RO', 'Manufacture of coke oven products')","0","0","0"
"('RO', 'Processing of nuclear fuel')","0","0","0"
"('RO', 'Re-processing of secondary plastic into new plastic')","0","0","0"
"('RO', 'N-fertiliser')","0","0","0"
"('RO', 'Re-processing of secondary glass into new glass')","0","0","0"
"('RO', 'Re-processing of ash into clinker')","0","0","0"
"('RO', 'Precious metals production')","0","0","0"
"('RO', 'Re-processing of secondary preciuos metals into new preciuos metals')","0","0","0"
"('RO', 'Re-processing of secondary aluminium into new aluminium')","0","0","0"
"('RO', 'Re-processing of secondary lead into new lead, zinc and tin')","0","0","0"
"('RO', 'Re-processing of secondary copper into new copper')","0","0","0"
"('RO', 'Re-processing of secondary other non-ferrous metals into new other non-ferrous metals')","0","0","0"
"('RO', 'Manufacture of electrical machinery and apparatus n.e.c. (31)')","0","0","0"
"('RO', 'Manufacture of radio, television and communication equipment and apparatus (32)')","0","0","0"
"('RO', 'Manufacture of medical, precision and optical instruments, watches and clocks (33)')","0","0","0"
"('RO', 'Recycling of waste and scrap')","0","0","0"
"('RO', 'Recycling of bottles by direct reuse')","0","0","0"
"('RO', 'Production of electricity by solar thermal')","0","0","0"
"('RO', 'Production of electricity by tide, wave, ocean')","0","0","0"
"('RO', 'Production of electricity by Geothermal')","0","0","0"
"('RO', 'Production of electricity nec')","0","0","0"
"('RO', 'Re-processing of secondary construction material into aggregates')","0","0","0"
"('RO', 'Incineration of waste: Food')","0","0","0"
"('RO', 'Incineration of waste: Paper')","0","0","0"
"('RO', 'Incineration of waste: Plastic')","0","0","0"
"('RO', 'Incineration of waste: Textiles')","0","0","0"
"('RO', 'Incineration of waste: Wood')","0","0","0"
"('RO', 'Biogasification of food waste, incl. land application')","0","0","0"
"('RO', 'Biogasification of paper, incl. land application')","0","0","0"
"('RO', 'Biogasification of sewage slugde, incl. land application')","0","0","0"
"('RO', 'Composting of paper and wood, incl. land application')","0","0","0"
"('RO', 'Private households with employed persons (95)')","0","0","0"
"('RO', 'Extra-territorial organizations and bodies')","0","0","0"
"('SE', 'Cultivation of paddy rice')","0","0","0"
"('SE', 'Cultivation of plant-based fibers')","0","0","0"
"('SE', 'Wool, silk-worm cocoons')","0","0","0"
"('SE', 'Manure treatment (conventional), storage and land application')","0","0","0"
"('SE', 'Manure treatment (biogas), storage and land application')","0","0","0"
"('SE', 'Extraction of crude petroleum and services related to crude oil extraction, excluding surveying')","0","0","0"
"('SE', 'Mining of uranium and thorium ores (12)')","0","0","0"
"('SE', 'Mining of nickel ores and concentrates')","0","0","0"
"('SE', 'Mining of aluminium ores and concentrates')","0","0","0"
"('SE', 'Mining of other non-ferrous metal ores and concentrates')","0","0","0"
"('SE', 'Manufacture of tobacco products (16)')","0","0","0"
"('SE', 'Re-processing of secondary wood material into new wood material')","0","0","0"
"('SE', 'Re-processing of secondary paper into new pulp')","0","0","0"
"('SE', 'Re-processing of secondary plastic into new plastic')","0","0","0"
"('SE', 'N-fertiliser')","0","0","0"
"('SE', 'Re-processing of secondary glass into new glass')","0","0","0"
"('SE', 'Re-processing of ash into clinker')","0","0","0"
"('SE', 'Re-processing of secondary preciuos metals into new preciuos metals')","0","0","0"
"('SE', 'Re-processing of secondary aluminium into new aluminium')","0","0","0"
"('SE', 'Re-processing of secondary lead into new lead, zinc and tin')","0","0","0"
"('SE', 'Re-processing of secondary copper into new copper')","0","0","0"
"('SE', 'Re-processing of secondary other non-ferrous metals into new other non-ferrous metals')","0","0","0"
"('SE', 'Manufacture of electrical machinery and apparatus n.e.c. (31)')","0","0","0"
"('SE', 'Manufacture of radio, television and communication equipment and apparatus (32)')","0","0","0"
"('SE', 'Manufacture of medical, precision and optical instruments, watches and clocks (33)')","0","0","0"
"('SE', 'Recycling of bottles by direct reuse')","0","0","0"
"('SE', 'Production of electricity by coal')","0","0","0"
"('SE', 'Production of electricity by solar thermal')","0","0","0"
"('SE', 'Production of electricity by tide, wave, ocean')","0","0","0"
"('SE', 'Production of electricity by Geothermal')","0","0","0"
"('SE', 'Production of electricity nec')","0","0","0"
"('SE', 'Re-processing of secondary construction material into aggregates')","0","0","0"
"('SE', 'Composting of paper and wood, incl. land application')","0","0","0"
"('SE', 'Extra-territorial organizations and bodies')","0","0","0"
"('SI', 'Cultivation of paddy rice')","0","0","0"
"('SI', 'Cultivation of oil seeds')","0","0","0"
"('SI', 'Cultivation of sugar cane, sugar beet')","0","0","0"
"('SI', 'Cultivation of plant-based fibers')","0","0","0"
"('SI', 'Wool, silk-worm cocoons')","0","0","0"
"('SI', 'Manure treatment (conventional), storage and land application')","0","0","0"
"('SI', 'Manure treatment (biogas), storage and land application')","0","0","0"
"('SI', 'Extraction, liquefaction, and regasification of other petroleum and gaseous materials')","0","0","0"
"('SI', 'Mining of uranium and thorium ores (12)')","0","0","0"
"('SI', 'Mining of iron ores')","0","0","0"
"('SI', 'Mining of copper ores and concentrates')","0","0","0"
"('SI', 'Mining of nickel ores and concentrates')","0","0","0"
"('SI', 'Mining of aluminium ores and concentrates')","0","0","0"
"('SI', 'Mining of precious metal ores and concentrates')","0","0","0"
"('SI', 'Mining of lead, zinc and tin ores and concentrates')","0","0","0"
"('SI', 'Mining of other non-ferrous metal ores and concentrates')","0","0","0"
"('SI', 'Sugar refining')","0","0","0"
"('SI', 'Manufacture of tobacco products (16)')","0","0","0"
"('SI', 'Re-processing of secondary wood material into new wood material')","0","0","0"
"('SI', 'Re-processing of secondary paper into new pulp')","0","0","0"
"('SI', 'Manufacture of coke oven products')","0","0","0"
"('SI', 'Re-processing of secondary plastic into new plastic')","0","0","0"
"('SI', 'N-fertiliser')","0","0","0"
"('SI', 'Re-processing of secondary glass into new glass')","0","0","0"
"('SI', 'Re-processing of ash into clinker')","0","0","0"
"('SI', 'Manufacture of basic iron and steel and of ferro-alloys and first products thereof')","0","0","0"
"('SI', 'Re-processing of secondary preciuos metals into new preciuos metals')","0","0","0"
"('SI', 'Re-processing of secondary aluminium into new aluminium')","0","0","0"
"('SI', 'Re-processing of secondary lead into new lead, zinc and tin')","0","0","0"
"('SI', 'Re-processing of secondary copper into new copper')","0","0","0"
"('SI', 'Re-processing of secondary other non-ferrous metals into new other non-ferrous metals')","0","0","0"
"('SI', 'Manufacture of electrical machinery and apparatus n.e.c. (31)')","0","0","0"
"('SI', 'Manufacture of radio, television and communication equipment and apparatus (32)')","0","0","0"
"('SI', 'Manufacture of medical, precision and optical instruments, watches and clocks (33)')","0","0","0"
"('SI', 'Recycling of waste and scrap')","0","0","0"
"('SI', 'Recycling of bottles by direct reuse')","0","0","0"
"('SI', 'Production of electricity by wind')","0","0","0"
"('SI', 'Production of electricity by petroleum and other oil derivatives')","0","0","0"
"('SI', 'Production of electricity by solar thermal')","0","0","0"
"('SI', 'Production of electricity by tide, wave, ocean')","0","0","0"
"('SI', 'Production of electricity by Geothermal')","0","0","0"
"('SI', 'Production of electricity nec')","0","0","0"
"('SI', 'Re-processing of secondary construction material into aggregates')","0","0","0"
"('SI', 'Inland water transport')","0","0","0"
"('SI', 'Incineration of waste: Food')","0","0","0"
"('SI', 'Incineration of waste: Paper')","0","0","0"
"('SI', 'Incineration of waste: Plastic')","0","0","0"
"('SI', 'Incineration of waste: Textiles')","0","0","0"
"('SI', 'Incineration of waste: Wood')","0","0","0"
"('SI', 'Biogasification of food waste, incl. land application')","0","0","0"
"('SI', 'Biogasification of paper, incl. land application')","0","0","0"
"('SI', 'Composting of paper and wood, incl. land application')","0","0","0"
"('SI', 'Extra-territorial organizations and bodies')","0","0","0"
"('SK', 'Cultivation of paddy rice')","0","0","0"
"('SK', 'Cultivation of plant-based fibers')","0","0","0"
"('SK', 'Wool, silk-worm cocoons')","0","0","0"
"('SK', 'Manure treatment (conventional), storage and land application')","0","0","0"
"('SK', 'Manure treatment (biogas), storage and land application')","0","0","0"
"('SK', 'Mining of uranium and thorium ores (12)')","0","0","0"
"('SK', 'Mining of nickel ores and concentrates')","0","0","0"
"('SK', 'Mining of aluminium ores and concentrates')","0","0","0"
"('SK', 'Mining of other non-ferrous metal ores and concentrates')","0","0","0"
"('SK', 'Processed rice')","0","0","0"
"('SK', 'Re-processing of secondary wood material into new wood material')","0","0","0"
"('SK', 'Re-processing of secondary paper into new pulp')","0","0","0"
"('SK', 'Processing of nuclear fuel')","0","0","0"
"('SK', 'Re-processing of secondary plastic into new plastic')","0","0","0"
"('SK', 'N-fertiliser')","0","0","0"
"('SK', 'P- and other fertiliser')","0","0","0"
"('SK', 'Re-processing of secondary glass into new glass')","0","0","0"
"('SK', 'Re-processing of ash into clinker')","0","0","0"
"('SK', 'Re-processing of secondary preciuos metals into new preciuos metals')","0","0","0"
"('SK', 'Re-processing of secondary aluminium into new aluminium')","0","0","0"
"('SK', 'Re-processing of secondary lead into new lead, zinc and tin')","0","0","0"
"('SK', 'Re-processing of secondary copper into new copper')","0","0","0"
"('SK', 'Re-processing of secondary other non-ferrous metals into new other non-ferrous metals')","0","0","0"
"('SK', 'Manufacture of electrical machinery and apparatus n.e.c. (31)')","0","0","0"
"('SK', 'Manufacture of radio, television and communication equipment and apparatus (32)')","0","0","0"
"('SK', 'Manufacture of medical, precision and optical instruments, watches and clocks (33)')","0","0","0"
"('SK', 'Recycling of waste and scrap')","0","0","0"
"('SK', 'Recycling of bottles by direct reuse')","0","0","0"
"('SK', 'Production of electricity by wind')","0","0","0"
"('SK', 'Production of electricity by solar thermal')","0","0","0"
"('SK', 'Production of electricity by tide, wave, ocean')","0","0","0"
"('SK', 'Production of electricity by Geothermal')","0","0","0"
"('SK', 'Production of electricity nec')","0","0","0"
"('SK', 'Re-processing of secondary construction material into aggregates')","0","0","0"
"('SK', 'Inland water transport')","0","0","0"
"('SK', 'Real estate activities (70)')","0","0","0"
"('SK', 'Biogasification of food waste, incl. land application')","0","0","0"
"('SK', 'Biogasification of paper, incl. land application')","0","0","0"
"('SK', 'Composting of paper and wood, incl. land application')","0","0","0"
"('SK', 'Extra-territorial organizations and bodies')","0","0","0"
"('GB', 'Cultivation of paddy rice')","0","0","0"
"('GB', 'Cultivation of plant-based fibers')","0","0","0"
"('GB', 'Manure treatment (conventional), storage and land application')","0","0","0"
"('GB', 'Manure treatment (biogas), storage and land application')","0","0","0"
"('GB', 'Extraction, liquefaction, and regasification of other petroleum and gaseous materials')","0","0","0"
"('GB', 'Mining of uranium and thorium ores (12)')","0","0","0"
"('GB', 'Mining of iron ores')","0","0","0"
"('GB', 'Mining of copper ores and concentrates')","0","0","0"
"('GB', 'Mining of nickel ores and concentrates')","0","0","0"
"('GB', 'Mining of aluminium ores and concentrates')","0","0","0"
"('GB', 'Mining of precious metal ores and concentrates')","0","0","0"
"('GB', 'Mining of lead, zinc and tin ores and concentrates')","0","0","0"
"('GB', 'Mining of other non-ferrous metal ores and concentrates')","0","0","0"
"('GB', 'Quarrying of stone')","0","0","0"
"('GB', 'Quarrying of sand and clay')","0","0","0"
"('GB', 'Mining of chemical and fertilizer minerals, production of salt, other mining and quarrying n.e.c.')","0","0","0"
"('GB', 'Re-processing of secondary wood material into new wood material')","0","0","0"
"('GB', 'Re-processing of secondary paper into new pulp')","0","0","0"
"('GB', 'Re-processing of secondary plastic into new plastic')","0","0","0"
"('GB', 'N-fertiliser')","0","0","0"
"('GB', 'Re-processing of secondary glass into new glass')","0","0","0"
"('GB', 'Re-processing of ash into clinker')","0","0","0"
"('GB', 'Re-processing of secondary preciuos metals into new preciuos metals')","0","0","0"
"('GB', 'Re-processing of secondary aluminium into new aluminium')","0","0","0"
"('GB', 'Re-processing of secondary lead into new lead, zinc and tin')","0","0","0"
"('GB', 'Re-processing of secondary copper into new copper')","0","0","0"
"('GB', 'Re-processing of secondary other non-ferrous metals into new other non-ferrous metals')","0","0","0"
"('GB', 'Manufacture of radio, television and communication equipment and apparatus (32)')","0","0","0"
"('GB', 'Manufacture of medical, precision and optical instruments, watches and clocks (33)')","0","0","0"
"('GB', 'Recycling of waste and scrap')","0","0","0"
"('GB', 'Recycling of bottles by direct reuse')","0","0","0"
"('GB', 'Production of electricity by solar thermal')","0","0","0"
"('GB', 'Production of electricity by tide, wave, ocean')","0","0","0"
"('GB', 'Production of electricity by Geothermal')","0","0","0"
"('GB', 'Production of electricity nec')","0","0","0"
"('GB', 'Re-processing of secondary construction material into aggregates')","0","0","0"
"('GB', 'Composting of paper and wood, incl. land application')","0","0","0"
"('GB', 'Extra-territorial organizations and bodies')","0","0","0"
"('US', 'Manure treatment (conventional), storage and land application')","0","0","0"
"('US', 'Manure treatment (biogas), storage and land application')","0","0","0"
"('US', 'Mining of uranium and thorium ores (12)')","0","0","0"
"('US', 'Mining of nickel ores and concentrates')","0","0","0"
"('US', 'Mining of aluminium ores and concentrates')","0","0","0"
"('US', 'Re-processing of secondary wood material into new wood material')","0","0","0"
"('US', 'Re-processing of secondary paper into new pulp')","0","0","0"
"('US', 'Processing of nuclear fuel')","0","0","0"
"('US', 'Re-processing of secondary plastic into new plastic')","0","0","0"
"('US', 'Re-processing of secondary glass into new glass')","0","0","0"
"('US', 'Re-processing of ash into clinker')","0","0","0"
"('US', 'Re-processing of secondary preciuos metals into new preciuos metals')","0","0","0"
"('US', 'Re-processing of secondary aluminium into new aluminium')","0","0","0"
"('US', 'Re-processing of secondary lead into new lead, zinc and tin')","0","0","0"
"('US', 'Re-processing of secondary copper into new copper')","0","0","0"
"('US', 'Re-processing of secondary other non-ferrous metals into new other non-ferrous metals')","0","0","0"
"('US', 'Recycling of bottles by direct reuse')","0","0","0"
"('US', 'Production of electricity by tide, wave, ocean')","0","0","0"
"('US', 'Re-processing of secondary construction material into aggregates')","0","0","0"
"('US', 'Biogasification of food waste, incl. land application')","0","0","0"
"('US', 'Biogasification of paper, incl. land application')","0","0","0"
"('US', 'Extra-territorial organizations and bodies')","0","0","0"
"('JP', 'Cultivation of plant-based fibers')","0","0","0"
"('JP', 'Manure treatment (conventional), storage and land application')","0","0","0"
"('JP', 'Manure treatment (biogas), storage and land application')","0","0","0"
"('JP', 'Extraction, liquefaction, and regasification of other petroleum and gaseous materials')","0","0","0"
"('JP', 'Mining of uranium and thorium ores (12)')","0","0","0"
"('JP', 'Mining of copper ores and concentrates')","0","0","0"
"('JP', 'Mining of nickel ores and concentrates')","0","0","0"
"('JP', 'Mining of aluminium ores and concentrates')","0","0","0"
"('JP', 'Mining of lead, zinc and tin ores and concentrates')","0","0","0"
"('JP', 'Re-processing of secondary wood material into new wood material')","0","0","0"
"('JP', 'Re-processing of secondary paper into new pulp')","0","0","0"
"('JP', 'Re-processing of secondary plastic into new plastic')","0","0","0"
"('JP', 'Re-processing of secondary glass into new glass')","0","0","0"
"('JP', 'Re-processing of ash into clinker')","0","0","0"
"('JP', 'Re-processing of secondary preciuos metals into new preciuos metals')","0","0","0"
"('JP', 'Re-processing of secondary aluminium into new aluminium')","0","0","0"
"('JP', 'Re-processing of secondary lead into new lead, zinc and tin')","0","0","0"
"('JP', 'Re-processing of secondary copper into new copper')","0","0","0"
"('JP', 'Re-processing of secondary other non-ferrous metals into new other non-ferrous metals')","0","0","0"
"('JP', 'Recycling of waste and scrap')","0","0","0"
"('JP', 'Recycling of bottles by direct reuse')","0","0","0"
"('JP', 'Production of electricity by biomass and waste')","0","0","0"
"('JP', 'Production of electricity by solar thermal')","0","0","0"
"('JP', 'Production of electricity by tide, wave, ocean')","0","0","0"
"('JP', 'Collection, purification and distribution of water (41)')","0","0","0"
"('JP', 'Re-processing of secondary construction material into aggregates')","0","0","0"
"('JP', 'Renting of machinery and equipment without operator and of personal and household goods (71)')","0","0","0"
"('JP', 'Incineration of waste: Food')","0","0","0"
"('JP', 'Incineration of waste: Paper')","0","0","0"
"('JP', 'Incineration of waste: Plastic')","0","0","0"
"('JP', 'Incineration of waste: Metals and Inert materials')","0","0","0"
"('JP', 'Incineration of waste: Textiles')","0","0","0"
"('JP', 'Incineration of waste: Wood')","0","0","0"
"('JP', 'Incineration of waste: Oil/Hazardous waste')","0","0","0"
"('JP', 'Biogasification of food waste, incl. land application')","0","0","0"
"('JP', 'Biogasification of paper, incl. land application')","0","0","0"
"('JP', 'Biogasification of sewage slugde, incl. land application')","0","0","0"
"('JP', 'Composting of food waste, incl. land application')","0","0","0"
"('JP', 'Composting of paper and wood, incl. land application')","0","0","0"
"('JP', 'Waste water treatment, food')","0","0","0"
"('JP', 'Waste water treatment, other')","0","0","0"
"('JP', 'Landfill of waste: Food')","0","0","0"
"('JP', 'Landfill of waste: Paper')","0","0","0"
"('JP', 'Landfill of waste: Plastic')","0","0","0"
"('JP', 'Landfill of waste: Inert/metal/hazardous')","0","0","0"
"('JP', 'Landfill of waste: Textiles')","0","0","0"
"('JP', 'Landfill of waste: Wood')","0","0","0"
"('JP', 'Extra-territorial organizations and bodies')","0","0","0"
"('CN', 'Manure treatment (conventional), storage and land application')","0","0","0"
"('CN', 'Manure treatment (biogas), storage and land application')","0","0","0"
"('CN', 'Mining of uranium and thorium ores (12)')","0","0","0"
"('CN', 'Re-processing of secondary wood material into new wood material')","0","0","0"
"('CN', 'Re-processing of secondary paper into new pulp')","0","0","0"
"('CN', 'Processing of nuclear fuel')","0","0","0"
"('CN', 'Re-processing of secondary plastic into new plastic')","0","0","0"
"('CN', 'Re-processing of secondary glass into new glass')","0","0","0"
"('CN', 'Re-processing of ash into clinker')","0","0","0"
"('CN', 'Re-processing of secondary preciuos metals into new preciuos metals')","0","0","0"
"('CN', 'Re-processing of secondary aluminium into new aluminium')","0","0","0"
"('CN', 'Re-processing of secondary lead into new lead, zinc and tin')","0","0","0"
"('CN', 'Re-processing of secondary copper into new copper')","0","0","0"
"('CN', 'Re-processing of secondary other non-ferrous metals into new other non-ferrous metals')","0","0","0"
"('CN', 'Recycling of bottles by direct reuse')","0","0","0"
"('CN', 'Production of electricity by tide, wave, ocean')","0","0","0"
"('CN', 'Production of electricity nec')","0","0","0"
"('CN', 'Re-processing of secondary construction material into aggregates')","0","0","0"
"('CN', 'Incineration of waste: Food')","0","0","0"
"('CN', 'Incineration of waste: Paper')","0","0","0"
"('CN', 'Incineration of waste: Plastic')","0","0","0"
"('CN', 'Incineration of waste: Metals and Inert materials')","0","0","0"
"('CN', 'Incineration of waste: Textiles')","0","0","0"
"('CN', 'Incineration of waste: Wood')","0","0","0"
"('CN', 'Incineration of waste: Oil/Hazardous waste')","0","0","0"
"('CN', 'Biogasification of food waste, incl. land application')","0","0","0"
"('CN', 'Biogasification of paper, incl. land application')","0","0","0"
"('CN', 'Biogasification of sewage slugde, incl. land application')","0","0","0"
"('CN', 'Composting of food waste, incl. land application')","0","0","0"
"('CN', 'Composting of paper and wood, incl. land application')","0","0","0"
"('CN', 'Waste water treatment, food')","0","0","0"
"('CN', 'Landfill of waste: Textiles')","0","0","0"
"('CN', 'Landfill of waste: Wood')","0","0","0"
"('CN', 'Extra-territorial organizations and bodies')","0","0","0"
"('CA', 'Cultivation of paddy rice')","0","0","0"
"('CA', 'Manure treatment (conventional), storage and land application')","0","0","0"
"('CA', 'Manure treatment (biogas), storage and land application')","0","0","0"
"('CA', 'Mining of uranium and thorium ores (12)')","0","0","0"
"('CA', 'Mining of aluminium ores and concentrates')","0","0","0"
"('CA', 'Mining of precious metal ores and concentrates')","0","0","0"
"('CA', 'Processed rice')","0","0","0"
"('CA', 'Re-processing of secondary wood material into new wood material')","0","0","0"
"('CA', 'Re-processing of secondary paper into new pulp')","0","0","0"
"('CA', 'Re-processing of secondary plastic into new plastic')","0","0","0"
"('CA', 'Re-processing of secondary glass into new glass')","0","0","0"
"('CA', 'Re-processing of ash into clinker')","0","0","0"
"('CA', 'Re-processing of secondary preciuos metals into new preciuos metals')","0","0","0"
"('CA', 'Re-processing of secondary aluminium into new aluminium')","0","0","0"
"('CA', 'Re-processing of secondary lead into new lead, zinc and tin')","0","0","0"
"('CA', 'Re-processing of secondary copper into new copper')","0","0","0"
"('CA', 'Re-processing of secondary other non-ferrous metals into new other non-ferrous metals')","0","0","0"
"('CA', 'Manufacture of machinery and equipment n.e.c. (29)')","0","0","0"
"('CA', 'Recycling of waste and scrap')","0","0","0"
"('CA', 'Recycling of bottles by direct reuse')","0","0","0"
"('CA', 'Production of electricity by solar thermal')","0","0","0"
"('CA', 'Production of electricity by tide, wave, ocean')","0","0","0"
"('CA', 'Production of electricity by Geothermal')","0","0","0"
"('CA', 'Production of electricity nec')","0","0","0"
"('CA', 'Collection, purification and distribution of water (41)')","0","0","0"
"('CA', 'Re-processing of secondary construction material into aggregates')","0","0","0"
"('CA', 'Renting of machinery and equipment without operator and of personal and household goods (71)')","0","0","0"
"('CA', 'Incineration of waste: Food')","0","0","0"
"('CA', 'Incineration of waste: Paper')","0","0","0"
"('CA', 'Incineration of waste: Plastic')","0","0","0"
"('CA', 'Incineration of waste: Metals and Inert materials')","0","0","0"
"('CA', 'Incineration of waste: Textiles')","0","0","0"
"('CA', 'Incineration of waste: Wood')","0","0","0"
"('CA', 'Incineration of waste: Oil/Hazardous waste')","0","0","0"
"('CA', 'Biogasification of food waste, incl. land application')","0","0","0"
"('CA', 'Biogasification of paper, incl. land application')","0","0","0"
"('CA', 'Biogasification of sewage slugde, incl. land application')","0","0","0"
"('CA', 'Composting of food waste, incl. land application')","0","0","0"
"('CA', 'Composting of paper and wood, incl. land application')","0","0","0"
"('CA', 'Waste water treatment, food')","0","0","0"
"('CA', 'Waste water treatment, other')","0","0","0"
"('CA', 'Landfill of waste: Food')","0","0","0"
"('CA', 'Landfill of waste: Paper')","0","0","0"
"('CA', 'Landfill of waste: Plastic')","0","0","0"
"('CA', 'Landfill of waste: Inert/metal/hazardous')","0","0","0"
"('CA', 'Landfill of waste: Textiles')","0","0","0"
"('CA', 'Landfill of waste: Wood')","0","0","0"
"('CA', 'Extra-territorial organizations and bodies')","0","0","0"
"('KR', 'Cultivation of sugar cane, sugar beet')","0","0","0"
"('KR', 'Cultivation of plant-based fibers')","0","0","0"
"('KR', 'Manure treatment (conventional), storage and land application')","0","0","0"
"('KR', 'Manure treatment (biogas), storage and land application')","0","0","0"
"('KR', 'Extraction, liquefaction, and regasification of other petroleum and gaseous materials')","0","0","0"
"('KR', 'Mining of uranium and thorium ores (12)')","0","0","0"
"('KR', 'Mining of aluminium ores and concentrates')","0","0","0"
"('KR', 'Re-processing of secondary wood material into new wood material')","0","0","0"
"('KR', 'Re-processing of secondary paper into new pulp')","0","0","0"
"('KR', 'Processing of nuclear fuel')","0","0","0"
"('KR', 'Re-processing of secondary plastic into new plastic')","0","0","0"
"('KR', 'Re-processing of secondary glass into new glass')","0","0","0"
"('KR', 'Re-processing of ash into clinker')","0","0","0"
"('KR', 'Re-processing of secondary preciuos metals into new preciuos metals')","0","0","0"
"('KR', 'Re-processing of secondary aluminium into new aluminium')","0","0","0"
"('KR', 'Re-processing of secondary lead into new lead, zinc and tin')","0","0","0"
"('KR', 'Re-processing of secondary copper into new copper')","0","0","0"
"('KR', 'Re-processing of secondary other non-ferrous metals into new other non-ferrous metals')","0","0","0"
"('KR', 'Recycling of bottles by direct reuse')","0","0","0"
"('KR', 'Production of electricity by solar thermal')","0","0","0"
"('KR', 'Production of electricity by Geothermal')","0","0","0"
"('KR', 'Collection, purification and distribution of water (41)')","0","0","0"
"('KR', 'Re-processing of secondary construction material into aggregates')","0","0","0"
"('KR', 'Incineration of waste: Food')","0","0","0"
"('KR', 'Incineration of waste: Paper')","0","0","0"
"('KR', 'Incineration of waste: Plastic')","0","0","0"
"('KR', 'Incineration of waste: Metals and Inert materials')","0","0","0"
"('KR', 'Incineration of waste: Textiles')","0","0","0"
"('KR', 'Incineration of waste: Wood')","0","0","0"
"('KR', 'Incineration of waste: Oil/Hazardous waste')","0","0","0"
"('KR', 'Biogasification of food waste, incl. land application')","0","0","0"
"('KR', 'Biogasification of paper, incl. land application')","0","0","0"
"('KR', 'Biogasification of sewage slugde, incl. land application')","0","0","0"
"('KR', 'Composting of food waste, incl. land application')","0","0","0"
"('KR', 'Composting of paper and wood, incl. land application')","0","0","0"
"('KR', 'Waste water treatment, food')","0","0","0"
"('KR', 'Landfill of waste: Food')","0","0","0"
"('KR', 'Landfill of waste: Paper')","0","0","0"
"('KR', 'Landfill of waste: Plastic')","0","0","0"
"('KR', 'Landfill of waste: Inert/metal/hazardous')","0","0","0"
"('KR', 'Landfill of waste: Textiles')","0","0","0"
"('KR', 'Landfill of waste: Wood')","0","0","0"
"('KR', 'Extra-territorial organizations and bodies')","0","0","0"
"('BR', 'Manure treatment (conventional), storage and land application')","0","0","0"
"('BR', 'Manure treatment (biogas), storage and land application')","0","0","0"
"('BR', 'Mining of uranium and thorium ores (12)')","0","0","0"
"('BR', 'Mining of nickel ores and concentrates')","0","0","0"
"('BR', 'Mining of aluminium ores and concentrates')","0","0","0"
"('BR', 'Mining of lead, zinc and tin ores and concentrates')","0","0","0"
"('BR', 'Re-processing of secondary wood material into new wood material')","0","0","0"
"('BR', 'Re-processing of secondary paper into new pulp')","0","0","0"
"('BR', 'Processing of nuclear fuel')","0","0","0"
"('BR', 'Re-processing of secondary plastic into new plastic')","0","0","0"
"('BR', 'Re-processing of secondary glass into new glass')","0","0","0"
"('BR', 'Re-processing of ash into clinker')","0","0","0"
"('BR', 'Re-processing of secondary preciuos metals into new preciuos metals')","0","0","0"
"('BR', 'Re-processing of secondary aluminium into new aluminium')","0","0","0"
"('BR', 'Re-processing of secondary lead into new lead, zinc and tin')","0","0","0"
"('BR', 'Re-processing of secondary copper into new copper')","0","0","0"
"('BR', 'Re-processing of secondary other non-ferrous metals into new other non-ferrous metals')","0","0","0"
"('BR', 'Recycling of waste and scrap')","0","0","0"
"('BR', 'Recycling of bottles by direct reuse')","0","0","0"
"('BR', 'Production of electricity by solar thermal')","0","0","0"
"('BR', 'Production of electricity by tide, wave, ocean')","0","0","0"
"('BR', 'Production of electricity by Geothermal')","0","0","0"
"('BR', 'Production of electricity nec')","0","0","0"
"('BR', 'Steam and hot water supply')","0","0","0"
"('BR', 'Collection, purification and distribution of water (41)')","0","0","0"
"('BR', 'Re-processing of secondary construction material into aggregates')","0","0","0"
"('BR', 'Incineration of waste: Food')","0","0","0"
"('BR', 'Incineration of waste: Paper')","0","0","0"
"('BR', 'Incineration of waste: Plastic')","0","0","0"
"('BR', 'Incineration of waste: Metals and Inert materials')","0","0","0"
"('BR', 'Incineration of waste: Textiles')","0","0","0"
"('BR', 'Incineration of waste: Wood')","0","0","0"
"('BR', 'Incineration of waste: Oil/Hazardous waste')","0","0","0"
"('BR', 'Biogasification of food waste, incl. land application')","0","0","0"
"('BR', 'Biogasification of paper, incl. land application')","0","0","0"
"('BR', 'Biogasification of sewage slugde, incl. land application')","0","0","0"
"('BR', 'Composting of paper and wood, incl. land application')","0","0","0"
"('BR', 'Landfill of waste: Plastic')","0","0","0"
"('BR', 'Landfill of waste: Textiles')","0","0","0"
"('BR', 'Extra-territorial organizations and bodies')","0","0","0"
"('IN', 'Manure treatment (conventional), storage and land application')","0","0","0"
"('IN', 'Manure treatment (biogas), storage and land application')","0","0","0"
"('IN', 'Extraction, liquefaction, and regasification of other petroleum and gaseous materials')","0","0","0"
"('IN', 'Mining of nickel ores and concentrates')","0","0","0"
"('IN', 'Mining of aluminium ores and concentrates')","0","0","0"
"('IN', 'Re-processing of secondary wood material into new wood material')","0","0","0"
"('IN', 'Re-processing of secondary paper into new pulp')","0","0","0"
"('IN', 'Processing of nuclear fuel')","0","0","0"
"('IN', 'Re-processing of secondary plastic into new plastic')","0","0","0"
"('IN', 'Re-processing of secondary glass into new glass')","0","0","0"
"('IN', 'Re-processing of ash into clinker')","0","0","0"
"('IN', 'Re-processing of secondary preciuos metals into new preciuos metals')","0","0","0"
"('IN', 'Re-processing of secondary aluminium into new aluminium')","0","0","0"
"('IN', 'Re-processing of secondary lead into new lead, zinc and tin')","0","0","0"
"('IN', 'Re-processing of secondary copper into new copper')","0","0","0"
"('IN', 'Re-processing of secondary other non-ferrous metals into new other non-ferrous metals')","0","0","0"
"('IN', 'Recycling of waste and scrap')","0","0","0"
"('IN', 'Recycling of bottles by direct reuse')","0","0","0"
"('IN', 'Production of electricity by solar thermal')","0","0","0"
"('IN', 'Production of electricity by tide, wave, ocean')","0","0","0"
"('IN', 'Production of electricity by Geothermal')","0","0","0"
"('IN', 'Production of electricity nec')","0","0","0"
"('IN', 'Steam and hot water supply')","0","0","0"
"('IN', 'Collection, purification and distribution of water (41)')","0","0","0"
"('IN', 'Re-processing of secondary construction material into aggregates')","0","0","0"
"('IN', 'Renting of machinery and equipment without operator and of personal and household goods (71)')","0","0","0"
"('IN', 'Incineration of waste: Food')","0","0","0"
"('IN', 'Incineration of waste: Paper')","0","0","0"
"('IN', 'Incineration of waste: Plastic')","0","0","0"
"('IN', 'Incineration of waste: Metals and Inert materials')","0","0","0"
"('IN', 'Incineration of waste: Textiles')","0","0","0"
"('IN', 'Incineration of waste: Wood')","0","0","0"
"('IN', 'Incineration of waste: Oil/Hazardous waste')","0","0","0"
"('IN', 'Biogasification of food waste, incl. land application')","0","0","0"
"('IN', 'Biogasification of paper, incl. land application')","0","0","0"
"('IN', 'Biogasification of sewage slugde, incl. land application')","0","0","0"
"('IN', 'Composting of food waste, incl. land application')","0","0","0"
"('IN', 'Composting of paper and wood, incl. land application')","0","0","0"
"('IN', 'Waste water treatment, food')","0","0","0"
"('IN', 'Waste water treatment, other')","0","0","0"
"('IN', 'Landfill of waste: Food')","0","0","0"
"('IN', 'Landfill of waste: Paper')","0","0","0"
"('IN', 'Landfill of waste: Plastic')","0","0","0"
"('IN', 'Landfill of waste: Inert/metal/hazardous')","0","0","0"
"('IN', 'Landfill of waste: Textiles')","0","0","0"
"('IN', 'Landfill of waste: Wood')","0","0","0"
"('IN', 'Extra-territorial organizations and bodies')","0","0","0"
"('MX', 'Manure treatment (conventional), storage and land application')","0","0","0"
"('MX', 'Manure treatment (biogas), storage and land application')","0","0","0"
"('MX', 'Mining of uranium and thorium ores (12)')","0","0","0"
"('MX', 'Mining of nickel ores and concentrates')","0","0","0"
"('MX', 'Mining of aluminium ores and concentrates')","0","0","0"
"('MX', 'Mining of lead, zinc and tin ores and concentrates')","0","0","0"
"('MX', 'Quarrying of stone')","0","0","0"
"('MX', 'Quarrying of sand and clay')","0","0","0"
"('MX', 'Mining of chemical and fertilizer minerals, production of salt, other mining and quarrying n.e.c.')","0","0","0"
"('MX', 'Re-processing of secondary wood material into new wood material')","0","0","0"
"('MX', 'Re-processing of secondary paper into new pulp')","0","0","0"
"('MX', 'Processing of nuclear fuel')","0","0","0"
"('MX', 'Re-processing of secondary plastic into new plastic')","0","0","0"
"('MX', 'Re-processing of secondary glass into new glass')","0","0","0"
"('MX', 'Re-processing of ash into clinker')","0","0","0"
"('MX', 'Re-processing of secondary preciuos metals into new preciuos metals')","0","0","0"
"('MX', 'Re-processing of secondary aluminium into new aluminium')","0","0","0"
"('MX', 'Re-processing of secondary lead into new lead, zinc and tin')","0","0","0"
"('MX', 'Re-processing of secondary copper into new copper')","0","0","0"
"('MX', 'Re-processing of secondary other non-ferrous metals into new other non-ferrous metals')","0","0","0"
"('MX', 'Manufacture of machinery and equipment n.e.c. (29)')","0","0","0"
"('MX', 'Recycling of waste and scrap')","0","0","0"
"('MX', 'Recycling of bottles by direct reuse')","0","0","0"
"('MX', 'Production of electricity by solar thermal')","0","0","0"
"('MX', 'Production of electricity by tide, wave, ocean')","0","0","0"
"('MX', 'Production of electricity nec')","0","0","0"
"('MX', 'Steam and hot water supply')","0","0","0"
"('MX', 'Collection, purification and distribution of water (41)')","0","0","0"
"('MX', 'Re-processing of secondary construction material into aggregates')","0","0","0"
"('MX', 'Renting of machinery and equipment without operator and of personal and household goods (71)')","0","0","0"
"('MX', 'Incineration of waste: Food')","0","0","0"
"('MX', 'Incineration of waste: Paper')","0","0","0"
"('MX', 'Incineration of waste: Plastic')","0","0","0"
"('MX', 'Incineration of waste: Metals and Inert materials')","0","0","0"
"('MX', 'Incineration of waste: Textiles')","0","0","0"
"('MX', 'Incineration of waste: Wood')","0","0","0"
"('MX', 'Incineration of waste: Oil/Hazardous waste')","0","0","0"
"('MX', 'Biogasification of food waste, incl. land application')","0","0","0"
"('MX', 'Biogasification of paper, incl. land application')","0","0","0"
"('MX', 'Biogasification of sewage slugde, incl. land application')","0","0","0"
"('MX', 'Composting of food waste, incl. land application')","0","0","0"
"('MX', 'Composting of paper and wood, incl. land application')","0","0","0"
"('MX', 'Waste water treatment, food')","0","0","0"
"('MX', 'Waste water treatment, other')","0","0","0"
"('MX', 'Landfill of waste: Food')","0","0","0"
"('MX', 'Landfill of waste: Paper')","0","0","0"
"('MX', 'Landfill of waste: Plastic')","0","0","0"
"('MX', 'Landfill of waste: Inert/metal/hazardous')","0","0","0"
"('MX', 'Landfill of waste: Textiles')","0","0","0"
"('MX', 'Landfill of waste: Wood')","0","0","0"
"('MX', 'Extra-territorial organizations and bodies')","0","0","0"
"('RU', 'Manure treatment (conventional), storage and land application')","0","0","0"
"('RU', 'Manure treatment (biogas), storage and land application')","0","0","0"
"('RU', 'Extraction, liquefaction, and regasification of other petroleum and gaseous materials')","0","0","0"
"('RU', 'Mining of uranium and thorium ores (12)')","0","0","0"
"('RU', 'Mining of iron ores')","0","0","0"
"('RU', 'Mining of aluminium ores and concentrates')","0","0","0"
"('RU', 'Mining of lead, zinc and tin ores and concentrates')","0","0","0"
"('RU', 'Mining of other non-ferrous metal ores and concentrates')","0","0","0"
"('RU', 'Quarrying of stone')","0","0","0"
"('RU', 'Quarrying of sand and clay')","0","0","0"
"('RU', 'Mining of chemical and fertilizer minerals, production of salt, other mining and quarrying n.e.c.')","0","0","0"
"('RU', 'Re-processing of secondary wood material into new wood material')","0","0","0"
"('RU', 'Re-processing of secondary paper into new pulp')","0","0","0"
"('RU', 'Processing of nuclear fuel')","0","0","0"
"('RU', 'Re-processing of secondary plastic into new plastic')","0","0","0"
"('RU', 'Re-processing of secondary glass into new glass')","0","0","0"
"('RU', 'Re-processing of ash into clinker')","0","0","0"
"('RU', 'Re-processing of secondary preciuos metals into new preciuos metals')","0","0","0"
"('RU', 'Re-processing of secondary aluminium into new aluminium')","0","0","0"
"('RU', 'Re-processing of secondary lead into new lead, zinc and tin')","0","0","0"
"('RU', 'Re-processing of secondary copper into new copper')","0","0","0"
"('RU', 'Re-processing of secondary other non-ferrous metals into new other non-ferrous metals')","0","0","0"
"('RU', 'Manufacture of machinery and equipment n.e.c. (29)')","0","0","0"
"('RU', 'Recycling of waste and scrap')","0","0","0"
"('RU', 'Recycling of bottles by direct reuse')","0","0","0"
"('RU', 'Production of electricity by solar thermal')","0","0","0"
"('RU', 'Production of electricity by tide, wave, ocean')","0","0","0"
"('RU', 'Production of electricity nec')","0","0","0"
"('RU', 'Collection, purification and distribution of water (41)')","0","0","0"
"('RU', 'Re-processing of secondary construction material into aggregates')","0","0","0"
"('RU', 'Renting of machinery and equipment without operator and of personal and household goods (71)')","0","0","0"
"('RU', 'Incineration of waste: Food')","0","0","0"
"('RU', 'Incineration of waste: Paper')","0","0","0"
"('RU', 'Incineration of waste: Plastic')","0","0","0"
"('RU', 'Incineration of waste: Metals and Inert materials')","0","0","0"
"('RU', 'Incineration of waste: Textiles')","0","0","0"
"('RU', 'Incineration of waste: Wood')","0","0","0"
"('RU', 'Incineration of waste: Oil/Hazardous waste')","0","0","0"
"('RU', 'Biogasification of food waste, incl. land application')","0","0","0"
"('RU', 'Biogasification of paper, incl. land application')","0","0","0"
"('RU', 'Biogasification of sewage slugde, incl. land application')","0","0","0"
"('RU', 'Composting of food waste, incl. land application')","0","0","0"
"('RU', 'Composting of paper and wood, incl. land application')","0","0","0"
"('RU', 'Waste water treatment, food')","0","0","0"
"('RU', 'Waste water treatment, other')","0","0","0"
"('RU', 'Landfill of waste: Food')","0","0","0"
"('RU', 'Landfill of waste: Paper')","0","0","0"
"('RU', 'Landfill of waste: Plastic')","0","0","0"
"('RU', 'Landfill of waste: Inert/metal/hazardous')","0","0","0"
"('RU', 'Landfill of waste: Textiles')","0","0","0"
"('RU', 'Landfill of waste: Wood')","0","0","0"
"('RU', 'Extra-territorial organizations and bodies')","0","0","0"
"('AU', 'Manure treatment (conventional), storage and land application')","0","0","0"
"('AU', 'Manure treatment (biogas), storage and land application')","0","0","0"
"('AU', 'Extraction, liquefaction, and regasification of other petroleum and gaseous materials')","0","0","0"
"('AU', 'Re-processing of secondary wood material into new wood material')","0","0","0"
"('AU', 'Processing of nuclear fuel')","0","0","0"
"('AU', 'Re-processing of secondary plastic into new plastic')","0","0","0"
"('AU', 'Re-processing of secondary glass into new glass')","0","0","0"
"('AU', 'Re-processing of ash into clinker')","0","0","0"
"('AU', 'Re-processing of secondary preciuos metals into new preciuos metals')","0","0","0"
"('AU', 'Re-processing of secondary aluminium into new aluminium')","0","0","0"
"('AU', 'Re-processing of secondary lead into new lead, zinc and tin')","0","0","0"
"('AU', 'Re-processing of secondary copper into new copper')","0","0","0"
"('AU', 'Re-processing of secondary other non-ferrous metals into new other non-ferrous metals')","0","0","0"
"('AU', 'Manufacture of machinery and equipment n.e.c. (29)')","0","0","0"
"('AU', 'Recycling of waste and scrap')","0","0","0"
"('AU', 'Recycling of bottles by direct reuse')","0","0","0"
"('AU', 'Production of electricity by nuclear')","0","0","0"
"('AU', 'Production of electricity by solar thermal')","0","0","0"
"('AU', 'Production of electricity by tide, wave, ocean')","0","0","0"
"('AU', 'Production of electricity by Geothermal')","0","0","0"
"('AU', 'Steam and hot water supply')","0","0","0"
"('AU', 'Collection, purification and distribution of water (41)')","0","0","0"
"('AU', 'Re-processing of secondary construction material into aggregates')","0","0","0"
"('AU', 'Renting of machinery and equipment without operator and of personal and household goods (71)')","0","0","0"
"('AU', 'Incineration of waste: Food')","0","0","0"
"('AU', 'Incineration of waste: Paper')","0","0","0"
"('AU', 'Incineration of waste: Plastic')","0","0","0"
"('AU', 'Incineration of waste: Metals and Inert materials')","0","0","0"
"('AU', 'Incineration of waste: Textiles')","0","0","0"
"('AU', 'Incineration of waste: Wood')","0","0","0"
"('AU', 'Incineration of waste: Oil/Hazardous waste')","0","0","0"
"('AU', 'Biogasification of food waste, incl. land application')","0","0","0"
"('AU', 'Biogasification of paper, incl. land application')","0","0","0"
"('AU', 'Biogasification of sewage slugde, incl. land application')","0","0","0"
"('AU', 'Composting of food waste, incl. land application')","0","0","0"
"('AU', 'Composting of paper and wood, incl. land application')","0","0","0"
"('AU', 'Waste water treatment, food')","0","0","0"
"('AU', 'Landfill of waste: Food')","0","0","0"
"('AU', 'Landfill of waste: Plastic')","0","0","0"
"('AU', 'Landfill of waste: Inert/metal/hazardous')","0","0","0"
"('AU', 'Landfill of waste: Textiles')","0","0","0"
"('AU', 'Landfill of waste: Wood')","0","0","0"
"('AU', 'Extra-territorial organizations and bodies')","0","0","0"
"('CH', 'Cultivation of paddy rice')","0","0","0"
"('CH', 'Cultivation of wheat')","0","0","0"
"('CH', 'Cultivation of cereal grains nec')","0","0","0"
"('CH', 'Cultivation of vegetables, fruit, nuts')","0","0","0"
"('CH', 'Cultivation of oil seeds')","0","0","0"
"('CH', 'Cultivation of sugar cane, sugar beet')","0","0","0"
"('CH', 'Cultivation of plant-based fibers')","0","0","0"
"('CH', 'Cultivation of crops nec')","0","0","0"
"('CH', 'Cattle farming')","0","0","0"
"('CH', 'Pigs farming')","0","0","0"
"('CH', 'Poultry farming')","0","0","0"
"('CH', 'Meat animals nec')","0","0","0"
"('CH', 'Animal products nec')","0","0","0"
"('CH', 'Raw milk')","0","0","0"
"('CH', 'Wool, silk-worm cocoons')","0","0","0"
"('CH', 'Manure treatment (conventional), storage and land application')","0","0","0"
"('CH', 'Manure treatment (biogas), storage and land application')","0","0","0"
"('CH', 'Forestry, logging and related service activities (02)')","0","0","0"
"('CH', 'Mining of coal and lignite; extraction of peat (10)')","0","0","0"
"('CH', 'Extraction of crude petroleum and services related to crude oil extraction, excluding surveying')","0","0","0"
"('CH', 'Extraction, liquefaction, and regasification of other petroleum and gaseous materials')","0","0","0"
"('CH', 'Mining of uranium and thorium ores (12)')","0","0","0"
"('CH', 'Mining of iron ores')","0","0","0"
"('CH', 'Mining of copper ores and concentrates')","0","0","0"
"('CH', 'Mining of nickel ores and concentrates')","0","0","0"
"('CH', 'Mining of aluminium ores and concentrates')","0","0","0"
"('CH', 'Mining of precious metal ores and concentrates')","0","0","0"
"('CH', 'Mining of lead, zinc and tin ores and concentrates')","0","0","0"
"('CH', 'Mining of other non-ferrous metal ores and concentrates')","0","0","0"
"('CH', 'Re-processing of secondary wood material into new wood material')","0","0","0"
"('CH', 'Re-processing of secondary paper into new pulp')","0","0","0"
"('CH', 'Manufacture of coke oven products')","0","0","0"
"('CH', 'Re-processing of secondary plastic into new plastic')","0","0","0"
"('CH', 'Re-processing of secondary glass into new glass')","0","0","0"
"('CH', 'Re-processing of ash into clinker')","0","0","0"
"('CH', 'Manufacture of basic iron and steel and of ferro-alloys and first products thereof')","0","0","0"
"('CH', 'Re-processing of secondary preciuos metals into new preciuos metals')","0","0","0"
"('CH', 'Re-processing of secondary aluminium into new aluminium')","0","0","0"
"('CH', 'Re-processing of secondary lead into new lead, zinc and tin')","0","0","0"
"('CH', 'Re-processing of secondary copper into new copper')","0","0","0"
"('CH', 'Re-processing of secondary other non-ferrous metals into new other non-ferrous metals')","0","0","0"
"('CH', 'Manufacture of machinery and equipment n.e.c. (29)')","0","0","0"
"('CH', 'Manufacture of electrical machinery and apparatus n.e.c. (31)')","0","0","0"
"('CH', 'Manufacture of radio, television and communication equipment and apparatus (32)')","0","0","0"
"('CH', 'Manufacture of medical, precision and optical instruments, watches and clocks (33)')","0","0","0"
"('CH', 'Recycling of bottles by direct reuse')","0","0","0"
"('CH', 'Production of electricity by coal')","0","0","0"
"('CH', 'Production of electricity by petroleum and other oil derivatives')","0","0","0"
"('CH', 'Production of electricity by solar thermal')","0","0","0"
"('CH', 'Production of electricity by tide, wave, ocean')","0","0","0"
"('CH', 'Production of electricity by Geothermal')","0","0","0"
"('CH', 'Production of electricity nec')","0","0","0"
"('CH', 'Re-processing of secondary construction material into aggregates')","0","0","0"
"('CH', 'Incineration of waste: Plastic')","0","0","0"
"('CH', 'Incineration of waste: Metals and Inert materials')","0","0","0"
"('CH', 'Incineration of waste: Textiles')","0","0","0"
"('CH', 'Incineration of waste: Wood')","0","0","0"
"('CH', 'Incineration of waste: Oil/Hazardous waste')","0","0","0"
"('CH', 'Biogasification of food waste, incl. land application')","0","0","0"
"('CH', 'Biogasification of paper, incl. land application')","0","0","0"
"('CH', 'Biogasification of sewage slugde, incl. land application')","0","0","0"
"('CH', 'Composting of food waste, incl. land application')","0","0","0"
"('CH', 'Composting of paper and wood, incl. land application')","0","0","0"
"('CH', 'Waste water treatment, food')","0","0","0"
"('CH', 'Waste water treatment, other')","0","0","0"
"('CH', 'Landfill of waste: Food')","0","0","0"
"('CH', 'Landfill of waste: Paper')","0","0","0"
"('CH', 'Landfill of waste: Plastic')","0","0","0"
"('CH', 'Landfill of waste: Inert/metal/hazardous')","0","0","0"
"('CH', 'Landfill of waste: Textiles')","0","0","0"
"('CH', 'Landfill of waste: Wood')","0","0","0"
"('CH', 'Extra-territorial organizations and bodies')","0","0","0"
"('TR', 'Pigs farming')","0","0","0"
"('TR', 'Manure treatment (conventional), storage and land application')","0","0","0"
"('TR', 'Manure treatment (biogas), storage and land application')","0","0","0"
"('TR', 'Mining of uranium and thorium ores (12)')","0","0","0"
"('TR', 'Processing of meat pigs')","0","0","0"
"('TR', 'Re-processing of secondary wood material into new wood material')","0","0","0"
"('TR', 'Re-processing of secondary paper into new pulp')","0","0","0"
"('TR', 'Processing of nuclear fuel')","0","0","0"
"('TR', 'Re-processing of secondary plastic into new plastic')","0","0","0"
"('TR', 'Re-processing of secondary glass into new glass')","0","0","0"
"('TR', 'Re-processing of ash into clinker')","0","0","0"
"('TR', 'Re-processing of secondary preciuos metals into new preciuos metals')","0","0","0"
"('TR', 'Re-processing of secondary aluminium into new aluminium')","0","0","0"
"('TR', 'Re-processing of secondary lead into new lead, zinc and tin')","0","0","0"
"('TR', 'Re-processing of secondary copper into new copper')","0","0","0"
"('TR', 'Re-processing of secondary other non-ferrous metals into new other non-ferrous metals')","0","0","0"
"('TR', 'Recycling of waste and scrap')","0","0","0"
"('TR', 'Recycling of bottles by direct reuse')","0","0","0"
"('TR', 'Production of electricity by nuclear')","0","0","0"
"('TR', 'Production of electricity by solar thermal')","0","0","0"
"('TR', 'Production of electricity by tide, wave, ocean')","0","0","0"
"('TR', 'Collection, purification and distribution of water (41)')","0","0","0"
"('TR', 'Re-processing of secondary construction material into aggregates')","0","0","0"
"('TR', 'Renting of machinery and equipment without operator and of personal and household goods (71)')","0","0","0"
"('TR', 'Incineration of waste: Food')","0","0","0"
"('TR', 'Incineration of waste: Paper')","0","0","0"
"('TR', 'Incineration of waste: Plastic')","0","0","0"
"('TR', 'Incineration of waste: Metals and Inert materials')","0","0","0"
"('TR', 'Incineration of waste: Textiles')","0","0","0"
"('TR', 'Incineration of waste: Wood')","0","0","0"
"('TR', 'Incineration of waste: Oil/Hazardous waste')","0","0","0"
"('TR', 'Biogasification of food waste, incl. land application')","0","0","0"
"('TR', 'Biogasification of paper, incl. land application')","0","0","0"
"('TR', 'Biogasification of sewage slugde, incl. land application')","0","0","0"
"('TR', 'Composting of food waste, incl. land application')","0","0","0"
"('TR', 'Composting of paper and wood, incl. land application')","0","0","0"
"('TR', 'Waste water treatment, food')","0","0","0"
"('TR', 'Waste water treatment, other')","0","0","0"
"('TR', 'Landfill of waste: Food')","0","0","0"
"('TR', 'Landfill of waste: Paper')","0","0","0"
"('TR', 'Landfill of waste: Plastic')","0","0","0"
"('TR', 'Landfill of waste: Inert/metal/hazardous')","0","0","0"
"('TR', 'Landfill of waste: Textiles')","0","0","0"
"('TR', 'Landfill of waste: Wood')","0","0","0"
"('TR', 'Extra-territorial organizations and bodies')","0","0","0"
"('TW', 'Wool, silk-worm cocoons')","0","0","0"
"('TW', 'Manure treatment (conventional), storage and land application')","0","0","0"
"('TW', 'Manure treatment (biogas), storage and land application')","0","0","0"
"('TW', 'Mining of coal and lignite; extraction of peat (10)')","0","0","0"
"('TW', 'Extraction, liquefaction, and regasification of other petroleum and gaseous materials')","0","0","0"
"('TW', 'Mining of uranium and thorium ores (12)')","0","0","0"
"('TW', 'Mining of nickel ores and concentrates')","0","0","0"
"('TW', 'Re-processing of secondary wood material into new wood material')","0","0","0"
"('TW', 'Re-processing of secondary paper into new pulp')","0","0","0"
"('TW', 'Processing of nuclear fuel')","0","0","0"
"('TW', 'Re-processing of secondary plastic into new plastic')","0","0","0"
"('TW', 'Re-processing of secondary glass into new glass')","0","0","0"
"('TW', 'Re-processing of ash into clinker')","0","0","0"
"('TW', 'Re-processing of secondary preciuos metals into new preciuos metals')","0","0","0"
"('TW', 'Re-processing of secondary aluminium into new aluminium')","0","0","0"
"('TW', 'Re-processing of secondary lead into new lead, zinc and tin')","0","0","0"
"('TW', 'Re-processing of secondary copper into new copper')","0","0","0"
"('TW', 'Re-processing of secondary other non-ferrous metals into new other non-ferrous metals')","0","0","0"
"('TW', 'Recycling of waste and scrap')","0","0","0"
"('TW', 'Recycling of bottles by direct reuse')","0","0","0"
"('TW', 'Production of electricity by biomass and waste')","0","0","0"
"('TW', 'Production of electricity by solar thermal')","0","0","0"
"('TW', 'Production of electricity by tide, wave, ocean')","0","0","0"
"('TW', 'Production of electricity by Geothermal')","0","0","0"
"('TW', 'Production of electricity nec')","0","0","0"
"('TW', 'Collection, purification and distribution of water (41)')","0","0","0"
"('TW', 'Re-processing of secondary construction material into aggregates')","0","0","0"
"('TW', 'Renting of machinery and equipment without operator and of personal and household goods (71)')","0","0","0"
"('TW', 'Incineration of waste: Food')","0","0","0"
"('TW', 'Incineration of waste: Paper')","0","0","0"
"('TW', 'Incineration of waste: Plastic')","0","0","0"
"('TW', 'Incineration of waste: Metals and Inert materials')","0","0","0"
"('TW', 'Incineration of waste: Textiles')","0","0","0"
"('TW', 'Incineration of waste: Wood')","0","0","0"
"('TW', 'Incineration of waste: Oil/Hazardous waste')","0","0","0"
"('TW', 'Biogasification of food waste, incl. land application')","0","0","0"
"('TW', 'Biogasification of paper, incl. land application')","0","0","0"
"('TW', 'Biogasification of sewage slugde, incl. land application')","0","0","0"
"('TW', 'Composting of food waste, incl. land application')","0","0","0"
"('TW', 'Composting of paper and wood, incl. land application')","0","0","0"
"('TW', 'Waste water treatment, food')","0","0","0"
"('TW', 'Waste water treatment, other')","0","0","0"
"('TW', 'Landfill of waste: Food')","0","0","0"
"('TW', 'Landfill of waste: Paper')","0","0","0"
"('TW', 'Landfill of waste: Plastic')","0","0","0"
"('TW', 'Landfill of waste: Inert/metal/hazardous')","0","0","0"
"('TW', 'Landfill of waste: Textiles')","0","0","0"
"('TW', 'Landfill of waste: Wood')","0","0","0"
"('TW', 'Extra-territorial organizations and bodies')","0","0","0"
"('NO', 'Cultivation of paddy rice')","0","0","0"
"('NO', 'Cultivation of sugar cane, sugar beet')","0","0","0"
"('NO', 'Cultivation of plant-based fibers')","0","0","0"
"('NO', 'Manure treatment (conventional), storage and land application')","0","0","0"
"('NO', 'Manure treatment (biogas), storage and land application')","0","0","0"
"('NO', 'Extraction, liquefaction, and regasification of other petroleum and gaseous materials')","0","0","0"
"('NO', 'Mining of uranium and thorium ores (12)')","0","0","0"
"('NO', 'Mining of copper ores and concentrates')","0","0","0"
"('NO', 'Mining of aluminium ores and concentrates')","0","0","0"
"('NO', 'Mining of precious metal ores and concentrates')","0","0","0"
"('NO', 'Mining of lead, zinc and tin ores and concentrates')","0","0","0"
"('NO', 'Quarrying of stone')","0","0","0"
"('NO', 'Mining of chemical and fertilizer minerals, production of salt, other mining and quarrying n.e.c.')","0","0","0"
"('NO', 'Processed rice')","0","0","0"
"('NO', 'Re-processing of secondary wood material into new wood material')","0","0","0"
"('NO', 'Re-processing of secondary paper into new pulp')","0","0","0"
"('NO', 'Manufacture of coke oven products')","0","0","0"
"('NO', 'Processing of nuclear fuel')","0","0","0"
"('NO', 'Re-processing of secondary plastic into new plastic')","0","0","0"
"('NO', 'Re-processing of secondary glass into new glass')","0","0","0"
"('NO', 'Re-processing of ash into clinker')","0","0","0"
"('NO', 'Manufacture of basic iron and steel and of ferro-alloys and first products thereof')","0","0","0"
"('NO', 'Re-processing of secondary preciuos metals into new preciuos metals')","0","0","0"
"('NO', 'Re-processing of secondary aluminium into new aluminium')","0","0","0"
"('NO', 'Re-processing of secondary lead into new lead, zinc and tin')","0","0","0"
"('NO', 'Re-processing of secondary copper into new copper')","0","0","0"
"('NO', 'Re-processing of secondary other non-ferrous metals into new other non-ferrous metals')","0","0","0"
"('NO', 'Manufacture of electrical machinery and apparatus n.e.c. (31)')","0","0","0"
"('NO', 'Manufacture of radio, television and communication equipment and apparatus (32)')","0","0","0"
"('NO', 'Manufacture of medical, precision and optical instruments, watches and clocks (33)')","0","0","0"
"('NO', 'Recycling of bottles by direct reuse')","0","0","0"
"('NO', 'Production of electricity by nuclear')","0","0","0"
"('NO', 'Production of electricity by biomass and waste')","0","0","0"
"('NO', 'Production of electricity by solar photovoltaic')","0","0","0"
"('NO', 'Production of electricity by solar thermal')","0","0","0"
"('NO', 'Production of electricity by tide, wave, ocean')","0","0","0"
"('NO', 'Production of electricity by Geothermal')","0","0","0"
"('NO', 'Production of electricity nec')","0","0","0"
"('NO', 'Re-processing of secondary construction material into aggregates')","0","0","0"
"('NO', 'Biogasification of food waste, incl. land application')","0","0","0"
"('NO', 'Biogasification of paper, incl. land application')","0","0","0"
"('NO', 'Biogasification of sewage slugde, incl. land application')","0","0","0"
"('NO', 'Composting of paper and wood, incl. land application')","0","0","0"
"('NO', 'Extra-territorial organizations and bodies')","0","0","0"
"('ID', 'Cultivation of wheat')","0","0","0"
"('ID', 'Manure treatment (conventional), storage and land application')","0","0","0"
"('ID', 'Manure treatment (biogas), storage and land application')","0","0","0"
"('ID', 'Extraction, liquefaction, and regasification of other petroleum and gaseous materials')","0","0","0"
"('ID', 'Mining of uranium and thorium ores (12)')","0","0","0"
"('ID', 'Mining of iron ores')","0","0","0"
"('ID', 'Quarrying of stone')","0","0","0"
"('ID', 'Mining of chemical and fertilizer minerals, production of salt, other mining and quarrying n.e.c.')","0","0","0"
"('ID', 'Re-processing of secondary wood material into new wood material')","0","0","0"
"('ID', 'Re-processing of secondary paper into new pulp')","0","0","0"
"('ID', 'Manufacture of coke oven products')","0","0","0"
"('ID', 'Processing of nuclear fuel')","0","0","0"
"('ID', 'Re-processing of secondary plastic into new plastic')","0","0","0"
"('ID', 'Re-processing of secondary glass into new glass')","0","0","0"
"('ID', 'Re-processing of ash into clinker')","0","0","0"
"('ID', 'Re-processing of secondary preciuos metals into new preciuos metals')","0","0","0"
"('ID', 'Re-processing of secondary aluminium into new aluminium')","0","0","0"
"('ID', 'Re-processing of secondary lead into new lead, zinc and tin')","0","0","0"
"('ID', 'Re-processing of secondary copper into new copper')","0","0","0"
"('ID', 'Re-processing of secondary other non-ferrous metals into new other non-ferrous metals')","0","0","0"
"('ID', 'Manufacture of machinery and equipment n.e.c. (29)')","0","0","0"
"('ID', 'Recycling of waste and scrap')","0","0","0"
"('ID', 'Recycling of bottles by direct reuse')","0","0","0"
"('ID', 'Production of electricity by nuclear')","0","0","0"
"('ID', 'Production of electricity by solar thermal')","0","0","0"
"('ID', 'Production of electricity by tide, wave, ocean')","0","0","0"
"('ID', 'Production of electricity nec')","0","0","0"
"('ID', 'Steam and hot water supply')","0","0","0"
"('ID', 'Collection, purification and distribution of water (41)')","0","0","0"
"('ID', 'Re-processing of secondary construction material into aggregates')","0","0","0"
"('ID', 'Renting of machinery and equipment without operator and of personal and household goods (71)')","0","0","0"
"('ID', 'Incineration of waste: Food')","0","0","0"
"('ID', 'Incineration of waste: Paper')","0","0","0"
"('ID', 'Incineration of waste: Plastic')","0","0","0"
"('ID', 'Incineration of waste: Metals and Inert materials')","0","0","0"
"('ID', 'Incineration of waste: Textiles')","0","0","0"
"('ID', 'Incineration of waste: Wood')","0","0","0"
"('ID', 'Incineration of waste: Oil/Hazardous waste')","0","0","0"
"('ID', 'Biogasification of food waste, incl. land application')","0","0","0"
"('ID', 'Biogasification of paper, incl. land application')","0","0","0"
"('ID', 'Biogasification of sewage slugde, incl. land application')","0","0","0"
"('ID', 'Composting of food waste, incl. land application')","0","0","0"
"('ID', 'Composting of paper and wood, incl. land application')","0","0","0"
"('ID', 'Waste water treatment, food')","0","0","0"
"('ID', 'Waste water treatment, other')","0","0","0"
"('ID', 'Landfill of waste: Food')","0","0","0"
"('ID', 'Landfill of waste: Paper')","0","0","0"
"('ID', 'Landfill of waste: Plastic')","0","0","0"
"('ID', 'Landfill of waste: Inert/metal/hazardous')","0","0","0"
"('ID', 'Landfill of waste: Textiles')","0","0","0"
"('ID', 'Landfill of waste: Wood')","0","0","0"
"('ID', 'Extra-territorial organizations and bodies')","0","0","0"
"('ZA', 'Cultivation of paddy rice')","0","0","0"
"('ZA', 'Manure treatment (conventional), storage and land application')","0","0","0"
"('ZA', 'Manure treatment (biogas), storage and land application')","0","0","0"
"('ZA', 'Mining of uranium and thorium ores (12)')","0","0","0"
"('ZA', 'Mining of nickel ores and concentrates')","0","0","0"
"('ZA', 'Mining of aluminium ores and concentrates')","0","0","0"
"('ZA', 'Mining of lead, zinc and tin ores and concentrates')","0","0","0"
"('ZA', 'Quarrying of stone')","0","0","0"
"('ZA', 'Quarrying of sand and clay')","0","0","0"
"('ZA', 'Mining of chemical and fertilizer minerals, production of salt, other mining and quarrying n.e.c.')","0","0","0"
"('ZA', 'Re-processing of secondary wood material into new wood material')","0","0","0"
"('ZA', 'Re-processing of secondary paper into new pulp')","0","0","0"
"('ZA', 'Processing of nuclear fuel')","0","0","0"
"('ZA', 'Re-processing of secondary plastic into new plastic')","0","0","0"
"('ZA', 'Re-processing of secondary glass into new glass')","0","0","0"
"('ZA', 'Re-processing of ash into clinker')","0","0","0"
"('ZA', 'Re-processing of secondary preciuos metals into new preciuos metals')","0","0","0"
"('ZA', 'Re-processing of secondary aluminium into new aluminium')","0","0","0"
"('ZA', 'Re-processing of secondary lead into new lead, zinc and tin')","0","0","0"
"('ZA', 'Re-processing of secondary copper into new copper')","0","0","0"
"('ZA', 'Re-processing of secondary other non-ferrous metals into new other non-ferrous metals')","0","0","0"
"('ZA', 'Manufacture of machinery and equipment n.e.c. (29)')","0","0","0"
"('ZA', 'Recycling of waste and scrap')","0","0","0"
"('ZA', 'Recycling of bottles by direct reuse')","0","0","0"
"('ZA', 'Production of electricity by gas')","0","0","0"
"('ZA', 'Production of electricity by biomass and waste')","0","0","0"
"('ZA', 'Production of electricity by tide, wave, ocean')","0","0","0"
"('ZA', 'Production of electricity by Geothermal')","0","0","0"
"('ZA', 'Production of electricity nec')","0","0","0"
"('ZA', 'Steam and hot water supply')","0","0","0"
"('ZA', 'Collection, purification and distribution of water (41)')","0","0","0"
"('ZA', 'Re-processing of secondary construction material into aggregates')","0","0","0"
"('ZA', 'Renting of machinery and equipment without operator and of personal and household goods (71)')","0","0","0"
"('ZA', 'Incineration of waste: Food')","0","0","0"
"('ZA', 'Incineration of waste: Paper')","0","0","0"
"('ZA', 'Incineration of waste: Plastic')","0","0","0"
"('ZA', 'Incineration of waste: Metals and Inert materials')","0","0","0"
"('ZA', 'Incineration of waste: Textiles')","0","0","0"
"('ZA', 'Incineration of waste: Wood')","0","0","0"
"('ZA', 'Incineration of waste: Oil/Hazardous waste')","0","0","0"
"('ZA', 'Biogasification of food waste, incl. land application')","0","0","0"
"('ZA', 'Biogasification of paper, incl. land application')","0","0","0"
"('ZA', 'Biogasification of sewage slugde, incl. land application')","0","0","0"
"('ZA', 'Composting of food waste, incl. land application')","0","0","0"
"('ZA', 'Composting of paper and wood, incl. land application')","0","0","0"
"('ZA', 'Waste water treatment, food')","0","0","0"
"('ZA', 'Waste water treatment, other')","0","0","0"
"('ZA', 'Landfill of waste: Food')","0","0","0"
"('ZA', 'Landfill of waste: Paper')","0","0","0"
"('ZA', 'Landfill of waste: Plastic')","0","0","0"
"('ZA', 'Landfill of waste: Inert/metal/hazardous')","0","0","0"
"('ZA', 'Landfill of waste: Textiles')","0","0","0"
"('ZA', 'Landfill of waste: Wood')","0","0","0"
"('ZA', 'Extra-territorial organizations and bodies')","0","0","0"
"('WA', 'Manure treatment (conventional), storage and land application')","0","0","0"
"('WA', 'Manure treatment (biogas), storage and land application')","0","0","0"
"('WA', 'Mining of uranium and thorium ores (12)')","0","0","0"
"('WA', 'Mining of iron ores')","0","0","0"
"('WA', 'Mining of copper ores and concentrates')","0","0","0"
"('WA', 'Mining of nickel ores and concentrates')","0","0","0"
"('WA', 'Mining of aluminium ores and concentrates')","0","0","0"
"('WA', 'Mining of precious metal ores and concentrates')","0","0","0"
"('WA', 'Mining of lead, zinc and tin ores and concentrates')","0","0","0"
"('WA', 'Mining of other non-ferrous metal ores and concentrates')","0","0","0"
"('WA', 'Quarrying of stone')","0","0","0"
"('WA', 'Quarrying of sand and clay')","0","0","0"
"('WA', 'Mining of chemical and fertilizer minerals, production of salt, other mining and quarrying n.e.c.')","0","0","0"
"('WA', 'Re-processing of secondary wood material into new wood material')","0","0","0"
"('WA', 'Re-processing of secondary paper into new pulp')","0","0","0"
"('WA', 'Processing of nuclear fuel')","0","0","0"
"('WA', 'Re-processing of secondary plastic into new plastic')","0","0","0"
"('WA', 'Re-processing of secondary glass into new glass')","0","0","0"
"('WA', 'Re-processing of ash into clinker')","0","0","0"
"('WA', 'Re-processing of secondary steel into new steel')","0","0","0"
"('WA', 'Re-processing of secondary preciuos metals into new preciuos metals')","0","0","0"
"('WA', 'Re-processing of secondary aluminium into new aluminium')","0","0","0"
"('WA', 'Re-processing of secondary lead into new lead, zinc and tin')","0","0","0"
"('WA', 'Re-processing of secondary copper into new copper')","0","0","0"
"('WA', 'Re-processing of secondary other non-ferrous metals into new other non-ferrous metals')","0","0","0"
"('WA', 'Manufacture of machinery and equipment n.e.c. (29)')","0","0","0"
"('WA', 'Recycling of waste and scrap')","0","0","0"
"('WA', 'Recycling of bottles by direct reuse')","0","0","0"
"('WA', 'Production of electricity by solar thermal')","0","0","0"
"('WA', 'Production of electricity by tide, wave, ocean')","0","0","0"
"('WA', 'Production of electricity nec')","0","0","0"
"('WA', 'Collection, purification and distribution of water (41)')","0","0","0"
"('WA', 'Re-processing of secondary construction material into aggregates')","0","0","0"
"('WA', 'Renting of machinery and equipment without operator and of personal and household goods (71)')","0","0","0"
"('WA', 'Incineration of waste: Food')","0","0","0"
"('WA', 'Incineration of waste: Paper')","0","0","0"
"('WA', 'Incineration of waste: Plastic')","0","0","0"
"('WA', 'Incineration of waste: Metals and Inert materials')","0","0","0"
"('WA', 'Incineration of waste: Textiles')","0","0","0"
"('WA', 'Incineration of waste: Wood')","0","0","0"
"('WA', 'Incineration of waste: Oil/Hazardous waste')","0","0","0"
"('WA', 'Biogasification of food waste, incl. land application')","0","0","0"
"('WA', 'Biogasification of paper, incl. land application')","0","0","0"
"('WA', 'Biogasification of sewage slugde, incl. land application')","0","0","0"
"('WA', 'Composting of food waste, incl. land application')","0","0","0"
"('WA', 'Composting of paper and wood, incl. land application')","0","0","0"
"('WA', 'Waste water treatment, food')","0","0","0"
"('WA', 'Waste water treatment, other')","0","0","0"
"('WA', 'Landfill of waste: Food')","0","0","0"
"('WA', 'Landfill of waste: Paper')","0","0","0"
"('WA', 'Landfill of waste: Plastic')","0","0","0"
"('WA', 'Landfill of waste: Inert/metal/hazardous')","0","0","0"
"('WA', 'Landfill of waste: Textiles')","0","0","0"
"('WA', 'Landfill of waste: Wood')","0","0","0"
"('WA', 'Extra-territorial organizations and bodies')","0","0","0"
"('WL', 'Manure treatment (conventional), storage and land application')","0","0","0"
"('WL', 'Manure treatment (biogas), storage and land application')","0","0","0"
"('WL', 'Extraction, liquefaction, and regasification of other petroleum and gaseous materials')","0","0","0"
"('WL', 'Mining of uranium and thorium ores (12)')","0","0","0"
"('WL', 'Mining of aluminium ores and concentrates')","0","0","0"
"('WL', 'Mining of precious metal ores and concentrates')","0","0","0"
"('WL', 'Quarrying of stone')","0","0","0"
"('WL', 'Quarrying of sand and clay')","0","0","0"
"('WL', 'Mining of chemical and fertilizer minerals, production of salt, other mining and quarrying n.e.c.')","0","0","0"
"('WL', 'Re-processing of secondary wood material into new wood material')","0","0","0"
"('WL', 'Re-processing of secondary paper into new pulp')","0","0","0"
"('WL', 'Processing of nuclear fuel')","0","0","0"
"('WL', 'Re-processing of secondary plastic into new plastic')","0","0","0"
"('WL', 'Re-processing of secondary glass into new glass')","0","0","0"
"('WL', 'Re-processing of ash into clinker')","0","0","0"
"('WL', 'Re-processing of secondary steel into new steel')","0","0","0"
"('WL', 'Re-processing of secondary preciuos metals into new preciuos metals')","0","0","0"
"('WL', 'Re-processing of secondary aluminium into new aluminium')","0","0","0"
"('WL', 'Re-processing of secondary lead into new lead, zinc and tin')","0","0","0"
"('WL', 'Re-processing of secondary copper into new copper')","0","0","0"
"('WL', 'Re-processing of secondary other non-ferrous metals into new other non-ferrous metals')","0","0","0"
"('WL', 'Manufacture of machinery and equipment n.e.c. (29)')","0","0","0"
"('WL', 'Recycling of waste and scrap')","0","0","0"
"('WL', 'Recycling of bottles by direct reuse')","0","0","0"
"('WL', 'Production of electricity by solar thermal')","0","0","0"
"('WL', 'Production of electricity by tide, wave, ocean')","0","0","0"
"('WL', 'Production of electricity nec')","0","0","0"
"('WL', 'Steam and hot water supply')","0","0","0"
"('WL', 'Collection, purification and distribution of water (41)')","0","0","0"
"('WL', 'Re-processing of secondary construction material into aggregates')","0","0","0"
"('WL', 'Renting of machinery and equipment without operator and of personal and household goods (71)')","0","0","0"
"('WL', 'Incineration of waste: Food')","0","0","0"
"('WL', 'Incineration of waste: Paper')","0","0","0"
"('WL', 'Incineration of waste: Plastic')","0","0","0"
"('WL', 'Incineration of waste: Metals and Inert materials')","0","0","0"
"('WL', 'Incineration of waste: Textiles')","0","0","0"
"('WL', 'Incineration of waste: Wood')","0","0","0"
"('WL', 'Incineration of waste: Oil/Hazardous waste')","0","0","0"
"('WL', 'Biogasification of food waste, incl. land application')","0","0","0"
"('WL', 'Biogasification of paper, incl. land application')","0","0","0"
"('WL', 'Biogasification of sewage slugde, incl. land application')","0","0","0"
"('WL', 'Composting of food waste, incl. land application')","0","0","0"
"('WL', 'Composting of paper and wood, incl. land application')","0","0","0"
"('WL', 'Waste water treatment, food')","0","0","0"
"('WL', 'Waste water treatment, other')","0","0","0"
"('WL', 'Landfill of waste: Food')","0","0","0"
"('WL', 'Landfill of waste: Paper')","0","0","0"
"('WL', 'Landfill of waste: Plastic')","0","0","0"
"('WL', 'Landfill of waste: Inert/metal/hazardous')","0","0","0"
"('WL', 'Landfill of waste: Textiles')","0","0","0"
"('WL', 'Landfill of waste: Wood')","0","0","0"
"('WL', 'Extra-territorial organizations and bodies')","0","0","0"
"('WE', 'Manure treatment (conventional), storage and land application')","0","0","0"
"('WE', 'Manure treatment (biogas), storage and land application')","0","0","0"
"('WE', 'Mining of uranium and thorium ores (12)')","0","0","0"
"('WE', 'Mining of aluminium ores and concentrates')","0","0","0"
"('WE', 'Mining of precious metal ores and concentrates')","0","0","0"
"('WE', 'Mining of chemical and fertilizer minerals, production of salt, other mining and quarrying n.e.c.')","0","0","0"
"('WE', 'Re-processing of secondary wood material into new wood material')","0","0","0"
"('WE', 'Re-processing of secondary paper into new pulp')","0","0","0"
"('WE', 'Processing of nuclear fuel')","0","0","0"
"('WE', 'Re-processing of secondary plastic into new plastic')","0","0","0"
"('WE', 'Re-processing of secondary glass into new glass')","0","0","0"
"('WE', 'Re-processing of ash into clinker')","0","0","0"
"('WE', 'Re-processing of secondary steel into new steel')","0","0","0"
"('WE', 'Re-processing of secondary preciuos metals into new preciuos metals')","0","0","0"
"('WE', 'Re-processing of secondary aluminium into new aluminium')","0","0","0"
"('WE', 'Re-processing of secondary lead into new lead, zinc and tin')","0","0","0"
"('WE', 'Re-processing of secondary copper into new copper')","0","0","0"
"('WE', 'Re-processing of secondary other non-ferrous metals into new other non-ferrous metals')","0","0","0"
"('WE', 'Manufacture of machinery and equipment n.e.c. (29)')","0","0","0"
"('WE', 'Recycling of waste and scrap')","0","0","0"
"('WE', 'Recycling of bottles by direct reuse')","0","0","0"
"('WE', 'Production of electricity by solar thermal')","0","0","0"
"('WE', 'Production of electricity by tide, wave, ocean')","0","0","0"
"('WE', 'Production of electricity nec')","0","0","0"
"('WE', 'Collection, purification and distribution of water (41)')","0","0","0"
"('WE', 'Re-processing of secondary construction material into aggregates')","0","0","0"
"('WE', 'Renting of machinery and equipment without operator and of personal and household goods (71)')","0","0","0"
"('WE', 'Incineration of waste: Food')","0","0","0"
"('WE', 'Incineration of waste: Paper')","0","0","0"
"('WE', 'Incineration of waste: Plastic')","0","0","0"
"('WE', 'Incineration of waste: Metals and Inert materials')","0","0","0"
"('WE', 'Incineration of waste: Textiles')","0","0","0"
"('WE', 'Incineration of waste: Wood')","0","0","0"
"('WE', 'Incineration of waste: Oil/Hazardous waste')","0","0","0"
"('WE', 'Biogasification of food waste, incl. land application')","0","0","0"
"('WE', 'Biogasification of paper, incl. land application')","0","0","0"
"('WE', 'Biogasification of sewage slugde, incl. land application')","0","0","0"
"('WE', 'Composting of food waste, incl. land application')","0","0","0"
"('WE', 'Composting of paper and wood, incl. land application')","0","0","0"
"('WE', 'Waste water treatment, food')","0","0","0"
"('WE', 'Waste water treatment, other')","0","0","0"
"('WE', 'Landfill of waste: Food')","0","0","0"
"('WE', 'Landfill of waste: Paper')","0","0","0"
"('WE', 'Landfill of waste: Plastic')","0","0","0"
"('WE', 'Landfill of waste: Inert/metal/hazardous')","0","0","0"
"('WE', 'Landfill of waste: Textiles')","0","0","0"
"('WE', 'Landfill of waste: Wood')","0","0","0"
"('WE', 'Extra-territorial organizations and bodies')","0","0","0"
"('WF', 'Manure treatment (conventional), storage and land application')","0","0","0"
"('WF', 'Manure treatment (biogas), storage and land application')","0","0","0"
"('WF', 'Mining of iron ores')","0","0","0"
"('WF', 'Mining of copper ores and concentrates')","0","0","0"
"('WF', 'Quarrying of stone')","0","0","0"
"('WF', 'Mining of chemical and fertilizer minerals, production of salt, other mining and quarrying n.e.c.')","0","0","0"
"('WF', 'Re-processing of secondary wood material into new wood material')","0","0","0"
"('WF', 'Re-processing of secondary paper into new pulp')","0","0","0"
"('WF', 'Processing of nuclear fuel')","0","0","0"
"('WF', 'Re-processing of secondary plastic into new plastic')","0","0","0"
"('WF', 'Re-processing of secondary glass into new glass')","0","0","0"
"('WF', 'Re-processing of ash into clinker')","0","0","0"
"('WF', 'Re-processing of secondary preciuos metals into new preciuos metals')","0","0","0"
"('WF', 'Re-processing of secondary aluminium into new aluminium')","0","0","0"
"('WF', 'Re-processing of secondary lead into new lead, zinc and tin')","0","0","0"
"('WF', 'Re-processing of secondary copper into new copper')","0","0","0"
"('WF', 'Re-processing of secondary other non-ferrous metals into new other non-ferrous metals')","0","0","0"
"('WF', 'Manufacture of machinery and equipment n.e.c. (29)')","0","0","0"
"('WF', 'Recycling of waste and scrap')","0","0","0"
"('WF', 'Recycling of bottles by direct reuse')","0","0","0"
"('WF', 'Production of electricity by nuclear')","0","0","0"
"('WF', 'Production of electricity by tide, wave, ocean')","0","0","0"
"('WF', 'Production of electricity nec')","0","0","0"
"('WF', 'Steam and hot water supply')","0","0","0"
"('WF', 'Collection, purification and distribution of water (41)')","0","0","0"
"('WF', 'Re-processing of secondary construction material into aggregates')","0","0","0"
"('WF', 'Renting of machinery and equipment without operator and of personal and household goods (71)')","0","0","0"
"('WF', 'Incineration of waste: Food')","0","0","0"
"('WF', 'Incineration of waste: Paper')","0","0","0"
"('WF', 'Incineration of waste: Plastic')","0","0","0"
"('WF', 'Incineration of waste: Metals and Inert materials')","0","0","0"
"('WF', 'Incineration of waste: Textiles')","0","0","0"
"('WF', 'Incineration of waste: Wood')","0","0","0"
"('WF', 'Incineration of waste: Oil/Hazardous waste')","0","0","0"
"('WF', 'Biogasification of food waste, incl. land application')","0","0","0"
"('WF', 'Biogasification of paper, incl. land application')","0","0","0"
"('WF', 'Biogasification of sewage slugde, incl. land application')","0","0","0"
"('WF', 'Composting of food waste, incl. land application')","0","0","0"
"('WF', 'Composting of paper and wood, incl. land application')","0","0","0"
"('WF', 'Waste water treatment, food')","0","0","0"
"('WF', 'Waste water treatment, other')","0","0","0"
"('WF', 'Landfill of waste: Food')","0","0","0"
"('WF', 'Landfill of waste: Paper')","0","0","0"
"('WF', 'Landfill of waste: Plastic')","0","0","0"
"('WF', 'Landfill of waste: Inert/metal/hazardous')","0","0","0"
"('WF', 'Landfill of waste: Textiles')","0","0","0"
"('WF', 'Landfill of waste: Wood')","0","0","0"
"('WF', 'Extra-territorial organizations and bodies')","0","0","0"
"('WM', 'Manure treatment (conventional), storage and land application')","0","0","0"
"('WM', 'Manure treatment (biogas), storage and land application')","0","0","0"
"('WM', 'Mining of uranium and thorium ores (12)')","0","0","0"
"('WM', 'Mining of iron ores')","0","0","0"
"('WM', 'Mining of nickel ores and concentrates')","0","0","0"
"('WM', 'Mining of aluminium ores and concentrates')","0","0","0"
"('WM', 'Mining of precious metal ores and concentrates')","0","0","0"
"('WM', 'Mining of lead, zinc and tin ores and concentrates')","0","0","0"
"('WM', 'Mining of other non-ferrous metal ores and concentrates')","0","0","0"
"('WM', 'Quarrying of stone')","0","0","0"
"('WM', 'Mining of chemical and fertilizer minerals, production of salt, other mining and quarrying n.e.c.')","0","0","0"
"('WM', 'Re-processing of secondary wood material into new wood material')","0","0","0"
"('WM', 'Re-processing of secondary paper into new pulp')","0","0","0"
"('WM', 'Processing of nuclear fuel')","0","0","0"
"('WM', 'Re-processing of secondary plastic into new plastic')","0","0","0"
"('WM', 'Re-processing of secondary glass into new glass')","0","0","0"
"('WM', 'Re-processing of ash into clinker')","0","0","0"
"('WM', 'Re-processing of secondary preciuos metals into new preciuos metals')","0","0","0"
"('WM', 'Re-processing of secondary aluminium into new aluminium')","0","0","0"
"('WM', 'Re-processing of secondary lead into new lead, zinc and tin')","0","0","0"
"('WM', 'Re-processing of secondary copper into new copper')","0","0","0"
"('WM', 'Re-processing of secondary other non-ferrous metals into new other non-ferrous metals')","0","0","0"
"('WM', 'Recycling of waste and scrap')","0","0","0"
"('WM', 'Recycling of bottles by direct reuse')","0","0","0"
"('WM', 'Production of electricity by tide, wave, ocean')","0","0","0"
"('WM', 'Production of electricity by Geothermal')","0","0","0"
"('WM', 'Production of electricity nec')","0","0","0"
"('WM', 'Steam and hot water supply')","0","0","0"
"('WM', 'Re-processing of secondary construction material into aggregates')","0","0","0"
"('WM', 'Incineration of waste: Food')","0","0","0"
"('WM', 'Incineration of waste: Paper')","0","0","0"
"('WM', 'Incineration of waste: Plastic')","0","0","0"
"('WM', 'Incineration of waste: Metals and Inert materials')","0","0","0"
"('WM', 'Incineration of waste: Textiles')","0","0","0"
"('WM', 'Incineration of waste: Wood')","0","0","0"
"('WM', 'Incineration of waste: Oil/Hazardous waste')","0","0","0"
"('WM', 'Biogasification of food waste, incl. land application')","0","0","0"
"('WM', 'Biogasification of paper, incl. land application')","0","0","0"
"('WM', 'Biogasification of sewage slugde, incl. land application')","0","0","0"
"('WM', 'Composting of food waste, incl. land application')","0","0","0"
"('WM', 'Composting of paper and wood, incl. land application')","0","0","0"
"('WM', 'Waste water treatment, food')","0","0","0"
"('WM', 'Waste water treatment, other')","0","0","0"
"('WM', 'Landfill of waste: Textiles')","0","0","0"
"('WM', 'Landfill of waste: Wood')","0","0","0"
"('WM', 'Extra-territorial organizations and bodies')","0","0","0"
