"country_sector_vec","ESRI_weight_1","ESRI_d_weight_1","ESRI_u_weight_1"
"('US', 'Composting of paper and wood, incl. land application')","0.343745142722424","0.343745140776379","4.99940720322846e-05"
"('CN', 'Production of electricity by coal')","0.282740695779578","0.282392224275167","0.00805409927788298"
"('CN', 'Steam and hot water supply')","0.282038540186212","0.282036506742934","0.000844473839780499"
"('CN', 'Mining of coal and lignite; extraction of peat (10)')","0.278615596363182","0.2774257005088","0.0119592055776918"
"('CN', 'Manufacture of ceramic goods')","0.278524558492721","0.27810982056086","0.010826926710181"
"('CN', 'Aluminium production')","0.271454137570472","0.271106398162263","0.00707524795775201"
"('CN', 'Manufacture of coke oven products')","0.269840064838769","0.269817005538186","0.00325960388681587"
"('CN', 'Manufacture of other non-metallic mineral products n.e.c.')","0.268728766491768","0.268603915688058","0.00714784298363645"
"('CN', 'Manufacture of basic iron and steel and of ferro-alloys and first products thereof')","0.267589252242888","0.266191882783553","0.0269012949304521"
"('CN', 'Other non-ferrous metal production')","0.266206666710297","0.266161303063214","0.00193698318668337"
"('CN', 'Manufacture of glass and glass products')","0.264345343833427","0.264127417812093","0.00924984998216077"
"('CN', 'Lead, zinc and tin production')","0.241533724852625","0.241526474649252","0.00127765890892135"
"('CN', 'Production of electricity by hydro')","0.19563074243249","0.195625410465786","0.00119525343463696"
"('CN', 'Production of electricity by solar photovoltaic')","0.174274100271106","0.174273871823097","0.000236456543046873"
"('CN', 'Manufacture of fabricated metal products, except machinery and equipment (28)')","0.168477951863901","0.166826589431121","0.0248241942179965"
"('CN', 'Transmission of electricity')","0.165542303086006","0.165533531018327","0.00308344434956555"
"('CN', 'Production of electricity by wind')","0.146520877801304","0.14651994821912","0.000415130555233092"
"('CN', 'Plastics, basic')","0.136285003978226","0.135149497858517","0.0109970744052203"
"('CN', 'Transport via railways')","0.134965345343396","0.134642344908468","0.00428878710692566"
"('CN', 'Casting of metals')","0.117089692949502","0.11704579113556","0.00276071588015061"
"('CN', 'Precious metals production')","0.108969847321067","0.108952406477059","0.00102101843733321"
"('CN', 'Manufacture of rubber and plastic products (25)')","0.104205041008476","0.101765885821749","0.0221856236619183"
"('CN', 'Petroleum Refinery')","0.098129549733597","0.0929078036806691","0.0224268459308526"
"('CN', 'Distribution and trade of electricity')","0.094416892826681","0.0943352154805234","0.00374243446870662"
"('CN', 'Manufacture of cement, lime and plaster')","0.0932718744022341","0.0929521899683332","0.00528072921998473"
"('CN', 'Transport via pipelines')","0.0918737374225042","0.0918550795707082","0.000902242416687416"
"('CN', 'Inland water transport')","0.0875787595604718","0.0875748250295836","0.000386581581543792"
"('CN', 'Wholesale trade and commission trade, except of motor vehicles and motorcycles (51)')","0.0830471503059159","0.0816306624112989","0.0191611667483591"
"('CN', 'Manufacture of fish products')","0.0805864140159766","0.0773877231653383","0.011583765595326"
"('CN', 'Fishing, operating of fish hatcheries and fish farms; service activities incidental to fishing (05)')","0.0796380302081337","0.0795527254112076","0.00361198662978217"
"('CN', 'Construction (45)')","0.0777982827933428","0.0149485970784667","0.0761636682895308"
"('US', 'Wholesale trade and commission trade, except of motor vehicles and motorcycles (51)')","0.0766819696340413","0.0731305045480732","0.0189590893530842"
"('CN', 'Sea and coastal water transport')","0.075670182425625","0.0753238093784257","0.00407724034820044"
"('CN', 'Recycling of waste and scrap')","0.074615893223307","0.0746158610991065","2.57807025388197e-05"
"('CN', 'P- and other fertiliser')","0.0730044178435438","0.0721227976140593","0.00666572159930581"
"('GB', 'Composting of food waste, incl. land application')","0.0711454813205099","0.0709209455838486","0.00115253459611685"
"('CN', 'Production of meat products nec')","0.066130532528529","0.066094852085694","0.00145831237279858"
"('US', 'Activities auxiliary to financial intermediation (67)')","0.0654292567452923","0.0654271584262879","0.00869797307950662"
"('CN', 'Air transport (62)')","0.0635200491174188","0.0632617148520377","0.00452976662800812"
"('CN', 'Financial intermediation, except insurance and pension funding (65)')","0.0624436944863169","0.0622360675994536","0.0122398677324247"
"('CN', 'Manufacture of bricks, tiles and construction products, in baked clay')","0.0621559787030834","0.062151546116365","0.000361411391157897"
"('US', 'Post and telecommunications (64)')","0.0618780798954739","0.0617429974160879","0.0125088939981634"
"('US', 'Manufacture of gas; distribution of gaseous fuels through mains')","0.0579868232513721","0.0579829137969784","0.00183165006165283"
"('CN', 'Other land transport')","0.0571085256776179","0.0562932152374244","0.0116809594873909"
"('CN', 'Re-processing of secondary steel into new steel')","0.0570055103638637","0.0567459271627067","0.00532720628283856"
"('CN', 'Pigs farming')","0.0563362404443491","0.0561692524216408","0.00440778730414838"
"('DE', 'Manufacture of machinery and equipment n.e.c. (29)')","0.055520921274537","0.054744862352769","0.00460501357012004"
"('CN', 'Production of electricity by nuclear')","0.0543536982286353","0.0543515878973425","0.000316893710302911"
"('CN', 'Cultivation of vegetables, fruit, nuts')","0.0529542996289497","0.0522010490920187","0.0065202812156338"
"('CN', 'Cultivation of sugar cane, sugar beet')","0.0518489512266954","0.0518476759175833","0.000497650240592076"
"('CN', 'Copper production')","0.0508958114001687","0.0507311083333187","0.00223111729574781"
"('US', 'Insurance and pension funding, except compulsory social security (66)')","0.0500805572570878","0.0490561589352956","0.0166991895413768"
"('CN', 'Processing of Food products nec')","0.0488463869214906","0.0466621981239448","0.0168722786849001"
"('US', 'Other land transport')","0.0479970802246875","0.0474336267945737","0.0102796158860884"
"('SE', 'Mining of copper ores and concentrates')","0.0449601347576747","0.0449526908027845","7.63720685372861e-05"
"('CN', 'Manufacture of other transport equipment (35)')","0.0431368332252014","0.042640805737986","0.00498705295015775"
"('US', 'Financial intermediation, except insurance and pension funding (65)')","0.0415246594880791","0.0410304438773893","0.0141699960677713"
"('CN', 'Cultivation of paddy rice')","0.0393185954290218","0.0393105912569647","0.00136825892826453"
"('CN', 'Paper')","0.0384563451404727","0.0362496243551613","0.0105615447171019"
"('WA', 'Processing vegetable oils and fats')","0.0382799815447783","0.0380348658622436","0.00127393025690914"
"('DE', 'Quarrying of sand and clay')","0.0378079740567923","0.0377688087122658","0.000457872877489195"
"('US', 'Distribution and trade of electricity')","0.0371959749013035","0.0371943141693485","0.00124088064033515"
"('IN', 'N-fertiliser')","0.0366604785960835","0.0366498947159999","0.000294829236428256"
"('US', 'Landfill of waste: Plastic')","0.0356225165963271","0.0356224939301635","4.81380588495562e-05"
"('CN', 'Processed rice')","0.0355594269111846","0.0349719614676088","0.00155557056546432"
"('US', 'Other business activities (74)')","0.0347826558203741","0.0343177216389965","0.0233306971743615"
"('CN', 'Poultry farming')","0.0346431356827925","0.0344096064980776","0.00407806959664125"
"('CN', 'Manufacture of electrical machinery and apparatus n.e.c. (31)')","0.033311537985952","0.0268535221108068","0.0231718598165718"
"('CN', 'Hotels and restaurants (55)')","0.0333011972080373","0.030524501020409","0.0119766523240446"
"('US', 'Renting of machinery and equipment without operator and of personal and household goods (71)')","0.0323688140982442","0.0323626092515659","0.00119673084841623"
"('US', 'Real estate activities (70)')","0.0316536954434743","0.0231396567422134","0.0306979675602947"
"('AU', 'Mining of nickel ores and concentrates')","0.0313983891704173","0.0313951091354693","3.63242632941449e-05"
"('CN', 'Chemicals nec')","0.03132079212688","0.0275055617234282","0.0137914562914246"
"('AU', 'Mining of aluminium ores and concentrates')","0.0311379042724298","0.031137824304655","4.09126577032067e-06"
"('US', 'Petroleum Refinery')","0.0310016201248411","0.0248043454973185","0.0160511095334488"
"('NL', 'Composting of food waste, incl. land application')","0.0303740861091135","0.0303350090088489","0.000253851371987081"
"('GB', 'Landfill of waste: Textiles')","0.0294585967640376","0.0294451890149044","9.98050813221422e-05"
"('DE', 'Production of electricity by biomass and waste')","0.0294264186857935","0.0294253778943061","4.50359591883507e-05"
"('WA', 'N-fertiliser')","0.029391769066841","0.0293671029271444","0.000206705852631659"
"('CN', 'Processing of meat pigs')","0.0293218319994246","0.0275601363290911","0.00498271390720413"
"('CN', 'Retail sale of automotive fuel')","0.0291738874257002","0.0290984347338602","0.000811158080223685"
"('CN', 'Processing of meat poultry')","0.028479432691583","0.0280805493682906","0.00260294802040324"
"('CN', 'Meat animals nec')","0.028410796248756","0.0283885438686932","0.000438731631420636"
"('CN', 'Manufacture of motor vehicles, trailers and semi-trailers (34)')","0.0283090234866377","0.0140707123597906","0.0264186040442375"
"('CN', 'Manufacture of textiles (17)')","0.0282319647630154","0.0247743076586946","0.0179698642251371"
"('CN', 'Manufacture of wearing apparel; dressing and dyeing of fur (18)')","0.0278996951157418","0.0240145794767101","0.0141410847757056"
"('WA', 'Production of meat products nec')","0.026820302412843","0.0263487650329013","0.0014205134210304"
"('US', 'Construction (45)')","0.0261103987502921","0.0187771842050181","0.0174586221159664"
"('CN', 'Production of electricity by gas')","0.0261057355225114","0.0259959863591935","0.000663435185247042"
"('CN', 'Tanning and dressing of leather; manufacture of luggage, handbags, saddlery, harness and footwear (19)')","0.0260933906873742","0.0248681330515274","0.00552325427894117"
"('US', 'Production of electricity by gas')","0.0258680645877855","0.0258359690516793","0.00103678157978324"
"('JP', 'Production of electricity nec')","0.0256238439465365","0.0256236648050885","1.275154937725e-05"
"('DE', 'Biogasification of paper, incl. land application')","0.0248333950214388","0.0248330831275905","1.06258150690756e-05"
"('CN', 'Wool, silk-worm cocoons')","0.0246943481975363","0.0246879783571332","0.000100305307667874"
"('CN', 'Insurance and pension funding, except compulsory social security (66)')","0.0245819799264278","0.0241253495689164","0.00483671937078914"
"('CN', 'Extraction, liquefaction, and regasification of other petroleum and gaseous materials')","0.0242724893578526","0.0242715190316653","0.000151932736569286"
"('GB', 'Landfill of waste: Wood')","0.023723778481184","0.0236978153172209","0.000165306952516366"
"('US', 'Extraction of crude petroleum and services related to crude oil extraction, excluding surveying')","0.0234817779796854","0.022730215862422","0.01149455440797"
"('CN', 'Manufacture of office machinery and computers (30)')","0.0233165080682909","0.0177330171540401","0.0204452885273652"
"('IE', 'Renting of machinery and equipment without operator and of personal and household goods (71)')","0.0230168576875547","0.0229199883545983","0.00137330077415846"
"('US', 'Production of electricity by nuclear')","0.0224968055649901","0.0224967439493106","0.000264212777197914"
"('WM', 'P- and other fertiliser')","0.0219399039307004","0.0217613390223867","0.00132104573630245"
"('WM', 'Production of electricity by petroleum and other oil derivatives')","0.0218750251853775","0.021850743257731","0.000271499987724105"
"('CN', 'Post and telecommunications (64)')","0.0216680502457283","0.0212234596669091","0.00654497246770717"
"('GB', 'Landfill of waste: Paper')","0.0215927357167923","0.0215252236018391","0.000414661868348951"
"('CN', 'Animal products nec')","0.0215563765314949","0.0215556380427332","0.000188989765099695"
"('US', 'Biogasification of sewage slugde, incl. land application')","0.0214289959845601","0.0214279377241539","0.000108688583726588"
"('SE', 'Incineration of waste: Metals and Inert materials')","0.0209196355156371","0.0208951040453932","0.000145309200047894"
"('CN', 'Manufacture of gas; distribution of gaseous fuels through mains')","0.0209034898439905","0.0207975194038253","0.00107693743534361"
"('US', 'Health and social work (85)')","0.0205411437721556","0.000807411731533633","0.0205411437721537"
"('GB', 'Landfill of waste: Food')","0.0205033745424603","0.0204097526192285","0.000507473523414397"
"('CN', 'Public administration and defence; compulsory social security (75)')","0.0203282664825009","0.0172470410466215","0.00928518890706946"
"('CN', 'Other business activities (74)')","0.0198630839821954","0.0162260562985351","0.0185758179365424"
"('DE', 'Quarrying of stone')","0.0197504505431843","0.0197335756193333","0.000172830805743479"
"('US', 'Hotels and restaurants (55)')","0.0193990035519759","0.0166670385328221","0.0103017197354622"
"('WA', 'Extraction of natural gas and services related to natural gas extraction, excluding surveying')","0.0188279779956908","0.0187701546173356","0.00120372925897665"
"('BE', 'Mining of chemical and fertilizer minerals, production of salt, other mining and quarrying n.e.c.')","0.0182907958686587","0.0182668500656626","0.000106512731185045"
"('WA', 'Production of electricity by Geothermal')","0.0180536726373167","0.0180534139113722","1.01163466002974e-05"
"('US', 'Landfill of waste: Wood')","0.0180311676034583","0.0180311673893056","2.44489390342037e-05"
"('CN', 'Cultivation of cereal grains nec')","0.017989013447834","0.017824848450116","0.00162826543421592"
"('WM', 'Extraction of crude petroleum and services related to crude oil extraction, excluding surveying')","0.0174571222536923","0.0171320220659913","0.00584298914266161"
"('WM', 'Extraction of natural gas and services related to natural gas extraction, excluding surveying')","0.0167917529066336","0.0167507842744611","0.0012061540899307"
"('CN', 'Manufacture of machinery and equipment n.e.c. (29)')","0.0167417173992938","0.0163528735009744","0.00343675114844396"
"('CN', 'Cultivation of wheat')","0.0162376333700507","0.0161246908145779","0.000846188157102599"
"('GB', 'Biogasification of sewage slugde, incl. land application')","0.0154575469968915","0.0153398932492264","0.000539770019280707"
"('WA', 'Cultivation of crops nec')","0.0153227714023298","0.0152400374581172","0.000635226485392869"
"('US', 'Transmission of electricity')","0.0152749246359322","0.0152748399070062","0.000286870105420614"
"('CN', 'Cultivation of oil seeds')","0.0145152765289194","0.0143664417168424","0.00135427659121479"
"('WA', 'Pigs farming')","0.0143808093782555","0.0143419352518841","0.00104672764030082"
"('CN', 'Retail trade, except of motor vehicles and motorcycles; repair of personal and household goods (52)')","0.0142324586801323","0.0102182878823127","0.0126096728772034"
"('CN', 'Manufacture of wood and of products of wood and cork, except furniture; manufacture of articles of straw and plaiting materials (20)')","0.014227674194862","0.0135276704575076","0.00481869658913126"
"('ES', 'Mining of copper ores and concentrates')","0.0141662704974237","0.0141381500445066","8.74415291285442e-05"
"('US', 'Incineration of waste: Plastic')","0.0140617141541434","0.0140614807160904","5.30798655404005e-05"
"('IT', 'Quarrying of sand and clay')","0.0139692474042927","0.0139190833522137","0.000234560765053691"
"('US', 'Manufacture of fabricated metal products, except machinery and equipment (28)')","0.0136801797832074","0.0119693919635291","0.00752213270444075"
"('US', 'Research and development (73)')","0.0134459571880873","0.00256931271679174","0.0134355370289329"
"('US', 'Production of electricity by Geothermal')","0.0134051134720357","0.0134051133155861","6.45495190711618e-06"
"('DE', 'Incineration of waste: Wood')","0.0132973191520238","0.0132654671226987","0.000145602950751477"
"('ES', 'Biogasification of food waste, incl. land application')","0.0132849202907062","0.0132650980157466","0.000159595933244429"
"('CN', 'Extraction of natural gas and services related to natural gas extraction, excluding surveying')","0.0131115310398819","0.0129193288298348","0.00176468949498193"
"('DE', 'Incineration of waste: Plastic')","0.0127665638894141","0.012714754148272","0.000234769213409336"
"('CN', 'Manufacture of furniture; manufacturing n.e.c. (36)')","0.0126581366591506","0.00575931035328997","0.0122150077187843"
"('ES', 'Mining of lead, zinc and tin ores and concentrates')","0.0121885599000582","0.0121841662117664","1.21305270582623e-05"
"('GB', 'Waste water treatment, food')","0.0121225663710856","0.0120944454121901","0.000172995544490693"
"('AU', 'Mining of precious metal ores and concentrates')","0.0120609646718827","0.0119793472160463","0.000194625568524995"
"('CZ', 'Waste water treatment, other')","0.0120117391908567","0.0119758169665643","0.000118662809032747"
"('CN', 'Real estate activities (70)')","0.0119645163316122","0.0093982558745684","0.0118833101998295"
"('US', 'Sale, maintenance, repair of motor vehicles, motor vehicles parts, motorcycles, motor cycles parts and accessoiries')","0.0117439767241401","0.011425111322494","0.00289368772659267"
"('CN', 'Sale, maintenance, repair of motor vehicles, motor vehicles parts, motorcycles, motor cycles parts and accessoiries')","0.0114568521399518","0.0108191626576575","0.00400238560161576"
"('WM', 'N-fertiliser')","0.011384612273638","0.0113752717836044","0.000100754097577426"
"('GB', 'Landfill of waste: Plastic')","0.0113795330149249","0.0113256132992511","0.000245356251047399"
"('IN', 'P- and other fertiliser')","0.011341507632277","0.0110602241315521","0.00157941238402332"
"('US', 'Extraction of natural gas and services related to natural gas extraction, excluding surveying')","0.0112043419727993","0.0111005058303627","0.00150476529793394"
"('CN', 'Cultivation of crops nec')","0.0112018738210839","0.0111771562984147","0.000552718242008342"
"('US', 'Landfill of waste: Food')","0.0111815240345602","0.0111813560667363","5.09317577184274e-05"
"('US', 'Landfill of waste: Paper')","0.0111129114114928","0.0111126881335327","5.11409397280196e-05"
"('IN', 'Cultivation of paddy rice')","0.0108858194924289","0.0104272787622538","0.00116584654238184"
"('US', 'Supporting and auxiliary transport activities; activities of travel agencies (63)')","0.0108428591932916","0.0104083578481701","0.00745586044886547"
"('DE', 'Waste water treatment, other')","0.0107976858852897","0.0107701265006559","0.000128522133321273"
"('US', 'Production of electricity by wind')","0.010674438460547","0.0106740822905834","0.000117150809988861"
"('CN', 'Manufacture of tobacco products (16)')","0.0105529865972318","0.0103772600028387","0.000601116327895261"
"('US', 'Transport via railways')","0.0105414102875591","0.0105251198836962","0.000782584727694472"
"('TR', 'Quarrying of stone')","0.010497074003565","0.0104593364156874","0.000125052642912504"
"('US', 'Processing of dairy products')","0.0104244848630901","0.00984848864559045","0.00241686533895592"
"('FR', 'Production of electricity by nuclear')","0.0102803589681495","0.0100984468291899","0.000562144902235282"
"('US', 'Retail sale of automotive fuel')","0.0102597507295534","0.00973908521290184","0.00110310628496892"
"('US', 'Retail trade, except of motor vehicles and motorcycles; repair of personal and household goods (52)')","0.00995231167234686","0.00249484542551983","0.00994961910452299"
"('US', 'Landfill of waste: Inert/metal/hazardous')","0.00986063342552054","0.0098602644252079","6.30972982922398e-05"
"('US', 'Manufacture of motor vehicles, trailers and semi-trailers (34)')","0.00957696252177569","0.00293402559089484","0.00946632396763022"
"('US', 'Processing of Food products nec')","0.00932111151096588","0.00624863670095521","0.00718609480843547"
"('US', 'Production of electricity by solar photovoltaic')","0.00915291553023572","0.00915291446965812","4.20108792739629e-05"
"('IT', 'Production of electricity by biomass and waste')","0.00910055605873114","0.00909456555665019","4.89503699865828e-05"
"('BE', 'Incineration of waste: Metals and Inert materials')","0.0089872615166035","0.00896961900100148","0.000100794907101393"
"('GB', 'Landfill of waste: Inert/metal/hazardous')","0.00896995109034183","0.00886692665006228","0.000431531319428111"
"('US', 'Computer and related activities (72)')","0.00882948908613466","0.00798601113080932","0.00778348205769727"
"('CN', 'Research and development (73)')","0.00866305914427498","0.00513468385573457","0.00865121703825244"
"('US', 'Plastics, basic')","0.00863388187235448","0.00818779943808204","0.00310021166185808"
"('CZ', 'Landfill of waste: Paper')","0.0086311008419796","0.00859987755686079","0.000115162703928823"
"('CN', 'Health and social work (85)')","0.00862980828077478","0.00228537894743174","0.00862503382406364"
"('US', 'Manufacture of rubber and plastic products (25)')","0.00860771589042882","0.00620776601515246","0.00637427423676864"
"('RU', 'Extraction of crude petroleum and services related to crude oil extraction, excluding surveying')","0.00856490623128011","0.00846444186232038","0.00234032234767564"
"('IT', 'Landfill of waste: Paper')","0.00855250085301308","0.0085201030317996","0.000177973158253114"
"('DE', 'Incineration of waste: Paper')","0.0084384086744393","0.00838079361571951","0.000229238439821268"
"('US', 'P- and other fertiliser')","0.00843310435701972","0.00830549322179659","0.00132469087436873"
"('IT', 'Waste water treatment, food')","0.00841376762051888","0.00839614864371578","0.000114531920743261"
"('US', 'Chemicals nec')","0.00833260094700304","0.00577460699435543","0.00625177574156877"
"('IT', 'Landfill of waste: Inert/metal/hazardous')","0.00816588635152663","0.00813401502008784","0.000138779385576631"
"('NL', 'Incineration of waste: Wood')","0.00816304802112396","0.0081602161105642","2.46278248637256e-05"
"('NL', 'Incineration of waste: Paper')","0.00812598185918773","0.008113469138562","8.27361255648224e-05"
"('DE', 'Construction (45)')","0.00808447431236155","0.00520143447742838","0.00532406848392019"
"('CN', 'N-fertiliser')","0.0080800504246792","0.00807605336409301","8.2855638323153e-05"
"('WA', 'Other land transport')","0.00779728713048944","0.00751976660401438","0.00193771755208445"
"('KR', 'Plastics, basic')","0.00775306286116174","0.00751093295176384","0.00131426243668761"
"('US', 'Cultivation of cereal grains nec')","0.00772913624300068","0.00741593614418227","0.00164104194189454"
"('IN', 'Petroleum Refinery')","0.00771872636696457","0.00469123837296474","0.00606079708364635"
"('CN', 'Extraction of crude petroleum and services related to crude oil extraction, excluding surveying')","0.00770629901442657","0.00595976695711959","0.00657332953679752"
"('CN', 'Raw milk')","0.00763319896745373","0.00760141958937297","0.000681899297315919"
"('ID', 'Processing vegetable oils and fats')","0.00760610721162556","0.00739030325948806","0.000507515424151025"
"('CN', 'Supporting and auxiliary transport activities; activities of travel agencies (63)')","0.00758705653520247","0.00498109524657855","0.00601244000102108"
"('JP', 'Mining of other non-ferrous metal ores and concentrates')","0.00758648022665723","0.00744165678074448","0.000353689053047227"
"('IN', 'Construction (45)')","0.0074335248420758","0.00209756433156969","0.00701410088528431"
"('GB', 'Collection, purification and distribution of water (41)')","0.00735184874732842","0.00733824272283946","0.000166915741003642"
"('IT', 'Incineration of waste: Plastic')","0.00729905988863044","0.00726704544497791","0.000215716952966269"
"('WA', 'Sugar refining')","0.00728443965959837","0.00719607939413939","0.000222765597495498"
"('JP', 'Construction (45)')","0.00726368978766503","0.00162894362971098","0.00719781639585409"
"('DE', 'Incineration of waste: Food')","0.00715759289607332","0.00711811354300668","0.000162224693474244"
"('US', 'Education (80)')","0.00707234415418112","0.000567568125555574","0.00707196428847326"
"('WA', 'Construction (45)')","0.00706518085356143","0.00203594900662067","0.00670157594332221"
"('DE', 'Incineration of waste: Oil/Hazardous waste')","0.00702632622940868","0.00698001508151598","0.000189068427893621"
"('CN', 'Activities auxiliary to financial intermediation (67)')","0.00699173747019042","0.0068947623049902","0.00205446785097118"
"('IT', 'Landfill of waste: Wood')","0.00694179278800411","0.00693168014988482","6.43446209658884e-05"
"('WA', 'Wholesale trade and commission trade, except of motor vehicles and motorcycles (51)')","0.00681864185082765","0.00635681082529051","0.00465344623324343"
"('ES', 'Production of electricity by solar thermal')","0.00679335658223801","0.00679314626865311","3.95107866394728e-06"
"('WA', 'Meat animals nec')","0.00677410772102219","0.00662247318768615","0.00039007174193687"
"('DE', 'Production of electricity by wind')","0.00675781425773391","0.00674865949487541","0.000134180568054402"
"('CN', 'Manufacture of radio, television and communication equipment and apparatus (32)')","0.00673081293675889","0.00342348058630495","0.00605099409413267"
"('US', 'Public administration and defence; compulsory social security (75)')","0.00666465494531288","0.00373414369475671","0.00539859031730717"
"('DE', 'Renting of machinery and equipment without operator and of personal and household goods (71)')","0.00658944120711145","0.00656310989907759","0.00122681825367827"
"('IT', 'Production of electricity by Geothermal')","0.00657520374810364","0.00657406784140375","1.65043351426971e-05"
"('US', 'Processing of meat poultry')","0.00653868726398929","0.00619817180428965","0.00110185718004422"
"('US', 'Manufacture of cement, lime and plaster')","0.00650916673104605","0.0062581822927255","0.00181619951455999"
"('IT', 'Incineration of waste: Oil/Hazardous waste')","0.0065043416882077","0.00647524784725834","0.000131529147971212"
"('DE', 'Incineration of waste: Textiles')","0.00648180503965955","0.00647409294407318","4.21479403438359e-05"
"('AU', 'Mining of coal and lignite; extraction of peat (10)')","0.00640886014993182","0.0060873611125839","0.00167753783779803"
"('US', 'Processing of meat cattle')","0.0063703670743056","0.00575524774763805","0.00148743237315796"
"('CN', 'Computer and related activities (72)')","0.00630113442538553","0.00309259334074453","0.00601172358881177"
"('TR', 'Mining of chemical and fertilizer minerals, production of salt, other mining and quarrying n.e.c.')","0.00624843270794951","0.00624707186508074","2.56642031046978e-05"
"('IT', 'Incineration of waste: Wood')","0.00624622762201233","0.00622873557249607","8.54399559437613e-05"
"('NL', 'Renting of machinery and equipment without operator and of personal and household goods (71)')","0.00622584413408399","0.006047559670838","0.000869180927082925"
"('CN', 'Manufacture of beverages')","0.00621353130819867","0.00593473857558766","0.00166074420340495"
"('CN', 'Production of electricity by petroleum and other oil derivatives')","0.00620425409058423","0.00620413240654755","2.1128367062331e-05"
"('WA', 'Petroleum Refinery')","0.00619144113721891","0.00441237956903441","0.00441818075558119"
"('DE', 'Incineration of waste: Metals and Inert materials')","0.00616679365488176","0.00609454618489164","0.000249651293007196"
"('AU', 'Extraction of natural gas and services related to natural gas extraction, excluding surveying')","0.00615857084376028","0.00602912964279877","0.00138566411395568"
"('US', 'Re-processing of secondary steel into new steel')","0.00613235669662664","0.00574321102653756","0.00233769311091199"
"('DE', 'Collection, purification and distribution of water (41)')","0.00613226646931093","0.0061070374940179","0.000155650265891629"
"('US', 'Incineration of waste: Paper')","0.00612297305288906","0.00612280537430789","2.97802118889418e-05"
"('DE', 'Manufacture of motor vehicles, trailers and semi-trailers (34)')","0.00610927529255765","0.00263730402551772","0.00601887122355361"
"('WA', 'Transport via railways')","0.00601894508984041","0.00586118813820865","0.000645893941504683"
"('US', 'Air transport (62)')","0.00601141991453565","0.00497764227228435","0.00349342605032011"
"('US', 'Paper')","0.00598497240576867","0.00471652893661015","0.00403436601016376"
"('GB', 'Incineration of waste: Food')","0.00591535740731423","0.00588701906568989","0.000145149648685903"
"('US', 'Manufacture of bricks, tiles and construction products, in baked clay')","0.00569352826118377","0.0056853163826765","0.000240962115410692"
"('SE', 'Mining of lead, zinc and tin ores and concentrates')","0.00565670979419146","0.00565270008965046","2.50685997790067e-05"
"('DE', 'Biogasification of sewage slugde, incl. land application')","0.00564632924347213","0.00558716003381985","0.000202560503022908"
"('PL', 'Biogasification of sewage slugde, incl. land application')","0.00564410696324192","0.00563529383449943","4.50189146715788e-05"
"('IT', 'Mining of chemical and fertilizer minerals, production of salt, other mining and quarrying n.e.c.')","0.0054979879842466","0.00548519093430072","4.04927262943758e-05"
"('FI', 'Mining of nickel ores and concentrates')","0.00548052730362131","0.00546912452682608","2.96987071773457e-05"
"('US', 'Manufacture of tobacco products (16)')","0.00534856793046992","0.00528437511184529","0.000444856012425167"
"('US', 'Production of electricity by coal')","0.00531274145589276","0.00516209727664156","0.00051424030357977"
"('NL', 'Incineration of waste: Food')","0.00530637533435592","0.00529361043925748","7.85114862422337e-05"
"('US', 'Processing of meat pigs')","0.0052597328379106","0.00504764282504627","0.000717578320419401"
"('KR', 'Petroleum Refinery')","0.00523937653858445","0.00356767013045519","0.00390639051354115"
"('GB', 'Incineration of waste: Textiles')","0.00522134972097088","0.00521658945453101","3.48106814241597e-05"
"('CN', 'Other service activities (93)')","0.00520410839319952","0.0029672559037132","0.00468228055974192"
"('DE', 'Mining of uranium and thorium ores (12)')","0.00516853211152294","0.00516852938702273","2.50538641255716e-06"
"('CN', 'Education (80)')","0.00512933421041974","0.000980379410044485","0.00512742149253673"
"('IT', 'Landfill of waste: Food')","0.00511858750350906","0.00505958989682157","0.000247791502367802"
"('DE', 'Wholesale trade and commission trade, except of motor vehicles and motorcycles (51)')","0.00510433768267786","0.00362907961509288","0.00385523301720334"
"('WM', 'Production of electricity by gas')","0.00493453462981244","0.00475210594698186","0.000695900734074619"
"('NL', 'Incineration of waste: Textiles')","0.00486875260728204","0.00486676219158025","1.78716358316003e-05"
"('CN', 'Publishing, printing and reproduction of recorded media (22)')","0.00485564398298632","0.00234605759237278","0.00484067281864933"
"('WA', 'Extraction of crude petroleum and services related to crude oil extraction, excluding surveying')","0.00481760037470142","0.00453852360880562","0.00269202196239277"
"('US', 'Landfill of waste: Textiles')","0.00478729291509822","0.00478722781948983","6.22196605156151e-06"
"('US', 'Incineration of waste: Metals and Inert materials')","0.00478260375209428","0.00478247607623293","2.89497276878667e-05"
"('JP', 'Manufacture of motor vehicles, trailers and semi-trailers (34)')","0.00477659537399403","0.00275603516551184","0.00473491441843896"
"('JP', 'Wholesale trade and commission trade, except of motor vehicles and motorcycles (51)')","0.00476600807502409","0.00421882478358438","0.00416021313955653"
"('AU', 'Manufacture of gas; distribution of gaseous fuels through mains')","0.00473200725065981","0.00464738304079174","0.000763339689455785"
"('WL', 'Production of electricity by Geothermal')","0.00471634280301958","0.00471630646785618","4.66938063892472e-06"
"('GB', 'Production of electricity by biomass and waste')","0.00471628729879967","0.0047147975996634","1.47522398235244e-05"
"('IT', 'Incineration of waste: Food')","0.00469651019438022","0.00467761058431056","9.94677170045608e-05"
"('US', 'Production of electricity nec')","0.00462870932088356","0.0046286551094155","1.47532692246382e-06"
"('WA', 'Processing of meat cattle')","0.00457986419384279","0.00391660744057245","0.000971246244876642"
"('GB', 'Incineration of waste: Paper')","0.00456464734442298","0.00453632293351422","0.000140343880518379"
"('ES', 'Biogasification of paper, incl. land application')","0.00447798957959157","0.00447597318747547","2.01702331225819e-05"
"('GB', 'Incineration of waste: Oil/Hazardous waste')","0.00444627305846853","0.00442440374738909","0.000115380644480551"
"('US', 'Manufacture of beverages')","0.00441841010699859","0.003431485484901","0.00229423214936943"
"('IT', 'Landfill of waste: Textiles')","0.0044104513442884","0.00440479289930674","3.91444919478764e-05"
"('US', 'Production of electricity by biomass and waste')","0.00438242040615485","0.00438242026583099","4.84789721507727e-06"
"('DE', 'Mining of chemical and fertilizer minerals, production of salt, other mining and quarrying n.e.c.')","0.00435466193299732","0.00433448857055854","8.55721397564133e-05"
"('WA', 'Transport via pipelines')","0.00433962575639459","0.00432125028722984","0.000189496567355529"
"('CN', 'Mining of aluminium ores and concentrates')","0.00429874302896816","0.00429873986619398","6.79541905583469e-07"
"('IT', 'Waste water treatment, other')","0.00428595719597185","0.00425989619753881","0.000154130037246615"
"('JP', 'Petroleum Refinery')","0.00425365760691787","0.00274519080347376","0.00353553443015494"
"('US', 'Publishing, printing and reproduction of recorded media (22)')","0.00419282328588671","0.0028569455699105","0.00417665318677002"
"('US', 'Manufacture of wood and of products of wood and cork, except furniture; manufacture of articles of straw and plaiting materials (20)')","0.00415471602308615","0.00336728642338065","0.00253047955197819"
"('PT', 'Incineration of waste: Food')","0.00406372765392131","0.00405894946018452","2.70023352642655e-05"
"('JP', 'Health and social work (85)')","0.00405039835200313","0.00306547040439955","0.00389511913656371"
"('DE', 'Supporting and auxiliary transport activities; activities of travel agencies (63)')","0.00404794979498381","0.00299267843043867","0.00382650974346446"
"('CN', 'Cattle farming')","0.00404241351877844","0.00379889239782296","0.00116059937786586"
"('IT', 'Renting of machinery and equipment without operator and of personal and household goods (71)')","0.00401460144838482","0.00392776225476269","0.000552283451442896"
"('IT', 'Recycling of waste and scrap')","0.0040145201126831","0.00401200871960483","2.78658230814666e-05"
"('WA', 'Production of electricity by gas')","0.00400604413294486","0.00391421036638263","0.000386517779633911"
"('WM', 'Construction (45)')","0.00398649500597536","0.00097359840513995","0.00390062110307505"
"('US', 'Production of electricity by petroleum and other oil derivatives')","0.00397734932599898","0.00397259877496005","3.49662915763771e-05"
"('IT', 'Manufacture of machinery and equipment n.e.c. (29)')","0.00395803602951205","0.00273535561275044","0.00236980156342286"
"('DE', 'Biogasification of food waste, incl. land application')","0.00395279865668531","0.00394607327812749","3.01877991143424e-05"
"('US', 'Inland water transport')","0.00395010570658689","0.00382470594995021","0.000328388230829576"
"('US', 'Waste water treatment, food')","0.00389561738759001","0.00389468296034375","3.37878932344595e-05"
"('DE', 'Waste water treatment, food')","0.00388752443611728","0.00387489409749065","6.45451080572451e-05"
"('DE', 'Manufacture of fabricated metal products, except machinery and equipment (28)')","0.00386312799558715","0.00320449615212693","0.00282236187184485"
"('US', 'Production of electricity by solar thermal')","0.00385489787055567","0.00385489780544061","1.19447018755344e-06"
"('CN', 'Processing of dairy products')","0.00384665163323738","0.0035102493767263","0.000769518421364941"
"('WA', 'Manufacture of office machinery and computers (30)')","0.00384442986772657","0.00139550992103955","0.00380026405135033"
"('RU', 'Manufacture of coke oven products')","0.00374056175655575","0.00371127609389991","9.76327041328146e-05"
"('IN', 'Other land transport')","0.00372442146019028","0.00249915909678537","0.00262285245233833"
"('IN', 'Processed rice')","0.00370449455522325","0.00344243510798859","0.000468725172163229"
"('GB', 'Construction (45)')","0.00369312192805198","0.00233164795704653","0.00340635240609899"
"('TR', 'Mining of precious metal ores and concentrates')","0.00368847266699596","0.0036581859144995","0.000101975755091373"
"('US', 'Cultivation of oil seeds')","0.00364487029008365","0.00339521118394947","0.000732555924340304"
"('US', 'Waste water treatment, other')","0.00359574681987234","0.00359565336263377","2.74970218815915e-05"
"('JP', 'Processing of Food products nec')","0.00359419114976188","0.00197160691239738","0.00296003780701115"
"('GB', 'Waste water treatment, other')","0.00354684042696391","0.0034818212064605","0.000250468502468855"
"('DE', 'Production of electricity by solar photovoltaic')","0.00352601507272787","0.00352408430611461","4.63953649748889e-05"
"('KR', 'Construction (45)')","0.00351258939447278","0.000174819699082463","0.00351167518658948"
"('WA', 'Public administration and defence; compulsory social security (75)')","0.00348434032151826","0.00207435885818717","0.00221042688352742"
"('JP', 'Manufacture of rubber and plastic products (25)')","0.00346726948424156","0.00221370118197674","0.0029446331462056"
"('IT', 'Incineration of waste: Paper')","0.00345814337729147","0.00343197332817938","0.000144676923413884"
"('WM', 'Petroleum Refinery')","0.00345606572786828","0.00302837061220657","0.00218906911230784"
"('DE', 'Other business activities (74)')","0.00345226520978654","0.00299421973794273","0.00341044108066404"
"('CH', 'Chemicals nec')","0.00343033720334138","0.00206293547382642","0.00301885885408796"
"('ES', 'Collection, purification and distribution of water (41)')","0.00339318433727199","0.00336433322680255","0.000148301816043722"
"('GB', 'Financial intermediation, except insurance and pension funding (65)')","0.00338722892973278","0.00288763453428297","0.00269309953576873"
"('RU', 'Petroleum Refinery')","0.00338047989324456","0.00222845090166327","0.00247763812826429"
"('GB', 'Renting of machinery and equipment without operator and of personal and household goods (71)')","0.00336057704293484","0.00327390025724485","0.000703111633536298"
"('FR', 'Other business activities (74)')","0.00336053775576568","0.00283460105065818","0.00334457482362751"
"('JP', 'Retail trade, except of motor vehicles and motorcycles; repair of personal and household goods (52)')","0.00336031992989694","0.00235385104698754","0.00334998247633739"
"('JP', 'Manufacture of basic iron and steel and of ferro-alloys and first products thereof')","0.00334044848747665","0.00251476457636862","0.00285391707692795"
"('WA', 'Plastics, basic')","0.00333191436815061","0.003139297549031","0.00100181419379135"
"('GB', 'Production of electricity by wind')","0.00333176135686273","0.00332069888429564","8.93500985197102e-05"
"('CA', 'Extraction, liquefaction, and regasification of other petroleum and gaseous materials')","0.0032989611397093","0.00326891481109413","0.000382895027656569"
"('US', 'Manufacture of other transport equipment (35)')","0.00329433730155173","0.00237728533071426","0.00235207005944265"
"('TW', 'Construction (45)')","0.0032876938825825","0.000315236551531694","0.00326337925797109"
"('GB', 'Incineration of waste: Wood')","0.00327629206256479","0.00327086595905714","3.73392296707548e-05"
"('WL', 'Construction (45)')","0.00326980262439184","0.000633769901825864","0.00325797021267978"
"('WA', 'Cattle farming')","0.00323604870442987","0.00309664589957057","0.000616745202961621"
"('US', 'Steam and hot water supply')","0.00321496315249301","0.0032048638674192","5.60498622548149e-05"
"('IT', 'Incineration of waste: Metals and Inert materials')","0.00320020158831507","0.00318072381526016","9.71145225525382e-05"
"('FR', 'Incineration of waste: Textiles')","0.00318338543169753","0.00317266412049105","6.88881554080429e-05"
"('NO', 'Extraction of natural gas and services related to natural gas extraction, excluding surveying')","0.00316748831744705","0.00298494927662201","0.00087669600570726"
"('WF', 'Construction (45)')","0.00316037154408853","0.000502862945674751","0.00315637677946645"
"('AU', 'Construction (45)')","0.00312355095781916","0.00171933899690052","0.00305234928365852"
"('WA', 'Sea and coastal water transport')","0.0031146254134021","0.00307037174754179","0.000843633687919498"
"('ES', 'Quarrying of stone')","0.00307239211584617","0.00305330630147397","0.000139338917131762"
"('WA', 'Cultivation of vegetables, fruit, nuts')","0.00300474408116735","0.00251765328054731","0.00117912646340885"
"('FR', 'Landfill of waste: Inert/metal/hazardous')","0.00300191880691792","0.00293155002658426","0.000380620207005712"
"('JP', 'Mining of chemical and fertilizer minerals, production of salt, other mining and quarrying n.e.c.')","0.00300064153076978","0.00298422641137466","5.20938465854119e-05"
"('JP', 'Manufacture of fabricated metal products, except machinery and equipment (28)')","0.00299148521343123","0.00212498979605515","0.00247247497483748"
"('US', 'Precious metals production')","0.0029875437584183","0.00288563448326831","0.000438023016276473"
"('JP', 'Real estate activities (70)')","0.00297453778609777","0.00186969729414891","0.00297140641004352"
"('JP', 'Other business activities (74)')","0.00295886760217893","0.00243107847140768","0.00294868620866903"
"('JP', 'Plastics, basic')","0.00294973489173919","0.00232798361361973","0.00181164626662543"
"('JP', 'Quarrying of sand and clay')","0.00294545242676759","0.00285993170946698","0.000420958759124629"
"('FR', 'Wholesale trade and commission trade, except of motor vehicles and motorcycles (51)')","0.00293225241305145","0.00190760117333195","0.00275261542377406"
"('DE', 'Transport via railways')","0.00290490160652359","0.00268628499311641","0.000779358412284826"
"('WL', 'Copper production')","0.00290057354504718","0.00269880561341115","0.000780126031432342"
"('DE', 'Plastics, basic')","0.00286118798610513","0.00253593305634045","0.00137901356431622"
"('DE', 'Other land transport')","0.00285587139351276","0.00233077211554718","0.00197525330166196"
"('GB', 'Manufacture of gas; distribution of gaseous fuels through mains')","0.0028341744216531","0.00247705065837526","0.000743305215143252"
"('DE', 'Manufacture of gas; distribution of gaseous fuels through mains')","0.00281772666327797","0.00269837918643391","0.000588227721869436"
"('GB', 'Distribution and trade of electricity')","0.00278561307227522","0.00263968538256817","0.000553762610188642"
"('FR', 'Construction (45)')","0.00276580760508805","0.000987622269726734","0.00268509206474267"
"('KR', 'Processing of Food products nec')","0.00276417005961624","0.00151958723560911","0.00269995275660048"
"('US', 'Aluminium production')","0.00275469738910887","0.00252468908618195","0.00120640162975811"
"('BE', 'Incineration of waste: Plastic')","0.00274957541262194","0.00274532810047083","3.68655999646819e-05"
"('WA', 'Cultivation of wheat')","0.00274655401621756","0.0026251509716607","0.000357822470311183"
"('CN', 'Processing of meat cattle')","0.00271952657677217","0.00193159505087041","0.00135460837486765"
"('WL', 'Petroleum Refinery')","0.00268345434708524","0.0010670801958455","0.00253942377854787"
"('WA', 'Cultivation of sugar cane, sugar beet')","0.00267798538485349","0.00265811654046131","0.000118457795937624"
"('IT', 'Landfill of waste: Plastic')","0.00267524247712474","0.00267097145056813","3.66448247202567e-05"
"('WA', 'Manufacture of basic iron and steel and of ferro-alloys and first products thereof')","0.00266580825696964","0.00190578213819367","0.00232793259240232"
"('GB', 'Transmission of electricity')","0.00266109480766079","0.00262308595093788","0.000212331131479135"
"('WA', 'Financial intermediation, except insurance and pension funding (65)')","0.00266025439460919","0.00219011321569544","0.00206779049955624"
"('IT', 'Wholesale trade and commission trade, except of motor vehicles and motorcycles (51)')","0.00265557969436039","0.00148889552714603","0.00256483046287441"
"('WA', 'P- and other fertiliser')","0.00264758126981986","0.00248835331570693","0.000643450216176998"
"('CA', 'Production of electricity by hydro')","0.00264151420508215","0.00263235852076653","0.000132780043841792"
"('IN', 'Mining of coal and lignite; extraction of peat (10)')","0.00263454108858289","0.00233582883492519","0.00146643613880525"
"('KR', 'Mining of nickel ores and concentrates')","0.00263422913079243","0.00261894104613685","7.8174422769044e-05"
"('FR', 'Manufacture of gas; distribution of gaseous fuels through mains')","0.00262241120773426","0.00240143012079406","0.000988066463517277"
"('CA', 'Construction (45)')","0.00262169474340367","0.000594916902039089","0.00261630318866967"
"('FR', 'Renting of machinery and equipment without operator and of personal and household goods (71)')","0.00259806342197238","0.00252208697413535","0.0010961983412261"
"('CA', 'Extraction of crude petroleum and services related to crude oil extraction, excluding surveying')","0.00259396892536698","0.00242836225807496","0.00237294831862826"
"('NL', 'Incineration of waste: Oil/Hazardous waste')","0.00258174335763094","0.00257415883496987","4.79029926502205e-05"
"('ID', 'Construction (45)')","0.00258132856109555","0.000170736537106117","0.00258132702251004"
"('DE', 'Manufacture of rubber and plastic products (25)')","0.00255707316439939","0.00181968339837328","0.00220013018284213"
"('WF', 'Extraction of crude petroleum and services related to crude oil extraction, excluding surveying')","0.00255643094533771","0.00232122689327033","0.0021795537864435"
"('WL', 'Extraction of crude petroleum and services related to crude oil extraction, excluding surveying')","0.00254894325459386","0.00211817250096475","0.0023970104201173"
"('WA', 'Hotels and restaurants (55)')","0.00254482302305252","0.00103385683945999","0.00248943888471934"
"('WA', 'Inland water transport')","0.0025385122022184","0.00250808109630244","0.000124708430542657"
"('IT', 'Incineration of waste: Textiles')","0.00253265265553901","0.00252972872271361","2.43228568411475e-05"
"('ES', 'Landfill of waste: Food')","0.00250171066375345","0.00246617374853988","0.000202556244795386"
"('JP', 'Hotels and restaurants (55)')","0.00248564187525172","0.000556881672035771","0.00244893395761252"
"('US', 'Raw milk')","0.00247908696247559","0.00221281360721468","0.000955649548012855"
"('DE', 'Transmission of electricity')","0.00244088239974158","0.00241140914437549","0.000197052633610666"
"('GB', 'Other business activities (74)')","0.00241510218162874","0.00191825171835892","0.00240221141011726"
"('WA', 'Production of electricity by petroleum and other oil derivatives')","0.00241365878131137","0.00241245824098646","3.38830516203533e-05"
"('DE', 'Distribution and trade of electricity')","0.00240396760119896","0.00226748792972934","0.000540672136307228"
"('GB', 'Wholesale trade and commission trade, except of motor vehicles and motorcycles (51)')","0.00239595513635806","0.00116952247046694","0.00235395635453008"
"('ES', 'Landfill of waste: Inert/metal/hazardous')","0.00239212190450659","0.00234244347208989","0.000246146777881169"
"('WA', 'Production of electricity by hydro')","0.00238697409850838","0.00237039339916215","0.000121626323101607"
"('CZ', 'Landfill of waste: Inert/metal/hazardous')","0.00236779729962449","0.00234625858395734","8.82689174657917e-05"
"('US', 'Production of electricity by hydro')","0.00236135228226864","0.00236014872557124","9.58848687775455e-05"
"('WA', 'Manufacture of furniture; manufacturing n.e.c. (36)')","0.00234064449443354","0.000586070372873895","0.00233944546099762"
"('FR', 'Incineration of waste: Oil/Hazardous waste')","0.00232920541956265","0.00228073255345383","0.000242195380496296"
"('US', 'Casting of metals')","0.00232474642134207","0.00203987074333688","0.00107893955101988"
"('GB', 'Incineration of waste: Metals and Inert materials')","0.0023234196857309","0.00228270971439688","0.000146548143522587"
"('BR', 'Cultivation of oil seeds')","0.00232228360546692","0.00222783135749549","0.000392557144605589"
"('DE', 'Financial intermediation, except insurance and pension funding (65)')","0.00232151689956971","0.00184749991289639","0.00199639724277415"
"('WA', 'Steam and hot water supply')","0.00231892141448354","0.00230404927801665","7.39657933901804e-05"
"('DE', 'Public administration and defence; compulsory social security (75)')","0.00231647292091351","0.00154344829353826","0.00159421866063519"
"('WL', 'Production of electricity by petroleum and other oil derivatives')","0.0023158829001088","0.00230615065686541","9.12046682199486e-05"
"('JP', 'Financial intermediation, except insurance and pension funding (65)')","0.00230294642295291","0.00197850859882393","0.00207121525448398"
"('CN', 'Sugar refining')","0.00230215514596925","0.00224645206472708","0.000109225612931928"
"('NL', 'Waste water treatment, other')","0.00229509656009951","0.00229155298775288","2.95981472635644e-05"
"('WA', 'Manufacture of fabricated metal products, except machinery and equipment (28)')","0.0022836035739709","0.00155555415001398","0.00183878329725705"
"('JP', 'Sale, maintenance, repair of motor vehicles, motor vehicles parts, motorcycles, motor cycles parts and accessoiries')","0.00228331718804731","0.00111146876173564","0.00215015907472593"
"('DE', 'Composting of food waste, incl. land application')","0.00226231476343487","0.00222702946334629","0.000129080642991397"
"('WA', 'Sale, maintenance, repair of motor vehicles, motor vehicles parts, motorcycles, motor cycles parts and accessoiries')","0.00226119534745529","0.00159393077586716","0.00172662733207418"
"('FR', 'Biogasification of food waste, incl. land application')","0.00225722818138813","0.00225220067561832","4.0834476547207e-05"
"('BR', 'Extraction of crude petroleum and services related to crude oil extraction, excluding surveying')","0.00225528714295086","0.00194016049665921","0.00209437512244084"
"('JP', 'Post and telecommunications (64)')","0.00224934865538038","0.0014264971302653","0.00213691837463234"
"('CN', 'Recreational, cultural and sporting activities (92)')","0.00224592163205319","0.00108208531392464","0.00180112388305138"
"('IN', 'Re-processing of secondary steel into new steel')","0.00224242207058337","0.00134739799652543","0.00176302648702833"
"('JP', 'Production of electricity by solar photovoltaic')","0.00223916193902438","0.00223641225072849","4.95689009033417e-05"
"('IT', 'Production of electricity by solar photovoltaic')","0.00223003833611485","0.00221634211873228","6.4086360840559e-05"
"('NL', 'Landfill of waste: Inert/metal/hazardous')","0.00222869282028001","0.0022198078540422","5.57859418369071e-05"
"('KR', 'Manufacture of motor vehicles, trailers and semi-trailers (34)')","0.0022282377194855","0.00104072583345021","0.00222166752747296"
"('JP', 'Other land transport')","0.00222769432597153","0.00167518192626104","0.00176892614365853"
"('DE', 'Production of electricity nec')","0.00221593472183634","0.00221586880733738","1.27656716221669e-06"
"('KR', 'Mining of other non-ferrous metal ores and concentrates')","0.00221282251733242","0.00221000674815446","1.75667543401074e-05"
"('JP', 'Sea and coastal water transport')","0.00221151706550958","0.00184110997642494","0.00112661930047609"
"('IT', 'Composting of food waste, incl. land application')","0.00220473894209674","0.00216830782495413","0.000167495405509655"
"('NL', 'Biogasification of sewage slugde, incl. land application')","0.00219792427097887","0.00219168599252514","4.00178965727614e-05"
"('IN', 'Cultivation of plant-based fibers')","0.0021967343202006","0.00217077076799813","0.000312562685134644"
"('KR', 'Manufacture of fabricated metal products, except machinery and equipment (28)')","0.00218790831162859","0.00143858643296111","0.00198026768431654"
"('JP', 'Production of electricity by gas')","0.00216186922395917","0.0020614390653716","0.0003535577900445"
"('US', 'Poultry farming')","0.00215943279194028","0.00205802095011338","0.000738106219361814"
"('DE', 'Recycling of waste and scrap')","0.00215039711850487","0.00214918459561942","1.73152394330802e-05"
"('JP', 'Manufacture of gas; distribution of gaseous fuels through mains')","0.00214408985815791","0.00207316564359239","0.00055578111592776"
"('WA', 'Cultivation of oil seeds')","0.00214380776889588","0.00205256479171806","0.000314527480200573"
"('IT', 'Collection, purification and distribution of water (41)')","0.00213423469621099","0.00210136992405606","0.000120422507743307"
"('CH', 'Wholesale trade and commission trade, except of motor vehicles and motorcycles (51)')","0.00211917522524697","0.00160658964868191","0.0020748543853832"
"('IT', 'Other land transport')","0.00210833369611691","0.00158227879749636","0.00182407788147817"
"('JP', 'Chemicals nec')","0.00210796441186323","0.00141391767376182","0.00185849157830773"
"('IT', 'Production of electricity by gas')","0.00207809749759709","0.00188453292660537","0.000422082357577958"
"('TW', 'Petroleum Refinery')","0.00207382574516306","0.00163581728703471","0.00198182621143781"
"('JP', 'Manufacture of radio, television and communication equipment and apparatus (32)')","0.00207104558954539","0.00118992523933906","0.00194380295233758"
"('JP', 'Manufacture of furniture; manufacturing n.e.c. (36)')","0.00206796367910023","0.000515397382740807","0.00206793435333893"
"('FR', 'Incineration of waste: Food')","0.00206033552884995","0.00199749192314394","0.000230949799787867"
"('WA', 'Other business activities (74)')","0.00205728720232192","0.00156643521266726","0.00205146931211027"
"('AU', 'Mining of iron ores')","0.00204407367914162","0.00204200843397561","1.64944046386441e-05"
"('AU', 'Mining of lead, zinc and tin ores and concentrates')","0.00202705596748275","0.00202668476992685","9.23655141157712e-06"
"('NL', 'Incineration of waste: Plastic')","0.00202560534452462","0.00202198028595937","2.3779185028738e-05"
"('WA', 'Air transport (62)')","0.00201930185889939","0.00094640157311109","0.00186026514820582"
"('WA', 'Retail trade, except of motor vehicles and motorcycles; repair of personal and household goods (52)')","0.00201708546734437","0.00134987103688734","0.00201120042850354"
"('US', 'Forestry, logging and related service activities (02)')","0.00199248070187179","0.00190458312144584","0.000666168602975889"
"('BE', 'Incineration of waste: Oil/Hazardous waste')","0.00198866566623553","0.00198040805848491","4.28624766392295e-05"
"('IN', 'Wholesale trade and commission trade, except of motor vehicles and motorcycles (51)')","0.00198260024433502","0.00186241667589733","0.00175613236461723"
"('US', 'Cattle farming')","0.00197025864371219","0.00163621017160114","0.00113831308569381"
"('NL', 'Other business activities (74)')","0.00196571643034579","0.00160242089194816","0.00194524936356292"
"('IT', 'Construction (45)')","0.00196527108757924","0.000825934552675911","0.00190599067621534"
"('WA', 'Cultivation of paddy rice')","0.00196428024570705","0.0018201774364891","0.00051379383898166"
"('IN', 'Manufacture of coke oven products')","0.0019570527043049","0.00184578006302991","0.000294032004789653"
"('WL', 'N-fertiliser')","0.00193904258986175","0.00192519171923615","9.08594931377367e-05"
"('DE', 'Computer and related activities (72)')","0.0019335025062178","0.0016975991714038","0.00190308925217027"
"('BE', 'Quarrying of sand and clay')","0.00191637511427501","0.00184669969412758","0.000201216368483085"
"('ES', 'Landfill of waste: Paper')","0.00190250730480333","0.00186173423980985","0.0001729457372307"
"('DE', 'Retail trade, except of motor vehicles and motorcycles; repair of personal and household goods (52)')","0.00189061888128258","0.000851856462735364","0.00189012391535207"
"('KR', 'Manufacture of rubber and plastic products (25)')","0.00188332383640912","0.00137541410022604","0.00161679297301335"
"('SE', 'Mining of iron ores')","0.00186820924148422","0.00186777546839964","5.67093189614413e-06"
"('WA', 'Manufacture of wearing apparel; dressing and dyeing of fur (18)')","0.00186742359094209","0.000354828318691733","0.0018475151240816"
"('WA', 'Chemicals nec')","0.00186257078404761","0.000866417698903619","0.00170560213432521"
"('IT', 'Petroleum Refinery')","0.00185617749559212","0.000781184996201789","0.00174024777311431"
"('IN', 'Manufacture of rubber and plastic products (25)')","0.0018543759632157","0.00120402800472582","0.00144081013507486"
"('IT', 'Manufacture of fabricated metal products, except machinery and equipment (28)')","0.00184878034899063","0.00138395584525274","0.00166683920967065"
"('JP', 'Processed rice')","0.00184396542192188","0.00141560479137056","0.000630741738704126"
"('KR', 'Manufacture of basic iron and steel and of ferro-alloys and first products thereof')","0.00183853923608224","0.00126064036739091","0.00167915803335834"
"('FR', 'Supporting and auxiliary transport activities; activities of travel agencies (63)')","0.00183632504197899","0.00145887778381233","0.00181873046800189"
"('AU', 'Wool, silk-worm cocoons')","0.00183193722152355","0.00182173979632623","3.85292495120443e-05"
"('IN', 'Cultivation of cereal grains nec')","0.00183189276689344","0.00180506369029878","0.000236756080791442"
"('ES', 'Mining of chemical and fertilizer minerals, production of salt, other mining and quarrying n.e.c.')","0.00183088084268128","0.00182404111789652","2.52890218432507e-05"
"('CN', 'Activities of membership organisation n.e.c. (91)')","0.00182989390593951","0.00157977304428459","0.000803739934504371"
"('TW', 'Mining of iron ores')","0.00182599535832241","0.00179024266731348","0.000244756541683475"
"('WA', 'Post and telecommunications (64)')","0.00182492663059749","0.0014501974399164","0.00146824218528623"
"('ES', 'Other land transport')","0.00182287994568645","0.00155060736379753","0.000861018750265741"
"('RU', 'Construction (45)')","0.00180577394688222","0.0006402629708052","0.0017865475901002"
"('US', 'Mining of coal and lignite; extraction of peat (10)')","0.00180275054956937","0.00172769635770487","0.000491774646868959"
"('IN', 'Manufacture of textiles (17)')","0.00180066487042404","0.0010042685464643","0.00179316077798722"
"('IN', 'Cultivation of crops nec')","0.00179614329754875","0.00178197854365353","0.000231874448692413"
"('IT', 'Biogasification of food waste, incl. land application')","0.00179602555893287","0.00179442476121942","1.39251067336029e-05"
"('TW', 'Mining of aluminium ores and concentrates')","0.00179049190279698","0.00178946231785528","5.22237556195477e-06"
"('IT', 'Hotels and restaurants (55)')","0.00179037398775019","0.000563304060939175","0.00177572579944726"
"('SE', 'Incineration of waste: Wood')","0.00178384892230928","0.00177551220766279","2.73946556423764e-05"
"('LU', 'Financial intermediation, except insurance and pension funding (65)')","0.00177745075003978","0.000844996066730247","0.00167840846427107"
"('US', 'Transport via pipelines')","0.00177439472294622","0.00176692575483577","7.07072127955471e-05"
"('WF', 'Cultivation of crops nec')","0.00177391048837666","0.00173811462888125","0.000270637372863848"
"('CA', 'Petroleum Refinery')","0.00177350039896437","0.000958811104602487","0.00159943035964433"
"('FR', 'Financial intermediation, except insurance and pension funding (65)')","0.00176709009049927","0.00143918260075957","0.00164576105689741"
"('IN', 'Processing vegetable oils and fats')","0.00176639587964953","0.00157512218199011","0.000375320213281116"
"('US', 'Manufacture of textiles (17)')","0.00176586655129905","0.00107198595818965","0.00176237977076566"
"('NL', 'Incineration of waste: Metals and Inert materials')","0.00176496902738275","0.00175694881959185","4.6196917565203e-05"
"('WA', 'Processing of meat poultry')","0.00176408225816725","0.00154539014888939","0.000313287652774842"
"('IN', 'Cultivation of wheat')","0.00176043255296038","0.0016393364168449","0.000306563403179275"
"('IT', 'Supporting and auxiliary transport activities; activities of travel agencies (63)')","0.00175840517121857","0.00110759226281351","0.00175002246880729"
"('ES', 'Construction (45)')","0.00175639490988571","0.000757200294038015","0.00172947253540773"
"('ID', 'Petroleum Refinery')","0.00174909150300887","0.000931198876095431","0.00164949855992805"
"('WL', 'Processing of meat cattle')","0.00174564777083008","0.00142730570945261","0.00055141392624546"
"('FR', 'Incineration of waste: Paper')","0.00174539164888277","0.00167881037107276","0.00023942893500218"
"('WA', 'Distribution and trade of electricity')","0.00174292299946198","0.00168973662187584","0.000278548185170118"
"('TR', 'Mining of lead, zinc and tin ores and concentrates')","0.00173381473185062","0.00173326863974777","4.25038569532429e-06"
"('ES', 'Landfill of waste: Textiles')","0.00173180257331563","0.00172657079461713","4.10093696832764e-05"
"('JP', 'Manufacture of other non-metallic mineral products n.e.c.')","0.00172752749958759","0.00133634756974244","0.00116042561645194"
"('WA', 'Manufacture of motor vehicles, trailers and semi-trailers (34)')","0.00172748376744228","0.000588156509145308","0.00172425400424323"
"('JP', 'Other non-ferrous metal production')","0.00172619087338813","0.00136619215101844","0.000660154556368096"
"('FR', 'Other land transport')","0.00172517277992004","0.00139872170513685","0.0014453354510295"
"('IN', 'Chemicals nec')","0.00172330792826623","0.001342078777304","0.00137114059420292"
"('DE', 'Sale, maintenance, repair of motor vehicles, motor vehicles parts, motorcycles, motor cycles parts and accessoiries')","0.0017190002927651","0.00148194389751619","0.000800935593201287"
"('JP', 'Re-processing of secondary steel into new steel')","0.00171657253085605","0.00122931958639429","0.00133699046388953"
"('WA', 'Wool, silk-worm cocoons')","0.00171611899885363","0.00171212408072887","1.82808560339875e-05"
"('US', 'Copper production')","0.00169982015186868","0.00151038945485571","0.000633299160234948"
"('WA', 'Real estate activities (70)')","0.001689999604234","0.000852145492451004","0.0016856225417438"
"('KR', 'Wholesale trade and commission trade, except of motor vehicles and motorcycles (51)')","0.00168652957800437","0.00126604090277657","0.00163616517503371"
"('KR', 'Manufacture of textiles (17)')","0.00168448670752501","0.00117454572739445","0.00168097895905346"
"('JP', 'Publishing, printing and reproduction of recorded media (22)')","0.00167323416937682","0.000875936694139635","0.00167304404759607"
"('KR', 'Production of electricity nec')","0.0016725402458289","0.00167238397597553","2.63105397759542e-06"
"('DE', 'Petroleum Refinery')","0.00167181599641842","0.000863601905241049","0.00147384849394234"
"('ES', 'Waste water treatment, food')","0.00166775385245736","0.00165378541605078","8.34943571086885e-05"
"('DE', 'Post and telecommunications (64)')","0.00166332545551157","0.00131229301700012","0.0014752548388428"
"('IT', 'Quarrying of stone')","0.0016633151159235","0.00160485406271403","0.000121418825518235"
"('JP', 'Manufacture of beverages')","0.0016616907808973","0.00116128941919876","0.000949028961935246"
"('BR', 'Petroleum Refinery')","0.00165824396513396","0.000756188623311665","0.00160615807873725"
"('IT', 'Manufacture of gas; distribution of gaseous fuels through mains')","0.00165790615648109","0.00153667892621257","0.000519053340767422"
"('IE', 'Air transport (62)')","0.00165323915231667","0.000807857849800005","0.00146757290816869"
"('FR', 'Manufacture of motor vehicles, trailers and semi-trailers (34)')","0.00165116578020738","0.000414726347771135","0.00164796356071956"
"('CZ', 'Biogasification of sewage slugde, incl. land application')","0.00164714162869468","0.00161747632729144","0.000137574800726713"
"('DK', 'Sea and coastal water transport')","0.00164479934142859","0.00108399780173568","0.00108903971608152"
"('AU', 'Wholesale trade and commission trade, except of motor vehicles and motorcycles (51)')","0.00163827413410794","0.00109164920974886","0.00147425808538231"
"('GB', 'Other land transport')","0.00162752848310151","0.00124413725505317","0.00144667488412111"
"('JP', 'Production of electricity by petroleum and other oil derivatives')","0.00162611523723079","0.00161794048773633","3.57046506659581e-05"
"('US', 'Extraction, liquefaction, and regasification of other petroleum and gaseous materials')","0.00162103699657613","0.0016173369005776","5.82885465610886e-05"
"('FR', 'Incineration of waste: Metals and Inert materials')","0.00161967081643913","0.00156392902477049","0.000254860433056842"
"('DE', 'Chemicals nec')","0.00159577669867249","0.000668723988423189","0.00154997604167048"
"('KR', 'Chemicals nec')","0.00159111330098695","0.000935196682865294","0.00135953186315226"
"('GB', 'Insurance and pension funding, except compulsory social security (66)')","0.00158636779233502","0.00116501761614706","0.00130237091352525"
"('IN', 'Production of electricity by coal')","0.0015827068184174","0.00132759921806863","0.000540795319442002"
"('US', 'Incineration of waste: Food')","0.00158266369461278","0.00158256120832423","7.80846281988053e-06"
"('GB', 'Public administration and defence; compulsory social security (75)')","0.00158253499498915","0.000421182384164537","0.0014956875431341"
"('IN', 'Manufacture of motor vehicles, trailers and semi-trailers (34)')","0.00158219957505773","0.000288495315073584","0.00158182950654638"
"('TR', 'Quarrying of sand and clay')","0.00157741738394564","0.00156675084685626","5.52073167502377e-05"
"('WA', 'Transmission of electricity')","0.00157254975502199","0.0015595316460402","9.53969355613836e-05"
"('IN', 'Financial intermediation, except insurance and pension funding (65)')","0.00156842374998378","0.00132783320658673","0.00123618285336993"
"('FR', 'Manufacture of machinery and equipment n.e.c. (29)')","0.00156807451061638","0.00112957108332166","0.0010607457571755"
"('DE', 'Real estate activities (70)')","0.00155783688021876","0.00104955872015079","0.00155690662988633"
"('RU', 'Wholesale trade and commission trade, except of motor vehicles and motorcycles (51)')","0.00155227360514047","0.00115576657010253","0.00143395215067859"
"('WM', 'Re-processing of secondary steel into new steel')","0.00155024509499804","0.00150808976868437","0.000637866899405335"
"('WF', 'Wholesale trade and commission trade, except of motor vehicles and motorcycles (51)')","0.00154770256951215","0.00121512161401383","0.001521381670606"
"('WA', 'Manufacture of textiles (17)')","0.00154765489148105","0.000854162453876928","0.00153681131705478"
"('IN', 'Cultivation of sugar cane, sugar beet')","0.00154574948118165","0.00153147966396339","0.000141349722496684"
"('DE', 'Processing of Food products nec')","0.00154399566194312","0.000552158989866343","0.00151542963887601"
"('WL', 'Cultivation of crops nec')","0.00154050247413884","0.00150655178803253","0.000188722856654157"
"('GB', 'Computer and related activities (72)')","0.00153965274149941","0.00136107255127387","0.00150773616181657"
"('JP', 'Research and development (73)')","0.00152075241548921","0.000132453176529802","0.00152074803108542"
"('IT', 'Other business activities (74)')","0.00152037651139912","0.00124002901841072","0.00150596919963418"
"('NO', 'Extraction of crude petroleum and services related to crude oil extraction, excluding surveying')","0.00151963650265927","0.00132860312425109","0.00139776051039578"
"('FR', 'Biogasification of sewage slugde, incl. land application')","0.00150843124864269","0.00144326529993023","0.000230515630114234"
"('GB', 'Retail trade, except of motor vehicles and motorcycles; repair of personal and household goods (52)')","0.00150722142513119","0.000849935927958596","0.0015071267090237"
"('US', 'Manufacture of glass and glass products')","0.00150681991183523","0.00134870252552085","0.000752659861613178"
"('FI', 'Mining of other non-ferrous metal ores and concentrates')","0.00150307157065215","0.00150035436520836","9.75786702449273e-06"
"('IN', 'Transport via pipelines')","0.00149693006784061","0.00148674714706136","0.000109536456909925"
"('DE', 'Insurance and pension funding, except compulsory social security (66)')","0.00148122348864579","0.000836200311548609","0.00127178569442842"
"('WA', 'Research and development (73)')","0.00147443411122475","0.000802168128485263","0.00147084582177288"
"('BE', 'Other business activities (74)')","0.00147143031390145","0.00117880157079367","0.00146539434319721"
"('KR', 'Health and social work (85)')","0.00146815999359815","0.000435335349839204","0.00146813296011705"
"('CH', 'Recycling of waste and scrap')","0.00146795526137206","0.00146043790109152","3.80480390624303e-05"
"('WA', 'Manufacture of glass and glass products')","0.00146674917467187","0.00128088957522231","0.00072844025551712"
"('ES', 'Waste water treatment, other')","0.00146389407836539","0.00144286580790612","0.000124359979256852"
"('WA', 'Production of electricity by coal')","0.00145799341746161","0.00128805316162054","0.000342427042121524"
"('JP', 'Paper')","0.00145708415821781","0.00107499016518398","0.00131108121346335"
"('WM', 'Wholesale trade and commission trade, except of motor vehicles and motorcycles (51)')","0.00145610114188426","0.00124002272589711","0.00134939336420688"
"('WA', 'Manufacture of rubber and plastic products (25)')","0.00145323964148972","0.00131367006342955","0.00087835124074625"
"('DE', 'Production of electricity by nuclear')","0.00145288167300551","0.00144718548889884","6.35947804476858e-05"
"('WL', 'Production of electricity by hydro')","0.00145092697365176","0.00143872391662592","0.00022595132621166"
"('WA', 'Processing of meat pigs')","0.00144029800891786","0.000840347068011165","0.000713994061946442"
"('GB', 'Supporting and auxiliary transport activities; activities of travel agencies (63)')","0.00143213546459397","0.00103955315555114","0.00141032521658256"
"('CN', 'Mining of copper ores and concentrates')","0.00142944204697762","0.00142867426149076","1.63306154580326e-05"
"('GB', 'Hotels and restaurants (55)')","0.00142884408329051","0.000535847154458357","0.00140313067146486"
"('AU', 'Financial intermediation, except insurance and pension funding (65)')","0.00141480893220237","0.00123767980947018","0.0012961395357727"
"('DE', 'Sea and coastal water transport')","0.00141477142476912","0.00112870495607689","0.000799879718827404"
"('TR', 'Petroleum Refinery')","0.00141249814995886","0.000854103136653845","0.00126829369892704"
"('FR', 'Hotels and restaurants (55)')","0.00140653247138538","0.000667854736578641","0.00136862787463018"
"('DE', 'Composting of paper and wood, incl. land application')","0.00140610258466703","0.00140566457606099","3.21585365884015e-06"
"('US', 'Manufacture of other non-metallic mineral products n.e.c.')","0.00139947596827912","0.00127635374254488","0.000493150667903562"
"('BR', 'Cattle farming')","0.00139943704757019","0.00135596524235747","0.000176378194568691"
"('AU', 'Mining of copper ores and concentrates')","0.00139744871085633","0.00139004906636153","2.89677578871918e-05"
"('IN', 'Casting of metals')","0.00139325104443038","0.000956632381451621","0.000903395857692837"
"('IT', 'Production of electricity by petroleum and other oil derivatives')","0.00139027882168583","0.00138140563365969","3.93993085481996e-05"
"('JP', 'Other service activities (93)')","0.00137882516874204","0.000270322373831907","0.00137631291428694"
"('IN', 'Cultivation of vegetables, fruit, nuts')","0.00137818349245116","0.0013368290019557","0.000914354892696117"
"('FR', 'Collection, purification and distribution of water (41)')","0.0013773810495698","0.00131189830054911","0.000188262282668532"
"('DE', 'Pulp')","0.00137400822260653","0.00115765917944492","0.000446358842686334"
"('BE', 'Construction (45)')","0.0013731613253357","0.000703911420382251","0.0012303913203196"
"('KR', 'Re-processing of secondary steel into new steel')","0.00137259348959398","0.000984152508706755","0.00106755719656145"
"('WA', 'Health and social work (85)')","0.00137133766602995","0.000202855966345041","0.00137129795799241"
"('FR', 'Landfill of waste: Plastic')","0.00136807532838211","0.00136181839587451","4.86730010883186e-05"
"('WM', 'Plastics, basic')","0.0013580513659406","0.00126929706990142","0.000576220628396677"
"('WA', 'Lead, zinc and tin production')","0.00135684278329618","0.00127231707869437","0.000224641792206354"
"('DE', 'Manufacture of cement, lime and plaster')","0.00135159393795204","0.00118063011655317","0.000568547629204373"
"('IN', 'Sugar refining')","0.00135118620254951","0.00130410887912562","9.65087402131901e-05"
"('WM', 'Transport via pipelines')","0.00135037972801287","0.00132606043035133","0.000127467472526181"
"('JP', 'Manufacture of wearing apparel; dressing and dyeing of fur (18)')","0.00134982417529159","0.000364693640462339","0.00134798233231605"
"('IE', 'Computer and related activities (72)')","0.00134926223082942","0.000643650172425853","0.00134052309921982"
"('US', 'Recreational, cultural and sporting activities (92)')","0.0013419441791274","0.000983044501763427","0.00117784224775535"
"('DE', 'Transport via pipelines')","0.00133872702065612","0.00131391537878599","9.18837989263089e-05"
"('KR', 'Other land transport')","0.00133171467552678","0.000787144882320531","0.00119225797025215"
"('RU', 'Production of electricity by gas')","0.00133109993384296","0.00128771205333621","0.000243931777887335"
"('IT', 'Processing of Food products nec')","0.00132746207657993","0.000650690654993049","0.00129419193647743"
"('IT', 'Manufacture of rubber and plastic products (25)')","0.00132706934863299","0.000663056215796732","0.00130046602318088"
"('GB', 'Real estate activities (70)')","0.00132510075804995","0.000729672677384931","0.00132390486415905"
"('PL', 'Construction (45)')","0.00132452052089502","0.000550445116175815","0.00132349489560713"
"('AU', 'Real estate activities (70)')","0.0013201770904684","0.000563820002721308","0.00132014236439982"
"('FR', 'Manufacture of other transport equipment (35)')","0.00131941977940854","0.000807036154066875","0.00109665451509429"
"('GB', 'Manufacture of motor vehicles, trailers and semi-trailers (34)')","0.00131910991072798","0.000304463261926317","0.00131891975434922"
"('FR', 'Manufacture of fabricated metal products, except machinery and equipment (28)')","0.0013172083728289","0.000950619145335861","0.00119223913135434"
"('ES', 'Wholesale trade and commission trade, except of motor vehicles and motorcycles (51)')","0.00131472435305485","0.000856836182776272","0.00129628308746903"
"('ID', 'Wholesale trade and commission trade, except of motor vehicles and motorcycles (51)')","0.00131428610564502","0.00095272157733593","0.0012538276294483"
"('DE', 'Production of electricity by gas')","0.00130596334068261","0.00122930545497143","0.000171217170691371"
"('RU', 'Transport via railways')","0.00130578654846724","0.00126251625681696","0.000213712756969445"
"('NL', 'Wholesale trade and commission trade, except of motor vehicles and motorcycles (51)')","0.00130440453238142","0.000912565603997347","0.00127535781955624"
"('FR', 'Processing of Food products nec')","0.00129784953576526","0.000610586734451958","0.00121416058041623"
"('US', 'N-fertiliser')","0.00129399132051442","0.00129001664531715","4.73915343443354e-05"
"('JP', 'Copper production')","0.0012856130837639","0.00117393424466169","0.000428622434532478"
"('IT', 'Retail trade, except of motor vehicles and motorcycles; repair of personal and household goods (52)')","0.00128029754662642","0.000377492785156732","0.00128029737992654"
"('CN', 'Mining of iron ores')","0.00127420423882977","0.00127399737051526","7.01353069542196e-06"
"('DE', 'Manufacture of other transport equipment (35)')","0.00127324880074672","0.000740895264116129","0.00102645070986359"
"('GB', 'Petroleum Refinery')","0.00127175775983477","0.000374583275566973","0.00125478444822558"
"('WA', 'Supporting and auxiliary transport activities; activities of travel agencies (63)')","0.00126043352444605","0.000945007518134977","0.00122279662726604"
"('KR', 'Financial intermediation, except insurance and pension funding (65)')","0.00125410666381083","0.00111111640868783","0.00109787652514987"
"('US', 'Activities of membership organisation n.e.c. (91)')","0.00124410238932796","0.000355025798758463","0.00117717310818801"
"('US', 'Incineration of waste: Textiles')","0.00123570511359214","0.00123531052524505","3.59654262135364e-06"
"('CZ', 'N-fertiliser')","0.00123228672961471","0.00121211670963941","7.4523561412485e-05"
"('FR', 'Incineration of waste: Plastic')","0.00123128510813874","0.00120550761425005","0.000117577719119891"
"('AU', 'Petroleum Refinery')","0.0012255807260758","0.000527755632476657","0.00117396683402561"
"('WL', 'Cultivation of oil seeds')","0.00122535686565484","0.00115610008650195","0.000302718362889337"
"('GB', 'Incineration of waste: Plastic')","0.00122365557239318","0.00121790573963322","3.3350535779432e-05"
"('CA', 'Wholesale trade and commission trade, except of motor vehicles and motorcycles (51)')","0.00122306192160081","0.000837561570598252","0.00119966328155946"
"('JP', 'Manufacture of textiles (17)')","0.00121975190226521","0.00072526583798684","0.00121721911710505"
"('GB', 'Production of electricity by gas')","0.00121872896000587","0.0010834716896792","0.000289208238951038"
"('KR', 'Manufacture of office machinery and computers (30)')","0.00121745041729534","0.000846107663937776","0.00120171436242529"
"('IN', 'Processing of Food products nec')","0.00121238429082423","0.00034104093356601","0.00113734105033372"
"('CN', 'Manufacture of medical, precision and optical instruments, watches and clocks (33)')","0.00121122429348381","0.000706739153050316","0.0011032859788918"
"('KR', 'Hotels and restaurants (55)')","0.00120945839005049","0.000187704576657498","0.0012086765383834"
"('FR', 'Retail trade, except of motor vehicles and motorcycles; repair of personal and household goods (52)')","0.00120563776391178","0.000451067368255377","0.00120559195346543"
"('IN', 'Extraction of crude petroleum and services related to crude oil extraction, excluding surveying')","0.00120084430330016","0.000938997618459718","0.00113958677710543"
"('KR', 'Mining of chemical and fertilizer minerals, production of salt, other mining and quarrying n.e.c.')","0.00119111242114753","0.00118431033418727","2.28558693753932e-05"
"('NL', 'Construction (45)')","0.0011908881444117","0.000570201786276094","0.0011837661627475"
"('WF', 'Extraction of natural gas and services related to natural gas extraction, excluding surveying')","0.00118859762540417","0.00114752178468307","0.000449269714410201"
"('DE', 'Air transport (62)')","0.00118757682817872","0.000681897065202897","0.00101485854406474"
"('IN', 'Manufacture of ceramic goods')","0.00118710976517187","0.0011036640260498","0.000464940439708628"
"('TW', 'Manufacture of other non-metallic mineral products n.e.c.')","0.00118115666157851","0.000567105061751885","0.0011428497680644"
"('DE', 'Production of electricity by coal')","0.00117677093424013","0.00108596915087043","0.000240296158214164"
"('AU', 'Hotels and restaurants (55)')","0.00117174234425659","0.0006349125598342","0.00112482443634228"
"('TW', 'Manufacture of basic iron and steel and of ferro-alloys and first products thereof')","0.00117139987602132","0.000570646291430029","0.00116536787727057"
"('KR', 'Manufacture of radio, television and communication equipment and apparatus (32)')","0.00117073086637637","0.000766435398103543","0.0011083814432934"
"('WM', 'Manufacture of fabricated metal products, except machinery and equipment (28)')","0.00116722520520302","0.000631547921323323","0.00106722764752748"
"('KR', 'P- and other fertiliser')","0.00116611513890998","0.00103379391247583","0.000357515715533385"
"('DE', 'Manufacture of basic iron and steel and of ferro-alloys and first products thereof')","0.00115706454401958","0.000748802546486002","0.0010337670854854"
"('AU', 'Other business activities (74)')","0.00115626510556207","0.000896095175847036","0.00115622547133426"
"('WA', 'Insurance and pension funding, except compulsory social security (66)')","0.00115491374687333","0.000832850825269172","0.000944571138268115"
"('US', 'Manufacture of basic iron and steel and of ferro-alloys and first products thereof')","0.00115074789270757","0.000840790172077935","0.000960904649185978"
"('WL', 'Processing of meat poultry')","0.00114910764149418","0.000851174477908529","0.000436669742356505"
"('WL', 'Cattle farming')","0.00114536875404947","0.00107830555387639","0.000467823658849588"
"('WA', 'Cultivation of plant-based fibers')","0.00114505780939099","0.0011064390172517","0.000103338573636705"
"('ES', 'Incineration of waste: Oil/Hazardous waste')","0.00114393210310847","0.00111693697219167","0.00011022752296224"
"('RU', 'P- and other fertiliser')","0.00114370543538837","0.0010344527024678","0.000263421581569304"
"('IT', 'Plastics, basic')","0.00113049263976496","0.000864968274702474","0.000803840932098733"
"('FR', 'Waste water treatment, other')","0.00112991865636184","0.00108910336993298","0.000148401816181551"
"('WF', 'Petroleum Refinery')","0.00112984003577772","0.000474249190259469","0.00108888330783415"
"('IN', 'Manufacture of tobacco products (16)')","0.00112637316815228","0.00104745237359702","0.000127606615384811"
"('MX', 'Extraction of crude petroleum and services related to crude oil extraction, excluding surveying')","0.00112450429261461","0.00108692500661611","0.00106194143013066"
"('IT', 'Manufacture of motor vehicles, trailers and semi-trailers (34)')","0.00112032736997853","0.000356579307164856","0.00111989678122465"
"('JP', 'Public administration and defence; compulsory social security (75)')","0.00111887325159988","9.24384379791447e-05","0.00111765558070375"
"('TW', 'Processing of Food products nec')","0.00111030903376411","0.00071316056701123","0.00110095535120428"
"('FR', 'Processing of dairy products')","0.00110957854304746","0.000640943899575308","0.000784943164202477"
"('BR', 'Construction (45)')","0.00110904095489046","0.000219453583677055","0.00110894323416451"
"('RU', 'Real estate activities (70)')","0.00110871781282963","0.000807934360369519","0.00110871781204698"
"('IN', 'Manufacture of basic iron and steel and of ferro-alloys and first products thereof')","0.00110813864776807","0.000533868986610766","0.00107982782753183"
"('IN', 'Manufacture of fabricated metal products, except machinery and equipment (28)')","0.00110778089482217","0.000671621067675275","0.000999120715671923"
"('WA', 'Processed rice')","0.00110647062863573","0.00107564927550071","7.84820906168899e-05"
"('NL', 'Petroleum Refinery')","0.00110306219418235","0.000345244894598835","0.00109025644117231"
"('CZ', 'Landfill of waste: Food')","0.00110303291296731","0.00105408882832325","0.000132522376638521"
"('BG', 'Mining of copper ores and concentrates')","0.00109641160574523","0.00108855498906742","2.58291383228498e-05"
"('IT', 'Financial intermediation, except insurance and pension funding (65)')","0.0010950606698538","0.000842855206484229","0.00101605642130303"
"('FR', 'Incineration of waste: Wood')","0.00109297746558142","0.00107580994765733","6.8956036777129e-05"
"('GB', 'Production of electricity by nuclear')","0.00109204842409997","0.00107661795785062","6.67750934445872e-05"
"('FR', 'Production of electricity by tide, wave, ocean')","0.00108771431560443","0.00108770366004536","3.11974633487557e-07"
"('WM', 'Other business activities (74)')","0.00108741276073818","0.00090355935059454","0.00108696437820416"
"('WA', 'Production of electricity by solar photovoltaic')","0.00108464889405609","0.00108040039499681","2.24723100155336e-05"
"('IN', 'Other business activities (74)')","0.00108428870629727","0.000901946927675379","0.0010830329043102"
"('ID', 'Mining of coal and lignite; extraction of peat (10)')","0.00108363317684091","0.000980449238167533","0.000595910185286553"
"('JP', 'Transport via railways')","0.00108289030061642","0.00105219545832759","0.000292519133017779"
"('TR', 'Processing of Food products nec')","0.00107972278235823","0.000629213076450498","0.00102605234449064"
"('BE', 'Incineration of waste: Paper')","0.00107682652481601","0.00107162780214379","2.66272882768579e-05"
"('WL', 'Retail trade, except of motor vehicles and motorcycles; repair of personal and household goods (52)')","0.00106842760299247","0.000653528206456859","0.00106842188510325"
"('RU', 'Extraction of natural gas and services related to natural gas extraction, excluding surveying')","0.00106761280845462","0.00103670060960887","0.000327577706327468"
"('FR', 'Landfill of waste: Paper')","0.00106081755625482","0.00103458888867019","0.000121933607052019"
"('MX', 'Manufacture of motor vehicles, trailers and semi-trailers (34)')","0.00106042310525453","0.000250858680408818","0.00105994456273471"
"('WM', 'Distribution and trade of electricity')","0.00106019675808278","0.00102014963036543","0.000257774861557517"
"('ES', 'Composting of food waste, incl. land application')","0.00105552041942679","0.00102122258282976","0.00015787210745526"
"('BR', 'Raw milk')","0.00105455929858878","0.00100217023031387","0.00014119153607832"
"('AU', 'Manufacture of beverages')","0.00105215758541277","0.000948435024537907","0.000334337419078346"
"('RU', 'Raw milk')","0.00104939758966137","0.000918379017997549","0.000309096698109274"
"('DE', 'Manufacture of beverages')","0.00104861100778712","0.000671607534428445","0.000586072146274711"
"('KR', 'Retail trade, except of motor vehicles and motorcycles; repair of personal and household goods (52)')","0.00104804689892515","0.000695039866084628","0.00104801950511571"
"('IN', 'Transport via railways')","0.00104648704493939","0.00101457194769583","0.000271324449569833"
"('NL', 'Processing of Food products nec')","0.00104275919572779","0.000407946143150081","0.00102085651911815"
"('WL', 'Post and telecommunications (64)')","0.00104188460002226","0.000945591657785963","0.000965591339988445"
"('DE', 'Processing of dairy products')","0.001040825101625","0.000555398250474945","0.000748938010588296"
"('CH', 'Construction (45)')","0.00104054159791724","0.000245094849547522","0.00103505789795099"
"('ES', 'Hotels and restaurants (55)')","0.00103989832876653","0.000423957770785445","0.0010151474839399"
"('WL', 'Wholesale trade and commission trade, except of motor vehicles and motorcycles (51)')","0.001039613455657","0.000720675844013297","0.00101822940433007"
"('ES', 'Manufacture of motor vehicles, trailers and semi-trailers (34)')","0.0010363538847078","0.000390625989494738","0.00103488354187798"
"('IN', 'Manufacture of fish products')","0.00103593515979563","0.00038045301801919","0.000776579693703816"
"('US', 'Cultivation of vegetables, fruit, nuts')","0.0010289911754523","0.000802648299025454","0.000614351514331424"
"('ES', 'Incineration of waste: Food')","0.00102784725427172","0.0010141661153107","7.12363856429132e-05"
"('NL', 'Manufacture of machinery and equipment n.e.c. (29)')","0.00102586720830612","0.00063462764325684","0.000808896151379566"
"('IT', 'Distribution and trade of electricity')","0.00102478538818855","0.000846800407933791","0.000409311955402237"
"('GB', 'Manufacture of machinery and equipment n.e.c. (29)')","0.0010240718114225","0.000791433355738186","0.000685568121854154"
"('WL', 'Processing of Food products nec')","0.00102398493350142","0.000450842880995026","0.000996833692942687"
"('GB', 'Extraction of crude petroleum and services related to crude oil extraction, excluding surveying')","0.00102185708308662","0.000781361484503562","0.00100832167195047"
"('FR', 'Manufacture of beverages')","0.00101756197449587","0.000627335657992471","0.000668445955508974"
"('IN', 'Manufacture of cement, lime and plaster')","0.00101446909074922","0.000695187001143137","0.000863636172297903"
"('FR', 'Insurance and pension funding, except compulsory social security (66)')","0.00101382176124837","0.000361773407188611","0.000991426173714561"
"('MX', 'Wholesale trade and commission trade, except of motor vehicles and motorcycles (51)')","0.00101355863196377","0.00092289298697669","0.000988048042366234"
"('WM', 'Other land transport')","0.00101294469297239","0.00091061815271097","0.00065952775436025"
"('WA', 'Activities auxiliary to financial intermediation (67)')","0.00101290962942777","0.000878277938554438","0.000865270487189776"
"('KR', 'Paper')","0.00101190597536992","0.000603109014386353","0.000935030659685448"
"('BR', 'Poultry farming')","0.00100923963047286","0.000957615908327394","0.000220858444556411"
"('US', 'Other non-ferrous metal production')","0.00100876493006904","0.000971675512837703","0.000162216282799607"
"('WA', 'Manufacture of other non-metallic mineral products n.e.c.')","0.00100788626991026","0.000844993007992088","0.000505848556109462"
"('WA', 'Other service activities (93)')","0.00100602273285726","0.000403072137966394","0.000987186629482523"
"('IN', 'Manufacture of electrical machinery and apparatus n.e.c. (31)')","0.00100330956337652","0.000377700694375207","0.00100167585913693"
"('ZA', 'Mining of coal and lignite; extraction of peat (10)')","0.000999390120110777","0.000870823412562974","0.000576588339015215"
"('FR', 'Landfill of waste: Wood')","0.000998792770439149","0.00098425804111227","5.97695982399887e-05"
"('WA', 'Pulp')","0.000995662230784641","0.00092413415404721","0.000156587269062768"
"('AU', 'Other land transport')","0.000992528700014834","0.000708718135939467","0.000757595121352429"
"('NO', 'Production of electricity by hydro')","0.000991529074673134","0.000984417895107304","8.52681140762179e-05"
"('WL', 'Public administration and defence; compulsory social security (75)')","0.000988116814441641","0.000113143390344588","0.000979698730112265"
"('FR', 'Activities auxiliary to financial intermediation (67)')","0.000985697745644332","0.000815326729770328","0.000936991829782623"
"('US', 'Other service activities (93)')","0.000985237760771563","0.000380625522578236","0.000964583611338438"
"('PL', 'Manufacture of motor vehicles, trailers and semi-trailers (34)')","0.000985062110018562","0.000292070321561955","0.000984738060428658"
"('TW', 'Manufacture of fabricated metal products, except machinery and equipment (28)')","0.000984478188634993","0.000417961055575018","0.000972389053537612"
"('WL', 'Insurance and pension funding, except compulsory social security (66)')","0.000984384461214864","0.000885581789372085","0.000733447174432262"
"('US', 'Cultivation of wheat')","0.000983810122583598","0.000846364552984223","0.000292908286233817"
"('GB', 'Health and social work (85)')","0.000983341663643578","0.000264073350751258","0.000983308353323893"
"('ES', 'Supporting and auxiliary transport activities; activities of travel agencies (63)')","0.000980427345728591","0.000708260316747382","0.000970880472854984"
"('MX', 'Processing of Food products nec')","0.000980174545941163","0.00042144588106016","0.000967386861033823"
"('FR', 'Transport via railways')","0.000979719478472327","0.00083246109429189","0.000463697937213558"
"('IN', 'Manufacture of furniture; manufacturing n.e.c. (36)')","0.000977837166650664","0.000330001197276682","0.00097742484227732"
"('ID', 'Other land transport')","0.000977338950752956","0.000578246735667302","0.000878694480908368"
"('FR', 'Petroleum Refinery')","0.000977072631173426","0.000455494293586618","0.000931864333662172"
"('WL', 'Chemicals nec')","0.00097379790337709","0.000313459685435418","0.000972554157981826"
"('ES', 'Manufacture of gas; distribution of gaseous fuels through mains')","0.000969058830872891","0.00064989653288359","0.000571194756368615"
"('US', 'Pulp')","0.000968856395137738","0.000815565942571262","0.000318611389586991"
"('KR', 'Post and telecommunications (64)')","0.000968371151624932","0.000602760162598519","0.000938775220442404"
"('KR', 'Processing of dairy products')","0.000968055166992455","0.000835532853663939","0.000346525935365612"
"('JP', 'Manufacture of electrical machinery and apparatus n.e.c. (31)')","0.000966241596893902","0.000687637869918022","0.000881000458750706"
"('DE', 'Paper')","0.000963615316010818","0.000456914463631421","0.000907170132557541"
"('DE', 'Research and development (73)')","0.000961089525865222","0.000407126791032846","0.000959884486808667"
"('WM', 'Processing of Food products nec')","0.000956462465948629","0.000329584313804362","0.000947330520455719"
"('GB', 'Post and telecommunications (64)')","0.000956177904180359","0.000867571996475561","0.000825333293089569"
"('DE', 'Hotels and restaurants (55)')","0.000952721281314789","0.000324616008867205","0.000940218792273161"
"('CZ', 'Manufacture of motor vehicles, trailers and semi-trailers (34)')","0.000952408390682587","0.000337084440552065","0.000951914733361404"
"('CN', 'Cultivation of plant-based fibers')","0.000948599687464821","0.000664022860605984","0.000948599687464821"
"('FR', 'Landfill of waste: Food')","0.000946543297267202","0.000906827516075328","0.000147318961704872"
"('RU', 'Other land transport')","0.000944803836139714","0.000818213472705742","0.000745478428995876"
"('TW', 'Plastics, basic')","0.000943830264406909","0.000827052187933884","0.000819653409612973"
"('FR', 'Real estate activities (70)')","0.000942052110354933","0.000682127489721978","0.00094199623828424"
"('US', 'Manufacture of fish products')","0.000938935114042525","0.000861314847773471","0.000315689471764644"
"('KR', 'Copper production')","0.000935862565306621","0.000762426289613265","0.000446879507389669"
"('KR', 'Sea and coastal water transport')","0.000935002037671222","0.000710121608380639","0.000683758313681091"
"('KR', 'Air transport (62)')","0.000931119958992281","0.000333172274352842","0.000915852753935628"
"('WA', 'Computer and related activities (72)')","0.000930562507319174","0.000494390946882447","0.000917990630800131"
"('DE', 'Casting of metals')","0.000929499962178068","0.000673134032043218","0.000573267011130038"
"('KR', 'Other business activities (74)')","0.000927217333409497","0.0007044562354879","0.000927034919008393"
"('WL', 'Other business activities (74)')","0.000926514721468277","0.000683595713364483","0.00092642047552619"
"('US', 'Pigs farming')","0.000925826984908497","0.000877975228162076","0.000293979195189674"
"('WA', 'Poultry farming')","0.000920539659539991","0.000862148229026515","0.000159282049420546"
"('ES', 'Biogasification of sewage slugde, incl. land application')","0.000916564445258032","0.000895609942763853","0.000101919638132123"
"('BR', 'Wholesale trade and commission trade, except of motor vehicles and motorcycles (51)')","0.000915513066278221","0.000770809242946993","0.00089567267070753"
"('WL', 'Hotels and restaurants (55)')","0.000914742532449111","0.000298155908322688","0.000910016702560564"
"('WF', 'Public administration and defence; compulsory social security (75)')","0.000914739956156587","8.34622621628129e-05","0.000914272504716764"
"('AU', 'Public administration and defence; compulsory social security (75)')","0.000912972469011512","4.42593132906972e-05","0.00091275342468563"
"('US', 'Incineration of waste: Wood')","0.00091167227365373","0.000911167852376373","4.57275228072701e-06"
"('BE', 'Wholesale trade and commission trade, except of motor vehicles and motorcycles (51)')","0.000908915964020184","0.000608921551713721","0.000895106422785702"
"('WA', 'Manufacture of wood and of products of wood and cork, except furniture; manufacture of articles of straw and plaiting materials (20)')","0.000907803353040593","0.000617901748146323","0.000763437020085249"
"('GB', 'Activities auxiliary to financial intermediation (67)')","0.000905883205697252","0.000737100131987891","0.000790176388326086"
"('NL', 'Plastics, basic')","0.000905103179963691","0.000686374938291429","0.000592289203489444"
"('JP', 'Supporting and auxiliary transport activities; activities of travel agencies (63)')","0.000904879173156189","0.00052216988549374","0.000891713109897113"
"('TW', 'Wholesale trade and commission trade, except of motor vehicles and motorcycles (51)')","0.000901628422607427","0.000829444317399381","0.000844372445116517"
"('MX', 'Construction (45)')","0.000901477378992643","6.53509465894685e-05","0.000901473099730179"
"('GB', 'Education (80)')","0.000900235786887611","0.000467519829214843","0.000897243734562566"
"('BR', 'Other land transport')","0.000898962570893085","0.000453347327964553","0.00085161263587539"
"('ES', 'Incineration of waste: Paper')","0.000897128724867456","0.000882343884752359","7.56728823239236e-05"
"('JP', 'Manufacture of coke oven products')","0.000896938765341709","0.000847810462463531","0.000177850709246495"
"('JP', 'Production of electricity by coal')","0.000894598442197318","0.000759020451312626","0.00026623547400724"
"('GB', 'Production of electricity by solar photovoltaic')","0.000893778666133388","0.000892835693018156","1.71888924948933e-05"
"('PL', 'Manufacture of rubber and plastic products (25)')","0.000891837323305265","0.000422336253176516","0.000881240689313953"
"('JP', 'Computer and related activities (72)')","0.000890947910257861","0.000528970240643294","0.000883636746666918"
"('ES', 'Processing of Food products nec')","0.00088882787628783","0.000378159574021451","0.00085627420115355"
"('WF', 'Hotels and restaurants (55)')","0.000887405279592905","0.000294148620986983","0.000882167845210784"
"('WF', 'Other land transport')","0.000885391121307928","0.000681824588598133","0.000797519608661403"
"('CA', 'Other business activities (74)')","0.000881862822003144","0.000674183674343614","0.000881848861519003"
"('RU', 'Production of electricity by nuclear')","0.000881688988155685","0.00087754007372981","7.83224640847607e-05"
"('CA', 'Retail trade, except of motor vehicles and motorcycles; repair of personal and household goods (52)')","0.000880226671927672","0.000496172333760582","0.000879191137760109"
"('IE', 'Research and development (73)')","0.000878670536249799","0.000411970689038228","0.000878623289377005"
"('DE', 'Manufacture of office machinery and computers (30)')","0.000877774261643534","0.000459393566621558","0.000876535722783065"
"('WA', 'Manufacture of radio, television and communication equipment and apparatus (32)')","0.000877270031093957","0.000544172177974963","0.000860569209658561"
"('FR', 'Waste water treatment, food')","0.000877221893800483","0.000854512486137805","8.53750639029618e-05"
"('WE', 'Construction (45)')","0.000876852439355683","0.000142332208406768","0.000876808603548896"
"('IT', 'Manufacture of beverages')","0.000871736506689279","0.000530549425160924","0.000617690512128799"
"('WL', 'Other land transport')","0.000871099004191714","0.000537272025586646","0.00074030089345828"
"('WF', 'Retail trade, except of motor vehicles and motorcycles; repair of personal and household goods (52)')","0.000870560242613147","0.000450342657277571","0.000870555837200531"
"('IN', 'Post and telecommunications (64)')","0.000870146867487954","0.000499915592634455","0.000849135555767771"
"('BR', 'Cultivation of crops nec')","0.000869927883360094","0.000826481929097958","0.000217825407429559"
"('TW', 'Manufacture of textiles (17)')","0.000868665665902109","0.000693109893977489","0.000867189220627644"
"('WF', 'Production of electricity by petroleum and other oil derivatives')","0.00086830429534084","0.000858044339601384","5.64855265013373e-05"
"('CA', 'Other land transport')","0.000868027054347471","0.000626914137931722","0.000789311091445514"
"('CA', 'Health and social work (85)')","0.000867281831540654","0.000434456121997256","0.000867277949025499"
"('NL', 'Other land transport')","0.000865601997146068","0.000660812334661135","0.000773338488454004"
"('WM', 'Aluminium production')","0.00086386229864413","0.000790363571239122","0.000281889963391353"
"('KR', 'Publishing, printing and reproduction of recorded media (22)')","0.000862156835002846","0.000309268057347966","0.000862156440836145"
"('FR', 'Manufacture of rubber and plastic products (25)')","0.000861499911225979","0.000519345576009945","0.000828903501982027"
"('CA', 'Manufacture of motor vehicles, trailers and semi-trailers (34)')","0.000861486307826092","0.000195450621171646","0.000861475979817155"
"('WM', 'Research and development (73)')","0.000859024456375887","0.000404379694195294","0.000853603302938598"
"('JP', 'Quarrying of stone')","0.000856607534203971","0.000798735686607226","0.000180091187999401"
"('AU', 'Post and telecommunications (64)')","0.000855905653668901","0.000625715158077498","0.00082714150362894"
"('IT', 'Re-processing of secondary steel into new steel')","0.000854757635294202","0.000529544849401585","0.000769485038420597"
"('MX', 'Manufacture of fabricated metal products, except machinery and equipment (28)')","0.0008539340098034","0.000371131661430481","0.000835347255982732"
"('RU', 'Mining of coal and lignite; extraction of peat (10)')","0.000851297429314757","0.000767117409566489","0.000260208300258532"
"('FR', 'Computer and related activities (72)')","0.00084954825149479","0.000509357648884087","0.000847862498722504"
"('ES', 'Petroleum Refinery')","0.000849272797185318","0.000401351111998763","0.00078624208175443"
"('IN', 'Distribution and trade of electricity')","0.000849167797963848","0.000801314624507731","0.000272700256565452"
"('JP', 'Casting of metals')","0.000848618936764277","0.000705354329303621","0.000425915519472996"
"('GB', 'Research and development (73)')","0.000848539166668673","0.000582187253699857","0.000839379148610463"
"('WL', 'Transport via pipelines')","0.000847333978741583","0.000823954782042782","0.000138996621739152"
"('WM', 'Sea and coastal water transport')","0.000844642258183131","0.00077148810605814","0.000366852953232262"
"('WM', 'Public administration and defence; compulsory social security (75)')","0.000844622723625323","0.000123869586003529","0.000835216295102091"
"('IE', 'Wholesale trade and commission trade, except of motor vehicles and motorcycles (51)')","0.000844065870203003","0.000510499841771924","0.000830226388390585"
"('TW', 'Re-processing of secondary steel into new steel')","0.000842119603611552","0.000423744087250287","0.000797304238311639"
"('TW', 'Mining of lead, zinc and tin ores and concentrates')","0.000839915545190288","0.000835885174831768","2.65340338892179e-05"
"('BE', 'Plastics, basic')","0.000836368097318085","0.000614196213658481","0.000570195231032604"
"('US', 'Sugar refining')","0.00083293308988787","0.00081343086790695","4.75287328616397e-05"
"('JP', 'Mining of precious metal ores and concentrates')","0.000831392150901124","0.000713101310809293","0.000259377786291835"
"('JP', 'Manufacture of office machinery and computers (30)')","0.000827650666943599","0.000140511971542258","0.000827639361971057"
"('WA', 'Manufacture of cement, lime and plaster')","0.000826883186961285","0.000686897889773432","0.000466522254472359"
"('GB', 'Air transport (62)')","0.000825822589881313","0.000445977376435641","0.000776043122767383"
"('US', 'Cultivation of plant-based fibers')","0.00082417011029905","0.00077090536717393","0.000152928321091542"
"('IT', 'Real estate activities (70)')","0.000824104001968101","0.000622926224088643","0.000823942190445605"
"('WA', 'Manufacture of bricks, tiles and construction products, in baked clay')","0.000823604130706077","0.000801573222881558","5.40419978337248e-05"
"('SE', 'Construction (45)')","0.000823475123148306","0.000331727193476217","0.000819834704444682"
"('CA', 'Sale, maintenance, repair of motor vehicles, motor vehicles parts, motorcycles, motor cycles parts and accessoiries')","0.000819872012436087","0.000515702924100401","0.000791201582104492"
"('KR', 'Public administration and defence; compulsory social security (75)')","0.000819386582162785","0.000103791508484101","0.000812497992546896"
"('IE', 'Supporting and auxiliary transport activities; activities of travel agencies (63)')","0.000813804337278321","0.000554378191825251","0.000810436537458522"
"('DE', 'Re-processing of secondary steel into new steel')","0.00081378213236072","0.000522236530613097","0.000662812670215894"
"('WA', 'Paper')","0.000813604564538944","0.0005500036925701","0.00059528871914201"
"('CA', 'Public administration and defence; compulsory social security (75)')","0.000813046657566626","6.99609233383754e-05","0.000811875362812109"
"('TR', 'Manufacture of textiles (17)')","0.000810885775629197","0.00044790724990251","0.000809759431323387"
"('BR', 'Other business activities (74)')","0.000807145335857173","0.000700688322336692","0.000806909270265855"
"('IE', 'Processing of meat cattle')","0.000806976321184918","0.000781276123199684","0.000109731516328222"
"('WM', 'Post and telecommunications (64)')","0.000805965194292","0.000650734171386172","0.000760125598176499"
"('CA', 'Processing of Food products nec')","0.00080515466373136","0.000407628460114075","0.000787627631569907"
"('DE', 'Manufacture of glass and glass products')","0.000804104827013503","0.000706155774633392","0.000358866817053666"
"('CZ', 'Incineration of waste: Oil/Hazardous waste')","0.000800585037415006","0.000778548793320221","6.27892576101163e-05"
"('CA', 'Extraction of natural gas and services related to natural gas extraction, excluding surveying')","0.000797602243311431","0.000658328010076876","0.000290194643552877"
"('WM', 'Retail trade, except of motor vehicles and motorcycles; repair of personal and household goods (52)')","0.000794864123197991","0.00060039184349121","0.000794863582990846"
"('GB', 'Biogasification of food waste, incl. land application')","0.000790283780326315","0.000788127874526095","9.66104070070311e-06"
"('BE', 'Supporting and auxiliary transport activities; activities of travel agencies (63)')","0.000789915854842458","0.000427604481976343","0.000788728401896597"
"('JP', 'Pulp')","0.000789321874693213","0.000589110728879196","0.000379235799893607"
"('TW', 'Manufacture of rubber and plastic products (25)')","0.000788999845569834","0.00032509776709007","0.000781844463004889"
"('TR', 'Wholesale trade and commission trade, except of motor vehicles and motorcycles (51)')","0.000788251150996644","0.000507668576742564","0.000785760267999053"
"('GB', 'Chemicals nec')","0.000786459872335668","0.000388550479773124","0.000774781196118967"
"('WA', 'Manufacture of ceramic goods')","0.000784693177702082","0.000629722547076901","0.000460235674311972"
"('AT', 'Construction (45)')","0.000782813614915806","0.000365393638137686","0.000781534104388295"
"('WA', 'Production of electricity by biomass and waste')","0.000778517043813216","0.000777966792702781","2.96101813346026e-06"
"('DE', 'Manufacture of wood and of products of wood and cork, except furniture; manufacture of articles of straw and plaiting materials (20)')","0.00077771499233761","0.000452813503558113","0.000689334164198852"
"('ES', 'Manufacture of beverages')","0.000776453171075401","0.000542938783144814","0.000540154900601859"
"('ES', 'Other business activities (74)')","0.000776238059901306","0.000681477085038915","0.000775533684270552"
"('JP', 'Precious metals production')","0.000775444605490671","0.000512830596002025","0.000419888097942555"
"('DE', 'Health and social work (85)')","0.000775304392208847","0.000114957808036767","0.000775304392208705"
"('DE', 'Landfill of waste: Inert/metal/hazardous')","0.000773581943506026","0.000753685061019293","5.6463447697574e-05"
"('GB', 'Processing of Food products nec')","0.000772629993351266","0.000416680228648916","0.000719628999273695"
"('IN', 'Transmission of electricity')","0.000770384847026443","0.000757034144478408","0.000105246905749513"
"('LU', 'Activities auxiliary to financial intermediation (67)')","0.000770316846159819","0.000655658866645885","0.000730076098669068"
"('WM', 'Manufacture of cement, lime and plaster')","0.000767369268624183","0.00070620901680717","0.00033393472797039"
"('DE', 'Manufacture of furniture; manufacturing n.e.c. (36)')","0.000763131660473973","0.000242872985754202","0.000763097581519733"
"('WF', 'Cattle farming')","0.000761250237230963","0.000641424823609745","0.000542852907674868"
"('MX', 'Manufacture of rubber and plastic products (25)')","0.000759452955375141","0.000324762004736658","0.000749937967024483"
"('CA', 'Chemicals nec')","0.000758472770338154","0.000370245720198074","0.000745306190952278"
"('CH', 'Retail trade, except of motor vehicles and motorcycles; repair of personal and household goods (52)')","0.000758263052969401","0.00044411231382325","0.000758132376056904"
"('DE', 'Education (80)')","0.000756316985028075","0.000389383401984912","0.00075530081733366"
"('BR', 'Financial intermediation, except insurance and pension funding (65)')","0.000755047020836417","0.000516444218643135","0.000716739564198452"
"('WA', 'Precious metals production')","0.000754495178332425","0.000529029942752442","0.000413379393775553"
"('AU', 'Extraction of crude petroleum and services related to crude oil extraction, excluding surveying')","0.000752589264791526","0.000601752612501101","0.000686269145480306"
"('IN', 'Animal products nec')","0.000752170259184813","0.000681354912939995","0.000131926537138819"
"('GB', 'Sale, maintenance, repair of motor vehicles, motor vehicles parts, motorcycles, motor cycles parts and accessoiries')","0.000751197768492291","0.000421492612839621","0.000706995231485575"
"('KR', 'Manufacture of beverages')","0.000750515882444499","0.000305111043229416","0.000695314231658321"
"('WA', 'Other non-ferrous metal production')","0.000748472077189279","0.000674551198624409","0.00023239741827797"
"('SE', 'Supporting and auxiliary transport activities; activities of travel agencies (63)')","0.000746736310971229","0.000405549883951452","0.000745032681184739"
"('JP', 'Manufacture of other transport equipment (35)')","0.00074567399330462","0.000473920495470705","0.000679978763311115"
"('BE', 'Composting of food waste, incl. land application')","0.000743882130676011","0.000735473166351244","3.59296939881778e-05"
"('TW', 'Other land transport')","0.000743665833871053","0.000458834405573656","0.000620913065361378"
"('ES', 'Manufacture of fabricated metal products, except machinery and equipment (28)')","0.000742920990064722","0.000512171007924435","0.000702520137484755"
"('PL', 'Manufacture of fabricated metal products, except machinery and equipment (28)')","0.000738824113249202","0.000436820819134211","0.000724524631319852"
"('IN', 'Extraction of natural gas and services related to natural gas extraction, excluding surveying')","0.000736314421861233","0.000718662408181281","0.000210978052716481"
"('IN', 'Supporting and auxiliary transport activities; activities of travel agencies (63)')","0.000735970128612913","0.000460076905083125","0.00073228174324034"
"('WA', 'Education (80)')","0.000735174298049077","0.000280873522764475","0.000732160599609278"
"('CA', 'Financial intermediation, except insurance and pension funding (65)')","0.000734332823783656","0.000648360449410363","0.0007018205463975"
"('TR', 'Re-processing of secondary steel into new steel')","0.000734077911412896","0.00031902390780801","0.000689578230508374"
"('TR', 'Construction (45)')","0.000732450180968035","0.000250166406512613","0.000730470977535875"
"('FR', 'Research and development (73)')","0.000731853012240387","0.000312903278809764","0.000731010944536249"
"('IE', 'Mining of lead, zinc and tin ores and concentrates')","0.000730303959091153","0.000729898294636354","5.56115526372455e-06"
"('WM', 'Financial intermediation, except insurance and pension funding (65)')","0.000729590673616137","0.000625296968714471","0.00064668690952546"
"('AT', 'Recycling of waste and scrap')","0.000726965871745242","0.000724602389510584","1.48076231294962e-05"
"('IE', 'Processing of nuclear fuel')","0.000725232695810017","0.000680349395526173","0.000335621836389268"
"('IN', 'Retail trade, except of motor vehicles and motorcycles; repair of personal and household goods (52)')","0.000724234530914012","0.000584950389437897","0.000722448814461079"
"('KR', 'Manufacture of other transport equipment (35)')","0.000723827264258237","0.000303039797389422","0.000714070748328978"
"('IN', 'Manufacture of other non-metallic mineral products n.e.c.')","0.000723244013261254","0.000525037659928218","0.000533214145663305"
"('MX', 'Chemicals nec')","0.000721848019491405","0.000363114580212084","0.000710690635209914"
"('RU', 'Public administration and defence; compulsory social security (75)')","0.000719875482226542","0.000123003859331662","0.000708315304728012"
"('KR', 'Supporting and auxiliary transport activities; activities of travel agencies (63)')","0.000717661257072365","0.00042240125084472","0.000711499653998113"
"('WE', 'Petroleum Refinery')","0.000716440826051302","0.000244559744181628","0.000712452735775969"
"('AU', 'Health and social work (85)')","0.00071482883216775","0.000376700612521157","0.000714791620342207"
"('KR', 'Manufacture of furniture; manufacturing n.e.c. (36)')","0.000714743810229831","0.000265037270371277","0.000714734350844459"
"('IT', 'Production of electricity by hydro')","0.000713105301621522","0.000677706787025144","0.000120484390066304"
"('PL', 'Wholesale trade and commission trade, except of motor vehicles and motorcycles (51)')","0.000710453594072152","0.000457270594388356","0.000708715630520918"
"('GB', 'Manufacture of fabricated metal products, except machinery and equipment (28)')","0.000710145549880269","0.000525667378733501","0.000653250262391095"
"('GB', 'Manufacture of rubber and plastic products (25)')","0.000709814387741684","0.000414733762883547","0.000691385015182813"
"('FR', 'Public administration and defence; compulsory social security (75)')","0.000708816933852602","3.45748843152606e-05","0.00070764595441916"
"('NL', 'Waste water treatment, food')","0.0007078935466684","0.000706951899282923","8.26914200936481e-06"
"('IT', 'Computer and related activities (72)')","0.000706573466258653","0.000466265245723991","0.00070508798534457"
"('ES', 'Production of electricity by wind')","0.000705717794455815","0.000699637919962476","4.44744069039235e-05"
"('NL', 'Processing of dairy products')","0.000704584545963452","0.000459682440090091","0.000395435913530498"
"('GB', 'Transport via railways')","0.000703904462856044","0.000631500504449496","0.000341196232868262"
"('RU', 'Pulp')","0.00070207294643699","0.000601595075038799","0.000155104418303339"
"('CA', 'Real estate activities (70)')","0.00070012566697527","0.000445716645849101","0.000699997411725295"
"('CZ', 'Waste water treatment, food')","0.00069954330345937","0.000686503351261009","4.38435796034521e-05"
"('CH', 'Education (80)')","0.000697819413058319","0.000470684147825675","0.000697759612578873"
"('ES', 'Landfill of waste: Wood')","0.000697726865311632","0.000687260135365066","4.71132102262005e-05"
"('SE', 'Manufacture of motor vehicles, trailers and semi-trailers (34)')","0.000697113509493223","0.000220329743848384","0.00069703643115821"
"('IN', 'Publishing, printing and reproduction of recorded media (22)')","0.00069351583213689","0.000275124895835241","0.000693481117457839"
"('RU', 'Transport via pipelines')","0.000691360433557876","0.00067741671313559","6.01001568042295e-05"
"('DE', 'Activities auxiliary to financial intermediation (67)')","0.000690313533419557","0.000574095618812208","0.000646198221866465"
"('AU', 'Retail trade, except of motor vehicles and motorcycles; repair of personal and household goods (52)')","0.000684653578869327","0.000388800598765536","0.000681999283719333"
"('WA', 'Mining of coal and lignite; extraction of peat (10)')","0.000683859959833153","0.000517205152897994","0.000488469298866008"
"('TR', 'Other land transport')","0.000682830674954205","0.000525176914917566","0.000559607981617194"
"('IN', 'Manufacture of beverages')","0.000680038709703259","0.000244647983621603","0.000520308202129163"
"('WA', 'Aluminium production')","0.000679752309752886","0.000507312776608839","0.000469821462843326"
"('BE', 'Renting of machinery and equipment without operator and of personal and household goods (71)')","0.000679067632541375","0.000589009504085355","0.000324071338746002"
"('ES', 'Distribution and trade of electricity')","0.000678555301931918","0.000638700483660151","0.000241946216332447"
"('WL', 'Manufacture of fabricated metal products, except machinery and equipment (28)')","0.000678271381797426","0.000431341872780055","0.000640466874388477"
"('WM', 'Manufacture of furniture; manufacturing n.e.c. (36)')","0.00067778321338649","0.00027078242763943","0.00067743529748139"
"('WF', 'Post and telecommunications (64)')","0.000676363349943927","0.000512833573282437","0.000655886048262374"
"('JP', 'Manufacture of wood and of products of wood and cork, except furniture; manufacture of articles of straw and plaiting materials (20)')","0.000676111234606011","0.000450788034381506","0.000630957969557574"
"('SE', 'Other business activities (74)')","0.00067503545993622","0.000568837506293825","0.000674284938399355"
"('TW', 'Manufacture of motor vehicles, trailers and semi-trailers (34)')","0.000674443331346941","0.000260973637903241","0.000674152038881972"
"('WA', 'Manufacture of other transport equipment (35)')","0.000672810231989889","0.000384432713928175","0.00062991440009837"
"('CA', 'Hotels and restaurants (55)')","0.000670704081521363","0.000204445851197428","0.000669329261091987"
"('NL', 'Biogasification of food waste, incl. land application')","0.000669962972885976","0.000668825085444408","7.74314856159181e-06"
"('AU', 'Sea and coastal water transport')","0.000669018929731889","0.000586640809248359","0.000292082830488389"
"('NL', 'Real estate activities (70)')","0.000668181827866185","0.00038837629601855","0.00066814219688269"
"('KR', 'Real estate activities (70)')","0.000668036736867141","0.000400049901157233","0.000668011983924986"
"('WL', 'Cultivation of vegetables, fruit, nuts')","0.000667391962452279","0.000518095968056042","0.000450300640667586"
"('BR', 'Processing of meat cattle')","0.000667118951879786","0.000534240171913934","0.000212311163387352"
"('WA', 'Cultivation of cereal grains nec')","0.00066687866130311","0.000605790915661686","0.000163358077163518"
"('IN', 'Sea and coastal water transport')","0.000666727597419547","0.000538378391866149","0.000482937627073232"
"('FR', 'Biogasification of paper, incl. land application')","0.000666462525056338","0.000666055325682797","4.01624316491287e-06"
"('BR', 'Production of electricity by hydro')","0.000665991100378106","0.000637278260359239","0.000166980975830084"
"('IT', 'Chemicals nec')","0.000665627126669825","0.000361680816061656","0.00065268820541733"
"('FR', 'Plastics, basic')","0.000665507480593068","0.000237710010918673","0.000649143237834177"
"('WL', 'Research and development (73)')","0.00066527092948734","0.000191413818056086","0.00066526545829752"
"('JP', 'Processing of dairy products')","0.000662266886084983","0.000484872924130662","0.000390381092633506"
"('ID', 'Production of electricity by Geothermal')","0.000661141972413116","0.000660967091637087","6.27491984125713e-06"
"('MX', 'Petroleum Refinery')","0.00066109767243334","0.000460597281977732","0.000647897311105384"
"('NL', 'Computer and related activities (72)')","0.000659875037216828","0.000419992391914532","0.000659024810926013"
"('DK', 'Supporting and auxiliary transport activities; activities of travel agencies (63)')","0.000657291312539834","0.000468232633073096","0.000656217842511112"
"('DE', 'Copper production')","0.000657067727679242","0.000423227562441769","0.000484668077742023"
"('IN', 'Paper')","0.000655841750596274","0.000382697239837837","0.000589297991386577"
"('WM', 'Real estate activities (70)')","0.000655558375811084","0.000321019082752443","0.000655547966676171"
"('KR', 'Lead, zinc and tin production')","0.000654693240444807","0.000621460387014983","0.000114456099728358"
"('WA', 'Publishing, printing and reproduction of recorded media (22)')","0.000654306446750277","0.000314616652111171","0.00065425882281466"
"('WL', 'Poultry farming')","0.000652692672018848","0.000602395781443245","0.000349666466806487"
"('SE', 'Other land transport')","0.000651318007530472","0.000535018139399069","0.00054242825619745"
"('WM', 'Hotels and restaurants (55)')","0.000650695118991909","0.000365896248896103","0.000619911391524686"
"('CZ', 'Manufacture of machinery and equipment n.e.c. (29)')","0.000649414693313255","0.00016896922015777","0.000629489643364439"
"('DE', 'Aluminium production')","0.000648908262995989","0.000435912770340137","0.000472968998154602"
"('PL', 'Manufacture of machinery and equipment n.e.c. (29)')","0.000646691827036467","0.000344265756552862","0.000600785706595035"
"('DK', 'Wholesale trade and commission trade, except of motor vehicles and motorcycles (51)')","0.000645922563994331","0.000307431958368959","0.000645551349964838"
"('US', 'Sea and coastal water transport')","0.000643566572963235","0.000454270958893333","0.00040075910947144"
"('WA', 'Copper production')","0.000642466132976429","0.000471926188758154","0.000378498336697927"
"('NL', 'Financial intermediation, except insurance and pension funding (65)')","0.000638006684595961","0.000509557007319959","0.000606130841670233"
"('ID', 'Extraction of crude petroleum and services related to crude oil extraction, excluding surveying')","0.000636557288462084","0.000600146014047789","0.000628889864995172"
"('WL', 'Production of electricity by gas')","0.000636047723573888","0.000585893906415593","0.000175609974869572"
"('KR', 'Production of electricity by nuclear')","0.000634200142879129","0.000627583975740593","5.46379104268943e-05"
"('TW', 'Mining of copper ores and concentrates')","0.000633150108395153","0.00061901254332448","8.30210403443825e-05"
"('FR', 'Chemicals nec')","0.000632869699916761","0.000289446611999237","0.000620780796168634"
"('US', 'Manufacture of furniture; manufacturing n.e.c. (36)')","0.000632745030376463","0.000313242772512132","0.000632247192519851"
"('MX', 'Retail trade, except of motor vehicles and motorcycles; repair of personal and household goods (52)')","0.000632409401593738","0.000457761816698749","0.000632132052744435"
"('IE', 'Activities auxiliary to financial intermediation (67)')","0.000631999446913974","0.000391978446585378","0.000561982839738087"
"('RU', 'Other business activities (74)')","0.000631804770498598","0.000518872195212335","0.000631660717013428"
"('FR', 'Composting of food waste, incl. land application')","0.000631700044188683","0.000585324146490757","0.000152237039905213"
"('SE', 'Transport via pipelines')","0.000629555214254223","0.00061981147638553","4.40740115324074e-05"
"('KR', 'Insurance and pension funding, except compulsory social security (66)')","0.000628769344369991","0.000411400391093436","0.000518446347323191"
"('BR', 'Animal products nec')","0.000627681939355166","0.00062147241852038","1.36371722754602e-05"
"('WM', 'Manufacture of textiles (17)')","0.000626144709439673","0.000477275311579433","0.00062254592195681"
"('WM', 'Transmission of electricity')","0.000626114208169604","0.000616626280809111","7.62272128347306e-05"
"('ES', 'Real estate activities (70)')","0.000623278224131188","0.000482332698754346","0.000622596062301767"
"('JP', 'Aluminium production')","0.000622697312144058","0.000472120144505338","0.000447867625126185"
"('RO', 'Construction (45)')","0.00062070813341177","0.00019171842298765","0.000620674007926269"
"('WA', 'Manufacture of electrical machinery and apparatus n.e.c. (31)')","0.000620382395677571","0.000379068994522026","0.000603888498618163"
"('FR', 'Post and telecommunications (64)')","0.00062002620460577","0.000557774762697434","0.000544932480872648"
"('ID', 'Hotels and restaurants (55)')","0.000619720827205181","0.000269125332388079","0.000618113015825444"
"('IN', 'Hotels and restaurants (55)')","0.000617982605318137","0.000327716098001038","0.000608422205114694"
"('WL', 'Manufacture of textiles (17)')","0.000617210034339931","0.000438598769067594","0.000616221130286692"
"('ES', 'Incineration of waste: Metals and Inert materials')","0.000616713902799694","0.000606496902828859","5.7867807742875e-05"
"('ES', 'Manufacture of machinery and equipment n.e.c. (29)')","0.000616401516153374","0.000316935275350275","0.000560869239726917"
"('KR', 'Manufacture of cement, lime and plaster')","0.000614305780838417","0.00038151037474489","0.000560879788145331"
"('ID', 'Manufacture of rubber and plastic products (25)')","0.000610780733127022","0.00031164110691681","0.000599271590984103"
"('WA', 'Tanning and dressing of leather; manufacture of luggage, handbags, saddlery, harness and footwear (19)')","0.000610397989676492","0.000363306309522524","0.00052654208300438"
"('IN', 'Computer and related activities (72)')","0.000610251125798965","0.000487827413485586","0.000602387125016515"
"('BE', 'Manufacture of motor vehicles, trailers and semi-trailers (34)')","0.00060985101479099","0.00021093225872178","0.000609674535959894"
"('PL', 'Landfill of waste: Textiles')","0.000608699187439707","0.000607725473073474","9.83308514036879e-06"
"('WA', 'Raw milk')","0.000607893627593847","0.000493474628032572","0.000234150869650058"
"('IE', 'Construction (45)')","0.000607231978378295","0.00015335323150717","0.000606091874243966"
"('IN', 'Precious metals production')","0.00060717171590606","0.000341632043257908","0.000493300441500069"
"('KR', 'Manufacture of other non-metallic mineral products n.e.c.')","0.000603595509141089","0.000383777644630956","0.000533859945380446"
"('WL', 'Manufacture of fish products')","0.000601264003773047","0.000390430648219741","0.000385343700409184"
"('AU', 'Activities auxiliary to financial intermediation (67)')","0.000599754523905859","0.000520908411833439","0.000576932011772712"
"('PL', 'Other land transport')","0.000598700824328643","0.000497274658521823","0.000554360485477581"
"('ES', 'Plastics, basic')","0.000598569805818877","0.00046586457146274","0.00049266111553651"
"('FR', 'Air transport (62)')","0.000598217262793004","0.000212698854632211","0.000577808675284616"
"('JP', 'Cultivation of paddy rice')","0.000597596675601189","0.000503339225088342","0.000354146860795353"
"('ES', 'Financial intermediation, except insurance and pension funding (65)')","0.000595806735552958","0.000531490000708866","0.000571136272381459"
"('IT', 'Activities auxiliary to financial intermediation (67)')","0.000595100747967518","0.000494927494283283","0.000575012570652974"
"('JP', 'Activities auxiliary to financial intermediation (67)')","0.000592611565013132","0.000493761356795186","0.000508668982160653"
"('CZ', 'Landfill of waste: Wood')","0.000588942681275135","0.000581117080923456","3.02801765863045e-05"
"('TR', 'Manufacture of rubber and plastic products (25)')","0.000588410489220549","0.000354196387875096","0.000568902314148384"
"('CH', 'Sea and coastal water transport')","0.000588010010367669","0.000472683873751031","0.000473858524976226"
"('CN', 'Pulp')","0.000587830050330293","0.000462416004287529","0.000251688780342281"
"('IN', 'Production of electricity by solar photovoltaic')","0.000587604924364702","0.000586792544436119","1.61870773998518e-05"
"('CA', 'Copper production')","0.000587529135041907","0.000515827600969644","0.00014521680687523"
"('WL', 'Financial intermediation, except insurance and pension funding (65)')","0.000584067747385466","0.000398839352475502","0.000560828921179133"
"('NL', 'Manufacture of office machinery and computers (30)')","0.000583951389024165","0.000340346443548804","0.000581430262413917"
"('TW', 'Quarrying of sand and clay')","0.000583127663510468","0.000554709472982487","0.000201510126979817"
"('WL', 'Manufacture of wearing apparel; dressing and dyeing of fur (18)')","0.000582447669177219","7.79912185230177e-05","0.000582433385273544"
"('AU', 'Computer and related activities (72)')","0.000582239672312795","0.00038379800203039","0.000580583622567367"
"('ES', 'Renting of machinery and equipment without operator and of personal and household goods (71)')","0.000579279162224101","0.000545832050153405","0.000271669363236953"
"('WM', 'Manufacture of wearing apparel; dressing and dyeing of fur (18)')","0.000578443313361133","0.000103301126742853","0.000577694215591542"
"('WL', 'Extraction of natural gas and services related to natural gas extraction, excluding surveying')","0.000578127663995001","0.000554558370078607","0.000215612631616347"
"('TW', 'Manufacture of beverages')","0.000577924805135186","3.28200928907583e-05","0.000577570057577198"
"('BR', 'Pigs farming')","0.000577681477876949","0.000571281443995419","6.58503748526857e-05"
"('IT', 'Health and social work (85)')","0.000576103614202693","0.000203157107832402","0.000576103614202551"
"('WM', 'Manufacture of motor vehicles, trailers and semi-trailers (34)')","0.000574119959916543","0.000246708269662043","0.000572707607757191"
"('WL', 'Cultivation of cereal grains nec')","0.000573877472438292","0.000498716297101106","0.000271263904646875"
"('IN', 'Manufacture of radio, television and communication equipment and apparatus (32)')","0.00057257668763857","0.000234464155418337","0.000571202496841941"
"('BE', 'Other land transport')","0.000572275975295405","0.000397418422882778","0.000504489032032562"
"('IE', 'Other business activities (74)')","0.000571842035216653","0.000319066666823533","0.00057160851397064"
"('WM', 'Cultivation of vegetables, fruit, nuts')","0.000569436214104488","0.000421043176015168","0.000481572680123015"
"('RU', 'Manufacture of basic iron and steel and of ferro-alloys and first products thereof')","0.00056889452430927","0.000401580584972","0.00051116477739954"
"('WF', 'Cultivation of vegetables, fruit, nuts')","0.000567966767482686","0.000416428448425977","0.000466470569238858"
"('GB', 'Manufacture of other transport equipment (35)')","0.000566880603175941","0.000269810219400391","0.000554181387373846"
"('WF', 'Plastics, basic')","0.000566785355574564","0.000554012198040025","0.000409101514807892"
"('WL', 'Air transport (62)')","0.000566710786222654","0.000124074892444883","0.000565864113279733"
"('TR', 'Manufacture of motor vehicles, trailers and semi-trailers (34)')","0.000565606194163636","0.000138969013824852","0.00056555058071049"
"('IN', 'Fishing, operating of fish hatcheries and fish farms; service activities incidental to fishing (05)')","0.000564416671985801","0.000526447027481201","0.000540917906441223"
"('WL', 'Manufacture of rubber and plastic products (25)')","0.000564019112813781","0.000372706859745208","0.000533745876859388"
"('CA', 'Pulp')","0.000561525633401672","0.000497501390755344","0.000161195908484112"
"('TW', 'Manufacture of furniture; manufacturing n.e.c. (36)')","0.000560911191943862","0.000151446102625513","0.000560911191943012"
"('AU', 'Education (80)')","0.000555902047372603","6.68694436497486e-05","0.000555901053111894"
"('JP', 'Production of electricity by Geothermal')","0.000555420510097672","0.000555300398958931","1.77636698932218e-06"
"('CN', 'Private households with employed persons (95)')","0.00055453193548104","0.000305136420271462","0.00055453193548104"
"('MX', 'Manufacture of office machinery and computers (30)')","0.000552761429446952","0.00014322804641126","0.00055273650970509"
"('RU', 'Steam and hot water supply')","0.000552402026937507","0.000546382266167817","4.06490124092956e-05"
"('ID', 'Post and telecommunications (64)')","0.000552092381389794","0.000432527207479708","0.000543798183345886"
"('FR', 'Quarrying of stone')","0.000551834804558345","0.000470146036089308","0.000154411584036906"
"('CA', 'Manufacture of fabricated metal products, except machinery and equipment (28)')","0.000550773641508225","0.00035061590868492","0.000490145595775196"
"('US', 'Animal products nec')","0.000550416984143402","0.000543080356374267","3.39136042277966e-05"
"('DE', 'Steam and hot water supply')","0.00054909662313938","0.000536974143053717","3.6982703481536e-05"
"('AU', 'Research and development (73)')","0.00054883922586343","0.000159477462629015","0.000548768184852553"
"('KR', 'Manufacture of electrical machinery and apparatus n.e.c. (31)')","0.000547673643386896","0.00034529436370641","0.000533455301391491"
"('CA', 'Manufacture of other non-metallic mineral products n.e.c.')","0.000546952053667061","0.000404581428888539","0.000408491935008286"
"('WM', 'Manufacture of rubber and plastic products (25)')","0.000546625461655952","0.000534929763039099","0.000415497160541592"
"('ES', 'Retail trade, except of motor vehicles and motorcycles; repair of personal and household goods (52)')","0.000545998446065304","0.000381253748317599","0.000545819449707763"
"('KR', 'Manufacture of fish products')","0.000544059735826517","0.000272389734799004","0.00043846316986147"
"('FI', 'Construction (45)')","0.000544018454889546","0.000152735930968737","0.000544018429970582"
"('WL', 'Sale, maintenance, repair of motor vehicles, motor vehicles parts, motorcycles, motor cycles parts and accessoiries')","0.000542989371192988","8.72297086677292e-05","0.00054266691300828"
"('SE', 'Manufacture of machinery and equipment n.e.c. (29)')","0.000541808322137868","0.000351654835731862","0.000434167774701023"
"('KR', 'Computer and related activities (72)')","0.000541391701522503","0.000223710017115845","0.00054086938884495"
"('IT', 'Paper')","0.000540347590572756","0.000263339265858086","0.000511224732659273"
"('WF', 'P- and other fertiliser')","0.000539237190229577","0.00045943731193447","0.000271367004429104"
"('AU', 'Insurance and pension funding, except compulsory social security (66)')","0.000539178985339387","0.000205403117990873","0.000533628436132379"
"('WA', 'Manufacture of fish products')","0.000538850557544988","0.00045561156769469","0.000182153660290765"
"('IN', 'Manufacture of wearing apparel; dressing and dyeing of fur (18)')","0.000538677973958024","0.000238795149135983","0.000528681185732829"
"('WF', 'Other business activities (74)')","0.000538626393468923","0.000429020570328732","0.000538625163125845"
"('RU', 'Production of electricity by hydro')","0.000538468156860363","0.000531144771210996","8.0978417357e-05"
"('TW', 'Chemicals nec')","0.000537781688479556","0.000281240483101112","0.000535444941467262"
"('TR', 'Retail trade, except of motor vehicles and motorcycles; repair of personal and household goods (52)')","0.000535992970135387","0.000292599875873469","0.000535991395741474"
"('WM', 'Supporting and auxiliary transport activities; activities of travel agencies (63)')","0.000535420019162794","0.000394034397848071","0.000532323981124406"
"('WL', 'Manufacture of furniture; manufacturing n.e.c. (36)')","0.000535340899255315","0.000156372658706963","0.000535340863569706"
"('BR', 'Retail trade, except of motor vehicles and motorcycles; repair of personal and household goods (52)')","0.000531433688457912","0.000376536819670345","0.000531417762801918"
"('RU', 'Manufacture of cement, lime and plaster')","0.000530919132958248","0.000445988189217524","0.000309577927690761"
"('KR', 'Research and development (73)')","0.000530477954691839","0.000189345605393959","0.000530472962614009"
"('IT', 'Processing of dairy products')","0.000529598880512538","0.00031853531025741","0.000424630012255116"
"('WM', 'Transport via railways')","0.000529105440075012","0.000468591667641575","0.000172623687416697"
"('CH', 'Public administration and defence; compulsory social security (75)')","0.000527664268469616","0.000312613827742395","0.000470426537801658"
"('CH', 'Processing of Food products nec')","0.000526400288271564","0.00022153628359746","0.000523459245510722"
"('FR', 'Education (80)')","0.00052412388298418","0.000358013117984573","0.000523771959479217"
"('AU', 'Sale, maintenance, repair of motor vehicles, motor vehicles parts, motorcycles, motor cycles parts and accessoiries')","0.000523999614575355","0.000171397834227545","0.000522782482857853"
"('WA', 'Recreational, cultural and sporting activities (92)')","0.000523432363467265","0.000305747787534169","0.000474363094109381"
"('CH', 'Insurance and pension funding, except compulsory social security (66)')","0.000523009886729422","0.000447344358986313","0.000433209100218988"
"('TR', 'Mining of copper ores and concentrates')","0.000522701131268527","0.000518242527811127","2.05234940998716e-05"
"('SE', 'Incineration of waste: Paper')","0.000522298351968368","0.000511702996532682","3.28121705951048e-05"
"('IT', 'Production of electricity by wind')","0.000522261912084379","0.00050906748527923","4.57354421239243e-05"
"('FR', 'Landfill of waste: Textiles')","0.000522199688245142","0.000519168731309501","1.7680813768203e-05"
"('MX', 'Other land transport')","0.000522000342827502","0.000316124810301065","0.000503121368656558"
"('WL', 'Paper')","0.000520346708295752","0.000324754827960385","0.000489256725548586"
"('HU', 'Manufacture of machinery and equipment n.e.c. (29)')","0.000518975883272002","0.00021900843247021","0.000495912548355202"
"('RU', 'Research and development (73)')","0.00051778702251445","0.000222840414752952","0.000517784640934189"
"('IT', 'Tanning and dressing of leather; manufacture of luggage, handbags, saddlery, harness and footwear (19)')","0.000517064691718134","0.000280906493295794","0.000485830078599111"
"('BR', 'Hotels and restaurants (55)')","0.000516550815031175","0.000315110241863424","0.000510368064744104"
"('IT', 'Manufacture of textiles (17)')","0.000515546566784695","0.00028974112922666","0.000514805065152993"
"('CA', 'Manufacture of rubber and plastic products (25)')","0.000514759980961579","0.000302368454868843","0.000506283527077456"
"('ID', 'Retail trade, except of motor vehicles and motorcycles; repair of personal and household goods (52)')","0.000514222434695014","0.000183732723910417","0.000514222382661548"
"('LT', 'Petroleum Refinery')","0.000512070592311496","0.000333877154652325","0.000501214757018781"
"('GB', 'Manufacture of office machinery and computers (30)')","0.000511855704708595","0.000281846404620697","0.00051171915070085"
"('WF', 'Processing vegetable oils and fats')","0.000511659299283575","0.000429341258065145","0.000180078726832116"
"('RU', 'Financial intermediation, except insurance and pension funding (65)')","0.000511534980229402","0.000452297490753277","0.000488659803903915"
"('ID', 'Extraction of natural gas and services related to natural gas extraction, excluding surveying')","0.000511306725885795","0.000506764301868847","0.000212999541073768"
"('BR', 'Manufacture of rubber and plastic products (25)')","0.000510918628249382","0.000245195430016532","0.000502139478169764"
"('BR', 'Processing of meat poultry')","0.000510248430424256","0.000272486617127707","0.000317878304496962"
"('CA', 'Other service activities (93)')","0.000509509437794835","0.000226204416781122","0.000509150011242531"
"('TW', 'Real estate activities (70)')","0.000509369529384711","0.000265639793144608","0.000508565333172143"
"('ES', 'Chemicals nec')","0.000509129737197722","0.000235272483422582","0.000505118443531346"
"('WA', 'Manufacture of coke oven products')","0.000508005225886358","0.000495517407977881","4.0733381847301e-05"
"('RU', 'Supporting and auxiliary transport activities; activities of travel agencies (63)')","0.000507151132616861","0.000380508456182336","0.000501214888165203"
"('FR', 'Health and social work (85)')","0.000505720943974259","8.37430434766188e-05","0.000505720922400491"
"('NL', 'Manufacture of fabricated metal products, except machinery and equipment (28)')","0.00050528514949317","0.000319094415716112","0.000493424275128497"
"('HU', 'Other land transport')","0.000505058690400101","0.000415151601851239","0.000235642358881867"
"('AU', 'Cattle farming')","0.000504685511107147","0.000461469539680208","0.000225215773585365"
"('WM', 'Chemicals nec')","0.000504603851151983","0.000229793726798707","0.000489647085861237"
"('GB', 'Sea and coastal water transport')","0.000504395900656139","0.000361260572652466","0.000394907035493831"
"('PL', 'Composting of food waste, incl. land application')","0.000503123583128156","0.000479985809069589","5.53541245639918e-05"
"('TW', 'Paper')","0.000503110204332024","0.000303007866307663","0.00049849949646417"
"('ES', 'Manufacture of rubber and plastic products (25)')","0.000500961987809536","0.000326641688458023","0.000487462076255067"
"('CA', 'Paper')","0.000500276199380024","0.000258797202530727","0.000469880970462506"
"('WL', 'Cultivation of sugar cane, sugar beet')","0.000498425745880347","0.000457695154685442","0.000112113847678405"
"('WF', 'Production of electricity by gas')","0.000498385569837156","0.00041779693072154","0.000189560593648489"
"('KR', 'Manufacture of coke oven products')","0.000497927723776735","0.00047331297464056","5.55103940335956e-05"
"('SE', 'Incineration of waste: Food')","0.000496818773529153","0.000486139251687836","2.95347287342424e-05"
"('SK', 'Manufacture of motor vehicles, trailers and semi-trailers (34)')","0.000494813985585376","0.000203064217193347","0.000494736108451839"
"('WL', 'Real estate activities (70)')","0.000494399049924296","0.000225739076358506","0.000494396755722631"
"('CA', 'Manufacture of wood and of products of wood and cork, except furniture; manufacture of articles of straw and plaiting materials (20)')","0.000494002208637276","0.000224681191809237","0.000481653625772016"
"('JP', 'Education (80)')","0.000493853786071674","2.19222409448949e-05","0.000493853786071674"
"('SE', 'Computer and related activities (72)')","0.000493583834776632","0.000340973921383728","0.000492509447398527"
"('CA', 'Research and development (73)')","0.00049273796348023","0.000284328827587379","0.000492335942123639"
"('WL', 'Manufacture of motor vehicles, trailers and semi-trailers (34)')","0.000492286748494575","0.000346742756018101","0.000490239859599809"
"('ID', 'Manufacture of fabricated metal products, except machinery and equipment (28)')","0.000492151956650576","0.000277215786502331","0.000466202642790354"
"('FR', 'Sea and coastal water transport')","0.000490516913770641","0.000269209107804685","0.000414108646069539"
"('CA', 'Activities auxiliary to financial intermediation (67)')","0.000489723265365965","0.000359248772002819","0.000456689256214725"
"('JP', 'Transport via pipelines')","0.000489386971653489","0.00047799682895185","8.14549571841764e-05"
"('AT', 'Manufacture of fabricated metal products, except machinery and equipment (28)')","0.000488783917397083","0.000249479682760102","0.000484974010749954"
"('PL', 'Other business activities (74)')","0.00048851519766502","0.000399360535632217","0.000487862836091819"
"('CN', 'Processing vegetable oils and fats')","0.000488384728078839","0.000443722466090205","9.45031572461888e-05"
"('WM', 'Manufacture of bricks, tiles and construction products, in baked clay')","0.000487982453537727","0.000472854641477676","5.04001916908116e-05"
"('US', 'Manufacture of machinery and equipment n.e.c. (29)')","0.000487715468379446","0.000416397364216401","0.00024677360782025"
"('CZ', 'Construction (45)')","0.000487118617895889","0.000283157168916187","0.00048013240299633"
"('WF', 'Cultivation of oil seeds')","0.00048546219123628","0.000467694756903666","0.000208682278160742"
"('ES', 'Landfill of waste: Plastic')","0.000484691750715036","0.00047703650019979","3.59086080286231e-05"
"('ZA', 'Petroleum Refinery')","0.00048372639701236","0.000212261022703896","0.000480276423520707"
"('MX', 'Cattle farming')","0.000482621626689667","0.000411386581511307","0.000202635554963208"
"('ZA', 'Mining of precious metal ores and concentrates')","0.000482128524992574","0.000479096360238893","6.22437639228215e-06"
"('JP', 'Processing of meat pigs')","0.000481580114829514","0.00031842688454996","0.000267011818878356"
"('WE', 'Production of electricity by Geothermal')","0.0004815263595096","0.000481084881587088","1.95237366420431e-06"
"('BR', 'Public administration and defence; compulsory social security (75)')","0.000481372859328498","0.000116852531933262","0.000474272934857403"
"('WF', 'Supporting and auxiliary transport activities; activities of travel agencies (63)')","0.00048059376649346","0.000344034922003609","0.000480036207817787"
"('CH', 'Quarrying of sand and clay')","0.00048038436931394","0.000474077174473219","2.11487460928361e-05"
"('AU', 'Supporting and auxiliary transport activities; activities of travel agencies (63)')","0.000480351627889197","0.000325988005416304","0.000478992908993351"
"('WA', 'Private households with employed persons (95)')","0.000480064590544241","0.000442760367824066","0.000480064590544241"
"('CH', 'Hotels and restaurants (55)')","0.000479011101616551","0.000196536626422523","0.000476491420597515"
"('CH', 'Real estate activities (70)')","0.000478868119023443","0.000395281696133117","0.000478748921549987"
"('JP', 'Manufacture of fish products')","0.000478775813680225","0.000237553723386297","0.000371045271973931"
"('WM', 'Health and social work (85)')","0.00047774351537816","4.50447012949803e-05","0.00047774295858147"
"('WM', 'Poultry farming')","0.000476930642511468","0.000324059906094522","0.000372577409782684"
"('WF', 'Processing of meat cattle')","0.00047665371995867","0.000119491827112248","0.000429170504022576"
"('KR', 'Education (80)')","0.000476022473968175","9.74364629614863e-05","0.000476022473692398"
"('WM', 'Education (80)')","0.000475644014596531","4.18918533642721e-05","0.000475630946474721"
"('BE', 'Petroleum Refinery')","0.000471502968599547","0.000292406485274089","0.000431879381145473"
"('CA', 'Post and telecommunications (64)')","0.000471355488160519","0.000384058887267393","0.000452607268370614"
"('FR', 'Cultivation of wheat')","0.000469096491741984","0.000370862165971082","0.000216272089542612"
"('JP', 'Manufacture of glass and glass products')","0.000469067621314654","0.000328410057866092","0.000358228689677856"
"('TW', 'Public administration and defence; compulsory social security (75)')","0.00046860548479889","0.000136635991444998","0.000448038857798035"
"('ES', 'Quarrying of sand and clay')","0.000468404731552599","0.000425129094409237","0.00013542145469862"
"('IN', 'Copper production')","0.000468048406973357","0.000301772257523367","0.000372152033797603"
"('IN', 'Raw milk')","0.000467306170119625","0.000324997397797154","0.000429903314492432"
"('DE', 'Landfill of waste: Plastic')","0.000467051840316837","0.000465901358528877","7.13872629031192e-06"
"('WA', 'Fishing, operating of fish hatcheries and fish farms; service activities incidental to fishing (05)')","0.000466207927014767","0.000278356966828804","0.000367270421800008"
"('SE', 'Wholesale trade and commission trade, except of motor vehicles and motorcycles (51)')","0.000466014393857933","0.000289597432186524","0.000463574351761492"
"('NO', 'Construction (45)')","0.000464162463762937","0.000244621844518039","0.000459905544748655"
"('ID', 'Cultivation of oil seeds')","0.000464125257394829","0.000400218786756543","0.000241808862839762"
"('WM', 'Computer and related activities (72)')","0.000463863238685394","0.000320522581474824","0.000461849626562021"
"('ID', 'Public administration and defence; compulsory social security (75)')","0.00046340273648509","9.07152276255417e-06","0.000463401496309055"
"('BR', 'Chemicals nec')","0.000462643109157081","0.000195168539081307","0.000456624113740675"
"('BE', 'Incineration of waste: Food')","0.000462550454500774","0.00045772147725655","2.45786708282304e-05"
"('WM', 'Processing of meat poultry')","0.000461633407170155","0.000225942091655348","0.000303354054934476"
"('NL', 'Hotels and restaurants (55)')","0.000461418991376607","0.000186447940365658","0.00045652809590691"
"('WM', 'Production of electricity by solar photovoltaic')","0.000461341157764328","0.000460959489497137","9.77131344679572e-06"
"('IT', 'Manufacture of wearing apparel; dressing and dyeing of fur (18)')","0.000459818262739821","0.000155113128931902","0.000454030560229767"
"('FR', 'Distribution and trade of electricity')","0.000459522059050319","0.000302598051297637","0.000288743904289135"
"('FR', 'Manufacture of basic iron and steel and of ferro-alloys and first products thereof')","0.000459335570120874","0.000250560904569363","0.000452680819161521"
"('WL', 'Supporting and auxiliary transport activities; activities of travel agencies (63)')","0.00045909584481523","0.000311704059070583","0.000455705323252711"
"('WM', 'Manufacture of office machinery and computers (30)')","0.000458531233741753","0.000202824120754843","0.000458013074844079"
"('RU', 'Processing of Food products nec')","0.000457977787513237","0.000181972561125304","0.000451104470713233"
"('AT', 'Other land transport')","0.000457057420365875","0.000321527006845629","0.000437210545280079"
"('WF', 'Production of meat products nec')","0.000456958866486818","0.00032564745682678","0.00023798946719244"
"('IT', 'Manufacture of furniture; manufacturing n.e.c. (36)')","0.000456367583900518","0.000210495196886222","0.000456324739230307"
"('DK', 'Other land transport')","0.000456334745961127","0.000272115526030563","0.000445702423200852"
"('ID', 'Processed rice')","0.000456242070941418","0.000106709753725109","0.00040730859733567"
"('SE', 'Real estate activities (70)')","0.000456141587672824","0.00023216450987965","0.000456141587672822"
"('TW', 'Other service activities (93)')","0.000456072268592047","3.73545193528357e-05","0.000455812840644531"
"('ID', 'Chemicals nec')","0.000455949873825625","0.000229035489812131","0.000451623987841371"
"('IN', 'Manufacture of other transport equipment (35)')","0.00045529897485517","0.000152858375196256","0.000454701513991804"
"('RU', 'Manufacture of fish products')","0.00045517732343353","0.000188928676052772","0.000385255639004109"
"('CZ', 'Wholesale trade and commission trade, except of motor vehicles and motorcycles (51)')","0.000455082756915054","0.000248360139798128","0.000454639347593832"
"('NL', 'Manufacture of motor vehicles, trailers and semi-trailers (34)')","0.000454776338016463","0.000130839159505967","0.000454749063377204"
"('AU', 'Production of electricity by coal')","0.000454433019790255","0.000405771384017054","0.000139629862421397"
"('IT', 'Sea and coastal water transport')","0.000454128206804549","0.0003519718076795","0.000292571214272545"
"('KR', 'Quarrying of stone')","0.000454033701037181","0.000439610249072917","5.40866827641602e-05"
"('PL', 'Processing of Food products nec')","0.000453380316732926","0.000201429321965055","0.000451095544969309"
"('BR', 'P- and other fertiliser')","0.000452498986264829","0.000135503380780862","0.000411861456493247"
"('NL', 'Public administration and defence; compulsory social security (75)')","0.000451390953045098","0.000170737013139243","0.000412501237439565"
"('ID', 'Financial intermediation, except insurance and pension funding (65)')","0.00045134952458824","0.000328376003042848","0.000440992591895495"
"('JP', 'Manufacture of bricks, tiles and construction products, in baked clay')","0.000450322695083844","0.000439724598692573","6.55529659737143e-05"
"('JP', 'Recreational, cultural and sporting activities (92)')","0.000449798455465389","0.000216959479636427","0.000434072313309981"
"('TR', 'Hotels and restaurants (55)')","0.000448864904609705","0.000236173179995623","0.000443520421520652"
"('BR', 'Processing of Food products nec')","0.000448672329858329","0.000127400580552733","0.000443623421179696"
"('DE', 'Manufacture of bricks, tiles and construction products, in baked clay')","0.000448536358961232","0.000430500627174905","5.33031831127838e-05"
"('PL', 'Retail trade, except of motor vehicles and motorcycles; repair of personal and household goods (52)')","0.000448087025077027","0.000233415418942308","0.000448087025076761"
"('KR', 'Cultivation of paddy rice')","0.000448035448951804","0.000414789481990919","0.000229881334367049"
"('CA', 'P- and other fertiliser')","0.000448023264399988","0.000404854391882145","0.000188436742230511"
"('US', 'Manufacture of office machinery and computers (30)')","0.00044756449041659","0.000285121170117875","0.000446206570156594"
"('TR', 'Meat animals nec')","0.000447258969614404","0.000440909493538387","1.58258616310685e-05"
"('TW', 'Publishing, printing and reproduction of recorded media (22)')","0.000446507166129506","0.000253051958570529","0.000446458930079817"
"('IT', 'Sale, maintenance, repair of motor vehicles, motor vehicles parts, motorcycles, motor cycles parts and accessoiries')","0.000446288585205763","0.000167256877417972","0.000440156141216603"
"('TR', 'Chemicals nec')","0.000445996956033362","0.000256232736119488","0.000438929389363824"
"('WL', 'Processing of dairy products')","0.000445217647146149","0.000284915124718566","0.000310407949270895"
"('WF', 'Cultivation of cereal grains nec')","0.00044489818863743","0.000392942504481134","0.000276815544757745"
"('BE', 'Processing of Food products nec')","0.000443070801055017","0.000179365828141411","0.000441876509301353"
"('WF', 'Real estate activities (70)')","0.000442143669125158","0.000146095522003897","0.000442136494368394"
"('RU', 'Manufacture of motor vehicles, trailers and semi-trailers (34)')","0.000440070895592829","0.0001646625082752","0.000439436452699286"
"('CN', 'Mining of other non-ferrous metal ores and concentrates')","0.000439652847010594","0.000436512261132539","7.63243340757028e-06"
"('WM', 'Processing of dairy products')","0.000439509176074634","0.000230562284568598","0.000333361147622367"
"('JP', 'Insurance and pension funding, except compulsory social security (66)')","0.000437450266775892","9.53618587128686e-05","0.000426382550126903"
"('KR', 'Transport via railways')","0.000437261157859008","0.000327302505821251","0.000242881799456091"
"('WF', 'Financial intermediation, except insurance and pension funding (65)')","0.000436565944537781","0.000304355607197932","0.000427528177785277"
"('ID', 'Manufacture of textiles (17)')","0.000435200922131908","0.000292110779001266","0.000434006866005154"
"('WF', 'Manufacture of textiles (17)')","0.000434919842322783","0.000192749430587866","0.000434655798685684"
"('PL', 'Plastics, basic')","0.000434503301664045","0.000257757928649905","0.000378151125516243"
"('WL', 'Distribution and trade of electricity')","0.000434151171862927","0.000397303248339323","0.000181428087137239"
"('FR', 'Production of electricity by hydro')","0.000433696583728664","0.000413107021513248","7.0077389999633e-05"
"('NL', 'Retail trade, except of motor vehicles and motorcycles; repair of personal and household goods (52)')","0.000433690705679555","0.000189812087558885","0.000433688917325508"
"('RU', 'Retail trade, except of motor vehicles and motorcycles; repair of personal and household goods (52)')","0.000432772998891656","0.000115875888369885","0.000432772597972535"
"('WF', 'Transport via pipelines')","0.000432309451644928","0.000414761327175435","7.94916254186383e-05"
"('TW', 'Manufacture of wearing apparel; dressing and dyeing of fur (18)')","0.00043201249800512","2.28626327486427e-05","0.000432012498005119"
"('JP', 'Production of electricity by hydro')","0.000431883469891715","0.000426418601328627","4.25536401958677e-05"
"('BR', 'Manufacture of motor vehicles, trailers and semi-trailers (34)')","0.000431669954032964","9.0252646160838e-05","0.000431657984250072"
"('KR', 'Manufacture of glass and glass products')","0.000431569266457952","0.000302282857256128","0.000367450556826222"
"('IT', 'Manufacture of cement, lime and plaster')","0.000431278952085476","0.000333953428755077","0.000281860229134782"
"('DE', 'Manufacture of textiles (17)')","0.000428156441338106","0.000244259721043784","0.000426191848535132"
"('TR', 'Paper')","0.000427837586706115","0.000256127417729945","0.000415109022388634"
"('AU', 'Air transport (62)')","0.000427567604067341","8.17840207297062e-05","0.000427419693215513"
"('JP', 'Air transport (62)')","0.000426793483112292","0.000171227128691987","0.000406039204218718"
"('NL', 'Research and development (73)')","0.000426606761251048","0.0001738765158472","0.000425568271043945"
"('AU', 'Processing of meat cattle')","0.000425240370808847","0.000294445076735885","0.000201431038829259"
"('RU', 'Manufacture of furniture; manufacturing n.e.c. (36)')","0.00042508456855707","0.000122641307854664","0.000425084568548209"
"('AU', 'Manufacture of cement, lime and plaster')","0.000423969778234538","0.000360443994452466","0.000233089656762197"
"('FR', 'Manufacture of cement, lime and plaster')","0.000423650038474297","0.000266781417473738","0.000393776921582132"
"('BE', 'Chemicals nec')","0.000423036660246442","0.000239092867383469","0.000416284307279492"
"('RU', 'Hotels and restaurants (55)')","0.000422867956422446","0.000160457161250221","0.000418735871467406"
"('BR', 'Cultivation of cereal grains nec')","0.00042254763078182","0.000378487545551682","0.000209309837747885"
"('WM', 'Precious metals production')","0.000421851231564378","0.000301795693720845","0.000236297925107483"
"('CA', 'Manufacture of furniture; manufacturing n.e.c. (36)')","0.000421675803904872","0.000100588863197874","0.000421675257659375"
"('WM', 'Other non-ferrous metal production')","0.000419686838274034","0.000394923759329389","0.000107907204333976"
"('KR', 'Other service activities (93)')","0.000419401271131795","9.34318991156197e-05","0.000419396421599994"
"('GB', 'Manufacture of wood and of products of wood and cork, except furniture; manufacture of articles of straw and plaiting materials (20)')","0.000419254575667679","0.00018604851613363","0.000390923888801053"
"('CH', 'Manufacture of fabricated metal products, except machinery and equipment (28)')","0.000417233697668083","0.000297450446140797","0.000407459569848874"
"('ID', 'Real estate activities (70)')","0.000416374919906485","0.00022566336196718","0.000416374919906484"
"('CA', 'Insurance and pension funding, except compulsory social security (66)')","0.000415960707650241","0.000325218930602009","0.000397295170907633"
"('CA', 'Fishing, operating of fish hatcheries and fish farms; service activities incidental to fishing (05)')","0.000414825114499528","0.000383205525468078","9.36385585468515e-05"
"('WM', 'Paper')","0.000414690042092214","0.000265647800098423","0.000399698845713388"
"('WL', 'Publishing, printing and reproduction of recorded media (22)')","0.000413143982936015","0.00024781168554135","0.000413094521126299"
"('DK', 'Inland water transport')","0.000412885813240648","0.000375023059828811","7.745807619149e-05"
"('MX', 'Hotels and restaurants (55)')","0.000412336411484529","0.000171539149707007","0.000409550657326604"
"('SE', 'Petroleum Refinery')","0.000412313619566389","0.000196344461319938","0.000364491360526418"
"('ES', 'Health and social work (85)')","0.000412307823396142","0.000118714108043016","0.000412307320652072"
"('CA', 'Cultivation of wheat')","0.000412098519511849","0.000350652010314049","0.000174633238042567"
"('NL', 'Sea and coastal water transport')","0.000411837373953111","0.000226394305511238","0.000368429924719895"
"('CA', 'Education (80)')","0.000410417331997752","7.68018236144411e-05","0.000410411976887313"
"('GB', 'Plastics, basic')","0.000410356821758854","0.00035190263705321","0.000301513040527339"
"('IT', 'Insurance and pension funding, except compulsory social security (66)')","0.00040990760503159","0.000188227491524836","0.000398808095407367"
"('KR', 'Tanning and dressing of leather; manufacture of luggage, handbags, saddlery, harness and footwear (19)')","0.000409683009570493","0.000202484876725355","0.000405258651280366"
"('IN', 'Cultivation of oil seeds')","0.000409244344546709","0.000349395165687726","0.000275821878292318"
"('WL', 'Raw milk')","0.000406516490765774","0.000362103623858804","0.000221972852665817"
"('TW', 'Air transport (62)')","0.000405728743446568","9.02897490519191e-05","0.000402351073893659"
"('CZ', 'Other land transport')","0.000405138729984344","0.000244424003282546","0.000401159325997462"
"('WM', 'Cattle farming')","0.000404619037461947","0.000311157822211318","0.000295050355870232"
"('WM', 'Production of meat products nec')","0.000402916089513943","0.00029765277823282","0.000222767174122154"
"('GB', 'Recreational, cultural and sporting activities (92)')","0.000398907033940937","0.000228685560658621","0.000390975988575671"
"('TR', 'Manufacture of fabricated metal products, except machinery and equipment (28)')","0.000398722117274746","0.00023101831095605","0.000391893329658135"
"('CA', 'Manufacture of beverages')","0.000398631300772014","0.000243503953323271","0.000293103625209035"
"('FR', 'Raw milk')","0.000398551782610549","0.000298848940220417","0.00029896813627143"
"('MX', 'Other business activities (74)')","0.000398355521840203","0.000370418354639722","0.000398283138313736"
"('DE', 'Raw milk')","0.000397981919406847","0.000275539511508705","0.000321581602552846"
"('TW', 'Research and development (73)')","0.00039750878179287","0.000252751808426429","0.000393820807719719"
"('IN', 'Manufacture of office machinery and computers (30)')","0.000396838010231124","3.24854208854458e-05","0.000396837925968051"
"('PL', 'Petroleum Refinery')","0.000396825093091173","0.000196389196945642","0.000394389124681382"
"('FR', 'Production of electricity by wind')","0.000395905394509642","0.000384283566092347","4.29089519087864e-05"
"('IT', 'Public administration and defence; compulsory social security (75)')","0.000394875234276163","0.000131255766741513","0.000374842387094221"
"('RU', 'Distribution and trade of electricity')","0.000394849538043958","0.000362672297356304","0.00016276067187554"
"('CA', 'Cultivation of oil seeds')","0.000393858190275579","0.000290510276729789","0.000243107923646282"
"('TW', 'Financial intermediation, except insurance and pension funding (65)')","0.000393500366184214","0.000308106656679153","0.000379973683520115"
"('RU', 'Chemicals nec')","0.000393021713427234","0.00021656889162032","0.000382446381487988"
"('WF', 'Education (80)')","0.000392990742905355","2.95341049331774e-05","0.000392987923708512"
"('WL', 'P- and other fertiliser')","0.000392959021812756","0.00024039528461386","0.000299495251315988"
"('DE', 'Sugar refining')","0.00039238055357877","0.000367583259449619","4.39485901123379e-05"
"('MX', 'Re-processing of secondary steel into new steel')","0.000392239459215399","0.000250983657740192","0.000361896438701063"
"('WM', 'Copper production')","0.000392091775896892","0.000341269192872631","0.000195507930116342"
"('RU', 'Re-processing of secondary steel into new steel')","0.000391982750411874","0.000259624279513742","0.000324010738691779"
"('BE', 'Quarrying of stone')","0.000391132499449288","0.000363991456154213","5.25421591746591e-05"
"('BG', 'Wholesale trade and commission trade, except of motor vehicles and motorcycles (51)')","0.000390656069510317","0.00019952911542277","0.000385593985906059"
"('WA', 'Processing of Food products nec')","0.000390357759406959","0.000237002556530059","0.000329400673015436"
"('JP', 'Production of electricity by nuclear')","0.000390331232023848","0.00038363860139087","3.10081057151145e-05"
"('CH', 'Mining of chemical and fertilizer minerals, production of salt, other mining and quarrying n.e.c.')","0.000390262222049671","0.00038570922944814","1.30797510583402e-05"
"('NL', 'Supporting and auxiliary transport activities; activities of travel agencies (63)')","0.000389077966039907","0.000270736003925255","0.000387439405883318"
"('IE', 'Other land transport')","0.000388723182846927","0.000230619314229407","0.000373239473531947"
"('WM', 'Manufacture of beverages')","0.000388434282359619","0.000166044573523132","0.000340483960237938"
"('GR', 'Quarrying of stone')","0.000388098297380967","0.000383377860031079","1.1236828749858e-05"
"('BE', 'Copper production')","0.000387946035131078","0.000246530181785179","0.000294220173909125"
"('ZA', 'Wholesale trade and commission trade, except of motor vehicles and motorcycles (51)')","0.000387752983682985","0.000274954114914274","0.00038710730138611"
"('BE', 'Hotels and restaurants (55)')","0.000387437145933919","0.000150516543374326","0.000386550142583483"
"('AT', 'Wholesale trade and commission trade, except of motor vehicles and motorcycles (51)')","0.000387349892427143","0.000232800517926112","0.000386919135515888"
"('WL', 'Health and social work (85)')","0.000387191086865827","7.61607542591581e-05","0.000387190166129487"
"('IT', 'Manufacture of office machinery and computers (30)')","0.00038520197001846","0.000133880855255334","0.000385197156868111"
"('BE', 'Manufacture of fabricated metal products, except machinery and equipment (28)')","0.000385173335462031","0.000170122111119751","0.000383907898621519"
"('WL', 'Manufacture of beverages')","0.000384303517149193","0.000228448785664335","0.000293472206084957"
"('WF', 'Air transport (62)')","0.000383794122872806","0.000109191290191804","0.000382644847993977"
"('TW', 'Other business activities (74)')","0.000383532237243281","0.00023708220586633","0.000383503235856808"
"('CA', 'Aluminium production')","0.000383526544681561","0.000217672374597121","0.0003262862829691"
"('BR', 'Health and social work (85)')","0.000383523440679001","0.000109653480504451","0.000383523440679001"
"('JP', 'Processing of meat cattle')","0.000383454935703002","0.000206477361206435","0.000267516171762085"
"('TR', 'Real estate activities (70)')","0.000382865748353719","0.000181653274230943","0.000382865748353718"
"('WA', 'Casting of metals')","0.000382154718927659","0.000313370988348355","0.000206394249393171"
"('ID', 'Cultivation of paddy rice')","0.000381976465098454","0.000347685183429021","0.00032272966140272"
"('AU', 'Other service activities (93)')","0.000379735809658293","0.000111637387389149","0.000379579981678173"
"('TW', 'Manufacture of other transport equipment (35)')","0.000379503875399844","0.000187526727497755","0.000379503875399664"
"('WL', 'Manufacture of basic iron and steel and of ferro-alloys and first products thereof')","0.000379157431708534","0.000284951782821861","0.000368112420872783"
"('BR', 'Real estate activities (70)')","0.000378808724307885","0.000268981337514239","0.000378786070503593"
"('AU', 'Processing of dairy products')","0.000378537060166986","0.000250964033170242","0.000224216282999617"
"('PT', 'Quarrying of stone')","0.000378476235552302","0.000349639411113752","6.04392450071136e-05"
"('KR', 'Inland water transport')","0.000378469809768986","0.000359838177029132","6.90195845113258e-05"
"('TR', 'Financial intermediation, except insurance and pension funding (65)')","0.000377810098269638","0.000295988317408466","0.000368696536082808"
"('BR', 'Manufacture of basic iron and steel and of ferro-alloys and first products thereof')","0.000377617605357034","0.000260305858374741","0.00037004114069922"
"('RU', 'Post and telecommunications (64)')","0.000377111116426559","0.000268394166341857","0.000367755512596781"
"('ZA', 'Real estate activities (70)')","0.00037567610377628","0.00017451138176735","0.000375676103776279"
"('BE', 'Computer and related activities (72)')","0.000375639809684292","0.000245832640559855","0.00037549978093773"
"('CH', 'Research and development (73)')","0.000375006237827256","0.000265294456687045","0.000374316682235851"
"('DK', 'Manufacture of machinery and equipment n.e.c. (29)')","0.000374992696121572","0.000259082552662126","0.000314019198618244"
"('IN', 'Manufacture of glass and glass products')","0.000374647633230178","0.000257379240227066","0.000300533576164884"
"('CZ', 'Manufacture of fabricated metal products, except machinery and equipment (28)')","0.000374575706214282","0.00026541275399059","0.000371733231708437"
"('CH', 'Manufacture of gas; distribution of gaseous fuels through mains')","0.000374499079067424","0.000230281807802534","0.000285648331968495"
"('TW', 'Hotels and restaurants (55)')","0.000374402498997286","0.000182508587213554","0.000369416368715325"
"('DE', 'Publishing, printing and reproduction of recorded media (22)')","0.000372723368827346","0.000258739181267005","0.000372574303975405"
"('ID', 'Cultivation of crops nec')","0.000372059246191158","0.000337677969314935","0.000144033231097481"
"('SE', 'Collection, purification and distribution of water (41)')","0.000371802024574195","0.000365569152344997","2.74939345100974e-05"
"('TR', 'Cultivation of vegetables, fruit, nuts')","0.000371707843680094","0.000178263790877335","0.000334433498308589"
"('BR', 'Transport via pipelines')","0.000371358860105611","0.000358957426603113","5.52251714129609e-05"
"('WL', 'Other service activities (93)')","0.00037125827814139","8.79813834616948e-05","0.000370925545325965"
"('WM', 'Publishing, printing and reproduction of recorded media (22)')","0.000371024475747555","0.000218876121191747","0.000370961461559962"
"('CA', 'Raw milk')","0.000370357007861115","0.000319934330593007","0.00018274787008992"
"('AU', 'Meat animals nec')","0.000369822934478035","0.000358047790929251","2.11682739393484e-05"
"('FR', 'Recreational, cultural and sporting activities (92)')","0.000369509795569631","0.000224180224877733","0.000363483951535915"
"('PT', 'Construction (45)')","0.000368304881438844","0.000129987542797678","0.000368173039064801"
"('ES', 'Re-processing of secondary steel into new steel')","0.000367804762475975","0.000222681768188322","0.000342459812414462"
"('MX', 'Public administration and defence; compulsory social security (75)')","0.000366561906550185","1.97754199132545e-05","0.000366561797162545"
"('KR', 'Production of electricity by gas')","0.000366552973362424","0.000345981309219404","8.58393368209142e-05"
"('SE', 'Incineration of waste: Oil/Hazardous waste')","0.000366521749842213","0.000357173134392464","2.67993595123262e-05"
"('MX', 'Manufacture of furniture; manufacturing n.e.c. (36)')","0.000366266278703002","0.000132362268638468","0.000366260852212364"
"('CA', 'Sea and coastal water transport')","0.00036571670021446","0.000201146418962664","0.000334919626269636"
"('DE', 'Manufacture of other non-metallic mineral products n.e.c.')","0.000365564796102099","0.000291801700726531","0.000201466692200763"
"('MX', 'Cultivation of cereal grains nec')","0.00036490021943816","0.000212185099454286","0.000324173533232023"
"('CZ', 'Landfill of waste: Textiles')","0.000364822594551512","0.000358503533615709","1.71298393248244e-05"
"('KR', 'Precious metals production')","0.000364167154196008","0.000287471025168788","0.000155352089404506"
"('DE', 'Recreational, cultural and sporting activities (92)')","0.000363026539534361","0.000230748313881834","0.000351344711261192"
"('TW', 'Manufacture of office machinery and computers (30)')","0.000362855064396703","0.000216879592168783","0.000362855064388092"
"('WE', 'Extraction of crude petroleum and services related to crude oil extraction, excluding surveying')","0.000362662570182525","0.000181650221931557","0.000362662568445536"
"('FR', 'Manufacture of wood and of products of wood and cork, except furniture; manufacture of articles of straw and plaiting materials (20)')","0.000361724029676857","0.000183904588934836","0.000347208530269989"
"('CA', 'Production of electricity by nuclear')","0.000361454912455538","0.00035909333119255","3.02288240418274e-05"
"('WL', 'Transmission of electricity')","0.000361363989201024","0.000345899031912802","6.81118139747637e-05"
"('IN', 'Aluminium production')","0.000360524766016166","0.000201331923632335","0.000308545128595134"
"('ES', 'Incineration of waste: Plastic')","0.000360418174899876","0.000352207579291209","4.35817854681272e-05"
"('CZ', 'Manufacture of office machinery and computers (30)')","0.000360302729862928","0.000214749858714383","0.000360143985754188"
"('TW', 'Quarrying of stone')","0.000360284129240173","0.000278997518435961","0.000176694813681861"
"('CZ', 'Supporting and auxiliary transport activities; activities of travel agencies (63)')","0.000360075063042567","0.000190790059753887","0.000359899627756941"
"('ES', 'Manufacture of textiles (17)')","0.000359132908288948","0.000191169667098873","0.000358550213774325"
"('RU', 'Transmission of electricity')","0.000358233157694966","0.000343083854248066","6.99754470144648e-05"
"('CA', 'Processing of dairy products')","0.000356873070650927","0.000142396017337671","0.000331143041492675"
"('IE', 'Insurance and pension funding, except compulsory social security (66)')","0.000356056436583489","0.000215265302059227","0.000343508643223119"
"('NL', 'Biogasification of paper, incl. land application')","0.000355797660711293","0.000355696722929522","7.5138560413635e-07"
"('TW', 'Post and telecommunications (64)')","0.000355655676816456","0.000234186848899271","0.000344389955565641"
"('WM', 'Raw milk')","0.000354685098557434","0.000252485987714041","0.000280663591339526"
"('BE', 'Waste water treatment, other')","0.000354578150111883","0.000351475032930564","1.45284690725001e-05"
"('AU', 'Processing of Food products nec')","0.000353211704366112","0.000165573316903642","0.000344248277982254"
"('HU', 'Manufacture of motor vehicles, trailers and semi-trailers (34)')","0.000352508923531693","0.000121742274916955","0.000352502986863394"
"('CA', 'Air transport (62)')","0.000352411586227299","0.000148048131959942","0.000352046256595647"
"('ID', 'Re-processing of secondary steel into new steel')","0.00035215386333603","0.000226266830506392","0.000294581625999916"
"('BG', 'Education (80)')","0.000351135028978055","0.000183569828846384","0.000350991807758821"
"('WF', 'Health and social work (85)')","0.000350952687068208","2.58054243625534e-05","0.000350952671794428"
"('WM', 'Manufacture of other non-metallic mineral products n.e.c.')","0.000350767867670696","0.000298119581591353","0.000196372105087575"
"('WM', 'Manufacture of electrical machinery and apparatus n.e.c. (31)')","0.00034946765356767","0.000214956291278207","0.00034846672357072"
"('AU', 'Sugar refining')","0.000349439124794444","0.000329735687455381","3.93447632437401e-05"
"('SE', 'Incineration of waste: Plastic')","0.000349006137337981","0.000342518327901787","2.32112946685024e-05"
"('TR', 'Manufacture of wearing apparel; dressing and dyeing of fur (18)')","0.000348792762424822","0.000116880774763176","0.000345616445753128"
"('MX', 'Paper')","0.000348515339517983","0.000187049018270565","0.000340392363990793"
"('AT', 'Computer and related activities (72)')","0.000348096798602256","0.00026032076009444","0.000347935569058539"
"('FR', 'Paper')","0.000348022017902568","0.000179343145996473","0.00033773747630556"
"('WM', 'Insurance and pension funding, except compulsory social security (66)')","0.000347676647195054","0.000252427415346542","0.000265813566893995"
"('WM', 'Manufacture of glass and glass products')","0.000347575162669776","0.000297807133167637","0.000205941491097343"
"('KR', 'Manufacture of wood and of products of wood and cork, except furniture; manufacture of articles of straw and plaiting materials (20)')","0.000347290388776121","0.00022609324256826","0.000344179512119175"
"('BE', 'Transport via railways')","0.000345950292546163","0.000298807864176997","0.000182990380519634"
"('MX', 'Processing of meat cattle')","0.000345022100458928","0.000217158015412063","0.000185446240420418"
"('ES', 'Mining of nickel ores and concentrates')","0.000343982317516936","0.000330384001908627","3.28999975762494e-05"
"('PL', 'Incineration of waste: Metals and Inert materials')","0.000343257408274076","0.0003249864810658","7.64087459890793e-05"
"('WF', 'Chemicals nec')","0.000342770288334187","6.32064372320511e-05","0.000342201453078624"
"('FR', 'Quarrying of sand and clay')","0.000342752463969036","0.000239583226589111","0.000163765127001382"
"('ES', 'Incineration of waste: Wood')","0.000342546038847013","0.000339064056441067","2.11711601640479e-05"
"('CZ', 'Other business activities (74)')","0.000341943267364607","0.000248403347363619","0.000340755634486568"
"('WA', 'Manufacture of medical, precision and optical instruments, watches and clocks (33)')","0.000340855207141133","0.000146508864050545","0.000337949524294907"
"('NL', 'Post and telecommunications (64)')","0.000339002497164859","0.00026468810764456","0.000323650059531663"
"('CZ', 'Manufacture of rubber and plastic products (25)')","0.000338872878715444","0.000192204591153069","0.00033615645545942"
"('IN', 'Production of electricity by hydro')","0.000337954300406489","0.000333740295555355","4.4941465820744e-05"
"('IT', 'Transport via pipelines')","0.000337781373938846","0.00032089596133102","7.70601851449668e-05"
"('WL', 'Computer and related activities (72)')","0.000337653947665847","0.000222781998676298","0.000336895055111646"
"('TR', 'Other business activities (74)')","0.000335913639013995","0.000299326866270392","0.000335912020947141"
"('WF', 'Production of electricity by hydro')","0.000334702172775463","0.000329179144115753","6.85833273635788e-05"
"('ES', 'Processing of meat pigs')","0.000334562627144277","0.000190148892090716","0.000228787481641694"
"('BR', 'Post and telecommunications (64)')","0.000333327005694168","0.000230957414530722","0.00032571637555722"
"('AT', 'Manufacture of wood and of products of wood and cork, except furniture; manufacture of articles of straw and plaiting materials (20)')","0.000332921229961108","0.000184656944133621","0.000321955664493746"
"('RU', 'Manufacture of fabricated metal products, except machinery and equipment (28)')","0.000332093139614203","0.000208892381639427","0.000315474093225783"
"('ES', 'Computer and related activities (72)')","0.000331682096300173","0.000262219226099346","0.000330804744792374"
"('ES', 'Manufacture of cement, lime and plaster')","0.000331502091514042","0.000269748977187702","0.000190625523303712"
"('WF', 'Manufacture of furniture; manufacturing n.e.c. (36)')","0.000331418937940587","0.000110492553348091","0.000331418504408906"
"('BE', 'Activities auxiliary to financial intermediation (67)')","0.000331241419092392","0.000190100951893161","0.000330415925845545"
"('BE', 'Manufacture of rubber and plastic products (25)')","0.000331038685529588","0.000159538053237049","0.000327672578228215"
"('MX', 'Plastics, basic')","0.000331033215002599","0.000197097964110145","0.000308434522475193"
"('NL', 'Manufacture of rubber and plastic products (25)')","0.000330983649689527","0.000172041706921336","0.000327898208084403"
"('WL', 'Manufacture of other transport equipment (35)')","0.000330867795084856","0.000187278454519157","0.000315407442785744"
"('WL', 'Wool, silk-worm cocoons')","0.000329792380340095","0.000321152052020099","1.4078268752755e-05"
"('AT', 'Real estate activities (70)')","0.000328194167092501","0.000244433144451979","0.000328194167092501"
"('RO', 'Manufacture of gas; distribution of gaseous fuels through mains')","0.000327910346616759","0.000268990979154293","0.000284482246691072"
"('KR', 'Sugar refining')","0.000327898942284033","0.000318482958400783","5.90594063711082e-05"
"('IN', 'Production of electricity by wind')","0.000327811727126755","0.000326363188848389","1.87835068180611e-05"
"('IN', 'Processing of dairy products')","0.000327475482679477","0.000261091063625658","0.000156915102176322"
"('WM', 'Manufacture of radio, television and communication equipment and apparatus (32)')","0.000327266264412248","0.000211970752887341","0.000326127304330695"
"('RU', 'Forestry, logging and related service activities (02)')","0.000326729519759438","0.000272220858596566","0.000134044460440907"
"('WL', 'Manufacture of wood and of products of wood and cork, except furniture; manufacture of articles of straw and plaiting materials (20)')","0.00032634243753666","0.000275663108900927","0.000298933322388162"
"('MX', 'Cultivation of vegetables, fruit, nuts')","0.000326146202110333","0.000190140949056944","0.00027940939638117"
"('TW', 'Manufacture of radio, television and communication equipment and apparatus (32)')","0.000325875562990547","0.000158382172706219","0.000325716376219352"
"('WF', 'Transport via railways')","0.000325846674970597","0.000239877490394435","0.000196806443800227"
"('WM', 'Air transport (62)')","0.000325690257981121","0.000173016495458557","0.00030913290155492"
"('WL', 'Manufacture of bricks, tiles and construction products, in baked clay')","0.000325591501973734","0.000307305855635449","5.72180922209542e-05"
"('IT', 'Manufacture of other transport equipment (35)')","0.000325486289779842","0.000162379533419064","0.00031625251023645"
"('LU', 'Transport via pipelines')","0.000325443977669607","0.000320544219884963","1.15172893915047e-05"
"('FI', 'Manufacture of machinery and equipment n.e.c. (29)')","0.000323526025808549","0.000166503735038336","0.000295792786342547"
"('NL', 'Inland water transport')","0.000323000338563833","0.000290923164385743","6.15370503061588e-05"
"('WL', 'Sea and coastal water transport')","0.00032261493446217","0.000204968971242155","0.000283448765417635"
"('FI', 'Wholesale trade and commission trade, except of motor vehicles and motorcycles (51)')","0.000321808888742958","0.000156398188504647","0.000321685252237899"
"('WM', 'Other service activities (93)')","0.000321497396837763","6.06355636597715e-05","0.000321336815586902"
"('ZA', 'Construction (45)')","0.000321069852103769","3.07439418835736e-05","0.000321069852103713"
"('NL', 'Production of electricity by gas')","0.000320925697379098","0.000307887457123246","4.55866701351362e-05"
"('WL', 'Education (80)')","0.000320634008382662","4.18089465263416e-05","0.000320594734293971"
"('IN', 'Public administration and defence; compulsory social security (75)')","0.000319813850630158","3.43136415570084e-05","0.000319270437336009"
"('BR', 'Cultivation of plant-based fibers')","0.000319671011624332","0.000300475293713132","6.89502157802171e-05"
"('MX', 'Manufacture of wearing apparel; dressing and dyeing of fur (18)')","0.000319063502576634","3.72607253188144e-05","0.000319063502576406"
"('CZ', 'Incineration of waste: Paper')","0.000318399193841348","0.000308635510875477","3.96923190839901e-05"
"('HU', 'Wholesale trade and commission trade, except of motor vehicles and motorcycles (51)')","0.000318378336228749","0.000136386291425986","0.000318345368652447"
"('WL', 'Cultivation of wheat')","0.000318256044401817","0.000280069988426763","0.000112144643101193"
"('BE', 'Real estate activities (70)')","0.000317762366728929","0.000200136566415498","0.000317760767699016"
"('WL', 'Mining of coal and lignite; extraction of peat (10)')","0.000316922347840426","0.000288984735772377","0.000179236902454807"
"('WL', 'Transport via railways')","0.000315100057799892","0.000198247579643564","0.000217644041797751"
"('BE', 'Manufacture of machinery and equipment n.e.c. (29)')","0.000314852672418538","0.000199726839550176","0.000281237949092938"
"('RU', 'Cultivation of wheat')","0.000314754767665645","0.000265221174490957","0.000179916479930316"
"('BR', 'Research and development (73)')","0.000314558861494032","2.82242985407916e-05","0.000314551245718082"
"('SE', 'Renting of machinery and equipment without operator and of personal and household goods (71)')","0.000314352959506271","0.00026157625146399","0.000191197338911966"
"('WF', 'Other service activities (93)')","0.000313732451097914","3.83646998422142e-05","0.000313732451097914"
"('WA', 'Manufacture of tobacco products (16)')","0.000313552935697403","0.000299393716782618","2.57112915469108e-05"
"('CA', 'Re-processing of secondary steel into new steel')","0.000313438329778107","0.00014822046165023","0.00029981727577844"
"('MX', 'Manufacture of radio, television and communication equipment and apparatus (32)')","0.000313109105263912","0.000131539372838219","0.000312975795568619"
"('BR', 'Supporting and auxiliary transport activities; activities of travel agencies (63)')","0.000313083176860729","0.000171892860805313","0.000312249893741649"
"('BR', 'Manufacture of fabricated metal products, except machinery and equipment (28)')","0.000312936621670542","0.000192022270923379","0.000306163749403526"
"('AU', 'Production of electricity by gas')","0.000312708638693668","0.00028223642726398","7.25143771831307e-05"
"('ES', 'Incineration of waste: Textiles')","0.00031214630096601","0.000309772618381671","1.4138874717372e-05"
"('WF', 'Production of electricity by Geothermal')","0.000311999135450573","0.000311801223262343","4.34053670190271e-06"
"('DK', 'Construction (45)')","0.000311936554921735","2.14178926843234e-05","0.00031193654993359"
"('JP', 'Processing vegetable oils and fats')","0.000309990848320442","0.000253810603757499","0.000118279919204877"
"('TR', 'Publishing, printing and reproduction of recorded media (22)')","0.000309948481874397","5.54452572433891e-05","0.000309948481874397"
"('KR', 'Sale, maintenance, repair of motor vehicles, motor vehicles parts, motorcycles, motor cycles parts and accessoiries')","0.000309169580833231","7.78496435685772e-05","0.000307361686636188"
"('ID', 'Manufacture of wearing apparel; dressing and dyeing of fur (18)')","0.000309060877065239","5.89459247809797e-05","0.000309020649332782"
"('BE', 'Financial intermediation, except insurance and pension funding (65)')","0.000308739373772059","0.000235075693769933","0.000303422230071058"
"('IT', 'Transport via railways')","0.000308728690164471","0.000261089335610082","0.000153093092306483"
"('JP', 'Manufacture of ceramic goods')","0.000307671517868168","0.000213882468261015","0.000232287135858999"
"('WM', 'Manufacture of fish products')","0.000306710220756661","0.00014929993831133","0.000253744920105074"
"('RO', 'Wholesale trade and commission trade, except of motor vehicles and motorcycles (51)')","0.000305712243273519","0.000227340535436901","0.000305443987632205"
"('ID', 'Air transport (62)')","0.000304902137039524","0.000119041819532717","0.00030476878695972"
"('IT', 'Pulp')","0.000304707291220899","0.000217634720579038","0.000206953994354009"
"('MX', 'Manufacture of textiles (17)')","0.000304661177342578","0.000138744634315214","0.000304358394696299"
"('FR', 'Mining of chemical and fertilizer minerals, production of salt, other mining and quarrying n.e.c.')","0.00030436784662599","0.000274840903186591","5.22952419186613e-05"
"('WF', 'Sale, maintenance, repair of motor vehicles, motor vehicles parts, motorcycles, motor cycles parts and accessoiries')","0.000304348238600994","0.000144163210418862","0.000301922211261327"
"('CZ', 'Incineration of waste: Food')","0.000304051305912174","0.000294477658472786","3.46562259027367e-05"
"('WM', 'Cultivation of cereal grains nec')","0.000303763574553691","0.000256106373968529","0.000195551170930292"
"('WE', 'Wholesale trade and commission trade, except of motor vehicles and motorcycles (51)')","0.000303090433794193","0.000159783183987147","0.000303014730563517"
"('IE', 'Retail trade, except of motor vehicles and motorcycles; repair of personal and household goods (52)')","0.000302919311300595","0.000154896663513279","0.000302897677145136"
"('CA', 'Forestry, logging and related service activities (02)')","0.000302043837170411","0.000248534058316154","0.000225071065929093"
"('BG', 'Other land transport')","0.000301709334883131","0.000189483502091673","0.000199150406671815"
"('DE', 'Manufacture of wearing apparel; dressing and dyeing of fur (18)')","0.00030091940826975","5.75023205370137e-05","0.00030014318014184"
"('ID', 'Insurance and pension funding, except compulsory social security (66)')","0.000300901646306164","0.000212145769208817","0.000294713646888663"
"('FR', 'Sale, maintenance, repair of motor vehicles, motor vehicles parts, motorcycles, motor cycles parts and accessoiries')","0.00030013989734527","0.000123675262562829","0.000297486181906583"
"('FR', 'Manufacture of textiles (17)')","0.000300064003341817","0.000180046827227116","0.000299134729116465"
"('GB', 'Manufacture of beverages')","0.000299295201359593","0.000169967162889057","0.000227404338225023"
"('CH', 'Other business activities (74)')","0.000299087299477265","0.000214427743763101","0.000299082830317826"
"('ID', 'Publishing, printing and reproduction of recorded media (22)')","0.000298910796039674","0.000148304978320938","0.000298905227351292"
"('WE', 'N-fertiliser')","0.000298859207734381","0.000291661021566302","1.40422349136621e-05"
"('AT', 'Hotels and restaurants (55)')","0.000298392957883424","0.000168304992659958","0.000295194990286011"
"('PL', 'Processing of dairy products')","0.000298188932675717","0.000107861531293573","0.000274712731247789"
"('RU', 'Other non-ferrous metal production')","0.000298163460929471","0.000259866467326666","0.000140934380388059"
"('DK', 'Other business activities (74)')","0.000298099363441517","0.000264669222744545","0.000298052557783581"
"('US', 'Manufacture of wearing apparel; dressing and dyeing of fur (18)')","0.000297249029687558","7.09865923962124e-05","0.000297204533336128"
"('WM', 'Manufacture of wood and of products of wood and cork, except furniture; manufacture of articles of straw and plaiting materials (20)')","0.000296725541821074","0.00020023306604515","0.000288343515618602"
"('SK', 'Manufacture of office machinery and computers (30)')","0.000296391216381354","8.96565130010922e-05","0.000296375310449048"
"('RU', 'Manufacture of rubber and plastic products (25)')","0.000295213367036694","0.000167654286694201","0.000287861942777741"
"('ID', 'Processing of Food products nec')","0.000295051164067268","0.000148522338168049","0.000275967580741497"
"('SE', 'Manufacture of wood and of products of wood and cork, except furniture; manufacture of articles of straw and plaiting materials (20)')","0.000294942456435159","0.000154085138617651","0.000288390380354768"
"('AT', 'Supporting and auxiliary transport activities; activities of travel agencies (63)')","0.00029457546087303","0.000192937187140123","0.000294415660388743"
"('AT', 'Manufacture of gas; distribution of gaseous fuels through mains')","0.000292974605522132","0.000164229459324113","0.000252428262245337"
"('TR', 'Health and social work (85)')","0.000292700302051324","0.000146175471975708","0.000292700302050476"
"('NL', 'Extraction of natural gas and services related to natural gas extraction, excluding surveying')","0.000292327807025379","0.000231758732729304","0.000214434463822135"
"('ES', 'Air transport (62)')","0.000292275828414774","0.000127987121317606","0.00028883701974828"
"('JP', 'P- and other fertiliser')","0.000292236224147912","0.000195081501540387","0.000198830809835221"
"('IE', 'Post and telecommunications (64)')","0.000292229631230917","0.000182582273446067","0.00028407047638189"
"('ID', 'Production of electricity by coal')","0.000291983515030699","0.000213984231824413","0.000164457182201329"
"('CA', 'Processing of meat cattle')","0.000291794241132764","0.00014951144835024","0.00022201592129202"
"('CA', 'Transport via railways')","0.000291586448728777","0.00026159972358056","0.00016473855163036"
"('AU', 'Cultivation of plant-based fibers')","0.000291354987517559","0.000267587845126956","0.00011667559926655"
"('BE', 'Biogasification of sewage slugde, incl. land application')","0.000291270498983458","0.000288154510864676","1.50495482704054e-05"
"('ES', 'Production of electricity by nuclear')","0.000290869948373618","0.00028407961267006","4.45762228051343e-05"
"('CA', 'Supporting and auxiliary transport activities; activities of travel agencies (63)')","0.000290758369947542","0.000179541174740364","0.000288309091883382"
"('NL', 'Insurance and pension funding, except compulsory social security (66)')","0.000290085313461018","8.18109772401098e-05","0.000287292201164281"
"('PT', 'Wholesale trade and commission trade, except of motor vehicles and motorcycles (51)')","0.000289969154396803","0.000174602896379793","0.000289900769236812"
"('IT', 'Post and telecommunications (64)')","0.000289791485070885","0.000249944977149004","0.000269589288252643"
"('WL', 'Manufacture of office machinery and computers (30)')","0.000289386708394496","9.10441535097069e-05","0.000289386708085629"
"('CH', 'Air transport (62)')","0.000289025188993608","9.22802422116187e-05","0.000287585701268858"
"('ID', 'Sea and coastal water transport')","0.000288779556573082","0.000184860151745256","0.000269711385700382"
"('CA', 'Computer and related activities (72)')","0.00028875302879785","0.000123866374130227","0.000287969220011831"
"('CA', 'Manufacture of gas; distribution of gaseous fuels through mains')","0.00028819018747413","0.000229681924213177","0.000184748701626727"
"('IT', 'Cultivation of vegetables, fruit, nuts')","0.000287792408890291","0.00013557855873684","0.000267163320962999"
"('WF', 'Meat animals nec')","0.000287664402146591","0.000258972271582496","8.94521835085698e-05"
"('FR', 'Manufacture of furniture; manufacturing n.e.c. (36)')","0.000287294184531977","9.89250627607688e-05","0.000287264676760377"
"('FR', 'Sugar refining')","0.000287198094371734","0.000269944960565096","3.65424303616804e-05"
"('DE', 'Processing of meat pigs')","0.000287160398508076","0.000191369663724603","0.000153113095176487"
"('WL', 'Precious metals production')","0.000286642060634852","0.000243554073943572","0.000124541898953818"
"('SE', 'Paper')","0.000286557802603579","0.00016713602531832","0.000278433926594518"
"('WM', 'Meat animals nec')","0.000286385314830648","0.000188867486633724","0.000142814258885627"
"('MX', 'Production of electricity by petroleum and other oil derivatives')","0.000286048235149782","0.000279766051061087","4.14564832090355e-05"
"('SE', 'Manufacture of fabricated metal products, except machinery and equipment (28)')","0.000285659283195607","0.000185162141310713","0.000283463464693985"
"('GB', 'Manufacture of furniture; manufacturing n.e.c. (36)')","0.000284129851435536","0.000161167019828057","0.00028411605213379"
"('GB', 'Lead, zinc and tin production')","0.000284123198349435","0.000262958214881044","4.61586698587966e-05"
"('DE', 'Manufacture of fish products')","0.00028297446621337","0.000215132922189762","0.000121404986983856"
"('WM', 'Activities auxiliary to financial intermediation (67)')","0.000282475198008578","0.000191645488660404","0.000277475596541678"
"('SE', 'Production of electricity by nuclear')","0.000281823978208879","0.000276136718966502","3.20390552844224e-05"
"('CA', 'Transport via pipelines')","0.000280341695141835","0.000272257889144905","3.58762029041969e-05"
"('CH', 'Manufacture of rubber and plastic products (25)')","0.000279338874463095","0.00013063921022751","0.000278186277975729"
"('DE', 'Other service activities (93)')","0.000279320280254179","0.000127452402107153","0.000277265435616283"
"('IN', 'Health and social work (85)')","0.000278622423032822","0.000147497785335207","0.000278621660640952"
"('IN', 'Plastics, basic')","0.000278469805883873","0.00022615754851718","0.00022510665712473"
"('FR', 'Cultivation of vegetables, fruit, nuts')","0.000278326892070681","0.00020443706433862","0.000241446731829851"
"('TR', 'Post and telecommunications (64)')","0.000277901837978919","0.000154755762406833","0.000277858811904276"
"('WM', 'Cultivation of wheat')","0.000277723806553466","0.000210715396205847","0.000212088420302253"
"('CZ', 'P- and other fertiliser')","0.000277610166754974","0.00022470211512277","0.000126314716837438"
"('TR', 'Manufacture of basic iron and steel and of ferro-alloys and first products thereof')","0.000277584867448378","0.000114570920992822","0.000276382504592067"
"('CA', 'Recreational, cultural and sporting activities (92)')","0.000277315506302593","0.000191937987143189","0.000267627260824268"
"('IN', 'Activities auxiliary to financial intermediation (67)')","0.000277142373544648","0.00027370145415026","0.000255287405416236"
"('KR', 'Production of electricity by coal')","0.000277113141302912","0.00021388445695195","0.00011110368864729"
"('WL', 'Activities auxiliary to financial intermediation (67)')","0.000276793890589259","0.000197768544614165","0.000266497286548813"
"('FR', 'Transmission of electricity')","0.000275760293489597","0.000229314718239212","9.16350125124486e-05"
"('WF', 'Manufacture of fabricated metal products, except machinery and equipment (28)')","0.000275393017394235","0.000144019252579219","0.000272310356122859"
"('IT', 'Biogasification of paper, incl. land application')","0.000274887543718382","0.000274767887769459","1.02333061691727e-06"
"('KR', 'Quarrying of sand and clay')","0.000274017809313241","0.000229559426531772","8.34520637170021e-05"
"('AU', 'Manufacture of rubber and plastic products (25)')","0.000273900741826833","0.000147912781567581","0.000270495683237671"
"('BR', 'Sea and coastal water transport')","0.000273423318198306","0.000204340474333344","0.000250639912089324"
"('CH', 'Petroleum Refinery')","0.000273103371133553","7.5274292058023e-05","0.000272578581226784"
"('BE', 'Sale, maintenance, repair of motor vehicles, motor vehicles parts, motorcycles, motor cycles parts and accessoiries')","0.000273102131323611","9.43508683062228e-05","0.000270278485055433"
"('AT', 'Production of electricity by hydro')","0.000272944998735117","0.000264188415829887","4.85845620013362e-05"
"('WL', 'Processing of meat pigs')","0.000272351310402887","0.00019684575918971","0.000138378197114514"
"('WL', 'Manufacture of cement, lime and plaster')","0.000272241157343738","0.000204095370702811","0.000216153579316472"
"('WF', 'Research and development (73)')","0.000271942619665142","0.000107369938044429","0.000271930453951334"
"('TW', 'Sea and coastal water transport')","0.000271775929744296","0.000130049872104962","0.000256999371918983"
"('PL', 'Paper')","0.000271620842680261","0.000127977860816095","0.000266510785295388"
"('NO', 'Wholesale trade and commission trade, except of motor vehicles and motorcycles (51)')","0.000271443315525357","0.000174638701210919","0.000270130689458036"
"('AU', 'Recreational, cultural and sporting activities (92)')","0.000270133308942437","0.000134565080366369","0.000267275429421945"
"('ID', 'Health and social work (85)')","0.000270018015587769","5.2869880030507e-05","0.000270018015587769"
"('SE', 'Quarrying of sand and clay')","0.000269514069820606","0.000261441565180576","2.9410019294569e-05"
"('BE', 'Retail trade, except of motor vehicles and motorcycles; repair of personal and household goods (52)')","0.000269391689300501","7.56779867993288e-05","0.000269391636156327"
"('RU', 'Computer and related activities (72)')","0.000269362163009531","0.000194579100581998","0.00026903837008112"
"('TW', 'Mining of chemical and fertilizer minerals, production of salt, other mining and quarrying n.e.c.')","0.000269272127050657","0.000257573156095523","4.982231537321e-05"
"('TW', 'Manufacture of wood and of products of wood and cork, except furniture; manufacture of articles of straw and plaiting materials (20)')","0.00026876175184571","0.000185500948185248","0.000264161617176975"
"('PL', 'Manufacture of basic iron and steel and of ferro-alloys and first products thereof')","0.00026818201164","0.000139963563317148","0.0002650312214583"
"('WF', 'Re-processing of secondary steel into new steel')","0.000267927719472826","0.000231720135547051","0.000254067719973875"
"('BE', 'Research and development (73)')","0.000267347859067318","9.79522310454367e-05","0.000267206179211052"
"('IT', 'Manufacture of wood and of products of wood and cork, except furniture; manufacture of articles of straw and plaiting materials (20)')","0.000267134058936792","0.000109974178878125","0.000262399951898383"
"('GB', 'Paper')","0.000266755473479725","0.000118130184989291","0.000260302267374848"
"('CH', 'Supporting and auxiliary transport activities; activities of travel agencies (63)')","0.000265132969973149","0.000139708552864799","0.000264916694868261"
"('ID', 'Other service activities (93)')","0.000264858630396488","0.000115777291778056","0.000264858630396488"
"('CZ', 'Incineration of waste: Metals and Inert materials')","0.000264791389165357","0.000253917050074485","4.15964808482402e-05"
"('ZA', 'Financial intermediation, except insurance and pension funding (65)')","0.000264761836306744","0.00018300433450654","0.00026356930679363"
"('WM', 'Processing of meat cattle')","0.000264570883044514","6.15310845760022e-05","0.000243450864982316"
"('KR', 'Cultivation of vegetables, fruit, nuts')","0.000264546857872835","0.000168436218357888","0.000228851687721701"
"('MX', 'Manufacture of glass and glass products')","0.000264333531889678","0.000181677776009448","0.000224816502892461"
"('HU', 'Construction (45)')","0.000263889593947269","7.87787840659855e-05","0.000263865924620309"
"('DE', 'Production of electricity by petroleum and other oil derivatives')","0.000263696532878708","0.000262966033841687","5.5268099416854e-06"
"('SE', 'Hotels and restaurants (55)')","0.000263639104001962","9.969739602864e-05","0.000262247763137935"
"('AT', 'Other business activities (74)')","0.000263179456089374","0.000193177768498367","0.000263127034698824"
"('NL', 'Sale, maintenance, repair of motor vehicles, motor vehicles parts, motorcycles, motor cycles parts and accessoiries')","0.000263037607812848","0.000158286639600867","0.000256592191740076"
"('DE', 'Retail sale of automotive fuel')","0.000262527089173261","0.00022322091172925","0.000109068590639481"
"('RU', 'Processing of dairy products')","0.000262408155972526","8.16708511093203e-05","0.000246750299408628"
"('RU', 'Health and social work (85)')","0.000261982343689584","5.19666534306908e-05","0.000261982343689568"
"('WL', 'Manufacture of radio, television and communication equipment and apparatus (32)')","0.000261844804077612","0.000202439726279967","0.000260763465821775"
"('AU', 'Cultivation of wheat')","0.00026176936701259","0.000220281850836057","0.000121670985670631"
"('IN', 'Air transport (62)')","0.000261507179282389","0.000109491847809201","0.000248429962888187"
"('RU', 'Manufacture of textiles (17)')","0.000261468535391154","0.000126236991193603","0.000261367054708551"
"('SE', 'Production of electricity by hydro')","0.000260407504767595","0.00025436283061184","4.66772778807354e-05"
"('TR', 'Supporting and auxiliary transport activities; activities of travel agencies (63)')","0.000260307194577147","0.000173601950854346","0.000259419566448719"
"('IN', 'Sale, maintenance, repair of motor vehicles, motor vehicles parts, motorcycles, motor cycles parts and accessoiries')","0.00025910832669376","0.000247380294911169","0.000217838198797117"
"('AU', 'Precious metals production')","0.000258842665724142","0.000158352814329689","0.00016552057185942"
"('WL', 'Meat animals nec')","0.000258686594289904","0.0002433611474184","3.98072902458876e-05"
"('JP', 'Cultivation of vegetables, fruit, nuts')","0.000258554693657969","0.000154847517066501","0.000237983086538229"
"('WF', 'Manufacture of motor vehicles, trailers and semi-trailers (34)')","0.000258172446153634","0.000134792482823658","0.000257672509474668"
"('DK', 'Computer and related activities (72)')","0.000258127640174208","0.000162087104702289","0.000258087046837454"
"('GB', 'Pulp')","0.000258108105686876","0.000189834264941368","0.000158836096214138"
"('TR', 'Air transport (62)')","0.000258107850848347","7.66725598743023e-05","0.000257848893354472"
"('BE', 'Sea and coastal water transport')","0.000258010355816558","0.000159939179181146","0.000218066586319234"
"('GB', 'Processing of dairy products')","0.000257820056541805","0.000117094077279196","0.000228326142897786"
"('ID', 'Pulp')","0.000257818097457216","0.000212610926873172","0.000112938982427234"
"('ZA', 'Retail trade, except of motor vehicles and motorcycles; repair of personal and household goods (52)')","0.000257474177649731","0.000144618740249784","0.000257474067212652"
"('SK', 'Manufacture of machinery and equipment n.e.c. (29)')","0.000257328347940356","8.24140928324579e-05","0.000256019883367512"
"('AT', 'Education (80)')","0.00025725512944309","2.67346669636183e-05","0.000257255129443065"
"('PL', 'Financial intermediation, except insurance and pension funding (65)')","0.000257099879267619","0.000163547334352442","0.000255494810433815"
"('RU', 'Air transport (62)')","0.000256754297995737","8.85402377149601e-05","0.000252555277646454"
"('BR', 'Sugar refining')","0.000256722766695936","0.000228107792929963","5.38147112895333e-05"
"('PT', 'Other business activities (74)')","0.000256498724036576","0.000223340359571371","0.000256347698380853"
"('BR', 'Manufacture of beverages')","0.000256445652037944","0.000118774925937472","0.000241682905060078"
"('AU', 'Cultivation of vegetables, fruit, nuts')","0.000256386456702586","0.000171473770686998","0.000232149068428454"
"('WA', 'Retail sale of automotive fuel')","0.000255900225216195","0.000226311075003817","6.98714337204272e-05"
"('WM', 'Processing vegetable oils and fats')","0.000255626136961231","0.000229047566281416","8.70997197746516e-05"
"('TR', 'Sea and coastal water transport')","0.000255588023607491","0.000200178521136371","0.000158852540731174"
"('CA', 'Animal products nec')","0.000255355291586687","0.000249420029231425","1.71225084099604e-05"
"('DE', 'Other non-ferrous metal production')","0.000255260488855014","0.000204878234658908","0.000106763214272883"
"('ES', 'Cultivation of vegetables, fruit, nuts')","0.000254547507613625","0.00018896111469455","0.00022398660701103"
"('IN', 'Real estate activities (70)')","0.000254495782959446","8.86465915121839e-05","0.000254479079950819"
"('IE', 'Petroleum Refinery')","0.000254490340888792","8.97474799886079e-05","0.000252734621775312"
"('ZA', 'Education (80)')","0.000254036988865032","6.76801963604882e-06","0.000254036988865032"
"('SE', 'Public administration and defence; compulsory social security (75)')","0.000253619610612569","9.31432170517483e-05","0.000241176350891942"
"('LU', 'Wholesale trade and commission trade, except of motor vehicles and motorcycles (51)')","0.000252870722148288","0.000141213894893606","0.000252475043287511"
"('KR', 'Recreational, cultural and sporting activities (92)')","0.000252551499626554","0.000113743897875679","0.000250970526173946"
"('ZA', 'Health and social work (85)')","0.000252315765711952","3.94054320154824e-05","0.000252315765711951"
"('CH', 'Sale, maintenance, repair of motor vehicles, motor vehicles parts, motorcycles, motor cycles parts and accessoiries')","0.000252225659693062","0.000105081736567487","0.000249830996247143"
"('CZ', 'Landfill of waste: Plastic')","0.000252219984204048","0.000249140819978344","1.31555851727977e-05"
"('IT', 'Extraction of crude petroleum and services related to crude oil extraction, excluding surveying')","0.000251422199731739","0.000185846338167727","0.00024652569116047"
"('ZA', 'Other business activities (74)')","0.000251229064641309","0.000185779385418933","0.000251229003959622"
"('WF', 'Manufacture of rubber and plastic products (25)')","0.000251129558030156","0.000154741042103132","0.000244755598814908"
"('PL', 'Mining of coal and lignite; extraction of peat (10)')","0.000250413420057904","0.000157668924496276","0.000230145143705947"
"('FR', 'Processing of meat cattle')","0.000249618990085491","8.90452680265907e-05","0.000208583557962655"
"('ES', 'Production of electricity by gas')","0.000248829634011466","0.000222063621706292","8.08894350422237e-05"
"('ES', 'Paper')","0.000248793537823417","0.000137811643464172","0.00024415120563209"
"('AT', 'Petroleum Refinery')","0.000248679334523444","9.65837176406669e-05","0.000247835212406764"
"('FI', 'Other business activities (74)')","0.000248636202608659","0.000213463788562394","0.000248602609100427"
"('WL', 'Manufacture of medical, precision and optical instruments, watches and clocks (33)')","0.000248554449172766","0.000146988850390655","0.000245306025432999"
"('WE', 'Manufacture of wearing apparel; dressing and dyeing of fur (18)')","0.00024846585298997","4.84847277339416e-05","0.000248120901316833"
"('KR', 'Activities auxiliary to financial intermediation (67)')","0.000248299373472895","0.000182169934854304","0.000239960384239133"
"('JP', 'Cattle farming')","0.00024819290521281","0.000194882956891591","0.000198996032933665"
"('CA', 'Processing of meat pigs')","0.000247991139606554","0.000153250150958993","0.000166551451597538"
"('WE', 'Other land transport')","0.000247869447294983","0.000144455698655599","0.000243249433765925"
"('WM', 'Manufacture of other transport equipment (35)')","0.000247337560908741","0.000152345014802309","0.000235508629272729"
"('WM', 'Manufacture of ceramic goods')","0.000247007602307167","0.000203661221913348","0.000162319329142959"
"('RU', 'Cattle farming')","0.00024669832413585","0.000233198607349057","9.60909509689955e-05"
"('NL', 'Raw milk')","0.000246547295877607","0.000180364495008416","0.000210709583787182"
"('ES', 'Manufacture of other transport equipment (35)')","0.000246377166101223","9.31807595640088e-05","0.000246109557435578"
"('DE', 'Mining of coal and lignite; extraction of peat (10)')","0.000246239812807355","0.000173532621744029","0.00017091156240461"
"('TW', 'Sale, maintenance, repair of motor vehicles, motor vehicles parts, motorcycles, motor cycles parts and accessoiries')","0.000245954226914516","0.00017849674777465","0.000229953318891877"
"('NL', 'Air transport (62)')","0.000245228664940633","0.000129239081204915","0.000235905225730716"
"('WE', 'Manufacture of basic iron and steel and of ferro-alloys and first products thereof')","0.000245088698330126","0.000115816106938583","0.000244182941978972"
"('HR', 'Construction (45)')","0.000244682502032455","9.63832789474427e-05","0.000240856827558374"
"('CH', 'Other land transport')","0.0002443637662849","0.000158593769070207","0.00023422025023154"
"('JP', 'Distribution and trade of electricity')","0.000244131852577823","0.000229375905153668","9.45360732462435e-05"
"('NO', 'Real estate activities (70)')","0.000243583604029771","0.000159917511897961","0.000243583604029681"
"('CZ', 'Retail trade, except of motor vehicles and motorcycles; repair of personal and household goods (52)')","0.000243462028661276","0.000130720863384989","0.000243461947353093"
"('BE', 'Manufacture of textiles (17)')","0.000243018379285003","0.000109488553499856","0.000242981727292567"
"('CA', 'Cattle farming')","0.000242894586433823","0.000130586138598156","0.000227157986838626"
"('PL', 'Steam and hot water supply')","0.000242743473144479","0.000236869623121331","3.38162882748742e-05"
"('TR', 'Plastics, basic')","0.000242387329175076","8.12137027826799e-05","0.000238139895854691"
"('LU', 'Construction (45)')","0.00024237485789404","0.000125617131020776","0.00024237368441319"
"('PL', 'Computer and related activities (72)')","0.000242306711399291","0.000200346464788461","0.000242210018667458"
"('WF', 'Poultry farming')","0.000242287480805236","0.000223448336538679","0.000171482341639869"
"('IN', 'Tanning and dressing of leather; manufacture of luggage, handbags, saddlery, harness and footwear (19)')","0.000242162263734639","0.000183578911906651","0.000201005936304169"
"('NL', 'Processing of meat pigs')","0.000241474816845359","0.000178342046689869","0.000102871953247453"
"('WL', 'Fishing, operating of fish hatcheries and fish farms; service activities incidental to fishing (05)')","0.000241474274552918","0.000189314820251466","0.000183126011931224"
"('PL', 'Renting of machinery and equipment without operator and of personal and household goods (71)')","0.00024102261299402","0.000210534195260197","0.000172184293397808"
"('WF', 'Processing of Food products nec')","0.000240797164895947","0.000130154691699813","0.000234850707505258"
"('WF', 'Insurance and pension funding, except compulsory social security (66)')","0.000240594547829185","6.63007687361196e-05","0.000240274137435483"
"('CZ', 'Real estate activities (70)')","0.000240592995791845","0.000122231849367167","0.000240592995791758"
"('ES', 'Manufacture of wearing apparel; dressing and dyeing of fur (18)')","0.000240166192560885","7.62826243017799e-05","0.000239752527753266"
"('IT', 'Air transport (62)')","0.000240152183452467","7.3080597567768e-05","0.000239485156534863"
"('FI', 'Petroleum Refinery')","0.000240115195743564","0.000127412465922794","0.000232153397892892"
"('TR', 'Manufacture of wood and of products of wood and cork, except furniture; manufacture of articles of straw and plaiting materials (20)')","0.000239755380892667","9.33776295626894e-05","0.000237095145828167"
"('FR', 'Manufacture of office machinery and computers (30)')","0.000239718037357558","2.75575453828401e-05","0.000239717643979275"
"('AU', 'Manufacture of fabricated metal products, except machinery and equipment (28)')","0.000239268198152947","0.00012279468052432","0.000231350501619724"
"('GR', 'Wholesale trade and commission trade, except of motor vehicles and motorcycles (51)')","0.000238486155164393","0.000113564738111225","0.000237948277081497"
"('NL', 'Manufacture of other transport equipment (35)')","0.00023824005406101","0.000108390878926162","0.000235929220817967"
"('GB', 'Manufacture of basic iron and steel and of ferro-alloys and first products thereof')","0.000238039661743043","0.000143767570282092","0.000235139784804646"
"('RU', 'Manufacture of other transport equipment (35)')","0.000237843919729284","0.000157078368038021","0.000216806370427576"
"('FR', 'Casting of metals')","0.00023784376750343","0.000143323943347514","0.000203900146644276"
"('IT', 'Precious metals production')","0.000237630941562488","0.000166779856996247","0.000147418123977822"
"('IT', 'Aluminium production')","0.000237058223597897","0.000137690602784842","0.000220072574438891"
"('AU', 'Manufacture of motor vehicles, trailers and semi-trailers (34)')","0.000236089042372696","8.49195113092166e-05","0.000236068087601174"
"('GB', 'Manufacture of cement, lime and plaster')","0.000235872765035554","0.00016844775886751","0.000195389913578986"
"('PL', 'Real estate activities (70)')","0.000235539852059517","0.000112489649711432","0.000235539006350952"
"('ID', 'Manufacture of furniture; manufacturing n.e.c. (36)')","0.000234985612878427","5.78135493434693e-05","0.000234984140617192"
"('ES', 'Sale, maintenance, repair of motor vehicles, motor vehicles parts, motorcycles, motor cycles parts and accessoiries')","0.000234985574319211","9.25299167006615e-05","0.000231824972479866"
"('WF', 'Sea and coastal water transport')","0.000234184364318786","0.000197172752341997","0.000171334604629619"
"('CH', 'Health and social work (85)')","0.000234057691499506","0.000109994055187316","0.000234056759394804"
"('IE', 'Chemicals nec')","0.000233976667687296","0.000208417009530149","0.000228683268148719"
"('BR', 'Production of electricity by wind')","0.000233801136070221","0.000228524502956607","2.87886559552566e-05"
"('BR', 'Sale, maintenance, repair of motor vehicles, motor vehicles parts, motorcycles, motor cycles parts and accessoiries')","0.000233729973582754","0.000162870697532949","0.000224198926862842"
"('AU', 'Other non-ferrous metal production')","0.000233715475962625","0.000169147799364555","0.000126908226931116"
"('PL', 'Manufacture of office machinery and computers (30)')","0.000233164881869208","8.47173030887157e-05","0.000233115128064419"
"('RU', 'Manufacture of wood and of products of wood and cork, except furniture; manufacture of articles of straw and plaiting materials (20)')","0.000232919121042719","0.000175770638898603","0.00021131091849492"
"('MX', 'Real estate activities (70)')","0.000232744156105675","0.000188920368921071","0.000232744152639855"
"('WF', 'Publishing, printing and reproduction of recorded media (22)')","0.000232628561834059","0.000124996020446136","0.000232611841986513"
"('KR', 'Aluminium production')","0.000232578679281446","0.000154086811843051","0.00019211726394979"
"('DE', 'Activities of membership organisation n.e.c. (91)')","0.000232300027043393","0.000108897560499865","0.000225016296482692"
"('AT', 'Manufacture of rubber and plastic products (25)')","0.000232268454551046","0.000149260061821307","0.000229858700289739"
"('GR', 'Petroleum Refinery')","0.000232159511269549","9.33698032820374e-05","0.000229913803924102"
"('MT', 'Education (80)')","0.000231880119360687","0.000130294024584147","0.000231578572447284"
"('AT', 'Retail trade, except of motor vehicles and motorcycles; repair of personal and household goods (52)')","0.000231793730517279","9.22568137221266e-05","0.00023179357194649"
"('FR', 'Cattle farming')","0.000231711973647631","0.000137234857183707","0.000195448836182215"
"('NO', 'Petroleum Refinery')","0.000231116961107607","0.000101726160408506","0.000218548532501353"
"('ID', 'Cultivation of vegetables, fruit, nuts')","0.000230479722466617","0.000189758138688609","0.000216835183569115"
"('DE', 'Cultivation of vegetables, fruit, nuts')","0.000229938461043401","0.000130211620863765","0.000220668791116617"
"('BR', 'Manufacture of furniture; manufacturing n.e.c. (36)')","0.000229731213328822","7.10713148209773e-05","0.000229731207797776"
"('RU', 'Aluminium production')","0.000229601606695583","0.000184401121917323","0.000179450950131456"
"('WE', 'Poultry farming')","0.00022926504224778","0.000150144496895007","0.000214529744260481"
"('MX', 'Publishing, printing and reproduction of recorded media (22)')","0.000229081103284624","8.48368611915567e-05","0.000229079896364409"
"('FI', 'Manufacture of fabricated metal products, except machinery and equipment (28)')","0.000228772616901995","0.000131704456086512","0.000228232927774376"
"('IT', 'Recreational, cultural and sporting activities (92)')","0.000228458531585288","0.000156929857279719","0.000226043033834846"
"('PL', 'Transport via railways')","0.000228179396214433","0.000208645360336821","0.000139050692149259"
"('BE', 'Incineration of waste: Textiles')","0.000227953052162338","0.000227113247914626","5.13659715427173e-06"
"('WA', 'Activities of membership organisation n.e.c. (91)')","0.000227487481290208","9.7428702502657e-05","0.00020770306604503"
"('ID', 'Manufacture of motor vehicles, trailers and semi-trailers (34)')","0.000227226396333649","0.00014297213188949","0.000227225628750795"
"('FR', 'Manufacture of fish products')","0.000227014889565618","0.000114489272171824","0.000192797850177465"
"('CA', 'Production of electricity by wind')","0.000226808755532652","0.000225418730371457","1.19782400366465e-05"
"('CA', 'Manufacture of basic iron and steel and of ferro-alloys and first products thereof')","0.00022653127295874","0.000132367101077449","0.000221597780178642"
"('CA', 'Other non-ferrous metal production')","0.000226255162389895","0.00018966763894936","0.000107200527166106"
"('MX', 'Copper production')","0.000226204952816137","0.000158168719303528","0.000181274171377326"
"('ES', 'Insurance and pension funding, except compulsory social security (66)')","0.0002261955245332","0.000110691753167195","0.000221016820876448"
"('BE', 'Production of electricity by nuclear')","0.000226165829768086","0.000218750878611953","3.08024355233836e-05"
"('RU', 'Paper')","0.000226083741052865","0.000143654732580981","0.000213813011696715"
"('ID', 'Sale, maintenance, repair of motor vehicles, motor vehicles parts, motorcycles, motor cycles parts and accessoiries')","0.000225765595480603","0.0001126901238234","0.00022258620531639"
"('BR', 'Computer and related activities (72)')","0.000225637575728903","0.000139756487224357","0.000225204496047722"
"('WE', 'Hotels and restaurants (55)')","0.000225271313948867","8.82421503181045e-05","0.000225173411980066"
"('MX', 'Poultry farming')","0.000225193678643978","0.000194607511296531","6.78066105703087e-05"
"('DE', 'Landfill of waste: Wood')","0.000225093705471399","0.000224426991577143","3.83274802588458e-06"
"('IN', 'Other service activities (93)')","0.000224980838613393","0.000108602805699939","0.000224311804025611"
"('LT', 'Construction (45)')","0.000224729216070394","4.50926889978456e-05","0.00022377484654324"
"('IT', 'Production of electricity nec')","0.000224154086726852","0.000224056346957381","1.18421291094686e-06"
"('PL', 'Manufacture of gas; distribution of gaseous fuels through mains')","0.000224035960045955","0.000189790334856987","0.00013788766253409"
"('CA', 'Distribution and trade of electricity')","0.00022395177684593","0.0002118260730761","9.42804343149123e-05"
"('WL', 'Plastics, basic')","0.000223755415614249","0.000127148161666134","0.000198967527877231"
"('FR', 'Meat animals nec')","0.000223562340596526","0.00022279966008422","1.24488986498381e-05"
"('MX', 'Manufacture of beverages')","0.000223236842454643","8.37096487103581e-05","0.000208017018403956"
"('PL', 'Hotels and restaurants (55)')","0.000222336891466658","0.000112867846613878","0.000221517155051441"
"('WF', 'N-fertiliser')","0.00022215178694197","0.000215980512258532","2.00351105088021e-05"
"('ES', 'Activities auxiliary to financial intermediation (67)')","0.000222115097652075","0.000179628066360875","0.000216711798372053"
"('AT', 'Processing of Food products nec')","0.000221517883880043","0.000125065561798355","0.000220518631128702"
"('CA', 'Publishing, printing and reproduction of recorded media (22)')","0.000221423844811426","0.000126446432601752","0.000221421827904093"
"('BR', 'Other service activities (93)')","0.000221369107754191","5.42309355797695e-05","0.000221369107754191"
"('LU', 'Computer and related activities (72)')","0.00022136817847226","8.53478109719714e-05","0.000221287459798475"
"('CZ', 'Incineration of waste: Textiles')","0.000220607472115668","0.000219053335305041","7.53184732786807e-06"
"('WE', 'Retail trade, except of motor vehicles and motorcycles; repair of personal and household goods (52)')","0.000219777962599952","9.77697944759361e-05","0.000219777962599714"
"('WF', 'Pigs farming')","0.00021971330550069","0.000214104995696196","0.000120736623853898"
"('TR', 'Manufacture of glass and glass products')","0.000219492050068195","0.000149699101489798","0.000154427275838671"
"('CH', 'Manufacture of wood and of products of wood and cork, except furniture; manufacture of articles of straw and plaiting materials (20)')","0.000219307536276116","0.000134123306286121","0.000216190723364284"
"('CH', 'Computer and related activities (72)')","0.000219298569469586","0.000127094550736631","0.000219169468659517"
"('BE', 'Incineration of waste: Wood')","0.000219235461645634","0.000217650303642324","8.98838427948084e-06"
"('RU', 'Production of electricity by coal')","0.000218872768992754","0.000207486322048279","6.96747327427862e-05"
"('ZA', 'Manufacture of motor vehicles, trailers and semi-trailers (34)')","0.00021858842237075","6.98470289318208e-05","0.000218588175158292"
"('CA', 'Manufacture of textiles (17)')","0.000218197202883738","0.000126263809793529","0.000218196305140384"
"('SK', 'Wholesale trade and commission trade, except of motor vehicles and motorcycles (51)')","0.000217703819817566","0.000117757039676113","0.000217674086634333"
"('IT', 'Publishing, printing and reproduction of recorded media (22)')","0.000217284784804845","0.000138908419400981","0.000217277534807876"
"('GB', 'Manufacture of textiles (17)')","0.000217228513251711","0.000102131412789674","0.00021713731802637"
"('WL', 'Manufacture of other non-metallic mineral products n.e.c.')","0.00021707393063021","0.000158013987922215","0.000173159556222167"
"('BE', 'Transport via pipelines')","0.000216528705299085","0.000199811550407354","4.36660051648905e-05"
"('WL', 'Manufacture of glass and glass products')","0.00021642838390352","0.000155463253648489","0.00018219812388409"
"('SE', 'Biogasification of sewage slugde, incl. land application')","0.000216252097515806","0.000210428190507217","1.9971950100863e-05"
"('FI', 'Supporting and auxiliary transport activities; activities of travel agencies (63)')","0.000215980247944445","0.000157180663662757","0.000215764010602255"
"('PT', 'Manufacture of motor vehicles, trailers and semi-trailers (34)')","0.000215968734877074","5.60843398993667e-05","0.000215968631733522"
"('ZA', 'Processing of Food products nec')","0.000215761831714387","6.69739645187168e-05","0.000215602582207872"
"('TR', 'Research and development (73)')","0.00021565286267414","0.000139680438198909","0.00021565286267414"
"('EE', 'Production of electricity by petroleum and other oil derivatives')","0.000215514498353376","0.000212470204070964","7.27508049101835e-06"
"('RO', 'Manufacture of motor vehicles, trailers and semi-trailers (34)')","0.000215211243606","0.000127088522895223","0.000215009528403711"
"('MX', 'Manufacture of electrical machinery and apparatus n.e.c. (31)')","0.000214976489343744","9.93767264644511e-05","0.000214769643446615"
"('BE', 'Processing of dairy products')","0.000214769658058524","0.000114364396266908","0.000195501924927007"
"('WL', 'Tanning and dressing of leather; manufacture of luggage, handbags, saddlery, harness and footwear (19)')","0.000214497464644304","8.93072874730114e-05","0.000212676041267698"
"('IT', 'Manufacture of basic iron and steel and of ferro-alloys and first products thereof')","0.000214318945420582","0.000117044055681876","0.000214164922930595"
"('FR', 'Steam and hot water supply')","0.000213755387739344","0.000186474421514702","5.23501098303909e-05"
"('DK', 'Processing of Food products nec')","0.000213608481887849","8.60100365294082e-05","0.000213212329467534"
"('WF', 'Manufacture of wearing apparel; dressing and dyeing of fur (18)')","0.000213366219696461","4.23180140383836e-05","0.000213205311324724"
"('AT', 'Plastics, basic')","0.000213354915819004","0.00013335181579066","0.000205313542022851"
"('BR', 'Manufacture of office machinery and computers (30)')","0.0002133204633885","1.98556311022109e-05","0.000213320463388349"
"('PL', 'Production of electricity by coal')","0.000213300462558951","0.000163402104903609","0.000116646865015873"
"('BE', 'Health and social work (85)')","0.000213176777808548","3.39162150149381e-05","0.000213176756359557"
"('ES', 'Post and telecommunications (64)')","0.000212213653322156","0.000178109544736066","0.0002037935959165"
"('CH', 'Manufacture of office machinery and computers (30)')","0.000212086247961591","4.26339199628546e-05","0.00021208546663767"
"('NO', 'Financial intermediation, except insurance and pension funding (65)')","0.000211906073988204","0.000142315386596212","0.000211614541216989"
"('AU', 'Production of electricity by solar photovoltaic')","0.000211755473795017","0.000210858758446993","1.01616530312567e-05"
"('HU', 'Manufacture of office machinery and computers (30)')","0.000211481456086617","0.000157447838927836","0.000211194530028033"
"('CA', 'Manufacture of wearing apparel; dressing and dyeing of fur (18)')","0.000211346565807022","2.99917811833137e-05","0.000211346565807019"
"('NO', 'Other business activities (74)')","0.000211280805337546","0.000182116118224396","0.000211230705357038"
"('IE', 'Processing of dairy products')","0.000211277485961281","0.000153285134486121","0.000145119498876414"
"('MX', 'Manufacture of wood and of products of wood and cork, except furniture; manufacture of articles of straw and plaiting materials (20)')","0.000211067132485849","0.0001083251421213","0.000209653118952523"
"('GB', 'Other service activities (93)')","0.000210934202113224","0.000125496775268464","0.000209744689142282"
"('IN', 'Insurance and pension funding, except compulsory social security (66)')","0.000210898409117502","0.000189651639635358","0.000138218696501141"
"('RO', 'Other business activities (74)')","0.00021080227827226","0.000154986631541121","0.000210801947147435"
"('BE', 'Insurance and pension funding, except compulsory social security (66)')","0.000210797986337461","7.15993564818202e-05","0.000208219471726412"
"('BR', 'Activities auxiliary to financial intermediation (67)')","0.000210686289642207","0.000179017017042979","0.000206679394791889"
"('RO', 'Other land transport')","0.00021057448651814","0.000104285328954337","0.000209686796132043"
"('IT', 'Copper production')","0.000210532000627816","0.000126020439065003","0.000178015480221805"
"('WA', 'Manufacture of beverages')","0.000210452862517639","0.000175057189947734","9.01280632335402e-05"
"('FI', 'Paper')","0.000210310314029305","0.00012924490772235","0.000206195489814619"
"('NO', 'Sea and coastal water transport')","0.000209826497020715","0.000131190881387152","0.000182894513041425"
"('US', 'Manufacture of electrical machinery and apparatus n.e.c. (31)')","0.000209802806752524","0.000137682632930419","0.000208772547105329"
"('WE', 'Processing of Food products nec')","0.000209551125860962","9.99464448225729e-05","0.00020895355679414"
"('PL', 'Manufacture of beverages')","0.000209468437169641","0.000122490812751027","0.00018247114566834"
"('AT', 'Copper production')","0.000209247637048908","0.000129729732442684","0.000166743470693231"
"('WF', 'Distribution and trade of electricity')","0.000209210482421754","0.000190337894929736","0.000109129494666647"
"('PL', 'Precious metals production')","0.000208986889655446","0.000182570009355908","7.64431909735899e-05"
"('HU', 'Other business activities (74)')","0.000208899178000991","0.000133770359254188","0.000208898585831184"
"('RU', 'Copper production')","0.00020844726015022","0.000191856422778377","0.000129835182654521"
"('FR', 'Re-processing of secondary steel into new steel')","0.000207692492672764","0.000106325397477353","0.000202524713224372"
"('NO', 'Incineration of waste: Metals and Inert materials')","0.000207272155481512","0.000173161582061058","7.44392383811318e-05"
"('NO', 'Retail trade, except of motor vehicles and motorcycles; repair of personal and household goods (52)')","0.000207101846898564","0.000129289527323704","0.000207101708006551"
"('ID', 'Paper')","0.000207060305768742","0.000149380887340279","0.000197766449629847"
"('RU', 'Education (80)')","0.000206986662265267","4.25551022899446e-05","0.000206986662265166"
"('IT', 'Research and development (73)')","0.000206815472678392","0.000117873663664456","0.000206781994800887"
"('FI', 'Public administration and defence; compulsory social security (75)')","0.000206487728765176","4.85512671872518e-05","0.000206449794728023"
"('WL', 'Manufacture of electrical machinery and apparatus n.e.c. (31)')","0.000205873175385829","0.0001580251615191","0.000205626803873566"
"('ZA', 'Post and telecommunications (64)')","0.000205431516657927","0.000135482175479426","0.000205408156946526"
"('FR', 'Cultivation of cereal grains nec')","0.000205385885313603","0.00016490032675361","0.000138113947636799"
"('NL', 'Pigs farming')","0.000205082742459402","0.00012102721977597","0.000198070273371381"
"('TR', 'Extraction of crude petroleum and services related to crude oil extraction, excluding surveying')","0.000204788618204102","0.0001445980147811","0.000198895189775607"
"('NO', 'Waste water treatment, other')","0.000204675209598109","0.000196969590065441","1.72534016993912e-05"
"('DK', 'Real estate activities (70)')","0.000204566612893368","9.91226090389744e-05","0.000204566612893367"
"('AT', 'Distribution and trade of electricity')","0.000204494606334616","0.000158372523292898","0.000158476606431266"
"('TW', 'Private households with employed persons (95)')","0.000204208744037536","0.000113826099059351","0.000204208744037536"
"('CZ', 'Composting of food waste, incl. land application')","0.000204190829255929","0.000195228017944201","3.94167136182806e-05"
"('NL', 'Manufacture of textiles (17)')","0.000203986912615251","9.18062705687301e-05","0.000203927164463086"
"('BR', 'Manufacture of other non-metallic mineral products n.e.c.')","0.000203812417633872","0.00015814963807349","0.000157719348820048"
"('TR', 'Production of electricity by Geothermal')","0.000203553460936181","0.000203199226453595","3.26939104971578e-06"
"('US', 'Manufacture of ceramic goods')","0.000203409092167603","0.000153708562711341","0.000138689161412945"
"('FR', 'Production of electricity by solar photovoltaic')","0.000203123566788514","0.000200220178496189","1.33805156965342e-05"
"('WF', 'Paper')","0.000203118429270716","0.000134916020369841","0.000198579544802931"
"('SE', 'Financial intermediation, except insurance and pension funding (65)')","0.000202240502504766","0.000158942859135635","0.000201523621767126"
"('LU', 'Other business activities (74)')","0.00020217792847976","0.000143459238937137","0.000202063436242661"
"('DE', 'Manufacture of coke oven products')","0.000202147134666541","0.000191681171305152","2.26538404909239e-05"
"('WL', 'Production of electricity by wind')","0.000202063832621358","0.000197341948673157","2.95799331567532e-05"
"('JP', 'Private households with employed persons (95)')","0.000201962304025266","0.00017186308536467","0.000201962304025266"
"('NL', 'Health and social work (85)')","0.000201524980681618","5.42493243112981e-05","0.000201524915955232"
"('IN', 'Research and development (73)')","0.000201266900262686","6.09389465145115e-05","0.000201059558500375"
"('RO', 'Computer and related activities (72)')","0.00020056040159426","0.000125031411787142","0.000200469458817218"
"('BR', 'Plastics, basic')","0.000200476226256641","7.57460151078231e-05","0.000193914553036332"
"('ES', 'Production of electricity by solar photovoltaic')","0.000200212327337846","0.000199035226894093","1.20587271890133e-05"
"('HU', 'Manufacture of rubber and plastic products (25)')","0.000200123755031538","9.53653053953262e-05","0.00019954828488647"
"('MX', 'Post and telecommunications (64)')","0.000199008903738068","0.000117910049610398","0.000197408158515609"
"('DK', 'Financial intermediation, except insurance and pension funding (65)')","0.000198963636803511","0.00013750519310205","0.000197915869697701"
"('NO', 'Chemicals nec')","0.000198853073736859","6.37986843787991e-05","0.000198696490631219"
"('BE', 'Manufacture of wood and of products of wood and cork, except furniture; manufacture of articles of straw and plaiting materials (20)')","0.000198798905729534","9.15205329959235e-05","0.000193545144400575"
"('GB', 'Extraction of natural gas and services related to natural gas extraction, excluding surveying')","0.000198683534231171","0.000151529539876725","0.000152072366466173"
"('ES', 'Manufacture of fish products')","0.000198634666239846","0.000118727501135938","0.000172362074549023"
"('ID', 'Education (80)')","0.000198399117561094","6.13042440524115e-06","0.000198399117561094"
"('IN', 'Manufacture of wood and of products of wood and cork, except furniture; manufacture of articles of straw and plaiting materials (20)')","0.000198292717999891","0.000115881073533664","0.000187484249515599"
"('SE', 'Transport via railways')","0.000198121794948086","0.000169170550036369","0.000122244785654075"
"('MX', 'Manufacture of cement, lime and plaster')","0.000197988056306056","0.000143454292094338","0.000173295946685863"
"('JP', 'Lead, zinc and tin production')","0.000197092025790891","0.000177542892665599","6.08816201984656e-05"
"('FR', 'Publishing, printing and reproduction of recorded media (22)')","0.000196420712329562","0.000139620448578908","0.000196415478959778"
"('WM', 'Sale, maintenance, repair of motor vehicles, motor vehicles parts, motorcycles, motor cycles parts and accessoiries')","0.000196248984306069","0.000108072712348036","0.000189571213538913"
"('NL', 'Activities auxiliary to financial intermediation (67)')","0.000195812400938132","0.000154401971690388","0.00019486930321997"
"('BR', 'Processing of dairy products')","0.000195189107201955","4.25727959993812e-05","0.000186929284737848"
"('GB', 'Casting of metals')","0.000194510542837152","0.000105532705799208","0.000172967540854073"
"('AU', 'Transport via pipelines')","0.000194437626931633","0.00018821614095385","4.46420527124234e-05"
"('WF', 'Computer and related activities (72)')","0.000194411988271908","9.17100984814534e-05","0.000194269532153367"
"('WA', 'Processing of dairy products')","0.000194278833553437","0.000168866436079476","5.91010097648367e-05"
"('KR', 'Distribution and trade of electricity')","0.000194207118433844","0.00018109389428179","8.579773603874e-05"
"('JP', 'Retail sale of automotive fuel')","0.000194031315474012","0.000165516394948235","7.13075498609083e-05"
"('TW', 'Health and social work (85)')","0.000193891965591628","3.11507907122759e-05","0.000193882664080782"
"('SE', 'Production of electricity by wind')","0.000193427514182468","0.000190875208527478","1.5863591636495e-05"
"('WM', 'Recreational, cultural and sporting activities (92)')","0.000193411624551001","9.3969276300191e-05","0.000191236227585656"
"('PT', 'Hotels and restaurants (55)')","0.000193042470435311","6.19289890313633e-05","0.000192981036863153"
"('ZA', 'Public administration and defence; compulsory social security (75)')","0.000193003478368933","3.12386496310175e-05","0.00019297857227654"
"('WF', 'Raw milk')","0.000192755965123473","0.000117255935000213","0.000169397131917877"
"('BE', 'Air transport (62)')","0.000192317637340414","6.88353482458101e-05","0.000192274501718472"
"('SE', 'Sea and coastal water transport')","0.000192192383733719","8.20470908634422e-05","0.000171486488486949"
"('TW', 'Tanning and dressing of leather; manufacture of luggage, handbags, saddlery, harness and footwear (19)')","0.000191904338657836","3.44854693775601e-05","0.000191771666262833"
"('IT', 'Education (80)')","0.000191377881162645","8.74591616209836e-05","0.000191377254598399"
"('KR', 'Processing of meat pigs')","0.000191359449450981","7.44434057180229e-05","0.000172470907815754"
"('JP', 'Manufacture of cement, lime and plaster')","0.000191354024478525","0.000152323608859955","0.000124497065040139"
"('NL', 'Chemicals nec')","0.00019117282519051","8.72291366384425e-05","0.000190903874034157"
"('BG', 'Transport via railways')","0.000190888862047601","0.000162627144537247","5.40927829662919e-05"
"('JP', 'Manufacture of medical, precision and optical instruments, watches and clocks (33)')","0.000190886840202399","0.000169315115455356","0.000179683031225259"
"('PT', 'Processing of Food products nec')","0.00019077770574762","4.50023355557345e-05","0.000190655317350063"
"('TW', 'Supporting and auxiliary transport activities; activities of travel agencies (63)')","0.000190687933032499","0.00014963193489291","0.000189535924841968"
"('WF', 'Animal products nec')","0.00019052736323646","0.000188300355622641","1.92782997075514e-05"
"('FI', 'Real estate activities (70)')","0.000190436784122486","0.000108390136004485","0.000190436784122486"
"('WE', 'Extraction of natural gas and services related to natural gas extraction, excluding surveying')","0.000190122084732832","0.000128204747909153","0.000185574954718902"
"('WF', 'Manufacture of fish products')","0.000189955846171517","0.000146438069227018","0.000128350636245879"
"('DK', 'Chemicals nec')","0.000189917224716094","0.0001142449670702","0.000187924477591333"
"('IN', 'Education (80)')","0.000189862026082244","3.3553806851088e-05","0.000189857283748181"
"('US', 'Lead, zinc and tin production')","0.000189612575955737","0.000179469836577726","3.25944009686556e-05"
"('CA', 'Transmission of electricity')","0.000189578724871465","0.000186310424569978","3.3992034864842e-05"
"('SK', 'Manufacture of fabricated metal products, except machinery and equipment (28)')","0.000189366776536323","7.63431324170481e-05","0.000189272799904904"
"('ID', 'Animal products nec')","0.000189337193092062","0.000186752325398994","1.45728503122947e-05"
"('TW', 'Manufacture of cement, lime and plaster')","0.000189214075995744","9.33252539788539e-05","0.000186374816176715"
"('WE', 'Processing of meat poultry')","0.000189109548653138","7.35709325027644e-05","0.000145837189241169"
"('ID', 'Supporting and auxiliary transport activities; activities of travel agencies (63)')","0.000188880627405878","7.14024779182185e-05","0.000188681804598136"
"('WF', 'Activities auxiliary to financial intermediation (67)')","0.000188573251399828","0.000108795890989112","0.00018677523077863"
"('WM', 'Casting of metals')","0.000188467795728596","0.000136389874111905","0.000132464728441727"
"('AU', 'Publishing, printing and reproduction of recorded media (22)')","0.000187999576939527","0.000127568533062112","0.000187977796551785"
"('PL', 'Re-processing of secondary steel into new steel')","0.000187971708677843","0.000102441772210877","0.00017924413126016"
"('WL', 'Pulp')","0.000187534911173351","0.000143039370030249","0.000102966609148523"
"('BR', 'Paper')","0.000187437566633236","0.000122507297779862","0.000180223903229237"
"('NO', 'Renting of machinery and equipment without operator and of personal and household goods (71)')","0.000187225917013919","0.000141729781051927","0.000174007988429606"
"('BR', 'Publishing, printing and reproduction of recorded media (22)')","0.00018695159747149","0.000108036945213067","0.000186929298207424"
"('DK', 'Incineration of waste: Food')","0.000186818131015184","0.000154206256254484","7.36506866603638e-05"
"('FI', 'Computer and related activities (72)')","0.000186800375808614","0.000134866982369054","0.000186670072905786"
"('MX', 'Air transport (62)')","0.000186710110963144","2.07651916224396e-05","0.000186709523968875"
"('ZA', 'Extraction, liquefaction, and regasification of other petroleum and gaseous materials')","0.00018643739929019","0.000109295873075065","0.000148943065053343"
"('FR', 'Processing of meat pigs')","0.000186361637314555","9.21305573617846e-05","0.00013249160720833"
"('DK', 'Renting of machinery and equipment without operator and of personal and household goods (71)')","0.000186303321965419","0.000169640066857817","0.000100068400699096"
"('WL', 'Aluminium production')","0.000185562160766717","0.000134160346359657","0.000155305710488227"
"('US', 'Manufacture of coke oven products')","0.000185348935847501","0.000156972746625723","5.32360922594968e-05"
"('JP', 'Extraction of natural gas and services related to natural gas extraction, excluding surveying')","0.000185050811564192","0.00011129672525946","0.000137493669100794"
"('NL', 'Collection, purification and distribution of water (41)')","0.000184695368747776","0.000182380059025102","9.54382929548615e-06"
"('NO', 'P- and other fertiliser')","0.000184628226461493","0.000149537478903733","6.95484161414454e-05"
"('TR', 'Cattle farming')","0.00018462396904437","0.00016976825410615","7.85076438973424e-05"
"('SE', 'Education (80)')","0.000184608033177988","3.10998240756176e-05","0.000184607995857527"
"('AT', 'Manufacture of cement, lime and plaster')","0.000184556778443353","0.000125898092113956","0.000172102421788387"
"('JP', 'Fishing, operating of fish hatcheries and fish farms; service activities incidental to fishing (05)')","0.000184546091808124","9.49966138640356e-05","0.000180627784471394"
"('BR', 'Manufacture of textiles (17)')","0.000184502309595993","0.000116569574004265","0.000184283919623874"
"('RU', 'Sale, maintenance, repair of motor vehicles, motor vehicles parts, motorcycles, motor cycles parts and accessoiries')","0.00018409173628768","7.12097577561381e-05","0.000179979516125646"
"('BR', 'Manufacture of electrical machinery and apparatus n.e.c. (31)')","0.000184012011196552","0.000144746194211032","0.00018373785712921"
"('PL', 'Landfill of waste: Plastic')","0.00018398584997622","0.000182898152549362","9.98442467274809e-06"
"('WE', 'Manufacture of rubber and plastic products (25)')","0.000183941795381909","0.000133516728358165","0.000180758468831525"
"('GB', 'Publishing, printing and reproduction of recorded media (22)')","0.000183873957409073","0.00012705190567469","0.000183840424771733"
"('PL', 'Incineration of waste: Wood')","0.000183810620400144","0.000182359408261081","1.28292422919676e-05"
"('ID', 'Other business activities (74)')","0.00018277429294249","0.000108737243548163","0.000182774287368944"
"('CH', 'Manufacture of furniture; manufacturing n.e.c. (36)')","0.000182626101402853","5.11611610416295e-05","0.000182624793070438"
"('IT', 'Processing of meat cattle')","0.000182557942770641","5.53091492574877e-05","0.000163809110647684"
"('SI', 'Manufacture of motor vehicles, trailers and semi-trailers (34)')","0.000182318280439099","5.6171369688658e-05","0.000182315630271325"
"('FR', 'Pulp')","0.000182227595144473","5.51851154044684e-05","0.000173861528734019"
"('MX', 'Health and social work (85)')","0.000181882137218907","6.1590459897012e-05","0.000181882136962923"
"('DE', 'Cultivation of wheat')","0.00018167781063045","0.000135258673815123","0.000101562430707293"
"('ZA', 'Chemicals nec')","0.000181047794308711","9.51808500394551e-05","0.000180064848723965"
"('WM', 'Cultivation of crops nec')","0.000180672289469063","0.000170444245357514","7.70449691477307e-05"
"('SE', 'Composting of food waste, incl. land application')","0.000180636889394818","0.000172883511135674","2.52797968462225e-05"
"('PT', 'Petroleum Refinery')","0.000180177483673554","7.42766096355061e-05","0.000179578817174764"
"('FR', 'Manufacture of glass and glass products')","0.000179601579862265","0.000112779186918148","0.000150624519142159"
"('DK', 'Processing of meat pigs')","0.000179448804726849","9.77262723459051e-05","0.000128744151843"
"('PL', 'Manufacture of wood and of products of wood and cork, except furniture; manufacture of articles of straw and plaiting materials (20)')","0.000179173851438323","9.97597310566801e-05","0.000176735293067375"
"('ES', 'Production of electricity by petroleum and other oil derivatives')","0.000179132081917506","0.000173858873516319","1.50810402770351e-05"
"('BG', 'Mining of precious metal ores and concentrates')","0.000179122305116311","0.000174085813307598","2.03796860530869e-05"
"('TW', 'Manufacture of medical, precision and optical instruments, watches and clocks (33)')","0.000179037294009007","7.3941996353631e-05","0.000178994928276126"
"('WL', 'Retail sale of automotive fuel')","0.0001790003910703","0.000144933771091054","8.58379073574728e-05"
"('DK', 'Petroleum Refinery')","0.00017891170849664","5.00003418760559e-05","0.000178617971717262"
"('ES', 'Pigs farming')","0.000178662526225121","9.62984126212422e-05","0.000176428750888223"
"('NO', 'Incineration of waste: Food')","0.000178447897955522","0.000158675739340801","4.685113735541e-05"
"('PL', 'Collection, purification and distribution of water (41)')","0.000178098289774684","0.000173824636765005","2.44694737913304e-05"
"('NO', 'Incineration of waste: Textiles')","0.000178002783823345","0.00017417689904836","1.34517105707439e-05"
"('AT', 'Paper')","0.000177997479481403","6.91412053596945e-05","0.000175603831413985"
"('BR', 'Education (80)')","0.000177783146311897","1.20757321029393e-05","0.000177783146311897"
"('AU', 'Paper')","0.000177387821211395","8.38343831950051e-05","0.000173179381942838"
"('RU', 'Publishing, printing and reproduction of recorded media (22)')","0.000177372444109805","0.000126015353481467","0.000177368228482937"
"('NO', 'Manufacture of machinery and equipment n.e.c. (29)')","0.000177280767287123","0.000104563909199115","0.000166087436738986"
"('RU', 'Plastics, basic')","0.000177204315150701","0.000114989064993282","0.000146610050005929"
"('PL', 'Landfill of waste: Food')","0.000177183915372815","0.0001579075925243","4.82737740086517e-05"
"('GB', 'Transport via pipelines')","0.000177152495528683","0.000166827600502936","4.36190582206213e-05"
"('IE', 'Sea and coastal water transport')","0.000176751899282792","9.60646027913053e-05","0.000168858445216665"
"('RU', 'Pigs farming')","0.000176428863928528","0.000148656318259811","0.000151543591372832"
"('RU', 'Insurance and pension funding, except compulsory social security (66)')","0.000176266197361228","0.000119441918568462","0.000169822817298653"
"('IN', 'Inland water transport')","0.000176140734148463","0.000170427290197588","3.57159517847316e-05"
"('RO', 'Manufacture of rubber and plastic products (25)')","0.000176064955266208","8.73588162907963e-05","0.000175418169692807"
"('BR', 'Aluminium production')","0.00017595777314229","6.51795960842529e-05","0.000172289994774504"
"('DK', 'Manufacture of fish products')","0.000175770038607268","8.6302449707089e-05","0.000163338541138493"
"('TW', 'Processed rice')","0.000175512154988609","0.000111046260339836","0.000115117897113092"
"('CH', 'Precious metals production')","0.00017535376188733","0.000111919844489505","0.000129376151391456"
"('RU', 'Manufacture of electrical machinery and apparatus n.e.c. (31)')","0.000175290131878366","0.000119978365746136","0.000175215919974258"
"('IE', 'Real estate activities (70)')","0.000175215860759276","0.000134362168465952","0.000175150744563386"
"('WE', 'Other business activities (74)')","0.000174704770762814","0.000158001657358658","0.000174699680276232"
"('WE', 'Manufacture of fabricated metal products, except machinery and equipment (28)')","0.00017428685356747","0.000107112228698264","0.00017271605265669"
"('GB', 'Aluminium production')","0.000174233875537205","0.00011341602522567","0.000157267511116319"
"('MX', 'Production of electricity by gas')","0.000174133274926997","0.000128291068929917","8.71744975274019e-05"
"('CH', 'Collection, purification and distribution of water (41)')","0.000173926709143615","0.000164883274619292","2.00580966851809e-05"
"('IE', 'Financial intermediation, except insurance and pension funding (65)')","0.000173597626878004","9.90799947183257e-05","0.000168781989919895"
"('TR', 'Precious metals production')","0.00017323091234313","9.16218613715951e-05","0.000143171540870415"
"('FI', 'Other land transport')","0.000173202332096209","0.000144500180654486","0.000166983014408526"
"('FR', 'Manufacture of wearing apparel; dressing and dyeing of fur (18)')","0.000173004326059366","3.84854274527412e-05","0.000172123625729492"
"('DE', 'Lead, zinc and tin production')","0.000172897422376358","0.000123243681150817","9.70115026736848e-05"
"('ZA', 'Research and development (73)')","0.00017289182338921","7.54414572805921e-06","0.00017289182338921"
"('NL', 'Copper production')","0.000172480050641969","8.18664073848425e-05","0.000150103773440115"
"('PL', 'Pulp')","0.00017229971484928","0.00011226362684337","0.000134945958925354"
"('BE', 'Precious metals production')","0.000172137625873175","0.000124419190299416","0.000112069230221361"
"('CA', 'Manufacture of office machinery and computers (30)')","0.000171803500288716","1.8566283537604e-05","0.000171802080160086"
"('FR', 'Aluminium production')","0.000171757667800758","9.6096295471316e-05","0.000159669393123445"
"('DE', 'Processing of meat cattle')","0.000171624814676852","0.000109092616193293","9.84530440108966e-05"
"('ZA', 'Production of electricity by coal')","0.000171600202863477","8.88478849175803e-05","0.000151104928644143"
"('NO', 'Air transport (62)')","0.00017152429721316","6.89371093993882e-05","0.000171522590710498"
"('NL', 'Cultivation of vegetables, fruit, nuts')","0.000171336124611008","9.57836558114353e-05","0.000164095296451279"
"('WL', 'Recreational, cultural and sporting activities (92)')","0.000171222939481735","0.000110538335446826","0.000167611947402328"
"('CZ', 'Financial intermediation, except insurance and pension funding (65)')","0.000170698871905059","0.000119046993271059","0.000168505257075579"
"('DK', 'Hotels and restaurants (55)')","0.000169925472466564","6.42835831332044e-05","0.000169831139509791"
"('SK', 'Construction (45)')","0.000169779865981455","8.3379093362078e-05","0.000169779801905641"
"('NO', 'Fishing, operating of fish hatcheries and fish farms; service activities incidental to fishing (05)')","0.000169151171850219","0.000111184271860994","0.000161531862484119"
"('BR', 'Transport via railways')","0.000169144767947769","0.000145375010337112","9.86774560922757e-05"
"('BE', 'Biogasification of food waste, incl. land application')","0.000169129780700437","0.000168091336227476","6.44025378439116e-06"
"('AU', 'Processed rice')","0.000168920822972675","0.000148055890910573","4.23331055562829e-05"
"('CZ', 'Casting of metals')","0.000168814240858615","8.55330054105102e-05","0.000160167718413534"
"('TW', 'Processing of dairy products')","0.000168054713334151","4.92275036935323e-05","0.000166156279595536"
"('ZA', 'Hotels and restaurants (55)')","0.00016757629639211","7.07508337673634e-05","0.000167302450746579"
"('WM', 'Manufacture of medical, precision and optical instruments, watches and clocks (33)')","0.000167558498338023","9.89846271361004e-05","0.000166055094685161"
"('BG', 'Retail trade, except of motor vehicles and motorcycles; repair of personal and household goods (52)')","0.000167258252408262","7.74701223405975e-05","0.00016725825240825"
"('WF', 'Manufacture of cement, lime and plaster')","0.00016713094052801","0.00013426746771348","0.000141177847141401"
"('CH', 'Plastics, basic')","0.000166750068618664","8.2745363410734e-05","0.000163050052364995"
"('DK', 'Extraction of crude petroleum and services related to crude oil extraction, excluding surveying')","0.000166732364835409","0.000120214022434724","0.000166067446712323"
"('MX', 'Manufacture of other transport equipment (35)')","0.000166416734193915","1.44965409586909e-05","0.000166416723500012"
"('SE', 'Post and telecommunications (64)')","0.000166414082711046","0.000142518450262942","0.000162718181766295"
"('IT', 'Manufacture of ceramic goods')","0.000166413264758496","0.000112699268233152","0.000114720644472728"
"('WL', 'Processed rice')","0.000166383854466571","0.000137468150369909","5.0901189029321e-05"
"('IT', 'Raw milk')","0.000166209117274268","0.000109964389305012","0.000146327493155467"
"('NL', 'Transport via railways')","0.000166032629968452","0.000137813338125345","0.000108024129926649"
"('ID', 'Manufacture of other transport equipment (35)')","0.00016582507252431","6.59602262931787e-05","0.000165811573021307"
"('IT', 'Other service activities (93)')","0.000165768540488489","4.51109758958649e-05","0.000165607943320356"
"('GR', 'Research and development (73)')","0.000165499712302049","0.000104052792024689","0.000165499302196931"
"('BE', 'Public administration and defence; compulsory social security (75)')","0.000165458382091529","2.40764109311467e-05","0.000164982411684687"
"('WM', 'Fishing, operating of fish hatcheries and fish farms; service activities incidental to fishing (05)')","0.00016537565580153","0.000123367447750354","0.000159962188540706"
"('ES', 'Mining of precious metal ores and concentrates')","0.000165147147549952","0.000142492910617645","2.89047193873403e-05"
"('HU', 'Petroleum Refinery')","0.000165082442616125","6.09925223702031e-05","0.000164815652645261"
"('DK', 'Incineration of waste: Paper')","0.000164991466186819","0.000132060489992956","7.32608864451437e-05"
"('IT', 'Casting of metals')","0.0001644747195466","0.000113210875142655","0.000135485775709527"
"('FR', 'Production of electricity by gas')","0.000164466962383423","0.000124094717947803","6.65635654545114e-05"
"('IT', 'Manufacture of bricks, tiles and construction products, in baked clay')","0.000164359764885737","0.000155854289563178","2.97409029449034e-05"
"('DE', 'Forestry, logging and related service activities (02)')","0.000164006553080547","0.000111511153311518","0.000140058233817676"
"('FI', 'Manufacture of wood and of products of wood and cork, except furniture; manufacture of articles of straw and plaiting materials (20)')","0.000163985724906544","9.34025548495619e-05","0.000161484720458285"
"('DE', 'Pigs farming')","0.000163762420473366","0.000116072948632215","0.000152100564715891"
"('RU', 'Cultivation of cereal grains nec')","0.000163616095783325","0.00013774410223881","0.000124774239369726"
"('HU', 'Supporting and auxiliary transport activities; activities of travel agencies (63)')","0.000163127277941042","0.000117241891553716","0.00016303733894472"
"('BG', 'Copper production')","0.000162928759136816","9.26959379301408e-05","0.000138970649434873"
"('NO', 'Public administration and defence; compulsory social security (75)')","0.000162873663726793","5.29276871773208e-05","0.000161349928563199"
"('KR', 'Transport via pipelines')","0.000162857793378244","0.000146548277270994","7.66350319021895e-05"
"('RU', 'Sea and coastal water transport')","0.000162431144844762","0.000115771805668916","0.000120797072480438"
"('SE', 'Retail trade, except of motor vehicles and motorcycles; repair of personal and household goods (52)')","0.000162220286189047","6.53995540505977e-05","0.000162219715418787"
"('SE', 'Landfill of waste: Inert/metal/hazardous')","0.000162044797075924","0.00015617596849933","1.89796402385768e-05"
"('AU', 'Inland water transport')","0.000161990929344565","0.000147559121170709","3.27995380923975e-05"
"('ES', 'Public administration and defence; compulsory social security (75)')","0.000161925024835594","3.70632905397348e-05","0.000160485015428536"
"('IT', 'Retail sale of automotive fuel')","0.000161888490169417","0.000122846869330957","9.65131505911423e-05"
"('ID', 'Processing of meat cattle')","0.000161724167127771","2.83227093688557e-05","0.000156596681094931"
"('ID', 'Manufacture of fish products')","0.000161309425626945","8.14794999761926e-05","0.000135936707449407"
"('AU', 'Aluminium production')","0.000161246757134464","8.35511815058974e-05","0.000146198774825252"
"('TW', 'Insurance and pension funding, except compulsory social security (66)')","0.000160780449033669","0.000114188803325874","0.000152723462176888"
"('MX', 'Supporting and auxiliary transport activities; activities of travel agencies (63)')","0.000160744950079886","8.79249574763469e-05","0.000160656980441074"
"('SE', 'Waste water treatment, food')","0.000160738019625275","0.000158404476251934","8.76294210805019e-06"
"('IT', 'Manufacture of glass and glass products')","0.000160575318011348","0.000126546223507185","0.000113710620393661"
"('IT', 'Manufacture of other non-metallic mineral products n.e.c.')","0.000160286046780415","0.000126360408060637","0.000106987592716115"
"('NL', 'Education (80)')","0.000160260320864825","6.88760774340825e-05","0.000160175713844715"
"('MX', 'Insurance and pension funding, except compulsory social security (66)')","0.000159988068558245","5.53347822258365e-05","0.000158624164217158"
"('WF', 'Transmission of electricity')","0.000159986683876914","0.000151758515260327","4.30800059563744e-05"
"('MX', 'Precious metals production')","0.000159743296006889","0.000127170221476721","0.000106986135412323"
"('KR', 'Steam and hot water supply')","0.000159419768578149","0.000148917169367444","2.77068812357765e-05"
"('BR', 'Manufacture of wearing apparel; dressing and dyeing of fur (18)')","0.000159226454592005","1.24580541003451e-05","0.000159226454591908"
"('IN', 'Manufacture of bricks, tiles and construction products, in baked clay')","0.000159087656297704","0.000147437331327504","4.91994266042452e-05"
"('FR', 'Production of electricity by biomass and waste')","0.000158455326683148","0.000157852404347678","3.19313853223552e-06"
"('ES', 'Manufacture of basic iron and steel and of ferro-alloys and first products thereof')","0.000158144853852324","8.97509667359662e-05","0.00015644628840248"
"('WE', 'Mining of copper ores and concentrates')","0.000158031420647025","0.000156569514913951","6.56011875155942e-06"
"('WF', 'Fishing, operating of fish hatcheries and fish farms; service activities incidental to fishing (05)')","0.000157177280626185","0.000126100668814882","0.000151777164394126"
"('AU', 'Raw milk')","0.000157092062843803","0.000134268361022176","0.000114750880028902"
"('BE', 'Post and telecommunications (64)')","0.000156900941374826","0.000125218515396105","0.000153375648223039"
"('BG', 'Petroleum Refinery')","0.000156847281775265","6.69764377944577e-05","0.000156192014921761"
"('AT', 'Pulp')","0.00015660357435053","7.13540462242007e-05","0.000142831687859892"
"('BE', 'Manufacture of beverages')","0.0001562525358773","6.23670750513624e-05","0.000143112250901173"
"('MX', 'Manufacture of fish products')","0.000156137058692439","4.29781335634643e-05","0.000146346487909026"
"('WM', 'Lead, zinc and tin production')","0.000156062960269664","0.000138647251373369","5.81909635539767e-05"
"('WA', 'Animal products nec')","0.00015585278450455","0.000154382642985595","7.89099830635943e-06"
"('ZA', 'Insurance and pension funding, except compulsory social security (66)')","0.000155704254577673","7.47210107085293e-05","0.000154454263051637"
"('RU', 'Manufacture of beverages')","0.000155385298730634","5.75733479750331e-05","0.000143987632510014"
"('HU', 'Transport via pipelines')","0.000155326097279647","0.000140781678869166","3.22798742803772e-05"
"('MX', 'Financial intermediation, except insurance and pension funding (65)')","0.000155287927981597","9.85246406022339e-05","0.000153383876754557"
"('PT', 'Landfill of waste: Food')","0.000155248632534903","0.000136993558250292","4.62886953178949e-05"
"('PT', 'Landfill of waste: Paper')","0.000155219614498356","0.000147972625022327","3.96456806048646e-05"
"('BE', 'Manufacture of basic iron and steel and of ferro-alloys and first products thereof')","0.000155187242809128","6.67287175899269e-05","0.000154551993293687"
"('ES', 'Education (80)')","0.000154589959347964","6.75245750962163e-05","0.000154555954222641"
"('PL', 'Manufacture of textiles (17)')","0.000154561838936434","7.88277712524545e-05","0.000154547980552377"
"('FI', 'Mining of precious metal ores and concentrates')","0.00015450181782066","0.000149251155846473","7.07733650746358e-06"
"('WF', 'Manufacture of office machinery and computers (30)')","0.000154402377819918","6.28242422155459e-05","0.000154402173992572"
"('WF', 'Sugar refining')","0.000153509681218903","0.000147422256660724","2.14448220952431e-05"
"('JP', 'Activities of membership organisation n.e.c. (91)')","0.00015303093490823","6.72639198970913e-05","0.000143144353364441"
"('PL', 'Health and social work (85)')","0.000152861869257456","7.14811399939757e-05","0.000152861868533131"
"('KR', 'Manufacture of tobacco products (16)')","0.00015275852357898","5.98520207887336e-05","0.000118536065011983"
"('ID', 'Manufacture of cement, lime and plaster')","0.00015222563483781","0.000110985884770735","0.00014402009469055"
"('NL', 'Manufacture of furniture; manufacturing n.e.c. (36)')","0.000152083357607554","6.50882097979876e-05","0.000152083357581758"
"('NO', 'Incineration of waste: Paper')","0.000151913691609991","0.000131659471086225","4.59314061875474e-05"
"('WE', 'Processing of dairy products')","0.000151808965081771","8.65115389927672e-05","0.00012937671310173"
"('TR', 'Manufacture of other non-metallic mineral products n.e.c.')","0.000151308789222072","0.000102814176136421","0.00011640909917844"
"('SE', 'Air transport (62)')","0.000150849392420186","5.53859302977495e-05","0.000150846091510551"
"('BR', 'N-fertiliser')","0.00015074899946307","0.000138275241450828","2.76360216665076e-05"
"('AU', 'Chemicals nec')","0.000150615246555487","8.37189924872168e-05","0.000149577405145934"
"('RO', 'Petroleum Refinery')","0.000150370931113085","6.25501250167547e-05","0.000149590193728931"
"('TW', 'Processing of meat pigs')","0.000149867257046462","2.78731264008096e-05","0.00014643394475986"
"('WL', 'Casting of metals')","0.000149847000023179","9.60076179800051e-05","0.000121343664714927"
"('NL', 'Pulp')","0.000149759862585724","8.20600975687223e-05","0.000116088639573495"
"('IT', 'Processing of meat pigs')","0.000149606247144064","6.97634689221284e-05","0.000119408131898841"
"('CZ', 'Computer and related activities (72)')","0.000149568333391114","9.75712799212256e-05","0.000149519438542274"
"('WM', 'Inland water transport')","0.000149458097936737","0.00013623417280704","2.36358213071133e-05"
"('ID', 'Manufacture of wood and of products of wood and cork, except furniture; manufacture of articles of straw and plaiting materials (20)')","0.000149271175002192","0.00010088788793286","0.000146789226366549"
"('WF', 'Manufacture of electrical machinery and apparatus n.e.c. (31)')","0.000149092719956015","0.000110541609424711","0.000148694740237044"
"('RU', 'Cultivation of vegetables, fruit, nuts')","0.000148711944661739","3.84097813514193e-05","0.000146430674671943"
"('WL', 'Cultivation of paddy rice')","0.000148628948551816","9.80619545452718e-05","8.46023690227846e-05"
"('SE', 'Copper production')","0.000148569965938232","8.07225318830067e-05","0.000135605104591588"
"('TW', 'Retail trade, except of motor vehicles and motorcycles; repair of personal and household goods (52)')","0.000148543932139686","8.82548382073804e-05","0.000148518790508267"
"('KR', 'Cattle farming')","0.000148519124110172","6.84571851336706e-05","0.000144434220371238"
"('NO', 'Supporting and auxiliary transport activities; activities of travel agencies (63)')","0.000148174107005879","5.30543445301148e-05","0.000148173516094661"
"('BE', 'Manufacture of cement, lime and plaster')","0.000147929488373763","9.82830144834598e-05","0.000114048126575981"
"('ES', 'Manufacture of office machinery and computers (30)')","0.00014785509864126","2.51318895524813e-05","0.000147833895498877"
"('PL', 'Manufacture of wearing apparel; dressing and dyeing of fur (18)')","0.000147828395278946","2.93890225567771e-05","0.000147662536981638"
"('ZA', 'Other land transport')","0.000147774077081498","7.83121408084386e-05","0.000147096551613013"
"('DE', 'Tanning and dressing of leather; manufacture of luggage, handbags, saddlery, harness and footwear (19)')","0.000147734217683114","5.33297639257181e-05","0.000145774720428357"
"('MX', 'Tanning and dressing of leather; manufacture of luggage, handbags, saddlery, harness and footwear (19)')","0.000147583320462332","5.91153360489385e-05","0.00014704012670431"
"('RU', 'Processing of meat pigs')","0.000147373757057616","1.99657055503785e-05","0.000142207853147"
"('ES', 'Aluminium production')","0.000147187391246609","7.38902922557012e-05","0.000138384156424967"
"('PL', 'Manufacture of cement, lime and plaster')","0.000147020565807754","0.00010663007970615","0.000132373195075103"
"('NL', 'Manufacture of cement, lime and plaster')","0.000146981208586769","9.0944386403801e-05","0.000136462964623291"
"('GB', 'Biogasification of paper, incl. land application')","0.000146950156838451","0.000146754469630801","7.06468113476317e-07"
"('WF', 'Processing of meat poultry')","0.000146888147029477","5.65766639571654e-05","0.000117075550672742"
"('MX', 'Lead, zinc and tin production')","0.000146689301128644","0.000138531707877608","5.22565333400395e-05"
"('RU', 'Other service activities (93)')","0.000146645571987113","9.23498856095079e-06","0.000146625169767575"
"('KR', 'Manufacture of medical, precision and optical instruments, watches and clocks (33)')","0.000146502975047924","9.0561656100953e-05","0.000145593112396529"
"('BG', 'Construction (45)')","0.000146463741107419","4.10014238268864e-05","0.000146463105016559"
"('LU', 'Supporting and auxiliary transport activities; activities of travel agencies (63)')","0.000146445540075853","8.7680701223237e-05","0.000146445473375592"
"('WF', 'Cultivation of wheat')","0.000146134733778823","0.000131378032090859","9.497490627933e-05"
"('WE', 'Manufacture of motor vehicles, trailers and semi-trailers (34)')","0.000146015955544211","7.24292361627655e-05","0.000146005196632348"
"('TR', 'Sale, maintenance, repair of motor vehicles, motor vehicles parts, motorcycles, motor cycles parts and accessoiries')","0.000145914271592489","7.70634336602927e-05","0.000144700000943719"
"('CZ', 'Incineration of waste: Plastic')","0.00014558347793109","0.000141779516252358","1.64889320788383e-05"
"('ID', 'Plastics, basic')","0.000145493037772011","7.05929940388475e-05","0.000142403246738773"
"('JP', 'Processing of meat poultry')","0.000144965260907438","9.43744471567868e-05","9.07358209738162e-05"
"('PT', 'Incineration of waste: Metals and Inert materials')","0.000144946801064774","0.000134497801309775","4.50008681363547e-05"
"('BE', 'Collection, purification and distribution of water (41)')","0.000144806955052798","0.000141022298386581","1.59356720297812e-05"
"('ID', 'Poultry farming')","0.000144680606198597","8.15920872058971e-05","0.000132230271890801"
"('WM', 'Tanning and dressing of leather; manufacture of luggage, handbags, saddlery, harness and footwear (19)')","0.000144655118122954","6.40368441615054e-05","0.000143994800032006"
"('AU', 'Production of meat products nec')","0.000144520567552755","0.000131744671945053","5.20995245501317e-05"
"('PL', 'Manufacture of other transport equipment (35)')","0.000144293755069892","6.84323032058197e-05","0.000143623296372949"
"('TR', 'Raw milk')","0.000143714861203361","0.000127682149507978","9.07902455499755e-05"
"('TW', 'Computer and related activities (72)')","0.000143708536602019","8.76135224971266e-05","0.000143445471022818"
"('BE', 'Landfill of waste: Plastic')","0.000143655024685333","0.000142535539004609","5.27964670533334e-06"
"('WL', 'Inland water transport')","0.000143459185894217","0.000123724489337052","4.32598796782211e-05"
"('SK', 'Manufacture of rubber and plastic products (25)')","0.000143434584252125","6.62710179355719e-05","0.000143189862875181"
"('PT', 'Waste water treatment, other')","0.000143300208709364","0.000138896093880855","2.60449952897945e-05"
"('CZ', 'Recycling of waste and scrap')","0.000142864027977081","0.000141130122049873","4.71949050586549e-06"
"('US', 'Processed rice')","0.000142667507018483","0.000129242659781658","2.95971976528317e-05"
"('AU', 'Manufacture of furniture; manufacturing n.e.c. (36)')","0.000142588858529803","3.85206338235694e-05","0.000142588814196548"
"('BR', 'Processing of meat pigs')","0.000142389218278439","8.21477302175153e-05","9.65993577085884e-05"
"('MX', 'Raw milk')","0.00014236499553904","0.000114965515326707","7.80551886471561e-05"
"('CZ', 'Hotels and restaurants (55)')","0.000142089964539595","5.54381266374489e-05","0.00014204766028637"
"('TR', 'Processing vegetable oils and fats')","0.000141727009269229","9.1808919943579e-05","9.01060598940739e-05"
"('RU', 'Manufacture of glass and glass products')","0.000141701688520118","0.000120266493317129","9.68432129437346e-05"
"('RO', 'Manufacture of machinery and equipment n.e.c. (29)')","0.000141697605869355","5.29058819655987e-05","0.000138000751033984"
"('RO', 'Supporting and auxiliary transport activities; activities of travel agencies (63)')","0.000141689186860457","9.39733295663836e-05","0.000141679511182715"
"('CZ', 'Production of electricity by nuclear')","0.000141374953179419","0.000134661190388586","2.80992084054682e-05"
"('WE', 'Post and telecommunications (64)')","0.000141346429739991","8.3088161396248e-05","0.000141264644320776"
"('BR', 'Air transport (62)')","0.000141238066308537","5.45593855104741e-05","0.000138968137644013"
"('WE', 'Supporting and auxiliary transport activities; activities of travel agencies (63)')","0.000140975304955274","0.000107174015595557","0.000140828493928576"
"('PT', 'Financial intermediation, except insurance and pension funding (65)')","0.000140955283096666","0.000102675065005009","0.000140655424474513"
"('DK', 'Manufacture of fabricated metal products, except machinery and equipment (28)')","0.000140673891925707","8.90822342600107e-05","0.000139827131131595"
"('CN', 'Forestry, logging and related service activities (02)')","0.00014053677385935","0.00011147082968788","0.000138392687222788"
"('ES', 'Recreational, cultural and sporting activities (92)')","0.000140439612162963","8.52527727237982e-05","0.000139062633607686"
"('AT', 'Transmission of electricity')","0.000139946924045116","0.000105565178585423","8.36334172772567e-05"
"('BE', 'Processing of meat cattle')","0.000139791103970647","9.29785718710991e-05","7.76981144896582e-05"
"('PL', 'Waste water treatment, other')","0.000139530926058498","0.000123288459007803","3.9902366132252e-05"
"('PT', 'Landfill of waste: Inert/metal/hazardous')","0.000139384731898383","0.000129378571737459","4.40551955496523e-05"
"('PL', 'Incineration of waste: Plastic')","0.000139369838458787","0.000137460040126538","1.51658397631147e-05"
"('PT', 'Supporting and auxiliary transport activities; activities of travel agencies (63)')","0.000139312235989437","8.55865511579915e-05","0.000139226901381363"
"('CA', 'Manufacture of other transport equipment (35)')","0.000139305475775022","5.36506348964503e-05","0.000139091656137245"
"('FR', 'Tanning and dressing of leather; manufacture of luggage, handbags, saddlery, harness and footwear (19)')","0.000138924187095063","6.51636232154695e-05","0.000137886102234495"
"('TW', 'Education (80)')","0.000138482648398223","3.71535109275344e-05","0.000138309538541917"
"('CH', 'Manufacture of beverages')","0.000138427923998692","7.26402494552388e-05","0.000131322488354585"
"('TR', 'Transport via railways')","0.000138158065658727","0.000118192707168274","7.86125435428638e-05"
"('NO', 'Manufacture of rubber and plastic products (25)')","0.000137573055231122","6.30858192751907e-05","0.000137412344931547"
"('NL', 'Paper')","0.000137340016645897","5.12666641179918e-05","0.000134870369243701"
"('WL', 'Other non-ferrous metal production')","0.000137330226972776","0.000103250806745315","8.98783269609843e-05"
"('HU', 'Real estate activities (70)')","0.000137292213986988","7.2009480080178e-05","0.000137292213986988"
"('ID', 'Manufacture of basic iron and steel and of ferro-alloys and first products thereof')","0.000136658203965109","7.89157127386416e-05","0.000136014416210633"
"('WE', 'Plastics, basic')","0.000136574922314428","0.000108172915698861","0.000127924471582948"
"('NO', 'Other land transport')","0.000136417285224064","0.000114271368420494","0.000129528082934188"
"('IN', 'Production of electricity by nuclear')","0.000136377246005008","0.00013474144051958","1.14652883945054e-05"
"('KR', 'Manufacture of ceramic goods')","0.000135869190382477","8.11006191565128e-05","0.000127736931184892"
"('ZA', 'Manufacture of furniture; manufacturing n.e.c. (36)')","0.000135538665023689","6.91731699891271e-05","0.000135530656697605"
"('JP', 'Raw milk')","0.000135402612649326","0.000104051512091588","0.000111190309653601"
"('SE', 'Distribution and trade of electricity')","0.000135353327563305","0.000118017074088587","6.3445502994591e-05"
"('NL', 'Processing of meat cattle')","0.000135222088309837","0.000105652286940445","5.21210384316233e-05"
"('AT', 'Manufacture of beverages')","0.00013520478170157","5.83779503342332e-05","0.000125897209971443"
"('WM', 'Pulp')","0.00013509996550821","0.000107509893251999","8.50571219368856e-05"
"('WF', 'Manufacture of other non-metallic mineral products n.e.c.')","0.000135061351592563","0.000105428438340277","0.000103693281403558"
"('AU', 'Transport via railways')","0.000135051879938369","8.7171901802613e-05","9.71630212582204e-05"
"('SE', 'Health and social work (85)')","0.000134941376175066","2.97129703375316e-05","0.000134941367816088"
"('MX', 'Processing of meat pigs')","0.000134654166074309","7.39356747276909e-05","0.000100996604995237"
"('LU', 'Renting of machinery and equipment without operator and of personal and household goods (71)')","0.000134637911758027","9.70687066759221e-05","0.000115074509473624"
"('SE', 'Manufacture of rubber and plastic products (25)')","0.000134571048629364","8.18729718663065e-05","0.000133441450907"
"('CA', 'Cultivation of vegetables, fruit, nuts')","0.000134561169351476","7.78992409415468e-05","0.000129223175727743"
"('PL', 'Post and telecommunications (64)')","0.000134363367403543","0.0001051089281183","0.000133458618497361"
"('ES', 'Research and development (73)')","0.000134263924131078","8.23081909382774e-05","0.000134227473339127"
"('KR', 'Fishing, operating of fish hatcheries and fish farms; service activities incidental to fishing (05)')","0.000134239367786584","6.71472588561014e-05","0.000132193607027881"
"('ES', 'Publishing, printing and reproduction of recorded media (22)')","0.000134204846570363","6.91238744382485e-05","0.000134204610458727"
"('PT', 'Manufacture of fabricated metal products, except machinery and equipment (28)')","0.000134191512468056","8.3122033125965e-05","0.000133849672441917"
"('CH', 'Transport via pipelines')","0.000133876179687739","0.000111602975318433","4.99817737286027e-05"
"('WE', 'Cultivation of cereal grains nec')","0.000133447864097379","0.000100370953463778","0.000107116528296655"
"('WL', 'Manufacture of gas; distribution of gaseous fuels through mains')","0.00013312785107401","0.000124095658786693","4.98894583072878e-05"
"('RU', 'Manufacture of office machinery and computers (30)')","0.000132743570924306","3.91829652826214e-05","0.00013274338915556"
"('ZA', 'Plastics, basic')","0.000132638118897588","9.49443612898057e-05","0.000129929940262903"
"('WE', 'Transport via pipelines')","0.000132494528537592","0.00011498477263485","4.23741461113183e-05"
"('FI', 'Incineration of waste: Oil/Hazardous waste')","0.000132435588775064","0.000126497790331101","2.53575004096003e-05"
"('PL', 'Landfill of waste: Inert/metal/hazardous')","0.000132282464122005","0.000114343173359316","4.46779563622859e-05"
"('AT', 'Aluminium production')","0.000132130720808169","7.90981404807453e-05","0.000126233210283198"
"('ID', 'Manufacture of tobacco products (16)')","0.000131968662765196","5.77019362099059e-05","0.000106427368543153"
"('ID', 'Activities auxiliary to financial intermediation (67)')","0.000131460511534783","7.52895125327542e-05","0.000131305771882875"
"('PL', 'Sale, maintenance, repair of motor vehicles, motor vehicles parts, motorcycles, motor cycles parts and accessoiries')","0.00013133911983863","8.60833388650956e-05","0.000130598997278523"
"('IT', 'Transmission of electricity')","0.000131172928533969","0.000120284593349068","2.88095487489537e-05"
"('FI', 'Financial intermediation, except insurance and pension funding (65)')","0.000131022934224976","6.57767346547302e-05","0.000130996104789705"
"('CA', 'Pigs farming')","0.000130967371269253","7.64416782058017e-05","0.000124362342717363"
"('KR', 'Production of electricity by biomass and waste')","0.000130881517751576","0.000130475915473415","1.65940582037173e-06"
"('WF', 'Manufacture of wood and of products of wood and cork, except furniture; manufacture of articles of straw and plaiting materials (20)')","0.000130532162584251","9.10309924184778e-05","0.000129009716071729"
"('WF', 'Processing of meat pigs')","0.000130383068798599","5.44315552635873e-05","9.87880977770276e-05"
"('ZA', 'Activities auxiliary to financial intermediation (67)')","0.000130381581569397","0.000119551128938199","0.000127990465368276"
"('PT', 'Plastics, basic')","0.000129783955851852","6.1597483375722e-05","0.00012133078628834"
"('ID', 'Cattle farming')","0.00012973894009423","0.000106679910022377","0.00012370384873618"
"('BR', 'Cultivation of paddy rice')","0.0001295493774718","0.000120593348214536","5.32737202005545e-05"
"('CA', 'Processing of meat poultry')","0.000129123344929847","5.22624991813693e-05","0.000111978284731645"
"('WL', 'Sugar refining')","0.000129005933238483","0.000121627136162658","1.9197948986477e-05"
"('TW', 'Animal products nec')","0.000128971110780516","2.72848515599596e-05","0.000108279194036825"
"('TW', 'Manufacture of glass and glass products')","0.00012886839687112","8.03883804742645e-05","0.000121133303789479"
"('BE', 'Aluminium production')","0.0001286280419128","6.36030371878654e-05","0.000122234041735699"
"('SE', 'Incineration of waste: Textiles')","0.000128530015430355","0.000126524189098267","4.83781050582291e-06"
"('TW', 'Aluminium production')","0.000128517346103718","0.000115716855185651","0.000102318723360848"
"('WM', 'Extraction, liquefaction, and regasification of other petroleum and gaseous materials')","0.000128371737733333","0.000120578819156677","1.92882384478309e-05"
"('TR', 'Poultry farming')","0.000128175958192954","0.000101079275912622","9.069533246837e-05"
"('MX', 'Manufacture of ceramic goods')","0.000128086962655712","7.99690424049209e-05","0.000111677808160333"
"('WE', 'Manufacture of furniture; manufacturing n.e.c. (36)')","0.000127905330724292","5.76982947816715e-05","0.000127905227164768"
"('IE', 'Transport via railways')","0.000127609604471043","5.94096648326151e-05","0.000111212048575086"
"('SK', 'Retail trade, except of motor vehicles and motorcycles; repair of personal and household goods (52)')","0.000127425684467821","6.32245518079364e-05","0.000127425684467751"
"('ID', 'Manufacture of office machinery and computers (30)')","0.000127188593265045","7.11137962683914e-05","0.000127168826024391"
"('KR', 'Other non-ferrous metal production')","0.000127004463338666","9.09778447859004e-05","7.57780705644108e-05"
"('NO', 'Computer and related activities (72)')","0.000126954765431998","7.84444352308803e-05","0.000126948544300842"
"('SE', 'Processing of Food products nec')","0.000126812212200687","4.44483198875803e-05","0.000126726681216582"
"('NO', 'Hotels and restaurants (55)')","0.00012678496121148","4.66847933681432e-05","0.000126754454931151"
"('TR', 'Aluminium production')","0.000126646866672507","7.78857577902152e-05","0.000120374542228982"
"('GB', 'Manufacture of fish products')","0.000126070090245004","7.38546349707145e-05","0.000108493198848598"
"('WF', 'Recreational, cultural and sporting activities (92)')","0.000126037663099918","4.77187458138801e-05","0.000125552374126552"
"('PT', 'Manufacture of rubber and plastic products (25)')","0.000125933943505944","7.05127847229244e-05","0.000124911916588142"
"('WM', 'Private households with employed persons (95)')","0.000125933787780449","7.44177124499625e-05","0.000125933787780449"
"('WF', 'Manufacture of radio, television and communication equipment and apparatus (32)')","0.000125923655007552","0.000102750673512444","0.000125791826032946"
"('SK', 'Supporting and auxiliary transport activities; activities of travel agencies (63)')","0.00012587102281689","5.55497650599982e-05","0.000125869909532789"
"('ZA', 'Cultivation of vegetables, fruit, nuts')","0.000125635044740466","6.64956916025731e-05","0.000122526045489422"
"('JP', 'Tanning and dressing of leather; manufacture of luggage, handbags, saddlery, harness and footwear (19)')","0.000125499763252291","7.83217456056857e-05","0.000124266698269494"
"('KR', 'Manufacture of wearing apparel; dressing and dyeing of fur (18)')","0.000125343737690717","3.44994047034616e-05","0.000124643280109031"
"('AT', 'Manufacture of basic iron and steel and of ferro-alloys and first products thereof')","0.000125321805578113","6.9903370666768e-05","0.000124814087301462"
"('RO', 'Manufacture of fabricated metal products, except machinery and equipment (28)')","0.000125262395556529","7.34790241172311e-05","0.000125098752675068"
"('ES', 'Manufacture of wood and of products of wood and cork, except furniture; manufacture of articles of straw and plaiting materials (20)')","0.000125178804767277","7.62318779228354e-05","0.000123724788087237"
"('AT', 'Manufacture of motor vehicles, trailers and semi-trailers (34)')","0.000125117909332152","4.87616016858965e-05","0.000125049899000171"
"('RU', 'Activities auxiliary to financial intermediation (67)')","0.000124767628297353","5.78016701266295e-05","0.000123984945677055"
"('BR', 'Manufacture of wood and of products of wood and cork, except furniture; manufacture of articles of straw and plaiting materials (20)')","0.000124762036421882","0.000105474703964234","0.000120392282790123"
"('TR', 'Cultivation of wheat')","0.000124734050814724","0.000110046119056652","8.14952312358079e-05"
"('KR', 'Processing of meat poultry')","0.000124517320797013","6.07940993134139e-05","9.0676923210501e-05"
"('PL', 'Manufacture of furniture; manufacturing n.e.c. (36)')","0.000124349988666563","5.17035026896712e-05","0.000124349921005751"
"('TR', 'Distribution and trade of electricity')","0.000124206855126837","0.000116410766383284","4.74051299265792e-05"
"('IN', 'Retail sale of automotive fuel')","0.000124173762036299","0.00011832891254755","5.07451441431093e-05"
"('ES', 'Copper production')","0.000124076700198067","5.95614368663256e-05","0.00011379445644779"
"('ZA', 'Manufacture of beverages')","0.000123877556813844","9.40771658984613e-05","0.000110517938490966"
"('WL', 'Pigs farming')","0.000123833398206474","0.000108570359663471","8.94200843390327e-05"
"('TW', 'Pigs farming')","0.000123611301543419","4.66734074766228e-05","0.000123291794815493"
"('HU', 'Manufacture of fabricated metal products, except machinery and equipment (28)')","0.000123572400193599","4.95080223312863e-05","0.000123520947738305"
"('WE', 'Manufacture of textiles (17)')","0.000123536104016044","6.16941526285759e-05","0.000123532174787016"
"('HU', 'Hotels and restaurants (55)')","0.000123531190342264","2.9746789282476e-05","0.000123481836340006"
"('WE', 'Real estate activities (70)')","0.000123433054832372","4.81844716465915e-05","0.000123432538035139"
"('BR', 'Production of electricity by gas')","0.000123396118729874","8.78401279659042e-05","6.04704640828634e-05"
"('KR', 'Production of electricity by solar photovoltaic')","0.000123187440709795","0.000122906980083035","5.11875033218135e-06"
"('CA', 'Manufacture of glass and glass products')","0.000122985818120457","8.41408782941751e-05","0.00010225181725495"
"('KR', 'Casting of metals')","0.000122927461428734","9.40422880228339e-05","7.30706436630483e-05"
"('ES', 'Transport via pipelines')","0.000122904768581948","0.000114148719811188","3.43360054553221e-05"
"('ID', 'Research and development (73)')","0.00012282810656133","4.71540581233744e-06","0.000122828106561169"
"('CA', 'Cultivation of cereal grains nec')","0.000122768943893888","7.41015192940589e-05","0.000106027379247872"
"('ID', 'Recreational, cultural and sporting activities (92)')","0.000122763965307154","3.76772202174535e-05","0.000122763965307154"
"('RU', 'Poultry farming')","0.000122612075462848","9.77267839103258e-05","0.000101860106268448"
"('AU', 'Cultivation of sugar cane, sugar beet')","0.0001224535626477","0.000120416131472346","2.24705073962367e-05"
"('SE', 'Waste water treatment, other')","0.000122420456136523","0.000117713069703467","1.21160889712032e-05"
"('SE', 'Research and development (73)')","0.000122408971153244","5.73299659731855e-05","0.000122393732373458"
"('CA', 'Production of electricity by gas')","0.000122073595918381","0.000113540917578286","3.53289309932229e-05"
"('SE', 'Transmission of electricity')","0.000121998273742114","0.000116266131226965","2.52384208122363e-05"
"('FI', 'Hotels and restaurants (55)')","0.000121869568213675","4.05018032798254e-05","0.000121845778036947"
"('AU', 'Animal products nec')","0.000121828683052476","0.00011242875672807","1.63640977791367e-05"
"('JP', 'Poultry farming')","0.000121389520949696","6.70437432281096e-05","0.000113377787220697"
"('DE', 'Extraction of crude petroleum and services related to crude oil extraction, excluding surveying')","0.000121002210486996","7.71709748402082e-05","0.000120494479260322"
"('BR', 'Re-processing of secondary steel into new steel')","0.000120986467714347","7.44069378410967e-05","0.000115189859081219"
"('TW', 'Manufacture of electrical machinery and apparatus n.e.c. (31)')","0.00012084194290952","3.92845981626897e-05","0.000120841933100221"
"('AU', 'Manufacture of electrical machinery and apparatus n.e.c. (31)')","0.000120795150133173","8.54527230981074e-05","0.000120745620473923"
"('CA', 'Manufacture of fish products')","0.000120783381678766","5.34166889763324e-05","0.000110169042768171"
"('TW', 'Activities auxiliary to financial intermediation (67)')","0.000120593332389028","8.00448002941782e-05","0.000118848416551503"
"('CZ', 'Processing of Food products nec')","0.000120341654444695","3.57107337681145e-05","0.00012032785479879"
"('AU', 'Manufacture of wood and of products of wood and cork, except furniture; manufacture of articles of straw and plaiting materials (20)')","0.000120313398048818","5.35070418226901e-05","0.000118851334953865"
"('WL', 'Manufacture of tobacco products (16)')","0.000120257014869421","7.59491499553751e-05","6.56874619722728e-05"
"('CH', 'Fishing, operating of fish hatcheries and fish farms; service activities incidental to fishing (05)')","0.000120214064514945","2.26600487994751e-05","0.000120128468653125"
"('PT', 'Manufacture of gas; distribution of gaseous fuels through mains')","0.000120072472801518","0.000109034540727868","9.41800846524945e-05"
"('WE', 'Public administration and defence; compulsory social security (75)')","0.000119926465658867","7.07141540088079e-06","0.000119925745827704"
"('BE', 'Paper')","0.000119809622581439","4.27821101379446e-05","0.000118787179892718"
"('PL', 'Public administration and defence; compulsory social security (75)')","0.000119758784850688","3.44481154021301e-05","0.000118685656905605"
"('PT', 'Retail trade, except of motor vehicles and motorcycles; repair of personal and household goods (52)')","0.000119578588124717","5.03475684151162e-05","0.000119578588124711"
"('ID', 'P- and other fertiliser')","0.000119463046089259","7.85330020866808e-05","9.64769055192907e-05"
"('GB', 'Activities of membership organisation n.e.c. (91)')","0.000119421344082277","5.04787350478359e-05","0.000116061868173302"
"('CZ', 'Public administration and defence; compulsory social security (75)')","0.000119411524151027","2.99226778192428e-05","0.000119048254849618"
"('SI', 'Other land transport')","0.000119336050515184","7.87230994644154e-05","0.000119007912288792"
"('WM', 'Animal products nec')","0.000119331404830379","0.000114553388924568","1.72914459344973e-05"
"('DK', 'Public administration and defence; compulsory social security (75)')","0.000119220258007689","3.88199315654141e-05","0.000114610326335697"
"('NO', 'Incineration of waste: Oil/Hazardous waste')","0.000118991428169355","0.000104811824041056","3.41811966370415e-05"
"('AT', 'Processing of dairy products')","0.000118898415685927","5.551689227063e-05","0.000108088372617043"
"('TR', 'Copper production')","0.00011888765019389","5.93496257307782e-05","0.000108883258385383"
"('HU', 'Renting of machinery and equipment without operator and of personal and household goods (71)')","0.000118829515209895","7.89820860181898e-05","0.000117772746358638"
"('DK', 'Manufacture of rubber and plastic products (25)')","0.000118720560727883","7.19542488547497e-05","0.000118426030111585"
"('TR', 'Insurance and pension funding, except compulsory social security (66)')","0.000118489393960656","6.91106999502412e-05","0.000116448677886893"
"('WE', 'Air transport (62)')","0.000118310151184796","4.84081780010515e-05","0.000118164877770973"
"('WE', 'Manufacture of tobacco products (16)')","0.000118303067351176","0.000114110327238893","7.3280731872849e-06"
"('DE', 'Manufacture of ceramic goods')","0.000118094560473207","7.25133046202665e-05","8.69232597163518e-05"
"('IT', 'Cattle farming')","0.00011808196038086","5.87349260571923e-05","0.000112547718671283"
"('WM', 'Cultivation of sugar cane, sugar beet')","0.00011799145627263","0.000108998865725638","4.02445087732155e-05"
"('SE', 'Manufacture of cement, lime and plaster')","0.000117901386953482","8.87396189008564e-05","8.87456275763979e-05"
"('TR', 'Transmission of electricity')","0.00011764705530424","0.000107351585932705","2.69159321192732e-05"
"('CA', 'Inland water transport')","0.000117570534363738","0.0001027385996725","2.91591032667005e-05"
"('PL', 'Waste water treatment, food')","0.000117549500207048","0.000106654906168231","2.75680688932673e-05"
"('WL', 'Processing vegetable oils and fats')","0.000117334060223697","9.59633651252749e-05","5.18767402288442e-05"
"('IE', 'Plastics, basic')","0.000117199599437677","0.000105991950242438","0.000103455237269064"
"('ID', 'Inland water transport')","0.000117074712144276","0.000101960030075155","4.05626181798276e-05"
"('RO', 'Real estate activities (70)')","0.000116997964948992","4.05558055988574e-05","0.000116997964948992"
"('WL', 'Production of electricity by coal')","0.000116993183093823","9.92889250627202e-05","4.70389308772252e-05"
"('FR', 'Processing of nuclear fuel')","0.000116913871564769","1.66980183733048e-05","0.000107895404601784"
"('CH', 'Inland water transport')","0.000116847536273079","8.86573501462889e-05","6.72564034817429e-05"
"('US', 'Private households with employed persons (95)')","0.000116843444446237","0.000116476348364626","0.000116843444446237"
"('IN', 'Production of electricity by gas')","0.000116798834714495","0.000103472837581859","3.37438827597258e-05"
"('CA', 'Manufacture of electrical machinery and apparatus n.e.c. (31)')","0.000116615320824052","6.2790955133908e-05","0.000116568974532602"
"('RU', 'Processing vegetable oils and fats')","0.000116575918923135","8.13951224919681e-05","6.578663695478e-05"
"('RU', 'Manufacture of wearing apparel; dressing and dyeing of fur (18)')","0.000116119115156556","1.26311677569648e-05","0.000116119115156546"
"('WM', 'Cultivation of oil seeds')","0.000115959203476966","0.000108566463285262","6.76003055169537e-05"
"('PL', 'Publishing, printing and reproduction of recorded media (22)')","0.000115442185247967","7.33382136474732e-05","0.000115430187281097"
"('PT', 'Other land transport')","0.000115434020866996","7.91127720962867e-05","0.000114140387593168"
"('ES', 'Tanning and dressing of leather; manufacture of luggage, handbags, saddlery, harness and footwear (19)')","0.000115424092656558","3.88114078949023e-05","0.000115181126790383"
"('BR', 'Tanning and dressing of leather; manufacture of luggage, handbags, saddlery, harness and footwear (19)')","0.000115282177641966","3.87346430179933e-05","0.000114974715278403"
"('NO', 'Plastics, basic')","0.00011511565396168","3.77029790075028e-05","0.000112191253840751"
"('CH', 'Publishing, printing and reproduction of recorded media (22)')","0.000114969324727963","6.4980411367781e-05","0.000114935476060918"
"('ZA', 'Manufacture of fabricated metal products, except machinery and equipment (28)')","0.000114916207479384","5.90270456278544e-05","0.000114390496248617"
"('SE', 'Plastics, basic')","0.000114728908051566","7.06588339323571e-05","9.63773305574386e-05"
"('RU', 'Tanning and dressing of leather; manufacture of luggage, handbags, saddlery, harness and footwear (19)')","0.000114682857632987","6.15627177618036e-05","0.000114679788428052"
"('FI', 'Manufacture of basic iron and steel and of ferro-alloys and first products thereof')","0.00011466138341644","6.15748052928962e-05","0.000114473118877079"
"('FR', 'Production of electricity by petroleum and other oil derivatives')","0.000114614418987026","0.000109428527213149","9.95679641505588e-06"
"('MX', 'Sale, maintenance, repair of motor vehicles, motor vehicles parts, motorcycles, motor cycles parts and accessoiries')","0.000114510299044162","1.0211890562313e-05","0.000114510296254846"
"('PL', 'Manufacture of fish products')","0.000114435054155905","6.4483083179789e-05","0.00010225620420157"
"('ZA', 'Re-processing of secondary steel into new steel')","0.000114426629792394","5.52306267350737e-05","0.000113709139252122"
"('LU', 'Other land transport')","0.000114377848098669","4.39151621047441e-05","0.000114159470612113"
"('BR', 'Insurance and pension funding, except compulsory social security (66)')","0.000114154997202001","8.08410806268049e-05","0.000110919818372091"
"('AU', 'Manufacture of fish products')","0.000114104830130616","7.52737813760749e-05","5.61331336468302e-05"
"('ES', 'Casting of metals')","0.000114047844329019","6.72868806480577e-05","0.000101996107149476"
"('WF', 'Manufacture of other transport equipment (35)')","0.000113849078251321","7.33123896094591e-05","0.000113221913435509"
"('RO', 'Health and social work (85)')","0.000113811611391673","1.03616924174536e-05","0.000113811611391673"
"('BE', 'Distribution and trade of electricity')","0.000113539503152127","7.67720042913218e-05","7.14749416965685e-05"
"('DE', 'Cattle farming')","0.00011339706192837","6.66687829043056e-05","9.63534908623985e-05"
"('SK', 'Other land transport')","0.000113393595618876","6.99065641785503e-05","0.000113227705870354"
"('HU', 'Plastics, basic')","0.000113273594514782","5.48376893178277e-05","0.000112667120938424"
"('AT', 'Transport via pipelines')","0.000113232777927049","0.000101517454070252","2.80534974854271e-05"
"('WF', 'Aluminium production')","0.000113231525868056","7.90221994978073e-05","0.000103418425038626"
"('US', 'Tanning and dressing of leather; manufacture of luggage, handbags, saddlery, harness and footwear (19)')","0.000113200883680166","6.48882190064749e-05","0.000112415363646318"
"('BG', 'Computer and related activities (72)')","0.00011311207761534","5.44563267723571e-05","0.000113112072475518"
"('WM', 'Cultivation of paddy rice')","0.000112670349299791","9.30793799306034e-05","7.68860489958394e-05"
"('CA', 'Activities of membership organisation n.e.c. (91)')","0.000112516040618322","9.28645907992707e-05","0.000102305227582423"
"('BR', 'Cultivation of vegetables, fruit, nuts')","0.000112512522313745","4.04554507005414e-05","0.000105126626894294"
"('SE', 'Recreational, cultural and sporting activities (92)')","0.000112434427553546","7.65613815401699e-05","0.000111968634758884"
"('US', 'Cultivation of crops nec')","0.000112373432435981","9.88113761937348e-05","3.34942498759072e-05"
"('BR', 'Cultivation of sugar cane, sugar beet')","0.000112367046634317","9.73805489893226e-05","4.79415244738196e-05"
"('DE', 'Private households with employed persons (95)')","0.000112304104628692","0.00011226356775885","0.000112304104628692"
"('WF', 'Copper production')","0.000112131942407975","8.54098505990575e-05","8.63161394175727e-05"
"('ID', 'Fishing, operating of fish hatcheries and fish farms; service activities incidental to fishing (05)')","0.000111544209430457","6.71041570017946e-05","0.000110376271585061"
"('MT', 'Computer and related activities (72)')","0.000111360632789768","4.79280822574884e-05","0.000111351701947886"
"('AT', 'Sale, maintenance, repair of motor vehicles, motor vehicles parts, motorcycles, motor cycles parts and accessoiries')","0.000111343650097573","6.36818134423958e-05","0.000110731127041364"
"('IE', 'Processing of Food products nec')","0.000111320139430308","7.36073655915684e-05","0.000109723158075296"
"('CH', 'Manufacture of cement, lime and plaster')","0.000111199584898639","6.01579114338349e-05","0.000106302610916781"
"('BR', 'Recreational, cultural and sporting activities (92)')","0.000110954050106853","7.36713277133526e-05","0.000109709367202851"
"('CA', 'Manufacture of radio, television and communication equipment and apparatus (32)')","0.000110826287956474","8.11973313531708e-05","0.000110645378058033"
"('PL', 'Chemicals nec')","0.000110718739768935","5.23436770454326e-05","0.000110292880451561"
"('RU', 'Precious metals production')","0.000110562014325708","0.000102541718963798","5.70010666468473e-05"
"('HU', 'Processing of Food products nec')","0.000110384836150013","3.95153770273972e-05","0.00011035611163608"
"('EE', 'Supporting and auxiliary transport activities; activities of travel agencies (63)')","0.000110327377439559","6.1754073018341e-05","0.000110325776947384"
"('HU', 'Computer and related activities (72)')","0.000110023430369698","5.69168593678117e-05","0.000110021945338842"
"('CA', 'Lead, zinc and tin production')","0.000109939611218699","8.20990152184236e-05","6.39517098395625e-05"
"('WE', 'Mining of coal and lignite; extraction of peat (10)')","0.000109464059637979","3.00688532229247e-05","0.000108290481872408"
"('LV', 'Wholesale trade and commission trade, except of motor vehicles and motorcycles (51)')","0.000109462094865055","5.40205755202463e-05","0.000109364404062096"
"('FR', 'Copper production')","0.000109288620161747","7.97434699727006e-05","9.84700630056612e-05"
"('ID', 'Distribution and trade of electricity')","0.000109166438458087","9.89379350766084e-05","7.10414221566734e-05"
"('ES', 'Transport via railways')","0.000109076714999358","7.92896268027987e-05","7.22869845388396e-05"
"('AU', 'Manufacture of textiles (17)')","0.000109050318502644","3.45164419245062e-05","0.00010905021308712"
"('IN', 'Forestry, logging and related service activities (02)')","0.0001088429424428","0.000100396533159194","0.000106440891518007"
"('AT', 'Post and telecommunications (64)')","0.000108470962228775","7.87974589043359e-05","0.000107349729145992"
"('WF', 'Manufacture of glass and glass products')","0.000108232005584977","7.45757310075864e-05","9.5831062552499e-05"
"('GR', 'Real estate activities (70)')","0.000107914524038302","9.4601873470263e-05","0.00010790454017027"
"('FR', 'Pigs farming')","0.00010766130930366","6.16511646383677e-05","9.08183919098359e-05"
"('TR', 'Computer and related activities (72)')","0.00010738903674711","9.66305068338844e-05","0.000107314016370387"
"('BE', 'Manufacture of bricks, tiles and construction products, in baked clay')","0.000107298924091086","9.76575497404858e-05","2.20703015082016e-05"
"('ZA', 'Manufacture of textiles (17)')","0.000107127406490864","7.01281259181615e-05","0.000107104531921553"
"('ID', 'Tanning and dressing of leather; manufacture of luggage, handbags, saddlery, harness and footwear (19)')","0.000107105568307261","7.54377776191376e-05","0.000104441666731032"
"('SK', 'Landfill of waste: Inert/metal/hazardous')","0.000106981350502325","6.17288541163741e-05","6.75030637835993e-05"
"('PL', 'Incineration of waste: Oil/Hazardous waste')","0.000106890830997773","0.000104293167838383","1.59995959097712e-05"
"('SE', 'Manufacture of basic iron and steel and of ferro-alloys and first products thereof')","0.000106889257730827","6.97731568054851e-05","0.000105844817888372"
"('WL', 'Manufacture of ceramic goods')","0.000106735868039709","6.69044593492493e-05","9.0208670096431e-05"
"('MX', 'Pigs farming')","0.000106413063803549","8.55053328300126e-05","7.66152456224884e-05"
"('TW', 'Poultry farming')","0.000106390274788092","2.73229386164825e-05","0.000106376320076508"
"('ID', 'Manufacture of radio, television and communication equipment and apparatus (32)')","0.000106321884816169","5.98290617935709e-05","0.000106255857439569"
"('CZ', 'Quarrying of sand and clay')","0.000106160723087062","7.45670962490623e-05","5.62677687012742e-05"
"('AT', 'Air transport (62)')","0.000106131647013974","3.94348838785374e-05","0.000106092494256751"
"('GR', 'Financial intermediation, except insurance and pension funding (65)')","0.000106073817935953","7.86750542413534e-05","0.000105966744811828"
"('CA', 'Manufacture of cement, lime and plaster')","0.000106010878933633","7.73997682751124e-05","8.34467181177551e-05"
"('IN', 'Private households with employed persons (95)')","0.000105966965925168","0.000102959962962113","0.000105966965925168"
"('JP', 'Pigs farming')","0.000105888421374419","7.49267877544971e-05","9.84954133674322e-05"
"('AT', 'Transport via railways')","0.000105860460122234","9.11185384750312e-05","8.22909470487515e-05"
"('LT', 'Wholesale trade and commission trade, except of motor vehicles and motorcycles (51)')","0.000105837743993654","6.88522174374066e-05","0.00010580510959801"
"('FI', 'Retail trade, except of motor vehicles and motorcycles; repair of personal and household goods (52)')","0.000105700589957817","4.5378217619061e-05","0.000105700435024172"
"('TW', 'Casting of metals')","0.000105508490271703","4.26298486995372e-05","0.000101874899921597"
"('BR', 'Processed rice')","0.000105289373694952","1.5363401874991e-05","9.75313298510947e-05"
"('AU', 'Production of electricity by wind')","0.00010526793526949","0.000100845987807431","1.45278660925732e-05"
"('TW', 'Cultivation of vegetables, fruit, nuts')","0.000105044000229668","8.06125436626359e-05","9.15301692784984e-05"
"('IT', 'Manufacture of fish products')","0.000104972720874404","6.69816844776474e-05","8.86883339960213e-05"
"('ZA', 'Manufacture of rubber and plastic products (25)')","0.000104924583257216","6.53180502528016e-05","0.000104323846925016"
"('WM', 'Processed rice')","0.000104898066488025","3.35679597607103e-05","8.84479927546783e-05"
"('SK', 'Other business activities (74)')","0.000104887923470457","7.31335661757404e-05","0.000104887854079412"
"('DK', 'Manufacture of motor vehicles, trailers and semi-trailers (34)')","0.000104747304361906","2.66009532280374e-05","0.000104747234902363"
"('AU', 'Manufacture of basic iron and steel and of ferro-alloys and first products thereof')","0.000104661173634504","5.8656142533776e-05","0.000104272559057824"
"('WE', 'Transport via railways')","0.00010462835539624","8.4573448004168e-05","7.26277569855886e-05"
"('ID', 'Copper production')","0.000104485797280622","8.74547141483205e-05","8.29787428221574e-05"
"('BR', 'Pulp')","0.000104179913085305","7.61503540903245e-05","6.65993148759256e-05"
"('RU', 'Activities of membership organisation n.e.c. (91)')","0.000104037360279005","3.55908891968975e-05","0.00010387503019005"
"('DK', 'Processing of dairy products')","0.000103955367163746","3.80253987216865e-05","9.74552941825088e-05"
"('FI', 'Manufacture of rubber and plastic products (25)')","0.000103880274141544","5.9817316499982e-05","0.000103706355297805"
"('CZ', 'Manufacture of textiles (17)')","0.000103731739626852","4.45702576006065e-05","0.000103730748631955"
"('PL', 'Aluminium production')","0.000103686092576521","4.83196684741186e-05","0.000102197647737441"
"('HU', 'Financial intermediation, except insurance and pension funding (65)')","0.000103618731066335","5.90553258314104e-05","0.000103600620657373"
"('CZ', 'Manufacture of basic iron and steel and of ferro-alloys and first products thereof')","0.000103178129088886","5.16002046819002e-05","0.000102814345789243"
"('ID', 'Manufacture of glass and glass products')","0.00010316275976408","7.83553030919867e-05","9.84476238342531e-05"
"('FI', 'Landfill of waste: Inert/metal/hazardous')","0.000102960966599023","9.72547803695847e-05","2.39141539450724e-05"
"('RO', 'Financial intermediation, except insurance and pension funding (65)')","0.000102938429500132","6.63256789229656e-05","0.000102656502120517"
"('IN', 'Lead, zinc and tin production')","0.000102853140573992","7.14012042325302e-05","6.27452919293759e-05"
"('GB', 'Raw milk')","0.000102752646126414","8.83366620509197e-05","8.99045677613856e-05"
"('HU', 'Air transport (62)')","0.000102698370476127","4.50981883276489e-05","0.000102695931925663"
"('KR', 'Private households with employed persons (95)')","0.000102384097356331","0.000101429361304272","0.000102384097356331"
"('WE', 'P- and other fertiliser')","0.000101939385003935","7.40030586519533e-05","7.45902569651027e-05"
"('RO', 'Hotels and restaurants (55)')","0.000101858891261308","7.26322913533175e-05","0.000101775236630769"
"('FI', 'Manufacture of motor vehicles, trailers and semi-trailers (34)')","0.000101853779501484","3.24345896556792e-05","0.000101853147673347"
"('NO', 'Sale, maintenance, repair of motor vehicles, motor vehicles parts, motorcycles, motor cycles parts and accessoiries')","0.000101779795962365","4.20544016936502e-05","0.000101649487784747"
"('CH', 'Post and telecommunications (64)')","0.000101680658836845","7.82626556992538e-05","9.91505986549252e-05"
"('HU', 'Retail trade, except of motor vehicles and motorcycles; repair of personal and household goods (52)')","0.000101093884025711","3.21557628945343e-05","0.00010109388402571"
"('WE', 'Financial intermediation, except insurance and pension funding (65)')","0.000100921957185046","7.29683809020495e-05","0.000100552975604192"
"('FR', 'Processing of meat poultry')","0.000100782291420284","3.58482948197505e-05","8.80978651270954e-05"
"('WF', 'Processing of dairy products')","0.000100749198275917","7.97610986437759e-05","7.23275925163241e-05"
"('WL', 'Private households with employed persons (95)')","0.000100709971507941","8.4039599848025e-05","0.000100709971507941"
"('ZA', 'Computer and related activities (72)')","0.000100701686779868","1.15608730321757e-05","0.000100701686779867"
"('ZA', 'Supporting and auxiliary transport activities; activities of travel agencies (63)')","0.000100236903744361","5.5115927910315e-05","0.00010019934317883"
"('JP', 'Transmission of electricity')","0.000100168515294614","9.27702028405528e-05","2.66016191049216e-05"
"('TR', 'Manufacture of ceramic goods')","0.000100130802627989","3.08930639296563e-05","9.58681924892257e-05"
"('FI', 'Processing of Food products nec')","0.000100107931295134","3.62697552676221e-05","0.000100067819281122"
"('HU', 'Chemicals nec')","0.000100048873932332","4.2132793438952e-05","0.000100035017322883"
"('CH', 'Manufacture of motor vehicles, trailers and semi-trailers (34)')","9.97349503798547e-05","3.40076085365896e-05","9.97349369184897e-05"
"('WL', 'Activities of membership organisation n.e.c. (91)')","9.9720508819558e-05","7.7225000662717e-05","9.61695564810294e-05"
"('AT', 'Chemicals nec')","9.96846392266194e-05","5.06153878610166e-05","9.95692030535366e-05"
"('CZ', 'Distribution and trade of electricity')","9.95459112598022e-05","7.57093229150205e-05","5.39802092716551e-05"
"('AU', 'Manufacture of wearing apparel; dressing and dyeing of fur (18)')","9.94994402011917e-05","4.98600982660504e-05","9.88612223355471e-05"
"('MX', 'Manufacture of basic iron and steel and of ferro-alloys and first products thereof')","9.94740652244978e-05","5.63287012685833e-05","9.81619781200566e-05"
"('FI', 'Plastics, basic')","9.94522685793474e-05","4.00030934602076e-05","9.90884266439764e-05"
"('ID', 'Computer and related activities (72)')","9.92586005851549e-05","3.14864521632333e-05","9.92586005598351e-05"
"('ES', 'Raw milk')","9.92338212063462e-05","7.00334993403201e-05","9.41579891408807e-05"
"('GB', 'Copper production')","9.91744677980666e-05","6.21794843386879e-05","9.1248963400192e-05"
"('GB', 'Manufacture of wearing apparel; dressing and dyeing of fur (18)')","9.91252099796262e-05","2.66889117029376e-05","9.90308853370414e-05"
"('PT', 'Health and social work (85)')","9.90576957393121e-05","1.59483783595476e-05","9.90576957393121e-05"
"('BG', 'Supporting and auxiliary transport activities; activities of travel agencies (63)')","9.89577557345801e-05","5.48019186609244e-05","9.89568638266228e-05"
"('AU', 'Private households with employed persons (95)')","9.88491124368571e-05","8.66155784401542e-05","9.88491124368571e-05"
"('AU', 'Fishing, operating of fish hatcheries and fish farms; service activities incidental to fishing (05)')","9.88098629484755e-05","6.12917129322633e-05","9.70705630184617e-05"
"('DE', 'Landfill of waste: Paper')","9.87417398195656e-05","9.7443059208899e-05","6.058313288557e-06"
"('KR', 'Transmission of electricity')","9.85591672099506e-05","9.49083987725795e-05","2.52948400953247e-05"
"('WF', 'Manufacture of ceramic goods')","9.8556545701628e-05","7.1099814356941e-05","8.15480157106064e-05"
"('PT', 'Manufacture of machinery and equipment n.e.c. (29)')","9.84824194347038e-05","4.36073980280247e-05","9.83605694329221e-05"
"('DE', 'Cultivation of cereal grains nec')","9.83290534301042e-05","7.80571054522116e-05","7.40580525120929e-05"
"('WF', 'Manufacture of beverages')","9.82771373075122e-05","7.62437904568571e-05","7.48272084361115e-05"
"('PL', 'Air transport (62)')","9.81746441559758e-05","4.17009229295528e-05","9.80628936748273e-05"
"('PL', 'Processing of meat pigs')","9.81259483077969e-05","2.82423663995624e-05","9.2323180686052e-05"
"('WE', 'Processing of meat pigs')","9.81135076391297e-05","1.9176872739845e-05","9.55010750828577e-05"
"('SI', 'Construction (45)')","9.80150603132331e-05","5.93275751727837e-05","9.80148834049997e-05"
"('RU', 'Fishing, operating of fish hatcheries and fish farms; service activities incidental to fishing (05)')","9.79820497805241e-05","5.35365001474814e-05","8.81379912511083e-05"
"('FI', 'Pulp')","9.78520185402806e-05","6.19421734489546e-05","7.20644107922119e-05"
"('FR', 'Transport via pipelines')","9.74443849786306e-05","6.89685185229269e-05","6.24465845884862e-05"
"('GB', 'Other non-ferrous metal production')","9.73876543833376e-05","5.58748056315571e-05","7.88125001723032e-05"
"('RO', 'Cultivation of cereal grains nec')","9.71891670443004e-05","6.98752547673845e-05","8.61419869809899e-05"
"('MX', 'Research and development (73)')","9.71504716917665e-05","1.32093834860334e-05","9.71498846328125e-05"
"('DK', 'Retail trade, except of motor vehicles and motorcycles; repair of personal and household goods (52)')","9.68516067569307e-05","4.84438121147307e-05","9.6851597412621e-05"
"('HU', 'Public administration and defence; compulsory social security (75)')","9.67555020994512e-05","3.38337896592122e-05","9.50102323681598e-05"
"('BE', 'Manufacture of office machinery and computers (30)')","9.67466837327667e-05","2.46731158054223e-05","9.67454606594519e-05"
"('FI', 'Health and social work (85)')","9.66337128577921e-05","1.99818608041332e-05","9.66337110153144e-05"
"('WE', 'Paper')","9.64342099281694e-05","4.19162821003129e-05","9.61525959512192e-05"
"('FR', 'Other service activities (93)')","9.60323481915112e-05","3.31641821597042e-05","9.57827696848562e-05"
"('PT', 'Manufacture of wearing apparel; dressing and dyeing of fur (18)')","9.58822276690872e-05","3.84689613751187e-05","9.58391651718533e-05"
"('DK', 'Research and development (73)')","9.56598795449086e-05","5.21729916987147e-05","9.55991887575707e-05"
"('BE', 'Processing of meat pigs')","9.56420873581562e-05","3.27522321477316e-05","9.00021027831927e-05"
"('MT', 'Post and telecommunications (64)')","9.52348005787525e-05","4.82688355090114e-05","9.51293470846514e-05"
"('ZA', 'Publishing, printing and reproduction of recorded media (22)')","9.50150653965249e-05","5.43781239165916e-05","9.50150554851448e-05"
"('AT', 'Health and social work (85)')","9.48636233491144e-05","1.0340695529487e-05","9.48636233487489e-05"
"('BE', 'Pulp')","9.46233689158542e-05","2.71509036801719e-05","9.00639003857759e-05"
"('WM', 'Production of electricity by hydro')","9.45941166758057e-05","9.16606055182926e-05","1.447161347342e-05"
"('PL', 'Processing of meat poultry')","9.45246751668286e-05","3.55541499703483e-05","8.47560394079773e-05"
"('NO', 'Retail sale of automotive fuel')","9.45223784063498e-05","5.94629835277778e-05","8.73832619957799e-05"
"('IE', 'Hotels and restaurants (55)')","9.44660461566159e-05","3.13526998069412e-05","9.44468507215516e-05"
"('CZ', 'Sale, maintenance, repair of motor vehicles, motor vehicles parts, motorcycles, motor cycles parts and accessoiries')","9.44245607693016e-05","5.1886252780548e-05","9.41602598004998e-05"
"('BR', 'Manufacture of cement, lime and plaster')","9.43277970457909e-05","5.42020431505543e-05","9.03097429433708e-05"
"('FI', 'Quarrying of sand and clay')","9.40140816211627e-05","8.86925978249512e-05","1.95579487547295e-05"
"('CZ', 'Aluminium production')","9.39925232655394e-05","4.7020378994598e-05","9.23680737550188e-05"
"('KR', 'Pigs farming')","9.39504633045224e-05","5.99124432898875e-05","8.04851755328292e-05"
"('RU', 'Manufacture of other non-metallic mineral products n.e.c.')","9.38969724545117e-05","7.27782546539502e-05","6.857752519436e-05"
"('GB', 'Manufacture of glass and glass products')","9.38914163870108e-05","7.30142861585151e-05","7.58285284738483e-05"
"('SE', 'Forestry, logging and related service activities (02)')","9.37735440083177e-05","7.72442901068956e-05","8.3176622349326e-05"
"('WM', 'Sugar refining')","9.37589222374843e-05","8.08877398420779e-05","2.89067821149579e-05"
"('NL', 'Distribution and trade of electricity')","9.35521197932172e-05","8.7493010344943e-05","3.05976749053528e-05"
"('WE', 'Production of electricity by gas')","9.35500735631903e-05","7.59405250690842e-05","3.15219695525334e-05"
"('NL', 'Sugar refining')","9.34996206332465e-05","8.84731573806474e-05","9.3195532007284e-06"
"('WM', 'Manufacture of tobacco products (16)')","9.33772686993704e-05","6.11777837945061e-05","5.19730163990547e-05"
"('IT', 'Processing of meat poultry')","9.33090281039446e-05","6.85130771323556e-05","5.65755029882419e-05"
"('RO', 'Public administration and defence; compulsory social security (75)')","9.32921222928317e-05","2.53822676064551e-05","9.27650103013836e-05"
"('DK', 'Incineration of waste: Textiles')","9.32393417938689e-05","8.0962814940176e-05","2.12811094577825e-05"
"('DE', 'Mining of iron ores')","9.32271275223845e-05","9.2371505750931e-05","2.16588314332734e-06"
"('WF', 'Cultivation of paddy rice')","9.31863930196395e-05","8.1857182599836e-05","6.25785470262277e-05"
"('ES', 'Processing vegetable oils and fats')","9.30498361276321e-05","6.62317018886468e-05","5.00773541171931e-05"
"('JP', 'Production of electricity by wind')","9.28732380808006e-05","9.13656854581822e-05","4.94382689289402e-06"
"('LT', 'Other land transport')","9.27868250122784e-05","5.42603894576716e-05","9.20757583775122e-05"
"('DK', 'Manufacture of other transport equipment (35)')","9.27446455272303e-05","1.79871541570938e-05","9.27443572693248e-05"
"('IE', 'Manufacture of cement, lime and plaster')","9.26400788391905e-05","8.73158109130288e-05","7.75401616560023e-05"
"('BE', 'Pigs farming')","9.24965155612254e-05","6.31997888959388e-05","6.27364380431316e-05"
"('CZ', 'Manufacture of wood and of products of wood and cork, except furniture; manufacture of articles of straw and plaiting materials (20)')","9.24588425914485e-05","4.22938755144206e-05","9.22950624777013e-05"
"('RU', 'Cultivation of oil seeds')","9.24365471586369e-05","7.03791908568542e-05","7.19378491543294e-05"
"('WM', 'Cultivation of plant-based fibers')","9.24116383255919e-05","8.18917284874587e-05","4.73743769521009e-05"
"('NL', 'Recreational, cultural and sporting activities (92)')","9.22410006306716e-05","4.65928576497095e-05","9.17038529070075e-05"
"('SI', 'Wholesale trade and commission trade, except of motor vehicles and motorcycles (51)')","9.22312225344603e-05","5.06262464169737e-05","9.22263454933924e-05"
"('WE', 'Manufacture of cement, lime and plaster')","9.22019989741714e-05","5.31389123683163e-05","9.0991323538961e-05"
"('FR', 'Cultivation of oil seeds')","9.20636125248651e-05","6.89251037627565e-05","7.38633425387797e-05"
"('SE', 'Processing of dairy products')","9.19174998488231e-05","3.60262514018085e-05","9.02319442585993e-05"
"('NL', 'Manufacture of wood and of products of wood and cork, except furniture; manufacture of articles of straw and plaiting materials (20)')","9.16437296633124e-05","4.28010018571318e-05","9.00101594201735e-05"
"('IT', 'Cultivation of wheat')","9.14142278812399e-05","6.59734718555789e-05","5.88376161469775e-05"
"('PL', 'Education (80)')","9.1382892990814e-05","3.28647007006966e-05","9.13826957587409e-05"
"('FI', 'Renting of machinery and equipment without operator and of personal and household goods (71)')","9.13495221718249e-05","6.52285888712495e-05","8.68310401666802e-05"
"('GR', 'Construction (45)')","9.13111068353548e-05","3.12249994133217e-05","9.13098500745044e-05"
"('GR', 'Public administration and defence; compulsory social security (75)')","9.12281282759033e-05","2.63811680835948e-05","8.56219224141306e-05"
"('WE', 'Steam and hot water supply')","9.07798446674161e-05","8.03808002917544e-05","2.8115822485412e-05"
"('SE', 'Pulp')","9.06814117563287e-05","5.59374050132465e-05","7.32809398007174e-05"
"('IT', 'Production of electricity by coal')","9.05041836755596e-05","7.32758670794836e-05","3.98135354602521e-05"
"('NO', 'Aluminium production')","9.04887591255175e-05","5.46555659392461e-05","8.75850252844163e-05"
"('FR', 'Production of meat products nec')","9.03113289223743e-05","5.33957781578435e-05","6.93737564618372e-05"
"('BR', 'Manufacture of ceramic goods')","9.01957935922996e-05","6.04213520911495e-05","8.5895819525109e-05"
"('FR', 'Forestry, logging and related service activities (02)')","9.01293639559312e-05","7.39418036718777e-05","8.12826144801037e-05"
"('AU', 'Cultivation of cereal grains nec')","9.01175811038521e-05","7.56922607171029e-05","6.27193199013973e-05"
"('RO', 'Retail trade, except of motor vehicles and motorcycles; repair of personal and household goods (52)')","8.99864669468404e-05","1.71768894836923e-05","8.99864076890374e-05"
"('CH', 'Transport via railways')","8.99032792615517e-05","6.93773777851904e-05","6.53887046273655e-05"
"('AT', 'Other non-ferrous metal production')","8.98780125675637e-05","6.22004266562427e-05","7.0380714384849e-05"
"('PL', 'Insurance and pension funding, except compulsory social security (66)')","8.96609006182023e-05","3.44217717645693e-05","8.95798380998954e-05"
"('MX', 'P- and other fertiliser')","8.96573618570771e-05","3.19595961261678e-05","8.08159029427274e-05"
"('CH', 'Paper')","8.95398989696259e-05","4.65720006948409e-05","8.90488683657258e-05"
"('FR', 'Manufacture of bricks, tiles and construction products, in baked clay')","8.94958499730086e-05","7.27740716299964e-05","4.3506354218668e-05"
"('WL', 'Animal products nec')","8.9206892405142e-05","8.6071104538567e-05","9.19236791922224e-06"
"('IN', 'Production of electricity by petroleum and other oil derivatives')","8.91589546809834e-05","8.77668267438402e-05","3.53244613158138e-06"
"('WE', 'Raw milk')","8.91372308325211e-05","6.65421873454302e-05","8.15938395764404e-05"
"('PT', 'Manufacture of beverages')","8.90710029474096e-05","3.74670912087138e-05","8.74603007236563e-05"
"('WM', 'Activities of membership organisation n.e.c. (91)')","8.90024483726484e-05","4.49931902004053e-05","8.75905111506291e-05"
"('BE', 'Activities of membership organisation n.e.c. (91)')","8.899975079893e-05","4.73055808180957e-05","8.87099833847986e-05"
"('ID', 'Manufacture of ceramic goods')","8.89220823807055e-05","6.11794162866574e-05","8.70079416085979e-05"
"('GB', 'Re-processing of secondary steel into new steel')","8.87985135092321e-05","3.99517154295359e-05","8.72341246279844e-05"
"('TR', 'Processing of meat poultry')","8.8664308047303e-05","1.61774285796389e-05","8.50992996666799e-05"
"('RU', 'Manufacture of ceramic goods')","8.84897600804306e-05","6.60315494252125e-05","5.98442540125851e-05"
"('WE', 'Manufacture of beverages')","8.84224583131807e-05","3.68429971195558e-05","8.5920786139001e-05"
"('ES', 'Manufacture of furniture; manufacturing n.e.c. (36)')","8.83739266977992e-05","5.01495693922217e-05","8.83728005116052e-05"
"('TW', 'Transport via pipelines')","8.82032469236262e-05","7.18699083227565e-05","4.24346178655542e-05"
"('LV', 'Other land transport')","8.78885192530436e-05","6.34672255936135e-05","5.76722825089911e-05"
"('GR', 'Hotels and restaurants (55)')","8.78007438958954e-05","3.96315744954842e-05","8.77016757685843e-05"
"('IT', 'Poultry farming')","8.75055008242462e-05","5.35470581451702e-05","7.75607762740214e-05"
"('PL', 'Manufacture of glass and glass products')","8.74569757923997e-05","6.54764396577262e-05","7.58080303781806e-05"
"('CZ', 'Transport via railways')","8.7434320492194e-05","7.26799191485979e-05","7.12597705094646e-05"
"('KR', 'Processing of meat cattle')","8.73610219817343e-05","5.80062100904827e-06","8.71832212241868e-05"
"('PL', 'Raw milk')","8.73260769528207e-05","4.42412636780491e-05","8.65749144125203e-05"
"('WF', 'Tanning and dressing of leather; manufacture of luggage, handbags, saddlery, harness and footwear (19)')","8.73234318873046e-05","2.81866873371742e-05","8.71133983985081e-05"
"('PT', 'Distribution and trade of electricity')","8.7282479966335e-05","6.78786741329878e-05","5.77996682310188e-05"
"('CH', 'Manufacture of tobacco products (16)')","8.70922534525691e-05","4.30131918782551e-05","6.34176109235945e-05"
"('TR', 'Manufacture of cement, lime and plaster')","8.70794195903377e-05","6.48985571246943e-05","7.47113150162972e-05"
"('FI', 'Chemicals nec')","8.69137398711283e-05","6.0855410266039e-05","8.68264162335084e-05"
"('MX', 'Aluminium production')","8.67946487901613e-05","4.46157095686451e-05","8.35359252452431e-05"
"('LU', 'Insurance and pension funding, except compulsory social security (66)')","8.67067564278316e-05","3.28236630057123e-05","8.65745503575787e-05"
"('SE', 'Sale, maintenance, repair of motor vehicles, motor vehicles parts, motorcycles, motor cycles parts and accessoiries')","8.66631122815334e-05","4.44102860880393e-05","8.52337872156569e-05"
"('SK', 'Transport via railways')","8.65494826696518e-05","5.76716707509387e-05","8.27409094437303e-05"
"('CZ', 'Collection, purification and distribution of water (41)')","8.65316119126648e-05","8.19988346950346e-05","1.2384791201365e-05"
"('IE', 'Health and social work (85)')","8.64965302766426e-05","2.85497169060877e-05","8.64943704054462e-05"
"('CZ', 'Processing of dairy products')","8.62078875358887e-05","2.11527160544384e-05","8.58923245495302e-05"
"('PT', 'Renting of machinery and equipment without operator and of personal and household goods (71)')","8.58516060720416e-05","6.83531121890561e-05","7.80818241155708e-05"
"('WE', 'Cultivation of vegetables, fruit, nuts')","8.56141886891196e-05","5.32706070473302e-05","8.25399966174526e-05"
"('IE', 'Processing of meat pigs')","8.54268512452433e-05","8.35035116829568e-05","2.7788463921009e-05"
"('WF', 'Private households with employed persons (95)')","8.44749841379128e-05","4.72935122601944e-05","8.44749841379128e-05"
"('GR', 'Other business activities (74)')","8.43707741584602e-05","5.77315857632435e-05","8.43707632383215e-05"
"('TW', 'Manufacture of fish products')","8.4351111948144e-05","8.7574368475442e-06","8.41749926463779e-05"
"('CZ', 'Production of electricity by coal')","8.4230469113326e-05","6.73638336517753e-05","3.92311156624535e-05"
"('TW', 'Processing of meat poultry')","8.40982605586305e-05","1.85643585211755e-05","8.38527262988199e-05"
"('IE', 'Cattle farming')","8.40828956162721e-05","4.02677320995375e-05","7.88783748866114e-05"
"('WL', 'Production of meat products nec')","8.37531413532134e-05","7.58539081179791e-05","3.46948241221038e-05"
"('HR', 'Financial intermediation, except insurance and pension funding (65)')","8.35590754910519e-05","6.67508926693018e-05","8.35525061973871e-05"
"('RU', 'Manufacture of gas; distribution of gaseous fuels through mains')","8.34700721983478e-05","5.62294123799296e-05","5.9808635078859e-05"
"('CZ', 'Insurance and pension funding, except compulsory social security (66)')","8.33714976363065e-05","3.51567163298782e-05","8.11585199708389e-05"
"('BR', 'Manufacture of other transport equipment (35)')","8.33270120004416e-05","3.25818694980942e-05","8.33118068114629e-05"
"('NO', 'Manufacture of fabricated metal products, except machinery and equipment (28)')","8.304740620821e-05","5.43669831778356e-05","8.2379068678717e-05"
"('PL', 'Supporting and auxiliary transport activities; activities of travel agencies (63)')","8.29648926044492e-05","7.27803267726885e-05","8.2367704090416e-05"
"('ES', 'Sea and coastal water transport')","8.29328228560417e-05","3.94112652842612e-05","7.99563371891566e-05"
"('DK', 'Manufacture of basic iron and steel and of ferro-alloys and first products thereof')","8.2889067632861e-05","3.49160557360144e-05","8.2819363797067e-05"
"('DK', 'Manufacture of wood and of products of wood and cork, except furniture; manufacture of articles of straw and plaiting materials (20)')","8.27903215846308e-05","3.9759869824043e-05","8.25696361283758e-05"
"('BE', 'Transmission of electricity')","8.27838188648533e-05","7.61055993065586e-05","2.14369470653788e-05"
"('GR', 'Retail trade, except of motor vehicles and motorcycles; repair of personal and household goods (52)')","8.27786176447197e-05","4.66390465073791e-05","8.277778553305e-05"
"('TR', 'Transport via pipelines')","8.26948210277191e-05","7.48860415158603e-05","3.54012953615467e-05"
"('RO', 'Extraction of natural gas and services related to natural gas extraction, excluding surveying')","8.26542555989147e-05","4.6984914918732e-05","8.22196737259658e-05"
"('IT', 'Cultivation of cereal grains nec')","8.24777021276879e-05","6.35054718242817e-05","6.62798488478684e-05"
"('NL', 'Manufacture of beverages')","8.2437365116405e-05","4.48124173110862e-05","6.512819780081e-05"
"('NO', 'Research and development (73)')","8.24093524412668e-05","1.42452774791643e-05","8.24089355288355e-05"
"('JP', 'Forestry, logging and related service activities (02)')","8.22584886966947e-05","4.16447025201362e-05","8.11912188779009e-05"
"('GB', 'Cattle farming')","8.2216651530664e-05","3.14978778145118e-05","7.9014313590312e-05"
"('DK', 'Sale, maintenance, repair of motor vehicles, motor vehicles parts, motorcycles, motor cycles parts and accessoiries')","8.21848171329312e-05","2.71777631299626e-05","8.21791953407304e-05"
"('NO', 'Transport via pipelines')","8.18590390990355e-05","6.96089916880716e-05","3.97431329265648e-05"
"('RU', 'Inland water transport')","8.18373982110314e-05","7.75444407340512e-05","1.19698623059507e-05"
"('TR', 'Production of electricity by coal')","8.16271286441417e-05","6.14891629235505e-05","4.41245482542899e-05"
"('TW', 'Manufacture of tobacco products (16)')","8.1578500707683e-05","1.8846563072839e-05","7.67979026888475e-05"
"('GB', 'Processing of meat cattle')","8.15687729047582e-05","4.16601335754549e-05","6.1928614147643e-05"
"('MX', 'Distribution and trade of electricity')","8.14731851718538e-05","7.6394863430423e-05","4.48845507153818e-05"
"('IE', 'Education (80)')","8.12018019045175e-05","4.53369707959038e-05","8.09463866804415e-05"
"('WE', 'Sea and coastal water transport')","8.11893422063766e-05","6.14290062944073e-05","7.80225096150735e-05"
"('FR', 'Poultry farming')","8.11059776383232e-05","3.0105688044887e-05","7.47692692674878e-05"
"('WA', 'Extraction, liquefaction, and regasification of other petroleum and gaseous materials')","8.09996580417903e-05","7.84506169487942e-05","9.37434982790713e-06"
"('NL', 'Casting of metals')","8.09897796048618e-05","4.47181198212635e-05","7.42193262127906e-05"
"('CZ', 'Renting of machinery and equipment without operator and of personal and household goods (71)')","8.09351353439553e-05","6.28625576083164e-05","5.38964325132426e-05"
"('DK', 'Air transport (62)')","8.08807664540371e-05","6.89775927890136e-05","7.99410868386346e-05"
"('CZ', 'Air transport (62)')","8.08290539055941e-05","2.04549989439049e-05","8.08284469667046e-05"
"('MX', 'Sugar refining')","8.0723773302125e-05","7.44772414888106e-05","1.53694667513945e-05"
"('PT', 'Real estate activities (70)')","8.07223628183202e-05","5.60329282205811e-05","8.07219228475613e-05"
"('BR', 'Manufacture of glass and glass products')","8.06865914819544e-05","6.1620806606767e-05","7.21627839122722e-05"
"('BE', 'Manufacture of other transport equipment (35)')","8.0625693445728e-05","2.76380427268455e-05","8.03252796421327e-05"
"('NO', 'Landfill of waste: Inert/metal/hazardous')","8.06175446166638e-05","6.54519739659847e-05","3.21681145283025e-05"
"('ID', 'Cultivation of cereal grains nec')","8.0571228661864e-05","7.64574773875411e-05","6.8204839167968e-05"
"('HR', 'Retail trade, except of motor vehicles and motorcycles; repair of personal and household goods (52)')","8.03615234968903e-05","4.62176100082411e-05","8.03615202091105e-05"
"('RU', 'Manufacture of medical, precision and optical instruments, watches and clocks (33)')","8.01927205519843e-05","5.18562334093907e-05","7.99293754607506e-05"
"('WE', 'Cattle farming')","8.01573758399379e-05","4.86820015539365e-05","7.49494684157154e-05"
"('NO', 'Composting of food waste, incl. land application')","8.01399129220395e-05","6.23037039475607e-05","3.60568265624669e-05"
"('PL', 'Distribution and trade of electricity')","8.01337359042046e-05","7.28299249902728e-05","5.42071616318472e-05"
"('WL', 'Lead, zinc and tin production')","8.01281847412964e-05","6.41730730023593e-05","4.32350287976435e-05"
"('BE', 'Inland water transport')","7.98349992612273e-05","7.22362649396747e-05","1.99139396239151e-05"
"('FR', 'Activities of membership organisation n.e.c. (91)')","7.96695570201887e-05","3.63209764035274e-05","7.9669556943997e-05"
"('DE', 'Cultivation of sugar cane, sugar beet')","7.95742257313757e-05","7.06405162180962e-05","3.01494859438982e-05"
"('DE', 'Inland water transport')","7.95441348624972e-05","6.79138114902295e-05","2.29572742452288e-05"
"('WE', 'Aluminium production')","7.94253774229517e-05","4.37257156085219e-05","7.72813727010617e-05"
"('BR', 'Manufacture of radio, television and communication equipment and apparatus (32)')","7.93328438550776e-05","4.7723333156143e-05","7.92833600896893e-05"
"('WF', 'Manufacture of bricks, tiles and construction products, in baked clay')","7.93217092127021e-05","7.17196666075239e-05","2.08407964248915e-05"
"('WF', 'Casting of metals')","7.92200359406157e-05","4.85480097097965e-05","7.24038947826252e-05"
"('WE', 'Sugar refining')","7.91131604609118e-05","5.00266383337364e-05","4.09874872544817e-05"
"('AT', 'Collection, purification and distribution of water (41)')","7.9104074192326e-05","7.4421854068787e-05","2.56702094915779e-05"
"('ES', 'Activities of membership organisation n.e.c. (91)')","7.90739159961956e-05","3.72020066728843e-05","7.85579620775581e-05"
"('MX', 'Education (80)')","7.90025306013556e-05","1.31730357819013e-05","7.90025305946135e-05"
"('DK', 'Pigs farming')","7.89443069250231e-05","4.2321848440348e-05","7.78065593873558e-05"
"('FR', 'Manufacture of other non-metallic mineral products n.e.c.')","7.87695628507423e-05","4.66269788410763e-05","6.95879369547374e-05"
"('ID', 'Transport via pipelines')","7.87587958726934e-05","7.22525505684141e-05","4.15161427453383e-05"
"('DK', 'Biogasification of sewage slugde, incl. land application')","7.86786240227647e-05","5.21705169446822e-05","4.57622672341847e-05"
"('KR', 'Activities of membership organisation n.e.c. (91)')","7.86468798126449e-05","4.55138591026906e-05","7.65476911481051e-05"
"('MX', 'Casting of metals')","7.83941115946932e-05","3.84947922249228e-05","7.17073998107718e-05"
"('ID', 'Private households with employed persons (95)')","7.82987986408414e-05","3.10254903594287e-05","7.82987986408414e-05"
"('NO', 'Waste water treatment, food')","7.8120686391519e-05","7.39554479473464e-05","1.35721621665926e-05"
"('IN', 'Processing of meat cattle')","7.80200139748876e-05","5.85834157171854e-05","2.9923309079248e-05"
"('HU', 'Transport via railways')","7.78929161003595e-05","5.57987280077102e-05","7.09793644027528e-05"
"('IE', 'Public administration and defence; compulsory social security (75)')","7.77626874915637e-05","2.58938647535712e-05","7.69544526403561e-05"
"('RO', 'Manufacture of beverages')","7.77269397571302e-05","2.53380907972041e-05","7.7322454149595e-05"
"('PT', 'Air transport (62)')","7.76194859927327e-05","2.31182450215902e-05","7.75975919617427e-05"
"('PL', 'Cultivation of cereal grains nec')","7.75893188696865e-05","4.75342235834107e-05","7.06576703960692e-05"
"('AT', 'Manufacture of textiles (17)')","7.75660849697129e-05","3.68029356535746e-05","7.75530752491888e-05"
"('MX', 'Sea and coastal water transport')","7.74065717684308e-05","6.14572390328635e-05","7.08451781121104e-05"
"('GB', 'Private households with employed persons (95)')","7.73765167785969e-05","7.72550475391696e-05","7.73765167785969e-05"
"('ZA', 'Manufacture of wearing apparel; dressing and dyeing of fur (18)')","7.73588029184953e-05","7.20148319980951e-06","7.735270895145e-05"
"('DK', 'Waste water treatment, food')","7.72982841987848e-05","7.17797778177053e-05","2.07468859526032e-05"
"('FI', 'Forestry, logging and related service activities (02)')","7.7223655625059e-05","6.814936059939e-05","7.24730597534567e-05"
"('IT', 'Meat animals nec')","7.71660189784129e-05","7.66536719409675e-05","1.30590939785099e-05"
"('HU', 'Cultivation of cereal grains nec')","7.70535935835936e-05","5.66896332589428e-05","6.96616034817091e-05"
"('NO', 'Activities auxiliary to financial intermediation (67)')","7.70243385191393e-05","4.22100650890158e-05","7.70112375496133e-05"
"('TR', 'Production of meat products nec')","7.7009103298287e-05","1.53837559459754e-05","7.44725929283179e-05"
"('ID', 'Processing of meat poultry')","7.69602409994846e-05","6.80423738503418e-05","6.20358428277959e-05"
"('SE', 'Landfill of waste: Paper')","7.68276447186648e-05","7.47334078088104e-05","6.99194034369267e-06"
"('TR', 'Extraction, liquefaction, and regasification of other petroleum and gaseous materials')","7.66358314933762e-05","7.32817744421844e-05","1.78749281629431e-05"
"('LV', 'Supporting and auxiliary transport activities; activities of travel agencies (63)')","7.66329486047168e-05","3.18235304109689e-05","7.66321748044096e-05"
"('US', 'Production of meat products nec')","7.661292009234e-05","6.88056014899623e-05","2.50514557040507e-05"
"('WF', 'Cultivation of sugar cane, sugar beet')","7.64963197595006e-05","7.28661298316002e-05","3.16494350513959e-05"
"('SE', 'Manufacture of beverages')","7.64418308469108e-05","3.02026299987261e-05","7.34616380868452e-05"
"('DK', 'Steam and hot water supply')","7.62979616147457e-05","5.89753180032022e-05","3.12049962205897e-05"
"('TR', 'Processing of meat cattle')","7.62400803654584e-05","7.51647504396363e-06","7.46159338490828e-05"
"('MX', 'Manufacture of other non-metallic mineral products n.e.c.')","7.62359124116432e-05","5.03590870167164e-05","6.71423770864856e-05"
"('TR', 'Production of electricity by gas')","7.61903234074642e-05","6.03439928058168e-05","3.17172215684969e-05"
"('ID', 'Manufacture of electrical machinery and apparatus n.e.c. (31)')","7.60302598279706e-05","4.45545321452003e-05","7.59853149151596e-05"
"('IN', 'Manufacture of gas; distribution of gaseous fuels through mains')","7.60291977871937e-05","6.03991771345072e-05","4.54920846897767e-05"
"('IT', 'Processed rice')","7.59943302428399e-05","7.06202790391576e-05","1.79671718079991e-05"
"('CZ', 'Incineration of waste: Wood')","7.59522417935276e-05","7.35978582504419e-05","6.74212592618513e-06"
"('BE', 'Recreational, cultural and sporting activities (92)')","7.58568426516952e-05","3.86668874601013e-05","7.56716467074701e-05"
"('PL', 'Landfill of waste: Paper')","7.56764357978257e-05","6.5770004912391e-05","2.4215189198042e-05"
"('PT', 'Computer and related activities (72)')","7.55991188374398e-05","4.66689443913035e-05","7.55959630225193e-05"
"('SK', 'Manufacture of gas; distribution of gaseous fuels through mains')","7.55186688416992e-05","5.34242453824913e-05","7.04348215710499e-05"
"('TR', 'Education (80)')","7.52820109328038e-05","3.08077919435731e-05","7.52820109328038e-05"
"('LV', 'Construction (45)')","7.51199632858951e-05","3.55586695918332e-05","7.51191258598065e-05"
"('WF', 'Cultivation of plant-based fibers')","7.51175863471708e-05","6.62790623795294e-05","3.37187460664992e-05"
"('DE', 'Precious metals production')","7.50654746327913e-05","3.73924051319245e-05","6.31735206477143e-05"
"('SE', 'Chemicals nec')","7.50448415635683e-05","4.60436035333097e-05","7.47957463266241e-05"
"('PL', 'Transport via pipelines')","7.49574088607653e-05","6.92851435955775e-05","2.9552648270439e-05"
"('TR', 'Cultivation of cereal grains nec')","7.49551301645209e-05","6.81577944229034e-05","4.82204828179932e-05"
"('DK', 'Manufacture of office machinery and computers (30)')","7.48774409717002e-05","1.83185923668434e-05","7.48770116997942e-05"
"('TR', 'Cultivation of plant-based fibers')","7.46071086771824e-05","6.28410143215462e-05","3.70551006113761e-05"
"('ZA', 'P- and other fertiliser')","7.44011931915925e-05","3.53705514994496e-05","7.30743212703115e-05"
"('FI', 'Landfill of waste: Food')","7.4370177760462e-05","7.105228873337e-05","1.27073266274255e-05"
"('ES', 'Production of electricity by hydro')","7.43613355536835e-05","7.07468763908463e-05","2.07550973742008e-05"
"('LU', 'Air transport (62)')","7.4316233520367e-05","2.25400138702687e-05","7.42205567207069e-05"
"('DK', 'Incineration of waste: Wood')","7.43078802951958e-05","6.03996420501127e-05","2.53707709432906e-05"
"('IN', 'Recreational, cultural and sporting activities (92)')","7.42791069389107e-05","3.39815885395967e-05","7.37131019126948e-05"
"('AU', 'Cultivation of oil seeds')","7.4254439860775e-05","6.54516818012488e-05","5.39049807256086e-05"
"('PT', 'Manufacture of textiles (17)')","7.41987783935322e-05","4.90184128835502e-05","7.41825907365426e-05"
"('SE', 'Manufacture of office machinery and computers (30)')","7.40107565580774e-05","3.16911124087288e-05","7.40094187819485e-05"
"('MT', 'Construction (45)')","7.39689436700359e-05","1.92185566603004e-05","7.39622756443653e-05"
"('GR', 'Processing of Food products nec')","7.39123574645754e-05","3.09458010934686e-05","7.38769905472477e-05"
"('ID', 'Production of electricity by gas')","7.38709942356527e-05","4.73500802204211e-05","4.50367698733091e-05"
"('GB', 'Precious metals production')","7.38420737442123e-05","2.55716103473559e-05","7.06732894171161e-05"
"('HR', 'Wholesale trade and commission trade, except of motor vehicles and motorcycles (51)')","7.37141136797202e-05","4.16755268194522e-05","7.37019058651817e-05"
"('SI', 'Processing of Food products nec')","7.35419283843865e-05","2.82753646680995e-05","7.35374787580363e-05"
"('RO', 'Processing of Food products nec')","7.34625390570425e-05","1.92743043796718e-05","7.33300518003725e-05"
"('TW', 'Production of electricity by gas')","7.33885492327579e-05","6.9630147916836e-05","2.19636219334304e-05"
"('PL', 'Cultivation of vegetables, fruit, nuts')","7.3373797525107e-05","4.41263568257522e-05","7.14137451042744e-05"
"('LT', 'Supporting and auxiliary transport activities; activities of travel agencies (63)')","7.33396401675417e-05","4.53805571482558e-05","7.33341024396686e-05"
"('ES', 'Cultivation of cereal grains nec')","7.31892934006613e-05","6.34260482542788e-05","5.89056572866579e-05"
"('WL', 'Manufacture of coke oven products')","7.28945111590579e-05","6.70233599059557e-05","1.43393410551292e-05"
"('MX', 'Production of electricity by Geothermal')","7.27943619552069e-05","7.27246245211819e-05","8.27272176179697e-07"
"('PT', 'Paper')","7.27188112724488e-05","3.79233053347658e-05","7.24123953767904e-05"
"('BG', 'Manufacture of rubber and plastic products (25)')","7.27107338838468e-05","3.34592860079785e-05","7.26800387577337e-05"
"('BR', 'Fishing, operating of fish hatcheries and fish farms; service activities incidental to fishing (05)')","7.2667878483424e-05","6.33072263241482e-05","3.20901536678418e-05"
"('WE', 'Research and development (73)')","7.24767022591513e-05","2.15007730466681e-05","7.24765831441903e-05"
"('BG', 'Hotels and restaurants (55)')","7.24393660913991e-05","2.50359380712125e-05","7.2275256663381e-05"
"('BE', 'Publishing, printing and reproduction of recorded media (22)')","7.23759678801753e-05","3.52690022276601e-05","7.23755567596547e-05"
"('WE', 'Sale, maintenance, repair of motor vehicles, motor vehicles parts, motorcycles, motor cycles parts and accessoiries')","7.21672907017517e-05","3.30388837290685e-05","7.20609295038511e-05"
"('GR', 'Sea and coastal water transport')","7.20502988934204e-05","4.44783702237822e-05","6.61880873474187e-05"
"('LU', 'Manufacture of rubber and plastic products (25)')","7.19909053226875e-05","3.37428640198657e-05","7.19865267000501e-05"
"('FI', 'Manufacture of cement, lime and plaster')","7.19874410885369e-05","4.6403565018336e-05","5.77334686183753e-05"
"('IE', 'Manufacture of rubber and plastic products (25)')","7.18921219260978e-05","5.68377812487691e-05","7.13694211934794e-05"
"('TR', 'Processing of dairy products')","7.1891376358527e-05","3.11058370943068e-05","6.50043227604176e-05"
"('NO', 'Processing of Food products nec')","7.18649082867476e-05","4.00706304274865e-05","7.1809485678811e-05"
"('PT', 'Sale, maintenance, repair of motor vehicles, motor vehicles parts, motorcycles, motor cycles parts and accessoiries')","7.18076351801737e-05","2.31985495677516e-05","7.1588201327681e-05"
"('KR', 'Raw milk')","7.17950520948049e-05","5.62613732899207e-05","5.53078876095112e-05"
"('WE', 'Pigs farming')","7.1008707751855e-05","6.06139135560791e-05","6.57367461563223e-05"
"('BR', 'Distribution and trade of electricity')","7.06445535296211e-05","4.81251160850461e-05","4.40999787321465e-05"
"('EE', 'Construction (45)')","7.05501339749899e-05","3.92904781338567e-05","5.88396600688785e-05"
"('IN', 'Activities of membership organisation n.e.c. (91)')","7.04640134789409e-05","5.8241846113363e-05","6.72599841677096e-05"
"('RU', 'Manufacture of tobacco products (16)')","7.01314527202047e-05","2.41586748967798e-05","5.68507293307517e-05"
"('NO', 'Manufacture of fish products')","7.009439766236e-05","3.32995660368078e-05","6.53818966091765e-05"
"('ES', 'Other service activities (93)')","7.00246761843118e-05","2.69466666857867e-05","6.99008817213241e-05"
"('CZ', 'Paper')","6.99731653940798e-05","3.71557404841401e-05","6.97429788922772e-05"
"('HU', 'Extraction of crude petroleum and services related to crude oil extraction, excluding surveying')","6.99717155893148e-05","4.67090326944702e-05","5.55422602434282e-05"
"('GR', 'Cultivation of vegetables, fruit, nuts')","6.98530255042696e-05","4.39223032632309e-05","6.863758968091e-05"
"('CZ', 'Research and development (73)')","6.95850751377654e-05","2.68201337998952e-05","6.95850751377654e-05"
"('AT', 'Public administration and defence; compulsory social security (75)')","6.95602222021705e-05","1.2850850159498e-05","6.93942598040889e-05"
"('WE', 'Cultivation of oil seeds')","6.94548267883043e-05","5.82814267389499e-05","5.36933768425691e-05"
"('CY', 'Financial intermediation, except insurance and pension funding (65)')","6.93609141089255e-05","5.44140762012811e-05","6.93340785380963e-05"
"('WE', 'Publishing, printing and reproduction of recorded media (22)')","6.9240465318531e-05","3.95824269499859e-05","6.92402097209143e-05"
"('IT', 'Lead, zinc and tin production')","6.91597804282636e-05","5.0473944414465e-05","4.61154851392581e-05"
"('TW', 'Copper production')","6.90626927427704e-05","4.12218494789108e-05","6.85821965033667e-05"
"('CA', 'Poultry farming')","6.90580955160194e-05","4.29728832140091e-05","6.4566186944952e-05"
"('PT', 'Incineration of waste: Paper')","6.89790783321441e-05","6.48510551063275e-05","2.59847235720159e-05"
"('BE', 'Production of electricity by gas')","6.893637072903e-05","5.67286903423899e-05","3.15637966155119e-05"
"('NL', 'Manufacture of wearing apparel; dressing and dyeing of fur (18)')","6.87130921300311e-05","1.11710743439373e-05","6.87130667987301e-05"
"('RU', 'Recreational, cultural and sporting activities (92)')","6.85625172824353e-05","3.95514716795574e-05","6.81791902424207e-05"
"('AT', 'Casting of metals')","6.84905669584716e-05","3.84823603164765e-05","6.65294814580534e-05"
"('JP', 'Animal products nec')","6.84102400873829e-05","6.54602642065298e-05","1.22376342066112e-05"
"('GB', 'Manufacture of bricks, tiles and construction products, in baked clay')","6.82562758175457e-05","6.25731300429635e-05","1.83317702870975e-05"
"('CH', 'Activities of membership organisation n.e.c. (91)')","6.82252471424159e-05","1.49673288728491e-05","6.80695663627298e-05"
"('NL', 'Extraction of crude petroleum and services related to crude oil extraction, excluding surveying')","6.82237947018623e-05","5.6150534674682e-05","6.67085011050188e-05"
"('AU', 'Manufacture of office machinery and computers (30)')","6.80841444393449e-05","2.94436437295904e-05","6.80827367709115e-05"
"('ZA', 'Manufacture of wood and of products of wood and cork, except furniture; manufacture of articles of straw and plaiting materials (20)')","6.80438423419321e-05","5.47472047288054e-05","6.75496154554736e-05"
"('NO', 'Manufacture of other transport equipment (35)')","6.7981613817528e-05","3.63758888149264e-05","6.79318668215949e-05"
"('CY', 'Construction (45)')","6.78939228420946e-05","2.61859683460996e-05","6.7771007415087e-05"
"('GR', 'Other land transport')","6.78817037341956e-05","3.53850389712473e-05","6.76500823854939e-05"
"('AT', 'Publishing, printing and reproduction of recorded media (22)')","6.78509351899578e-05","3.63181383792186e-05","6.78498576716815e-05"
"('BG', 'Manufacture of fabricated metal products, except machinery and equipment (28)')","6.77002679090279e-05","4.01639070212767e-05","6.76667664447583e-05"
"('WE', 'Manufacture of electrical machinery and apparatus n.e.c. (31)')","6.76311070734353e-05","4.97169019580414e-05","6.7583531166694e-05"
"('SK', 'Plastics, basic')","6.76061586230184e-05","3.50372240932395e-05","6.67606264812944e-05"
"('BG', 'Processing of Food products nec')","6.75892090080155e-05","3.25357967130371e-05","6.75767160995899e-05"
"('PL', 'Activities auxiliary to financial intermediation (67)')","6.73911969904242e-05","3.77378479901552e-05","6.73106898756001e-05"
"('NL', 'Lead, zinc and tin production')","6.73847630964268e-05","4.58644190049698e-05","4.23651250389741e-05"
"('FI', 'Incineration of waste: Metals and Inert materials')","6.67552634267566e-05","5.99309723700821e-05","2.40464293257464e-05"
"('WE', 'Other service activities (93)')","6.65679485397235e-05","9.02933684269056e-06","6.65679485397235e-05"
"('MX', 'Activities auxiliary to financial intermediation (67)')","6.64899172084951e-05","5.01654840733608e-05","6.63592519064541e-05"
"('AT', 'Insurance and pension funding, except compulsory social security (66)')","6.64010135754473e-05","3.49297176540648e-05","6.5854824898529e-05"
"('ES', 'Processing of dairy products')","6.63990042436235e-05","2.76261550583737e-05","6.23665405686475e-05"
"('AU', 'P- and other fertiliser')","6.63958335539712e-05","3.85110254860112e-05","5.89135495898431e-05"
"('SK', 'Computer and related activities (72)')","6.61436263771474e-05","3.73659899107843e-05","6.61435453974185e-05"
"('SK', 'Petroleum Refinery')","6.60388190962344e-05","2.99871816217185e-05","6.58545042290161e-05"
"('TW', 'Recreational, cultural and sporting activities (92)')","6.60340087953538e-05","3.44341669711297e-05","6.53446004322094e-05"
"('DK', 'Incineration of waste: Oil/Hazardous waste')","6.59724253940983e-05","4.91651879443937e-05","3.22922697169803e-05"
"('BE', 'Manufacture of glass and glass products')","6.59461067106994e-05","3.51454918802517e-05","5.93638336693654e-05"
"('ES', 'Processing of meat poultry')","6.58821829069447e-05","2.11426177381859e-05","6.08235694689328e-05"
"('DE', 'Extraction of natural gas and services related to natural gas extraction, excluding surveying')","6.57177007706828e-05","3.75416411239743e-05","5.97859598082645e-05"
"('MX', 'Manufacture of medical, precision and optical instruments, watches and clocks (33)')","6.56667777229388e-05","3.28072136984165e-05","6.54812133535671e-05"
"('WM', 'Retail sale of automotive fuel')","6.56502323452609e-05","4.41572597032615e-05","4.47903296224014e-05"
"('BE', 'Waste water treatment, food')","6.55654924867376e-05","6.40721757101493e-05","7.1224114749046e-06"
"('IT', 'Extraction of natural gas and services related to natural gas extraction, excluding surveying')","6.55278284184542e-05","4.8353906919833e-05","4.59223982947138e-05"
"('CH', 'Manufacture of glass and glass products')","6.53998532991091e-05","3.34624074077112e-05","6.35864101281528e-05"
"('FI', 'Processing of dairy products')","6.52964200647807e-05","2.33863183547336e-05","6.2595896417586e-05"
"('HR', 'Petroleum Refinery')","6.52446517550541e-05","2.84164155734625e-05","6.52032007972648e-05"
"('ZA', 'Manufacture of electrical machinery and apparatus n.e.c. (31)')","6.52060028895419e-05","4.50755115806549e-05","6.51810283748409e-05"
"('SI', 'Manufacture of fabricated metal products, except machinery and equipment (28)')","6.52047861993803e-05","4.54887391151516e-05","6.51418774462747e-05"
"('HR', 'Other land transport')","6.51483059056552e-05","4.02690246148298e-05","6.50827593563603e-05"
"('FI', 'Education (80)')","6.5107753644289e-05","1.77674552463948e-05","6.5107753644289e-05"
"('PL', 'Research and development (73)')","6.50062548004945e-05","3.11789431691122e-05","6.50058717453911e-05"
"('FI', 'Re-processing of secondary steel into new steel')","6.49051613828445e-05","3.22532915738414e-05","6.44136100817508e-05"
"('WF', 'Manufacture of medical, precision and optical instruments, watches and clocks (33)')","6.47295492570124e-05","3.81657604699335e-05","6.46504034514278e-05"
"('FI', 'Activities auxiliary to financial intermediation (67)')","6.47071699904232e-05","4.36258913871701e-05","6.46610359134688e-05"
"('FI', 'Sea and coastal water transport')","6.46769433474275e-05","2.93604706936799e-05","5.8266777646879e-05"
"('GB', 'Retail sale of automotive fuel')","6.46298567797035e-05","4.91902357805692e-05","4.0878416302869e-05"
"('PT', 'Processing of dairy products')","6.44258398874995e-05","3.18892811794447e-05","5.94455359733283e-05"
"('RO', 'Manufacture of wood and of products of wood and cork, except furniture; manufacture of articles of straw and plaiting materials (20)')","6.44035270824904e-05","3.43287144199442e-05","6.39629845518994e-05"
"('HR', 'Hotels and restaurants (55)')","6.44021732180416e-05","3.79962374412372e-05","6.43396149179237e-05"
"('GR', 'Post and telecommunications (64)')","6.43261262844588e-05","3.69118319531884e-05","6.42704407612354e-05"
"('IT', 'Pigs farming')","6.42912287476821e-05","2.87683749117147e-05","6.10219528084833e-05"
"('DE', 'Processing of nuclear fuel')","6.42211523540755e-05","3.69988298175996e-06","6.31896535202462e-05"
"('RU', 'Sugar refining')","6.40370532985101e-05","4.74907139308733e-05","2.60566236265055e-05"
"('NL', 'Manufacture of tobacco products (16)')","6.39662824690525e-05","2.58710013819999e-05","4.68319288020714e-05"
"('CA', 'Manufacture of medical, precision and optical instruments, watches and clocks (33)')","6.37987467825936e-05","4.06014358318666e-05","6.37412324973702e-05"
"('DE', 'Poultry farming')","6.37785615945586e-05","1.18154553985445e-05","6.19330008328573e-05"
"('NL', 'Transmission of electricity')","6.37620263961676e-05","6.17699358941634e-05","9.43853526668594e-06"
"('EE', 'Other land transport')","6.35315379972975e-05","3.61406072835833e-05","6.17160981184652e-05"
"('FI', 'Other non-ferrous metal production')","6.31774199529885e-05","3.72950452631613e-05","4.86790601787946e-05"
"('SK', 'Incineration of waste: Metals and Inert materials')","6.30063693148433e-05","5.18577496920483e-05","3.87432489997541e-05"
"('FR', 'Extraction of crude petroleum and services related to crude oil extraction, excluding surveying')","6.29110573250548e-05","4.07163479958682e-05","4.70322633646874e-05"
"('TR', 'Manufacture of fish products')","6.28780265321708e-05","1.70484007951232e-05","6.07166096566217e-05"
"('ID', 'Transport via railways')","6.2873491915967e-05","5.13406475644277e-05","4.43908764868213e-05"
"('SI', 'Manufacture of rubber and plastic products (25)')","6.2855591511497e-05","2.66808434524332e-05","6.28302139685658e-05"
"('HU', 'Manufacture of beverages')","6.27762605766078e-05","2.59441673897947e-05","5.90562874069377e-05"
"('PT', 'Manufacture of wood and of products of wood and cork, except furniture; manufacture of articles of straw and plaiting materials (20)')","6.25624005323717e-05","3.5375376074895e-05","6.20081776465735e-05"
"('NL', 'Activities of membership organisation n.e.c. (91)')","6.24532435360911e-05","2.54279970095834e-05","6.2213206722682e-05"
"('IE', 'Manufacture of fabricated metal products, except machinery and equipment (28)')","6.24114505054659e-05","4.93344068198063e-05","6.0776496735227e-05"
"('ES', 'Manufacture of glass and glass products')","6.23911253826893e-05","5.22661490308286e-05","4.84054928633274e-05"
"('ZA', 'Manufacture of other non-metallic mineral products n.e.c.')","6.22880565178613e-05","3.32743385696688e-05","6.09672142411355e-05"
"('BE', 'Cattle farming')","6.21958534310915e-05","3.30103519778071e-05","5.40364750070258e-05"
"('WE', 'Chemicals nec')","6.20107507123211e-05","1.82190637963299e-05","6.13588641225066e-05"
"('AU', 'Plastics, basic')","6.19302600697595e-05","2.86886810042302e-05","6.09106907215531e-05"
"('NO', 'Health and social work (85)')","6.18624662187115e-05","6.2928706818981e-06","6.18624662187115e-05"
"('TW', 'Manufacture of coke oven products')","6.17521388760487e-05","4.39777628077486e-05","5.16385408095719e-05"
"('NO', 'Incineration of waste: Wood')","6.17277877944626e-05","5.69547690675977e-05","1.12229793832342e-05"
"('JP', 'Cultivation of crops nec')","6.13802227867646e-05","4.97996602487936e-05","3.237896935611e-05"
"('BR', 'Inland water transport')","6.12902811728588e-05","5.66774124499311e-05","1.72837646331981e-05"
"('FI', 'Mining of lead, zinc and tin ores and concentrates')","6.1127375515685e-05","6.00371485073849e-05","3.17306477866294e-06"
"('WE', 'Processing vegetable oils and fats')","6.07802618476505e-05","4.6875622712103e-05","3.65204292013533e-05"
"('ES', 'Manufacture of bricks, tiles and construction products, in baked clay')","6.07231882794495e-05","5.62927092372452e-05","1.80512568711222e-05"
"('CZ', 'Transport via pipelines')","6.07034154879676e-05","5.51486603631017e-05","1.85017007587982e-05"
"('WF', 'Manufacture of gas; distribution of gaseous fuels through mains')","6.07027131965967e-05","3.05419845917336e-05","5.15132588674875e-05"
"('ZA', 'Paper')","6.06664967159808e-05","4.48731419936726e-05","5.9864562622399e-05"
"('AT', 'Mining of other non-ferrous metal ores and concentrates')","6.06240483456707e-05","5.45700409911053e-05","2.2305573596996e-05"
"('TR', 'Manufacture of beverages')","6.06047530098108e-05","1.87604351197776e-05","5.92523297549024e-05"
"('HU', 'Manufacture of basic iron and steel and of ferro-alloys and first products thereof')","6.03851210644865e-05","2.87118658847164e-05","6.02332895699553e-05"
"('PL', 'Recreational, cultural and sporting activities (92)')","6.03175415295258e-05","3.56837912976889e-05","6.01902248377241e-05"
"('US', 'Cultivation of paddy rice')","6.02570982258577e-05","5.14044483947636e-05","2.77637482489873e-05"
"('IE', 'Transport via pipelines')","6.02519973114525e-05","3.7764048224782e-05","5.25643851473187e-05"
"('DK', 'Health and social work (85)')","6.01519355225625e-05","9.54287359144066e-06","6.01519272767326e-05"
"('RU', 'Retail sale of automotive fuel')","6.00974959685783e-05","4.57496747620129e-05","3.88653089005941e-05"
"('CH', 'Manufacture of textiles (17)')","5.99073141683415e-05","4.14095924388248e-05","5.98904200687158e-05"
"('BG', 'Collection, purification and distribution of water (41)')","5.96848832455812e-05","5.57161051517429e-05","1.2000696734143e-05"
"('FR', 'Fishing, operating of fish hatcheries and fish farms; service activities incidental to fishing (05)')","5.94048532755421e-05","2.94776965870797e-05","5.91325633516625e-05"
"('WF', 'Wool, silk-worm cocoons')","5.93621826139683e-05","5.75217476540249e-05","7.49933620813541e-06"
"('DE', 'Manufacture of tobacco products (16)')","5.93317900888244e-05","3.46422682373513e-05","3.58446724721384e-05"
"('CZ', 'Manufacture of glass and glass products')","5.91751642926982e-05","3.59282640412806e-05","5.64629839131226e-05"
"('ZA', 'Transport via railways')","5.89028163590994e-05","3.85744005684249e-05","5.43414669297376e-05"
"('IT', 'Activities of membership organisation n.e.c. (91)')","5.88054906008592e-05","2.26916086048877e-05","5.83435076110637e-05"
"('PT', 'Re-processing of secondary steel into new steel')","5.87391075145288e-05","2.59850916808693e-05","5.84021866091692e-05"
"('FI', 'Transport via railways')","5.86154535822951e-05","4.9550670385824e-05","4.67495111588024e-05"
"('DK', 'Post and telecommunications (64)')","5.85477546080587e-05","4.41716284393724e-05","5.81792504537238e-05"
"('ZA', 'Precious metals production')","5.85063887963737e-05","3.23500335606163e-05","5.16099317377176e-05"
"('IE', 'Raw milk')","5.84912168154284e-05","4.64009807960695e-05","5.08755218839765e-05"
"('NL', 'Landfill of waste: Food')","5.84687368012351e-05","5.79036330117114e-05","3.21554278105997e-06"
"('KR', 'Animal products nec')","5.82638468770701e-05","4.53504165855653e-05","1.99923814141805e-05"
"('DK', 'Education (80)')","5.82069389422416e-05","9.24117037472088e-06","5.82069138841527e-05"
"('JP', 'Mining of iron ores')","5.8111819987935e-05","5.73288323607902e-05","3.32019923668657e-06"
"('NO', 'Landfill of waste: Textiles')","5.79266874917736e-05","5.73919499631438e-05","3.21098673086764e-06"
"('BR', 'Production of electricity by petroleum and other oil derivatives')","5.79212490503437e-05","5.37010085605931e-05","8.49690928122116e-06"
"('SI', 'Manufacture of machinery and equipment n.e.c. (29)')","5.78727751697019e-05","1.90776300993504e-05","5.78538181330245e-05"
"('DE', 'Processing vegetable oils and fats')","5.78627135143919e-05","4.2917420836623e-05","2.77438368603537e-05"
"('CH', 'P- and other fertiliser')","5.77586218169673e-05","4.56004957014861e-05","3.4966152889847e-05"
"('DK', 'Raw milk')","5.76176071545793e-05","3.96665732478034e-05","5.68872114935155e-05"
"('RU', 'Manufacture of radio, television and communication equipment and apparatus (32)')","5.75687601037821e-05","4.62380960317991e-05","5.75305585792889e-05"
"('AU', 'Manufacture of other non-metallic mineral products n.e.c.')","5.75472171265594e-05","4.47469614645039e-05","3.67204844515436e-05"
"('IE', 'Manufacture of wood and of products of wood and cork, except furniture; manufacture of articles of straw and plaiting materials (20)')","5.74846656291815e-05","4.01935706058732e-05","5.7172570687611e-05"
"('PL', 'Pigs farming')","5.74579701209785e-05","4.07691300714841e-05","5.72397501928639e-05"
"('PT', 'Cultivation of vegetables, fruit, nuts')","5.74195604929078e-05","3.16069288058796e-05","5.6801649973649e-05"
"('NL', 'Aluminium production')","5.74014871540505e-05","3.01349707465797e-05","5.66186593193883e-05"
"('CZ', 'Post and telecommunications (64)')","5.73117503924661e-05","4.46045543240243e-05","5.7118810017712e-05"
"('WE', 'Cultivation of wheat')","5.7311550209169e-05","4.82468768872009e-05","4.28892999871093e-05"
"('MX', 'Transmission of electricity')","5.71873340157233e-05","5.50046261947707e-05","1.64125914621295e-05"
"('WE', 'Copper production')","5.71783092318735e-05","4.32005539269891e-05","5.10329337176707e-05"
"('WF', 'Production of electricity by coal')","5.7045794584004e-05","4.78047270490674e-05","3.44966000154847e-05"
"('KR', 'Pulp')","5.6958665098655e-05","3.15767792304179e-05","5.02452651038991e-05"
"('ZA', 'Manufacture of basic iron and steel and of ferro-alloys and first products thereof')","5.69302973203074e-05","3.10938068739363e-05","5.6865081219132e-05"
"('BR', 'Production of electricity by biomass and waste')","5.691988170692e-05","5.64854371822902e-05","1.22213145219956e-06"
"('PL', 'Production of electricity by wind')","5.68467416689837e-05","5.53656814299581e-05","1.23460362244574e-05"
"('AU', 'Poultry farming')","5.68423146838465e-05","4.11224751582427e-05","5.56405299695202e-05"
"('CH', 'Production of electricity by hydro')","5.67881784431048e-05","5.01415291126882e-05","2.10648078637531e-05"
"('IE', 'Production of electricity by gas')","5.67631092063022e-05","5.003771848709e-05","1.90150745823513e-05"
"('SE', 'Mining of precious metal ores and concentrates')","5.66056717851533e-05","3.09241605791695e-05","3.1323120116103e-05"
"('PT', 'Incineration of waste: Oil/Hazardous waste')","5.65079317361508e-05","5.30672821442815e-05","1.14718970757572e-05"
"('WF', 'Activities of membership organisation n.e.c. (91)')","5.64853580784057e-05","1.83765748399644e-05","5.61376308577928e-05"
"('TW', 'Production of electricity by coal')","5.64734626146941e-05","5.3872822057576e-05","2.38729183226305e-05"
"('TR', 'Production of electricity by hydro')","5.64200122076779e-05","5.38138834537443e-05","1.89265394417588e-05"
"('TR', 'Activities auxiliary to financial intermediation (67)')","5.64012984145486e-05","5.04800579300347e-05","5.62060406566982e-05"
"('WE', 'Manufacture of wood and of products of wood and cork, except furniture; manufacture of articles of straw and plaiting materials (20)')","5.63101495320604e-05","4.74768369456626e-05","5.54156946555524e-05"
"('AU', 'Manufacture of other transport equipment (35)')","5.63050072982967e-05","3.16470830575626e-05","5.62989003832209e-05"
"('PL', 'Cultivation of wheat')","5.60425337385532e-05","4.13635712647659e-05","4.73590580980403e-05"
"('US', 'Fishing, operating of fish hatcheries and fish farms; service activities incidental to fishing (05)')","5.5959277997386e-05","2.41701310329611e-05","5.4831889467213e-05"
"('PL', 'Transmission of electricity')","5.59199630677786e-05","5.40668745145224e-05","2.00920350211519e-05"
"('WM', 'Production of electricity by coal')","5.58240726317464e-05","4.60883018646944e-05","1.80242906012779e-05"
"('DK', 'Manufacture of textiles (17)')","5.56537064693368e-05","3.28833842743884e-05","5.56514447191772e-05"
"('NO', 'Manufacture of motor vehicles, trailers and semi-trailers (34)')","5.56427526419815e-05","1.90603860182804e-05","5.56425239673652e-05"
"('CH', 'Production of electricity by nuclear')","5.56183089001257e-05","5.04033457588393e-05","1.43522827760021e-05"
"('IT', 'Steam and hot water supply')","5.55703867075693e-05","5.0143383820941e-05","1.57630496821814e-05"
"('HU', 'Sale, maintenance, repair of motor vehicles, motor vehicles parts, motorcycles, motor cycles parts and accessoiries')","5.55678586906521e-05","2.78361894937442e-05","5.52259438630878e-05"
"('AU', 'Processing of meat poultry')","5.55253112867301e-05","3.15200917079666e-06","5.45691543191043e-05"
"('PL', 'Sugar refining')","5.552227261042e-05","4.56981580707427e-05","2.1892474145985e-05"
"('TR', 'Tanning and dressing of leather; manufacture of luggage, handbags, saddlery, harness and footwear (19)')","5.54544010477973e-05","2.82283127967742e-05","5.16037543274451e-05"
"('PL', 'P- and other fertiliser')","5.53676677016363e-05","4.56972300411698e-05","3.23651678019807e-05"
"('CZ', 'Chemicals nec')","5.52150194757183e-05","2.10074569238718e-05","5.52141335778368e-05"
"('FI', 'Manufacture of other transport equipment (35)')","5.51676264901668e-05","1.62676069886108e-05","5.51673825637706e-05"
"('WF', 'Precious metals production')","5.51502260474073e-05","3.40798251052897e-05","4.5933747793716e-05"
"('BE', 'Education (80)')","5.50837286120733e-05","1.03673660289671e-05","5.50837123195967e-05"
"('ID', 'Pigs farming')","5.50816175204379e-05","4.56202709088383e-05","4.9705474290114e-05"
"('RO', 'Education (80)')","5.50760525102453e-05","1.94830252040529e-05","5.50760525102453e-05"
"('WE', 'Manufacture of fish products')","5.50727342915467e-05","2.79929207589373e-05","5.1582135872776e-05"
"('WE', 'Computer and related activities (72)')","5.49670228285893e-05","3.89035380949352e-05","5.49541385130089e-05"
"('MX', 'Fishing, operating of fish hatcheries and fish farms; service activities incidental to fishing (05)')","5.46570259090258e-05","3.42193839600799e-05","5.4198698897109e-05"
"('GB', 'Processing of meat poultry')","5.45487624492514e-05","1.38128064957807e-05","4.95291561999243e-05"
"('ID', 'Processing of meat pigs')","5.4289573322674e-05","6.91618114236398e-06","5.32779452714955e-05"
"('CA', 'Processing vegetable oils and fats')","5.406698237201e-05","3.72535952357183e-05","3.43599950432195e-05"
"('BE', 'Re-processing of secondary steel into new steel')","5.39671711530269e-05","2.51568178887203e-05","5.37837735220054e-05"
"('US', 'Mining of precious metal ores and concentrates')","5.39631086369808e-05","5.1317358629696e-05","4.88353203059632e-06"
"('FI', 'Sale, maintenance, repair of motor vehicles, motor vehicles parts, motorcycles, motor cycles parts and accessoiries')","5.39265643960235e-05","2.63264240177883e-05","5.38441839017732e-05"
"('RO', 'Extraction of crude petroleum and services related to crude oil extraction, excluding surveying')","5.39017670259752e-05","3.69976235225681e-07","5.39017670259692e-05"
"('CA', 'Private households with employed persons (95)')","5.36481203298791e-05","5.3637895140559e-05","5.36481203298791e-05"
"('LT', 'Other business activities (74)')","5.36261354506167e-05","4.33451941090645e-05","5.36253109990916e-05"
"('TR', 'Manufacture of other transport equipment (35)')","5.36037994584472e-05","2.28943109064163e-05","5.35689834422027e-05"
"('KR', 'Production of electricity by petroleum and other oil derivatives')","5.35280556606185e-05","5.32609654363763e-05","2.41974007812382e-06"
"('WE', 'Manufacture of coke oven products')","5.3519426898882e-05","4.61252496920165e-05","2.01243552754618e-05"
"('SE', 'Insurance and pension funding, except compulsory social security (66)')","5.34378726431232e-05","2.97987640021389e-05","5.29718312252158e-05"
"('ZA', 'Tanning and dressing of leather; manufacture of luggage, handbags, saddlery, harness and footwear (19)')","5.33654879153879e-05","1.13326404088846e-05","5.33539483380258e-05"
"('ID', 'Manufacture of beverages')","5.32997379126813e-05","3.05256554076286e-05","5.09173131810731e-05"
"('JP', 'Manufacture of tobacco products (16)')","5.31289409604787e-05","2.7526921770689e-05","3.37165611367806e-05"
"('BR', 'Copper production')","5.29654365716447e-05","2.32684074525258e-05","5.161207286752e-05"
"('LV', 'Public administration and defence; compulsory social security (75)')","5.28529629242014e-05","2.84023228926907e-05","5.26791070272095e-05"
"('ES', 'Transmission of electricity')","5.26396959027307e-05","4.85231665108091e-05","1.79320954811398e-05"
"('NO', 'Post and telecommunications (64)')","5.25346849351109e-05","3.88773020851064e-05","5.23332044450651e-05"
"('RO', 'Manufacture of office machinery and computers (30)')","5.25183992929046e-05","9.88849388892179e-06","5.25183984602342e-05"
"('CZ', 'Manufacture of other transport equipment (35)')","5.24217177250122e-05","1.78815651094003e-05","5.24208531627591e-05"
"('PL', 'Tanning and dressing of leather; manufacture of luggage, handbags, saddlery, harness and footwear (19)')","5.24203549609268e-05","1.33328822304845e-05","5.23788912585739e-05"
"('NL', 'Other service activities (93)')","5.22079624130759e-05","1.82242312457335e-05","5.21004978517675e-05"
"('ZA', 'N-fertiliser')","5.21967069815752e-05","4.41309900060485e-05","2.04752938252189e-05"
"('US', 'Cultivation of sugar cane, sugar beet')","5.21461971842481e-05","3.40881240197734e-05","4.2071057225919e-05"
"('TR', 'Manufacture of tobacco products (16)')","5.20759617954239e-05","1.72343347343974e-05","4.71689156947108e-05"
"('ES', 'Manufacture of ceramic goods')","5.20235638083471e-05","3.32806732576035e-05","4.70297082778851e-05"
"('RO', 'Cultivation of vegetables, fruit, nuts')","5.19407747125978e-05","3.42667615498242e-05","5.17866939978819e-05"
"('CA', 'Casting of metals')","5.19119409955416e-05","2.90371637332023e-05","4.97922787791579e-05"
"('NO', 'Incineration of waste: Plastic')","5.17728472741541e-05","4.8162449699043e-05","1.2091745873818e-05"
"('BG', 'Production of electricity by nuclear')","5.1727981106909e-05","4.68275885946758e-05","2.52380997063116e-05"
"('ZA', 'Air transport (62)')","5.16341874467467e-05","2.21558305965679e-05","5.16338374905084e-05"
"('TR', 'P- and other fertiliser')","5.14928258661914e-05","2.3588883949809e-05","4.68579723604728e-05"
"('WF', 'Retail sale of automotive fuel')","5.14436774581426e-05","2.74871949465565e-05","3.77454839518036e-05"
"('PT', 'Landfill of waste: Wood')","5.14313158334138e-05","5.00874994754548e-05","1.05090158737037e-05"
"('CZ', 'Health and social work (85)')","5.13484464715646e-05","1.06815293138002e-05","5.13484464596545e-05"
"('HU', 'Manufacture of wood and of products of wood and cork, except furniture; manufacture of articles of straw and plaiting materials (20)')","5.1329737394539e-05","2.08008324815331e-05","5.11906164105635e-05"
"('TW', 'Fishing, operating of fish hatcheries and fish farms; service activities incidental to fishing (05)')","5.12533953251596e-05","1.50408224902327e-06","5.12467487883716e-05"
"('WE', 'Processing of meat cattle')","5.10240104219281e-05","2.20708172232119e-05","4.47879316996731e-05"
"('DE', 'Production of electricity by hydro')","5.09354853033899e-05","4.90706615386804e-05","9.18453997110927e-06"
"('PT', 'Insurance and pension funding, except compulsory social security (66)')","5.09163731362913e-05","1.9779915127697e-05","5.08157472031204e-05"
"('HR', 'Public administration and defence; compulsory social security (75)')","5.0693056471349e-05","1.56021674934745e-05","5.06898241252275e-05"
"('WE', 'Tanning and dressing of leather; manufacture of luggage, handbags, saddlery, harness and footwear (19)')","5.0645255133265e-05","1.38582348096878e-05","5.06270017827121e-05"
"('WF', 'Forestry, logging and related service activities (02)')","5.06302642532988e-05","4.57777913626955e-05","4.81175713319428e-05"
"('ZA', 'Pulp')","5.05858670699082e-05","3.4300311686919e-05","3.7564919017435e-05"
"('BR', 'Manufacture of coke oven products')","5.03789795065781e-05","4.7397709552431e-05","1.64213830553615e-05"
"('NO', 'Distribution and trade of electricity')","5.03511957847327e-05","3.65423941613719e-05","3.77675066839466e-05"
"('PT', 'Public administration and defence; compulsory social security (75)')","5.03477264658391e-05","1.13425583783675e-05","5.03472335941861e-05"
"('GR', 'Mining of aluminium ores and concentrates')","5.01949310734823e-05","5.00293531325811e-05","6.81232176612971e-07"
"('ZA', 'Processing of meat cattle')","5.01168674496969e-05","3.07160582207365e-05","4.51106446067764e-05"
"('WE', 'Manufacture of office machinery and computers (30)')","5.00473353803686e-05","1.90635442833053e-05","5.00473349590714e-05"
"('TR', 'Manufacture of furniture; manufacturing n.e.c. (36)')","5.00213475213869e-05","1.83235489995916e-05","5.0021347519323e-05"
"('PL', 'Lead, zinc and tin production')","5.00127012271259e-05","3.23406373517328e-05","3.73302944444255e-05"
"('ES', 'Manufacture of other non-metallic mineral products n.e.c.')","5.00021136153323e-05","3.9880488408888e-05","4.31297284851417e-05"
"('PT', 'Manufacture of office machinery and computers (30)')","4.99713271353434e-05","8.04867806946792e-06","4.99712959891862e-05"
"('SK', 'Waste water treatment, other')","4.97822955835962e-05","4.24415875869385e-05","2.70412167985981e-05"
"('BE', 'Manufacture of other non-metallic mineral products n.e.c.')","4.97450559275509e-05","2.96363244598826e-05","3.96189229490957e-05"
"('NL', 'Other non-ferrous metal production')","4.96798233045684e-05","3.04897644785418e-05","3.93548177718927e-05"
"('NO', 'Landfill of waste: Paper')","4.96685700312518e-05","4.55939255850957e-05","1.32083024529782e-05"
"('RO', 'Sale, maintenance, repair of motor vehicles, motor vehicles parts, motorcycles, motor cycles parts and accessoiries')","4.96654241757794e-05","3.58312783851962e-05","4.94318033433421e-05"
"('FR', 'Manufacture of ceramic goods')","4.95699121899509e-05","3.08258559176879e-05","4.48619082865446e-05"
"('PL', 'Extraction of natural gas and services related to natural gas extraction, excluding surveying')","4.94543957293313e-05","4.42238638126863e-05","3.41250485522706e-05"
"('ZA', 'Cultivation of cereal grains nec')","4.92654670438558e-05","2.88129614907793e-05","4.72717672988683e-05"
"('RO', 'Manufacture of cement, lime and plaster')","4.92488266111477e-05","3.04940526560073e-05","4.92056716494888e-05"
"('EE', 'Wholesale trade and commission trade, except of motor vehicles and motorcycles (51)')","4.92462039063831e-05","2.48350250147637e-05","4.91712190501867e-05"
"('NL', 'Poultry farming')","4.90820573457555e-05","1.0929549885593e-05","4.86078372956409e-05"
"('GB', 'Fishing, operating of fish hatcheries and fish farms; service activities incidental to fishing (05)')","4.90183575219085e-05","3.14398387176075e-05","4.86689859204292e-05"
"('RU', 'Production of meat products nec')","4.87936878253395e-05","3.18337714260524e-05","3.75643675463661e-05"
"('IT', 'Private households with employed persons (95)')","4.86952756349321e-05","4.80999246907834e-05","4.86952756349321e-05"
"('PL', 'Processing of meat cattle')","4.84891162740239e-05","2.82966616012978e-05","4.06262055268424e-05"
"('IT', 'Processing vegetable oils and fats')","4.82082666810914e-05","3.50255634596403e-05","2.83957589667142e-05"
"('MX', 'Animal products nec')","4.82075480053086e-05","3.04486819052438e-05","2.53388378102844e-05"
"('IN', 'Poultry farming')","4.80835861611169e-05","2.07021132518585e-05","4.51648797940372e-05"
"('ZA', 'Processing of dairy products')","4.80087392870968e-05","3.9141198794076e-05","4.63262437261309e-05"
"('DK', 'Incineration of waste: Metals and Inert materials')","4.80015000765106e-05","4.25184204870196e-05","1.97759064930312e-05"
"('SE', 'Publishing, printing and reproduction of recorded media (22)')","4.78450736463986e-05","4.16839698410153e-05","4.78441168762253e-05"
"('BR', 'Activities of membership organisation n.e.c. (91)')","4.78082000677376e-05","2.66100645899603e-05","4.71242771406066e-05"
"('WL', 'Forestry, logging and related service activities (02)')","4.77491662140456e-05","4.1621920536051e-05","4.16935217792383e-05"
"('CZ', 'Transmission of electricity')","4.77373741582907e-05","4.03914405102854e-05","1.98993476976397e-05"
"('CZ', 'Manufacture of beverages')","4.77332672137046e-05","1.59390629122035e-05","4.69906905684091e-05"
"('BR', 'Manufacture of gas; distribution of gaseous fuels through mains')","4.75172069210694e-05","3.28287469076554e-05","3.32566688509246e-05"
"('SK', 'Copper production')","4.7496590077475e-05","2.79167937968591e-05","4.58676710033608e-05"
"('GB', 'Cultivation of wheat')","4.74837437190827e-05","2.4390141003203e-05","4.02854966816923e-05"
"('BG', 'Lead, zinc and tin production')","4.74274957967514e-05","2.91837038796124e-05","3.9460148034555e-05"
"('WE', 'Production of meat products nec')","4.73645374900825e-05","3.29414173177372e-05","3.58784912848482e-05"
"('WF', 'Pulp')","4.72946883071226e-05","3.40777819838287e-05","3.76302395913692e-05"
"('ZA', 'Recreational, cultural and sporting activities (92)')","4.7170143710695e-05","3.35893086199784e-06","4.7170143710695e-05"
"('SE', 'Manufacture of other transport equipment (35)')","4.71699730107677e-05","2.03803956082247e-05","4.7024426367222e-05"
"('AU', 'Re-processing of secondary steel into new steel')","4.7108642342094e-05","2.19410378326561e-05","4.63302251335754e-05"
"('NO', 'Manufacture of wood and of products of wood and cork, except furniture; manufacture of articles of straw and plaiting materials (20)')","4.69675669487335e-05","2.57019913299838e-05","4.63612993877263e-05"
"('FI', 'Air transport (62)')","4.68977330774058e-05","1.69400784913358e-05","4.68976136086931e-05"
"('MT', 'Sea and coastal water transport')","4.67742823540185e-05","1.80673990321138e-05","4.67539080843178e-05"
"('NO', 'Other non-ferrous metal production')","4.6731496577973e-05","2.54316588811623e-05","4.03821638329502e-05"
"('RO', 'Transport via railways')","4.66674220572542e-05","2.28253469986004e-05","4.51245187976382e-05"
"('RO', 'Other service activities (93)')","4.66411907508489e-05","2.26679916586635e-05","4.66411907508489e-05"
"('HU', 'Research and development (73)')","4.65367277199466e-05","2.37610387044645e-05","4.65366771634374e-05"
"('HU', 'Pulp')","4.6451994505302e-05","2.49081856431017e-05","3.77135661434974e-05"
"('AU', 'Forestry, logging and related service activities (02)')","4.63641463839902e-05","3.67433434754882e-05","4.49390990895657e-05"
"('SI', 'Supporting and auxiliary transport activities; activities of travel agencies (63)')","4.63497820708457e-05","3.4753844900673e-05","4.63485005121828e-05"
"('GB', 'Cultivation of vegetables, fruit, nuts')","4.63182524974275e-05","2.72709159165874e-05","4.515492334822e-05"
"('SK', 'Biogasification of sewage slugde, incl. land application')","4.61639540791914e-05","4.06190574910366e-05","2.60221646261939e-05"
"('ES', 'Processing of meat cattle')","4.60078919393859e-05","2.79083558849731e-05","3.46746933977949e-05"
"('WE', 'Health and social work (85)')","4.58366939463976e-05","9.12051367425533e-06","4.58366887990652e-05"
"('DK', 'Landfill of waste: Inert/metal/hazardous')","4.57407010882592e-05","2.9479150413438e-05","2.94288343903536e-05"
"('ES', 'Poultry farming')","4.56891643470352e-05","2.2760942210209e-05","4.32717926566959e-05"
"('RU', 'Private households with employed persons (95)')","4.56637700393565e-05","2.32055803241871e-05","4.56637700393565e-05"
"('RO', 'Distribution and trade of electricity')","4.56614332456983e-05","2.60530977833733e-05","4.29398491723796e-05"
"('LU', 'Processing of Food products nec')","4.56502776628503e-05","1.19955896186789e-05","4.56489627938715e-05"
"('CA', 'Production of electricity by coal')","4.55285546927929e-05","3.49309394810971e-05","2.2860623162093e-05"
"('BR', 'Transmission of electricity')","4.5481872076551e-05","3.92275095405393e-05","1.46803988281465e-05"
"('DE', 'Cultivation of oil seeds')","4.53586751857898e-05","2.52809209159737e-05","4.21560607636032e-05"
"('SE', 'Manufacture of textiles (17)')","4.53013697163962e-05","1.85006826616008e-05","4.53004050762937e-05"
"('MX', 'Computer and related activities (72)')","4.5269751569462e-05","5.6657302406893e-06","4.52697473448078e-05"
"('AU', 'Copper production')","4.52159459682475e-05","2.32472044907599e-05","4.28928528237366e-05"
"('RO', 'Plastics, basic')","4.51847197195307e-05","2.27199862947127e-05","4.50833592681583e-05"
"('AT', 'Forestry, logging and related service activities (02)')","4.50846081117576e-05","3.88521871574454e-05","4.14993760845928e-05"
"('DK', 'Activities auxiliary to financial intermediation (67)')","4.50397837379363e-05","3.46530610375386e-05","4.49615528776471e-05"
"('DK', 'Manufacture of gas; distribution of gaseous fuels through mains')","4.50019279052782e-05","1.04895829856676e-05","4.44232570331376e-05"
"('ES', 'Cattle farming')","4.4932158930154e-05","1.45515822776155e-05","4.34656596669152e-05"
"('FI', 'Post and telecommunications (64)')","4.48345260406137e-05","3.6722018987585e-05","4.47386524849513e-05"
"('BE', 'Lead, zinc and tin production')","4.47689039183506e-05","2.37819211720783e-05","3.32091918714854e-05"
"('IT', 'Production of meat products nec')","4.47535234599789e-05","3.19644144225363e-05","3.20165585256304e-05"
"('RU', 'N-fertiliser')","4.47485681710478e-05","4.34181229632518e-05","8.62283115160745e-06"
"('US', 'Recycling of waste and scrap')","4.47358783496856e-05","4.4127072135982e-05","1.05682932773565e-06"
"('SI', 'Chemicals nec')","4.46116430159986e-05","3.33109894444338e-05","4.45818628968947e-05"
"('ZA', 'Manufacture of ceramic goods')","4.45674653836644e-05","3.54890472507626e-05","2.96354264720634e-05"
"('SK', 'Aluminium production')","4.44660522162167e-05","2.18269421522046e-05","4.40373236239297e-05"
"('TW', 'Transport via railways')","4.42191694314716e-05","2.31869844958079e-05","3.86838297751558e-05"
"('TR', 'Casting of metals')","4.41702609727782e-05","2.44834206734276e-05","3.93040020641097e-05"
"('CH', 'Private households with employed persons (95)')","4.41274530680202e-05","2.86148628884487e-05","4.41274530680202e-05"
"('BG', 'Retail sale of automotive fuel')","4.40803343878351e-05","1.93357937319412e-05","4.4056381363885e-05"
"('ID', 'Other non-ferrous metal production')","4.40718497171452e-05","3.84116064383649e-05","3.1614211391664e-05"
"('SE', 'Re-processing of secondary steel into new steel')","4.39439580594866e-05","2.71827364772269e-05","4.29994636861143e-05"
"('FI', 'Manufacture of beverages')","4.39363408893631e-05","1.96814406367767e-05","4.31648833291638e-05"
"('SK', 'Landfill of waste: Paper')","4.38991087519985e-05","3.89256550385462e-05","2.39863359013954e-05"
"('IE', 'Manufacture of gas; distribution of gaseous fuels through mains')","4.38271500343564e-05","4.15503470199365e-05","2.93144002448031e-05"
"('ID', 'Transmission of electricity')","4.36577360159574e-05","4.01261960565801e-05","1.75108627642807e-05"
"('BR', 'Private households with employed persons (95)')","4.36226114538512e-05","2.71394109362613e-05","4.36226114538512e-05"
"('HU', 'Processing of dairy products')","4.35188657300884e-05","1.22900992630396e-05","4.33670208087524e-05"
"('GR', 'Sale, maintenance, repair of motor vehicles, motor vehicles parts, motorcycles, motor cycles parts and accessoiries')","4.31463979443205e-05","3.22293801870293e-05","4.31463600551535e-05"
"('IN', 'Production of meat products nec')","4.31386935311087e-05","2.81198472210765e-05","2.98658317852459e-05"
"('MX', 'Extraction of natural gas and services related to natural gas extraction, excluding surveying')","4.31162963637164e-05","3.77822524725669e-05","3.72583029933062e-05"
"('PT', 'Transport via railways')","4.30864804726996e-05","3.43474449290042e-05","3.61025417824585e-05"
"('AU', 'Production of electricity by petroleum and other oil derivatives')","4.30211008593017e-05","4.11198182694192e-05","3.65625043717271e-06"
"('NO', 'Education (80)')","4.29469994342869e-05","1.28502229112512e-05","4.29468989504859e-05"
"('ID', 'Retail sale of automotive fuel')","4.28898549769721e-05","2.58540557547077e-05","4.2767403388859e-05"
"('BG', 'P- and other fertiliser')","4.27386793014473e-05","2.50212421373411e-05","3.88099903157344e-05"
"('NO', 'Landfill of waste: Food')","4.26753948456963e-05","3.70052959537857e-05","1.39126321820213e-05"
"('SK', 'Processing of Food products nec')","4.2661294727125e-05","1.19999394508455e-05","4.26594073381275e-05"
"('RO', 'Manufacture of basic iron and steel and of ferro-alloys and first products thereof')","4.26278044565019e-05","2.56408279415645e-05","4.25362122467633e-05"
"('SI', 'Pulp')","4.26173661133205e-05","1.23919254216216e-05","4.25966791944315e-05"
"('BG', 'Manufacture of beverages')","4.26136047676598e-05","1.85692116995639e-05","4.23206982707046e-05"
"('WA', 'Manufacture of gas; distribution of gaseous fuels through mains')","4.25336144723164e-05","3.56671766873732e-05","1.73564331463279e-05"
"('MT', 'Manufacture of motor vehicles, trailers and semi-trailers (34)')","4.25037206722789e-05","1.59777578268605e-05","4.25032565631278e-05"
"('WA', 'Production of electricity by wind')","4.24676704462551e-05","4.15151547247927e-05","5.25709498361063e-06"
"('BR', 'Manufacture of tobacco products (16)')","4.24633193390454e-05","5.30937356443024e-06","4.24176453823028e-05"
"('WE', 'Casting of metals')","4.24579383813604e-05","2.14239557651072e-05","4.09976392559777e-05"
"('GR', 'Mining of precious metal ores and concentrates')","4.24213776198745e-05","4.17730227160397e-05","3.4105346184561e-06"
"('PT', 'Manufacture of cement, lime and plaster')","4.23705160342556e-05","2.43206230170809e-05","4.15261622205143e-05"
"('PL', 'Manufacture of other non-metallic mineral products n.e.c.')","4.22958940973854e-05","2.96838160259552e-05","3.9778266722175e-05"
"('LV', 'Manufacture of wood and of products of wood and cork, except furniture; manufacture of articles of straw and plaiting materials (20)')","4.22820873644673e-05","1.94127236732008e-05","4.21943266222537e-05"
"('ZA', 'Distribution and trade of electricity')","4.22621408986699e-05","3.73456520315244e-05","3.4690364065803e-05"
"('CZ', 'Petroleum Refinery')","4.22360390975249e-05","1.57737913709637e-05","4.18693111073977e-05"
"('AU', 'Lead, zinc and tin production')","4.21929994104242e-05","2.61187756168195e-05","3.31159316538953e-05"
"('WE', 'Insurance and pension funding, except compulsory social security (66)')","4.20901634432907e-05","1.86176971513457e-05","4.20467781490835e-05"
"('NO', 'Landfill of waste: Wood')","4.20758814929196e-05","4.13946157446394e-05","3.95384075009877e-06"
"('WE', 'Activities auxiliary to financial intermediation (67)')","4.20703280225088e-05","2.4206612983965e-05","4.20617736484502e-05"
"('RO', 'Raw milk')","4.19616148274757e-05","4.8934338037185e-06","4.16617903035266e-05"
"('SK', 'Manufacture of beverages')","4.19492763891777e-05","2.06066794944071e-05","3.77365151269922e-05"
"('SE', 'Activities of membership organisation n.e.c. (91)')","4.1941026097474e-05","1.45384489001965e-05","4.19020262426675e-05"
"('EE', 'Other business activities (74)')","4.19228733527539e-05","3.04336856256896e-05","4.19222587982591e-05"
"('WE', 'Manufacture of radio, television and communication equipment and apparatus (32)')","4.18816589146465e-05","3.33980729336954e-05","4.18646062426382e-05"
"('CZ', 'Copper production')","4.1839092051634e-05","1.60504557418245e-05","4.00913483199839e-05"
"('FI', 'Manufacture of office machinery and computers (30)')","4.17434871544895e-05","2.20227171044821e-05","4.17422736524396e-05"
"('PT', 'Production of electricity by gas')","4.17367695475322e-05","2.86688658157197e-05","2.42733644075917e-05"
"('DK', 'Insurance and pension funding, except compulsory social security (66)')","4.1714467685905e-05","2.04748498482225e-05","4.14496973068909e-05"
"('WF', 'Inland water transport')","4.16197254443756e-05","3.05469215719738e-05","1.67901632565127e-05"
"('PL', 'Forestry, logging and related service activities (02)')","4.16031808148222e-05","3.38227800187992e-05","3.97889473892206e-05"
"('SK', 'Waste water treatment, food')","4.15967842294826e-05","3.7619945526574e-05","1.68722657080745e-05"
"('CZ', 'Activities auxiliary to financial intermediation (67)')","4.15257461185314e-05","2.98987937192521e-05","4.15256463954911e-05"
"('WE', 'Fishing, operating of fish hatcheries and fish farms; service activities incidental to fishing (05)')","4.14990342819566e-05","2.39070422242922e-05","4.14094099536735e-05"
"('HU', 'Health and social work (85)')","4.14628353260421e-05","7.50464436153627e-06","4.14628353223296e-05"
"('DK', 'Transport via pipelines')","4.14017298213395e-05","3.29442973260411e-05","2.66840217743435e-05"
"('FI', 'Research and development (73)')","4.13232759060729e-05","1.67556264905804e-05","4.13230709090108e-05"
"('HR', 'Processing of Food products nec')","4.12833559121026e-05","1.51832743912766e-05","4.12754225132006e-05"
"('PL', 'Manufacture of ceramic goods')","4.12750309063224e-05","2.29057842156006e-05","3.75606781965115e-05"
"('NL', 'Cattle farming')","4.10463183424289e-05","2.20483646057857e-05","3.94040216332756e-05"
"('BR', 'Manufacture of medical, precision and optical instruments, watches and clocks (33)')","4.08570604525079e-05","2.45051018753967e-05","4.07461857655335e-05"
"('LU', 'Retail trade, except of motor vehicles and motorcycles; repair of personal and household goods (52)')","4.07864784953485e-05","1.66867135581907e-05","4.07864784953426e-05"
"('JP', 'N-fertiliser')","4.07490647308721e-05","3.93347012754983e-05","3.79124266249283e-06"
"('CA', 'Mining of coal and lignite; extraction of peat (10)')","4.06147072155208e-05","3.17999585302745e-05","2.37607839500907e-05"
"('ES', 'Recycling of waste and scrap')","4.0608446211367e-05","3.78077936166821e-05","7.974154775331e-06"
"('CN', 'Mining of nickel ores and concentrates')","4.05771416046859e-05","4.00686797731243e-05","1.20444487465839e-06"
"('HU', 'Aluminium production')","4.05392004315063e-05","1.87529913141448e-05","4.04295916070147e-05"
"('SE', 'Aluminium production')","4.04294956287692e-05","2.51396057589533e-05","3.92282309333148e-05"
"('RO', 'Manufacture of textiles (17)')","4.04131186266512e-05","2.21902093346248e-05","4.04123716061899e-05"
"('NO', 'Manufacture of textiles (17)')","4.03489347996859e-05","1.64310396470924e-05","4.03484872260833e-05"
"('HU', 'Manufacture of wearing apparel; dressing and dyeing of fur (18)')","4.03013494579602e-05","1.85337731739145e-05","4.02924874310964e-05"
"('CH', 'Manufacture of other non-metallic mineral products n.e.c.')","4.0277004354708e-05","2.12858206590317e-05","3.88436860005329e-05"
"('DK', 'Recreational, cultural and sporting activities (92)')","4.02357848981662e-05","2.10429929185271e-05","4.01706388026538e-05"
"('ES', 'Private households with employed persons (95)')","4.01563964615519e-05","3.96421458204463e-05","4.01563964615519e-05"
"('ES', 'Cultivation of wheat')","4.0138567289501e-05","2.85395879664176e-05","3.37634494371479e-05"
"('NO', 'Re-processing of secondary steel into new steel')","4.00512189647171e-05","2.05721531521402e-05","3.99438884598173e-05"
"('SK', 'Financial intermediation, except insurance and pension funding (65)')","3.99629892764125e-05","2.35627271785883e-05","3.99486485180353e-05"
"('SK', 'Composting of food waste, incl. land application')","3.99418323966001e-05","3.36125316552647e-05","2.672813555101e-05"
"('FI', 'Copper production')","3.98232294842871e-05","2.31871553264372e-05","3.83408610396813e-05"
"('LU', 'Hotels and restaurants (55)')","3.9705756236352e-05","1.74247750618478e-05","3.92893676868657e-05"
"('GR', 'Supporting and auxiliary transport activities; activities of travel agencies (63)')","3.96672764406769e-05","3.23220977761697e-05","3.96569517492252e-05"
"('NL', 'Transport via pipelines')","3.96133248188263e-05","3.13633461140263e-05","1.94233312161817e-05"
"('CZ', 'Education (80)')","3.95542934954514e-05","1.24406040972617e-05","3.95542934947723e-05"
"('FI', 'Insurance and pension funding, except compulsory social security (66)')","3.93495873902088e-05","1.44362146025695e-05","3.9345598472355e-05"
"('AT', 'Manufacture of other non-metallic mineral products n.e.c.')","3.92698827469525e-05","2.63530906550432e-05","3.65707128097637e-05"
"('HU', 'Education (80)')","3.91257815483485e-05","1.2751001552901e-05","3.91257815483387e-05"
"('AT', 'Processing of meat cattle')","3.90780663554125e-05","2.23840399567773e-05","3.34896747112938e-05"
"('KR', 'Poultry farming')","3.90579170983316e-05","2.25154787417136e-05","3.87654566728329e-05"
"('IN', 'Manufacture of medical, precision and optical instruments, watches and clocks (33)')","3.87980239421144e-05","2.0631025303902e-05","3.87747460968266e-05"
"('WE', 'Distribution and trade of electricity')","3.87782357950948e-05","3.34029097048814e-05","2.92803239599432e-05"
"('HU', 'Landfill of waste: Food')","3.87132473361401e-05","3.42890430363833e-05","1.74653024139316e-05"
"('PL', 'Other service activities (93)')","3.85998082585791e-05","1.582291956924e-05","3.85995718283223e-05"
"('WA', 'Production of electricity by nuclear')","3.85512103640172e-05","3.65457512975913e-05","5.92672345305003e-06"
"('PT', 'Transmission of electricity')","3.85061006040444e-05","2.61764527615048e-05","2.07924831029794e-05"
"('DK', 'Waste water treatment, other')","3.84609684002861e-05","2.73852163088809e-05","1.97809928017416e-05"
"('IT', 'Fishing, operating of fish hatcheries and fish farms; service activities incidental to fishing (05)')","3.84339779029072e-05","1.96225690904271e-05","3.84246068441347e-05"
"('NL', 'Manufacture of basic iron and steel and of ferro-alloys and first products thereof')","3.83410183882739e-05","1.64510113939023e-05","3.81032148706523e-05"
"('MX', 'Recreational, cultural and sporting activities (92)')","3.8236590718576e-05","1.135238644824e-05","3.82276170745996e-05"
"('GR', 'Health and social work (85)')","3.8114840279605e-05","4.30401071988102e-06","3.8114840279605e-05"
"('WE', 'Meat animals nec')","3.80928510879123e-05","2.05275280165732e-05","2.81207581004806e-05"
"('BG', 'Production of electricity by coal')","3.80810063942389e-05","1.8407622045408e-05","3.46009067258904e-05"
"('BG', 'Manufacture of cement, lime and plaster')","3.80749242945435e-05","2.47800604749713e-05","3.220258586327e-05"
"('PL', 'Manufacture of coke oven products')","3.78735141460808e-05","3.13075405487237e-05","1.70680522586051e-05"
"('NL', 'Manufacture of fish products')","3.78527131189291e-05","1.89112946887225e-05","3.59870886221721e-05"
"('WE', 'Production of electricity by coal')","3.779805381331e-05","2.11205860619704e-05","3.0135441095526e-05"
"('GR', 'Manufacture of cement, lime and plaster')","3.77585453811168e-05","2.5999906295777e-05","3.5715601176533e-05"
"('DK', 'Incineration of waste: Plastic')","3.7743894857487e-05","2.70583738656761e-05","1.89829969009981e-05"
"('HU', 'Re-processing of secondary steel into new steel')","3.76801550576077e-05","1.91666619641647e-05","2.91246184346192e-05"
"('HU', 'Extraction of natural gas and services related to natural gas extraction, excluding surveying')","3.75564761976174e-05","1.85755450759514e-05","3.70185384848282e-05"
"('WM', 'Production of electricity by wind')","3.75113992392538e-05","3.68626502752386e-05","3.42687400983068e-06"
"('WF', 'Lead, zinc and tin production')","3.74929681763527e-05","2.47550938638755e-05","2.74525127601704e-05"
"('MX', 'Cultivation of sugar cane, sugar beet')","3.74465502277264e-05","1.49469487534699e-05","3.28028296053767e-05"
"('BG', 'Sale, maintenance, repair of motor vehicles, motor vehicles parts, motorcycles, motor cycles parts and accessoiries')","3.73998028357906e-05","2.13572328628837e-05","3.73854120532522e-05"
"('TW', 'P- and other fertiliser')","3.73663058161829e-05","1.63910730062444e-05","3.54549393892854e-05"
"('BR', 'Extraction of natural gas and services related to natural gas extraction, excluding surveying')","3.73225424919379e-05","3.12286769144025e-05","3.02385170145606e-05"
"('WE', 'Education (80)')","3.7297197384521e-05","1.10878067375732e-05","3.72971183516827e-05"
"('DK', 'Extraction of natural gas and services related to natural gas extraction, excluding surveying')","3.72637461297052e-05","2.07494169369304e-05","3.69803576139133e-05"
"('ID', 'Production of electricity by petroleum and other oil derivatives')","3.72449124508412e-05","3.06926395660623e-05","9.98228761203292e-06"
"('TR', 'Cultivation of oil seeds')","3.7154929561895e-05","3.29131773797702e-05","2.75140510130564e-05"
"('MX', 'Processing of meat poultry')","3.70563010593904e-05","1.7057603086448e-06","3.70356941761529e-05"
"('BG', 'Cultivation of wheat')","3.70104825626342e-05","1.66657071908846e-05","3.48015917567912e-05"
"('RO', 'Research and development (73)')","3.70053329937154e-05","2.00429903023073e-05","3.70052700175658e-05"
"('PT', 'Biogasification of food waste, incl. land application')","3.69913466710883e-05","3.62432374001664e-05","5.89386128817909e-06"
"('CZ', 'Raw milk')","3.69345285440024e-05","2.09491836303771e-05","3.68879521761995e-05"
"('HU', 'Manufacture of cement, lime and plaster')","3.68659913392476e-05","1.81772057955897e-05","3.66145935050934e-05"
"('CH', 'Other service activities (93)')","3.66846995238474e-05","2.2146778352571e-05","3.66266567879018e-05"
"('ZA', 'Manufacture of cement, lime and plaster')","3.6683062263655e-05","2.40371713102302e-05","3.6019620906683e-05"
"('GR', 'Mining of nickel ores and concentrates')","3.66494105093616e-05","2.02344540135611e-07","3.66494105093616e-05"
"('TW', 'Cultivation of paddy rice')","3.66489586111305e-05","1.61607855036181e-05","3.56334417409255e-05"
"('GR', 'Activities auxiliary to financial intermediation (67)')","3.64977575517836e-05","2.43957923012114e-05","3.64976106972814e-05"
"('PT', 'Manufacture of other transport equipment (35)')","3.64772405396076e-05","1.41876713061311e-05","3.64639635785235e-05"
"('WE', 'Manufacture of other transport equipment (35)')","3.63954907179183e-05","2.45693643575738e-05","3.63640446285133e-05"
"('TW', 'Mining of precious metal ores and concentrates')","3.63133453224417e-05","3.36361690688293e-05","9.8694707742034e-06"
"('CZ', 'Forestry, logging and related service activities (02)')","3.61480639104118e-05","2.05467624330124e-05","3.60017142104624e-05"
"('MX', 'Other service activities (93)')","3.60696555899139e-05","4.02887168803989e-06","3.60683555414776e-05"
"('WE', 'Manufacture of medical, precision and optical instruments, watches and clocks (33)')","3.60513607753123e-05","2.33118130092012e-05","3.60389863240687e-05"
"('GR', 'Publishing, printing and reproduction of recorded media (22)')","3.59474604683381e-05","1.85619948747378e-05","3.59474302644533e-05"
"('HR', 'Real estate activities (70)')","3.59436994110449e-05","2.56741707449237e-05","3.59436994110449e-05"
"('SI', 'Other business activities (74)')","3.59434238768133e-05","2.40325038151113e-05","3.59434053574149e-05"
"('LU', 'Manufacture of gas; distribution of gaseous fuels through mains')","3.59213332129373e-05","2.15680255186157e-05","3.51850321593279e-05"
"('AT', 'Re-processing of secondary steel into new steel')","3.57684430822891e-05","1.54641261770305e-05","3.54587476351314e-05"
"('RO', 'P- and other fertiliser')","3.57163510950587e-05","1.54894068739248e-05","3.50572154785756e-05"
"('TR', 'Mining of coal and lignite; extraction of peat (10)')","3.56080872117587e-05","2.40732203432033e-05","3.46666357635089e-05"
"('CN', 'Mining of lead, zinc and tin ores and concentrates')","3.55910926994797e-05","3.49158845192992e-05","1.17921725438495e-06"
"('RU', 'Processing of meat cattle')","3.55817409667689e-05","2.02519900965414e-05","2.6984309083467e-05"
"('SI', 'Retail trade, except of motor vehicles and motorcycles; repair of personal and household goods (52)')","3.55630053890607e-05","1.70685879438001e-05","3.55630053890606e-05"
"('LV', 'Real estate activities (70)')","3.55273494255832e-05","2.14468851943748e-05","3.55273494255828e-05"
"('BR', 'Production of electricity by nuclear')","3.53966695235363e-05","3.43562087282828e-05","6.6437915804157e-06"
"('DK', 'Activities of membership organisation n.e.c. (91)')","3.53155853236658e-05","1.79334814277189e-05","3.52781940272937e-05"
"('CA', 'Tanning and dressing of leather; manufacture of luggage, handbags, saddlery, harness and footwear (19)')","3.52537654905343e-05","1.44423904078543e-05","3.52284447067136e-05"
"('CN', 'Mining of precious metal ores and concentrates')","3.52228589999808e-05","3.26059831391533e-05","4.75056352156548e-06"
"('LU', 'Manufacture of motor vehicles, trailers and semi-trailers (34)')","3.51628459544379e-05","9.13890573878066e-06","3.51628452473023e-05"
"('BR', 'Forestry, logging and related service activities (02)')","3.51382445326738e-05","3.04546710228073e-05","3.34499042995003e-05"
"('GB', 'Manufacture of other non-metallic mineral products n.e.c.')","3.51329592442355e-05","2.42816043500371e-05","3.04172170191148e-05"
"('SK', 'Public administration and defence; compulsory social security (75)')","3.5119555247296e-05","1.45567181238868e-05","3.51015250248813e-05"
"('CZ', 'Steam and hot water supply')","3.50344261092694e-05","3.0231146506727e-05","9.44911624112647e-06"
"('GR', 'Manufacture of motor vehicles, trailers and semi-trailers (34)')","3.49504411244691e-05","1.80394538807466e-05","3.49500345261842e-05"
"('MT', 'Hotels and restaurants (55)')","3.48014120093412e-05","9.91247395490964e-06","3.48013471850542e-05"
"('SK', 'Renting of machinery and equipment without operator and of personal and household goods (71)')","3.47706245510699e-05","2.63344689632513e-05","3.41045663801535e-05"
"('BE', 'Sugar refining')","3.4767227767783e-05","2.29509138710349e-05","1.8403066084491e-05"
"('HR', 'Other business activities (74)')","3.46848063997946e-05","2.15702537812695e-05","3.46848063440127e-05"
"('NO', 'Recreational, cultural and sporting activities (92)')","3.46607089821828e-05","1.65141472348979e-05","3.46501217043406e-05"
"('DK', 'Pulp')","3.45894996477772e-05","1.91758277771634e-05","3.23248202695681e-05"
"('PL', 'Production of electricity by gas')","3.45505265169457e-05","3.01241897489382e-05","1.62403221415107e-05"
"('WL', 'Production of electricity by nuclear')","3.45260009357771e-05","3.35851525022054e-05","6.97658545662191e-06"
"('HU', 'Manufacture of other transport equipment (35)')","3.4511881753412e-05","1.15387441799057e-05","3.45116001785057e-05"
"('MX', 'Processing of dairy products')","3.4509862142741e-05","1.36339960519766e-05","3.39686510133179e-05"
"('ZA', 'Other service activities (93)')","3.44738535187043e-05","1.76504894925414e-05","3.44725738924362e-05"
"('WE', 'Manufacture of other non-metallic mineral products n.e.c.')","3.44697807617306e-05","1.62587842310605e-05","3.41220783563151e-05"
"('AT', 'Processing of meat pigs')","3.44599490847096e-05","1.16034214346977e-05","3.23796899635352e-05"
"('PT', 'Chemicals nec')","3.44304964018444e-05","1.69874198308982e-05","3.4424615995758e-05"
"('GR', 'Manufacture of office machinery and computers (30)')","3.44281260576243e-05","1.69617609141071e-05","3.44265874096355e-05"
"('HU', 'Steam and hot water supply')","3.44117071115909e-05","2.27929361880151e-05","1.97741804675802e-05"
"('TW', 'Production of electricity by nuclear')","3.44029599816944e-05","3.43077101436712e-05","5.15365913809191e-06"
"('IE', 'Aluminium production')","3.42414135580468e-05","2.64344320068229e-05","3.26316279117696e-05"
"('WE', 'Manufacture of glass and glass products')","3.40795883243795e-05","1.97513768205994e-05","3.36590596408501e-05"
"('CZ', 'Recreational, cultural and sporting activities (92)')","3.4067762251447e-05","1.60067396224231e-05","3.40646862819476e-05"
"('GB', 'Meat animals nec')","3.40019970583457e-05","3.22917759362789e-05","1.10538755847253e-05"
"('PL', 'Copper production')","3.3936512195582e-05","1.30217818011364e-05","3.30930636383363e-05"
"('GR', 'Manufacture of fabricated metal products, except machinery and equipment (28)')","3.3878281414711e-05","1.43435589390243e-05","3.3814717850005e-05"
"('SI', 'Public administration and defence; compulsory social security (75)')","3.37579060887973e-05","1.32191068139138e-05","3.37579060291707e-05"
"('ID', 'Forestry, logging and related service activities (02)')","3.37074373894641e-05","3.06586475961457e-05","3.12087793631186e-05"
"('MX', 'Meat animals nec')","3.36775537025587e-05","3.04297124487356e-05","5.0312412144697e-06"
"('ZA', 'Poultry farming')","3.36459585774981e-05","1.5620413486554e-05","3.33110657804983e-05"
"('GB', 'Inland water transport')","3.34778326567449e-05","2.97193523262472e-05","1.2853698472907e-05"
"('NO', 'Processing of dairy products')","3.34553950515751e-05","1.70281068998315e-05","3.30389144290995e-05"
"('HU', 'Poultry farming')","3.33385704213434e-05","1.51228103005188e-05","3.3150819226631e-05"
"('SI', 'Financial intermediation, except insurance and pension funding (65)')","3.32727545361018e-05","2.37070047781712e-05","3.32715421431537e-05"
"('LT', 'Quarrying of stone')","3.31719481733544e-05","2.94786931189108e-05","2.24155351355348e-05"
"('CZ', 'Production of electricity by biomass and waste')","3.31428088123257e-05","3.19949118140098e-05","2.57208652060919e-06"
"('TW', 'Other non-ferrous metal production')","3.31020152166321e-05","2.39277817886595e-05","3.21964364171951e-05"
"('BG', 'Distribution and trade of electricity')","3.30637410305543e-05","1.04721873897495e-05","3.20668759683922e-05"
"('IE', 'Sale, maintenance, repair of motor vehicles, motor vehicles parts, motorcycles, motor cycles parts and accessoiries')","3.29461521730252e-05","1.37875715055779e-05","3.288978573487e-05"
"('PL', 'Cattle farming')","3.29380316414089e-05","1.54613218239074e-05","3.25147343809445e-05"
"('BE', 'Cultivation of vegetables, fruit, nuts')","3.2921127051131e-05","2.21437361883729e-05","3.26038514822748e-05"
"('SI', 'Computer and related activities (72)')","3.28497106612664e-05","2.42420038049776e-05","3.28486351497484e-05"
"('PT', 'Activities auxiliary to financial intermediation (67)')","3.28262122814822e-05","2.35019928692044e-05","3.28175739666323e-05"
"('HR', 'Supporting and auxiliary transport activities; activities of travel agencies (63)')","3.28073434862021e-05","1.89705655317097e-05","3.28073434857277e-05"
"('SK', 'Transport via pipelines')","3.27838590013228e-05","2.32699015437908e-05","2.24926789152939e-05"
"('GB', 'Processing of nuclear fuel')","3.2770230789889e-05","1.46810457836811e-05","2.41196702602302e-05"
"('WE', 'Production of electricity by nuclear')","3.27455570347619e-05","3.18623952761773e-05","1.160477994866e-05"
"('SK', 'Landfill of waste: Food')","3.26949604342536e-05","2.22374300101677e-05","1.70633871360137e-05"
"('GR', 'Manufacture of beverages')","3.25895095140277e-05","1.59972214877039e-05","3.1759251991785e-05"
"('TR', 'Manufacture of coke oven products')","3.25659905172459e-05","1.80731058366089e-05","2.80529192092048e-05"
"('KR', 'Retail sale of automotive fuel')","3.25461084390051e-05","1.70481748087471e-05","2.48165639969528e-05"
"('WE', 'Mining of nickel ores and concentrates')","3.2519060907032e-05","3.0581491371352e-05","3.55424867950785e-06"
"('HR', 'Extraction of crude petroleum and services related to crude oil extraction, excluding surveying')","3.24996762998267e-05","1.94871371611287e-05","3.24930644190456e-05"
"('PT', 'Quarrying of sand and clay')","3.24116310819824e-05","2.63716745197642e-05","1.72680694461592e-05"
"('CZ', 'Processing of nuclear fuel')","3.23629205771564e-05","2.34969807602791e-06","3.22619120619568e-05"
"('DK', 'Manufacture of beverages')","3.23245345958272e-05","1.52369871422613e-05","3.19003379552683e-05"
"('PT', 'Research and development (73)')","3.23015627019546e-05","1.81509647425746e-05","3.23015627019546e-05"
"('WF', 'Other non-ferrous metal production')","3.22821975309111e-05","2.40257032537932e-05","2.63310618124256e-05"
"('GR', 'Computer and related activities (72)')","3.21220572125788e-05","1.77710026599951e-05","3.21207188637562e-05"
"('HU', 'Insurance and pension funding, except compulsory social security (66)')","3.20668513053573e-05","1.64596584597922e-05","3.20332308693739e-05"
"('CZ', 'Manufacture of cement, lime and plaster')","3.20512395803385e-05","1.87820294683867e-05","3.0787557323067e-05"
"('BR', 'Retail sale of automotive fuel')","3.19879319967724e-05","2.75783622831506e-05","2.12788184323092e-05"
"('CA', 'Precious metals production')","3.19123001824016e-05","1.30120603210585e-05","3.14171059329814e-05"
"('SE', 'Casting of metals')","3.18528256075146e-05","1.74018041094064e-05","3.04502126074995e-05"
"('PT', 'Casting of metals')","3.17734814014796e-05","1.47697784980826e-05","3.15225764942072e-05"
"('WA', 'Forestry, logging and related service activities (02)')","3.16790138270277e-05","2.89872365347866e-05","2.52341035324534e-05"
"('ZA', 'Processing of meat poultry')","3.16550188886144e-05","1.16415596090856e-05","3.08507179814693e-05"
"('CZ', 'Cultivation of wheat')","3.15851209178278e-05","1.48376893375359e-05","2.99400297845779e-05"
"('LV', 'Financial intermediation, except insurance and pension funding (65)')","3.14646846710811e-05","1.59341863094957e-05","3.14618027186747e-05"
"('NL', 'Processing of meat poultry')","3.1409087795351e-05","2.68263237518009e-05","1.96095588910601e-05"
"('AT', 'Production of electricity by gas')","3.13896331174558e-05","1.98954673121386e-05","2.10038662396882e-05"
"('NL', 'Production of electricity by wind')","3.13034524953973e-05","3.05291049283535e-05","5.91486079697863e-06"
"('BE', 'Production of electricity by wind')","3.12975807022895e-05","2.9045672308151e-05","9.68061841998628e-06"
"('SK', 'Manufacture of cement, lime and plaster')","3.1069322996297e-05","1.52153289840253e-05","3.07407931503307e-05"
"('CY', 'Supporting and auxiliary transport activities; activities of travel agencies (63)')","3.10103272658259e-05","7.77541069946605e-06","3.10103262646202e-05"
"('FI', 'Biogasification of sewage slugde, incl. land application')","3.09606466096704e-05","2.84128052736765e-05","9.86290452848127e-06"
"('ID', 'Manufacture of other non-metallic mineral products n.e.c.')","3.09508900416771e-05","2.03105308815038e-05","2.98405891226269e-05"
"('GR', 'Processing of dairy products')","3.0948866425581e-05","9.75483594769274e-06","3.07644033987014e-05"
"('PT', 'Manufacture of fish products')","3.09318933604071e-05","1.5840729729635e-05","3.0361732458423e-05"
"('PT', 'Collection, purification and distribution of water (41)')","3.09241206693455e-05","2.82122985508019e-05","1.24583661791892e-05"
"('LT', 'Computer and related activities (72)')","3.08972468111284e-05","2.15210255209935e-05","3.08971670053914e-05"
"('BR', 'Extraction, liquefaction, and regasification of other petroleum and gaseous materials')","3.08941721095368e-05","2.08952372484253e-05","1.66289443737291e-05"
"('WF', 'Mining of coal and lignite; extraction of peat (10)')","3.08919499991664e-05","2.38966828067288e-05","1.97401780062707e-05"
"('ES', 'Retail sale of automotive fuel')","3.08291644285744e-05","2.57980506824225e-05","2.00780566807793e-05"
"('LU', 'Transport via railways')","3.0822036301885e-05","1.49143559576493e-05","3.06539569637931e-05"
"('WL', 'Cultivation of plant-based fibers')","3.08115345564983e-05","2.49958255534519e-05","2.04595315050342e-05"
"('LV', 'Air transport (62)')","3.07529687630111e-05","1.14930234035447e-05","3.07529687001637e-05"
"('KR', 'N-fertiliser')","3.07503483874173e-05","2.92345295558561e-05","3.11055350833275e-06"
"('PT', 'Landfill of waste: Textiles')","3.0743176781029e-05","2.96366192750471e-05","5.53228313152125e-06"
"('SE', 'Activities auxiliary to financial intermediation (67)')","3.0670575038571e-05","2.3388496886959e-05","3.06383538933976e-05"
"('PT', 'Incineration of waste: Textiles')","3.06542918826821e-05","2.98745941577725e-05","5.47699395553489e-06"
"('SE', 'Lead, zinc and tin production')","3.06534655242845e-05","2.18891276104603e-05","2.42503036084562e-05"
"('PL', 'Landfill of waste: Wood')","3.05040732138538e-05","2.85953158566681e-05","4.83718786358527e-06"
"('PT', 'Tanning and dressing of leather; manufacture of luggage, handbags, saddlery, harness and footwear (19)')","3.04899284270247e-05","1.1717210235504e-05","3.04664335964255e-05"
"('CZ', 'Mining of coal and lignite; extraction of peat (10)')","3.04379072192003e-05","1.68079826088916e-05","2.83177544329295e-05"
"('SK', 'Pulp')","3.04235353177574e-05","1.27626602349379e-05","3.00044907726333e-05"
"('RO', 'Cultivation of oil seeds')","3.03082239801967e-05","1.54302986917912e-05","2.93815044637281e-05"
"('DK', 'Biogasification of food waste, incl. land application')","3.03043777655103e-05","2.84924571275298e-05","7.58921162258669e-06"
"('SI', 'Real estate activities (70)')","3.02393575125589e-05","2.37225662818392e-05","3.02393575015919e-05"
"('LU', 'Manufacture of tobacco products (16)')","3.02378927695151e-05","1.56704692332959e-05","2.21107176319249e-05"
"('RO', 'Copper production')","3.02289532458231e-05","1.75052657906764e-05","2.96491290438288e-05"
"('RU', 'Processing of meat poultry')","3.02001579412114e-05","1.28855534619933e-05","2.42070756855363e-05"
"('HU', 'Manufacture of textiles (17)')","3.01719629585602e-05","1.0706761501836e-05","3.01719530814271e-05"
"('IE', 'Manufacture of fish products')","3.01258219945202e-05","2.28843555984851e-05","2.69273797930577e-05"
"('PT', 'Processing of meat pigs')","3.01225731266714e-05","9.53504523850121e-06","2.94818081037066e-05"
"('SE', 'Steam and hot water supply')","3.00856690311989e-05","2.35303205353445e-05","1.35404447834706e-05"
"('GB', 'Cultivation of cereal grains nec')","3.00746485846949e-05","2.2334992513622e-05","2.59876489173698e-05"
"('RO', 'Waste water treatment, other')","3.00224960678124e-05","8.50669834743324e-06","2.65997462108233e-05"
"('CY', 'Wholesale trade and commission trade, except of motor vehicles and motorcycles (51)')","2.99953637408542e-05","1.34796555789395e-05","2.99940984314435e-05"
"('SI', 'Hotels and restaurants (55)')","2.99613475189438e-05","1.10644234792517e-05","2.99606843267084e-05"
"('RO', 'Manufacture of wearing apparel; dressing and dyeing of fur (18)')","2.99552065509334e-05","1.2393502597866e-05","2.99484575076537e-05"
"('NO', 'Processing of meat cattle')","2.99440819721672e-05","3.46229848842786e-06","2.98797913467251e-05"
"('CZ', 'Retail sale of automotive fuel')","2.99035170150951e-05","1.82767917582348e-05","2.69315261817161e-05"
"('AT', 'Research and development (73)')","2.98991791164624e-05","1.75889939693761e-05","2.98991445124608e-05"
"('HR', 'Manufacture of rubber and plastic products (25)')","2.98448071491145e-05","1.38909013588888e-05","2.98408389908181e-05"
"('AU', 'Manufacture of medical, precision and optical instruments, watches and clocks (33)')","2.98338947816911e-05","1.99628240300905e-05","2.97829387739035e-05"
"('RO', 'Recreational, cultural and sporting activities (92)')","2.9832188799443e-05","2.10514827518131e-05","2.97062753335517e-05"
"('AU', 'Tanning and dressing of leather; manufacture of luggage, handbags, saddlery, harness and footwear (19)')","2.98228934276604e-05","1.91740241806659e-05","2.98128337236889e-05"
"('CZ', 'Manufacture of furniture; manufacturing n.e.c. (36)')","2.97736665151534e-05","8.4405576960121e-06","2.97736663896887e-05"
"('NO', 'Insurance and pension funding, except compulsory social security (66)')","2.97498073600531e-05","1.89700398306419e-05","2.96961959489897e-05"
"('SI', 'Aluminium production')","2.96914597582691e-05","1.65419452745539e-05","2.9484919712763e-05"
"('WM', 'Forestry, logging and related service activities (02)')","2.96424668832264e-05","2.37844659394744e-05","2.7368589089764e-05"
"('DK', 'Aluminium production')","2.96304916841934e-05","1.8273821162231e-05","2.9425143046108e-05"
"('SE', 'Processing of nuclear fuel')","2.96130724471101e-05","2.20596612429969e-05","1.15961392033761e-05"
"('EE', 'Manufacture of wood and of products of wood and cork, except furniture; manufacture of articles of straw and plaiting materials (20)')","2.96067404976982e-05","1.58286615554505e-05","2.95150777003364e-05"
"('BE', 'Raw milk')","2.96029137187288e-05","1.42746015055788e-05","2.93976932724769e-05"
"('ES', 'Fishing, operating of fish hatcheries and fish farms; service activities incidental to fishing (05)')","2.95423451507226e-05","1.63337940276127e-05","2.93374455160346e-05"
"('ZA', 'Sale, maintenance, repair of motor vehicles, motor vehicles parts, motorcycles, motor cycles parts and accessoiries')","2.94975287474006e-05","9.62362570608931e-06","2.94953543456096e-05"
"('AU', 'Distribution and trade of electricity')","2.94430202573775e-05","3.32359319666412e-06","2.93146743731325e-05"
"('IE', 'Manufacture of beverages')","2.9427907396007e-05","2.31238608217098e-05","2.16835590813087e-05"
"('SK', 'Production of electricity by nuclear')","2.92886613835765e-05","2.10340693344465e-05","1.91308038326734e-05"
"('IT', 'Forestry, logging and related service activities (02)')","2.9245975802341e-05","2.43975249270472e-05","2.7463699378954e-05"
"('SK', 'Manufacture of textiles (17)')","2.91716782793463e-05","1.42355262874428e-05","2.91715752146021e-05"
"('SK', 'Hotels and restaurants (55)')","2.91601097211273e-05","1.09231183134788e-05","2.91592975849639e-05"
"('SK', 'Manufacture of wood and of products of wood and cork, except furniture; manufacture of articles of straw and plaiting materials (20)')","2.90076371718508e-05","1.14108296949491e-05","2.89982291360762e-05"
"('CA', 'Production of electricity by petroleum and other oil derivatives')","2.89889795369891e-05","2.75398968481569e-05","2.63862797062811e-06"
"('HU', 'Waste water treatment, other')","2.89353594969796e-05","2.65768643575281e-05","9.3939349958629e-06"
"('AU', 'Pigs farming')","2.89321477239306e-05","2.15565928337903e-05","2.62830322493283e-05"
"('BE', 'Other service activities (93)')","2.88997653532664e-05","1.15279459937124e-05","2.88993975152439e-05"
"('NO', 'Activities of membership organisation n.e.c. (91)')","2.88697005529518e-05","1.03521820828661e-05","2.88579074849999e-05"
"('MX', 'Cultivation of wheat')","2.88304384085225e-05","1.75349620860147e-05","2.52015472455795e-05"
"('TR', 'Production of electricity by wind')","2.88137351732626e-05","2.80725261554003e-05","6.67249028278114e-06"
"('HU', 'Casting of metals')","2.87833769003947e-05","9.92952924167605e-06","2.8477604220237e-05"
"('PL', 'Poultry farming')","2.8775094938598e-05","1.49414574825111e-05","2.81882377029314e-05"
"('ES', 'Pulp')","2.87692648883354e-05","1.78031983432792e-05","2.40391430169443e-05"
"('RO', 'Incineration of waste: Metals and Inert materials')","2.86374278814123e-05","6.9515432282659e-06","2.6562626548538e-05"
"('SE', 'Retail sale of automotive fuel')","2.86184166408157e-05","2.35088615211355e-05","2.39667107602667e-05"
"('GR', 'Education (80)')","2.85300123887967e-05","9.03180178031229e-06","2.85300123887436e-05"
"('GR', 'Raw milk')","2.85214821326917e-05","1.06810017491441e-05","2.8405353203905e-05"
"('RO', 'Air transport (62)')","2.85103823183399e-05","9.51771419125312e-06","2.85103666405817e-05"
"('CY', 'Hotels and restaurants (55)')","2.84872586035294e-05","1.14245217545591e-05","2.84778727121733e-05"
"('EE', 'Real estate activities (70)')","2.84191925211348e-05","2.08599699380556e-05","2.8418600804908e-05"
"('WF', 'Production of electricity by wind')","2.83482412513689e-05","2.67659652583727e-05","6.60330954677654e-06"
"('WE', 'Transmission of electricity')","2.83369105555242e-05","2.29927650629671e-05","1.54731753841501e-05"
"('EE', 'Computer and related activities (72)')","2.82851365884505e-05","1.97067036779408e-05","2.82850706570704e-05"
"('IE', 'Publishing, printing and reproduction of recorded media (22)')","2.82737129788464e-05","2.73442040127534e-05","2.82640665245075e-05"
"('PT', 'Incineration of waste: Wood')","2.82464640051052e-05","2.73116209780067e-05","6.80712924414928e-06"
"('PT', 'Cattle farming')","2.8204338757159e-05","9.72272174892475e-06","2.80602766864475e-05"
"('GR', 'Plastics, basic')","2.81964037940944e-05","1.43883848954166e-05","2.80620546178011e-05"
"('IN', 'Cattle farming')","2.81910729112458e-05","2.38478598754405e-05","2.56406005294185e-05"
"('RU', 'Cultivation of sugar cane, sugar beet')","2.81614540840027e-05","2.26617216993229e-05","1.98247858814071e-05"
"('TW', 'Activities of membership organisation n.e.c. (91)')","2.8151005192568e-05","9.65296702260066e-06","2.80433845248917e-05"
"('GR', 'Manufacture of textiles (17)')","2.81134894966021e-05","1.4683201428796e-05","2.81071020797403e-05"
"('SE', 'Fishing, operating of fish hatcheries and fish farms; service activities incidental to fishing (05)')","2.81066317725311e-05","2.38306240243967e-05","2.78468662336017e-05"
"('AU', 'Production of electricity by hydro')","2.8094283880562e-05","2.74715370439465e-05","6.85200103890382e-06"
"('ZA', 'Manufacture of office machinery and computers (30)')","2.80654915496507e-05","1.41404162814253e-05","2.80643313921078e-05"
"('RO', 'Cultivation of wheat')","2.79695380826059e-05","2.32775083710783e-05","2.56341077566845e-05"
"('GR', 'Manufacture of wearing apparel; dressing and dyeing of fur (18)')","2.79499545211135e-05","8.84084341984273e-06","2.79487318542566e-05"
"('HU', 'Pigs farming')","2.78115281978916e-05","1.26542045326798e-05","2.77994894993145e-05"
"('TR', 'Animal products nec')","2.77030230349745e-05","2.59733175402003e-05","6.13548293659095e-06"
"('LT', 'Public administration and defence; compulsory social security (75)')","2.76826903301698e-05","6.34851907212137e-06","2.76824022144209e-05"
"('GR', 'Re-processing of secondary steel into new steel')","2.76251291345058e-05","1.80790796830943e-05","2.74111878831439e-05"
"('LU', 'Manufacture of machinery and equipment n.e.c. (29)')","2.75778990392025e-05","1.06557816715563e-05","2.74636282481045e-05"
"('ZA', 'Manufacture of tobacco products (16)')","2.75709325871584e-05","1.72253322085865e-05","2.43999328859948e-05"
"('MX', 'Manufacture of tobacco products (16)')","2.75320874609675e-05","1.4966851614396e-05","1.96228252420718e-05"
"('PT', 'Landfill of waste: Plastic')","2.75209566442827e-05","2.68148844099336e-05","5.97543060842538e-06"
"('LU', 'Processing of dairy products')","2.74328894790036e-05","8.51481322504061e-06","2.73809208864485e-05"
"('NL', 'Manufacture of bricks, tiles and construction products, in baked clay')","2.73899629855781e-05","2.12058343658144e-05","1.49421964835797e-05"
"('AT', 'Manufacture of other transport equipment (35)')","2.73812715887078e-05","1.14515245964355e-05","2.65916980541518e-05"
"('TR', 'Fishing, operating of fish hatcheries and fish farms; service activities incidental to fishing (05)')","2.7375667884799e-05","1.27036024669325e-05","2.73318302588766e-05"
"('HU', 'Cultivation of vegetables, fruit, nuts')","2.73725050193021e-05","1.56890265040226e-05","2.72717701026028e-05"
"('ZA', 'Private households with employed persons (95)')","2.72725081616028e-05","5.03127817394468e-06","2.72725081616028e-05"
"('ZA', 'Cattle farming')","2.72544343119658e-05","1.229086567402e-05","2.70154840124725e-05"
"('GB', 'Manufacture of ceramic goods')","2.7243717396965e-05","1.70351337748693e-05","2.41182352137697e-05"
"('NO', 'Manufacture of other non-metallic mineral products n.e.c.')","2.72122074984636e-05","2.03380639447931e-05","2.30644800418947e-05"
"('NO', 'Manufacture of beverages')","2.71272510705458e-05","8.13982509350542e-06","2.71046086082055e-05"
"('PT', 'Activities of membership organisation n.e.c. (91)')","2.71071581740022e-05","1.08355373003561e-05","2.71071581705325e-05"
"('TW', 'Distribution and trade of electricity')","2.70579748236657e-05","2.57669060562619e-05","1.87658465596138e-05"
"('ZA', 'Sea and coastal water transport')","2.69810934015714e-05","2.12456123215151e-05","2.55069847745622e-05"
"('LU', 'Re-processing of secondary steel into new steel')","2.6961948938736e-05","1.06267439631693e-05","2.69565073803288e-05"
"('TR', 'Public administration and defence; compulsory social security (75)')","2.69545603288103e-05","8.37305719326149e-06","2.65281669734337e-05"
"('SI', 'Air transport (62)')","2.69464687445917e-05","1.31934998639329e-05","2.69464411049971e-05"
"('FI', 'Raw milk')","2.69095247351041e-05","1.88287544328499e-05","2.66814399524291e-05"
"('TR', 'Mining of other non-ferrous metal ores and concentrates')","2.68495562804974e-05","2.65696166688842e-05","1.80363981861127e-06"
"('CZ', 'Lead, zinc and tin production')","2.67876708789625e-05","1.63765179901505e-05","2.09147252052674e-05"
"('AU', 'Production of electricity by biomass and waste')","2.67491878173362e-05","2.64900560630573e-05","6.98229389165112e-07"
"('WF', 'Processed rice')","2.67252493660516e-05","1.92754255859191e-05","1.65805629595086e-05"
"('SK', 'Insurance and pension funding, except compulsory social security (66)')","2.67015223657076e-05","1.11466906416666e-05","2.66620711428419e-05"
"('FR', 'Retail sale of automotive fuel')","2.67004173711223e-05","2.00974730552188e-05","2.31218600925333e-05"
"('HR', 'Air transport (62)')","2.66162496490743e-05","9.75610898849039e-06","2.66162496051451e-05"
"('FI', 'Waste water treatment, other')","2.66144913699187e-05","2.39151208279487e-05","8.58582255916646e-06"
"('BE', 'Processing of meat poultry')","2.65903428879828e-05","1.67163868515145e-05","2.28408605453823e-05"
"('DE', 'Processing of meat poultry')","2.65087425488344e-05","2.47026592889822e-05","1.22937917812105e-05"
"('MX', 'Production of meat products nec')","2.65084388548029e-05","2.25972653426194e-05","1.43481260175519e-05"
"('GR', 'Aluminium production')","2.64560331523781e-05","1.32027509027745e-05","2.63473956135646e-05"
"('IE', 'Manufacture of textiles (17)')","2.64045847232718e-05","2.07107856565917e-05","2.63992920338073e-05"
"('ID', 'Production of electricity by hydro')","2.6352776697066e-05","2.53048579521343e-05","1.00016680904711e-05"
"('MT', 'Wholesale trade and commission trade, except of motor vehicles and motorcycles (51)')","2.63334206910803e-05","1.64621187562598e-05","2.63332335782183e-05"
"('HU', 'Processing of meat pigs')","2.62680122708036e-05","7.84854647149182e-06","2.57307195322118e-05"
"('TW', 'Lead, zinc and tin production')","2.62678219666559e-05","2.19160728082387e-05","1.80122283219151e-05"
"('ID', 'Aluminium production')","2.6263531192798e-05","2.07753725206545e-05","2.49158923566356e-05"
"('LT', 'Retail trade, except of motor vehicles and motorcycles; repair of personal and household goods (52)')","2.62345249321057e-05","1.23531262363745e-05","2.62344937977686e-05"
"('SK', 'Processing of dairy products')","2.6191535728188e-05","7.02556360754327e-06","2.60284525070724e-05"
"('SE', 'Other service activities (93)')","2.61157699152264e-05","9.92551205970484e-06","2.60955920435075e-05"
"('DK', 'Private households with employed persons (95)')","2.60590858933776e-05","2.57910538615518e-05","2.60590858933776e-05"
"('PT', 'Education (80)')","2.60180244853105e-05","1.03896599919753e-05","2.60180244812726e-05"
"('FI', 'Lead, zinc and tin production')","2.59938004282428e-05","1.49766683428027e-05","2.24162615419136e-05"
"('LU', 'Recreational, cultural and sporting activities (92)')","2.59909231702905e-05","1.14531125957106e-05","2.59699460152625e-05"
"('RU', 'Casting of metals')","2.59774916696695e-05","2.14225518735736e-05","2.400109008609e-05"
"('NO', 'Manufacture of office machinery and computers (30)')","2.5925105262194e-05","5.42575103352299e-06","2.59250758762221e-05"
"('RO', 'Landfill of waste: Food')","2.58790489243387e-05","7.82442558315928e-06","2.2904502070331e-05"
"('SI', 'Re-processing of secondary steel into new steel')","2.58208947478389e-05","1.32383628558498e-05","2.57336796828176e-05"
"('SK', 'Manufacture of other transport equipment (35)')","2.58055690178191e-05","9.98567668324313e-06","2.57769564478128e-05"
"('CZ', 'Poultry farming')","2.57639910129487e-05","3.95583071766224e-06","2.57629885579209e-05"
"('PT', 'Incineration of waste: Plastic')","2.57482113781054e-05","2.4273146126918e-05","9.92318564869347e-06"
"('HR', 'Health and social work (85)')","2.5738915330909e-05","6.81211095422596e-06","2.5738915330909e-05"
"('DK', 'Paper')","2.56660806852221e-05","7.74336660665929e-06","2.55814361399064e-05"
"('US', 'Incineration of waste: Oil/Hazardous waste')","2.55482283263661e-05","2.53721242122604e-05","9.54814442855289e-07"
"('PL', 'Casting of metals')","2.55448190065965e-05","1.42699308254003e-05","2.40601665236694e-05"
"('HU', 'Landfill of waste: Paper')","2.55025225547119e-05","2.25756868621727e-05","1.27211117374247e-05"
"('TR', 'Cultivation of sugar cane, sugar beet')","2.54964398899082e-05","2.46504527269936e-05","1.06363474132868e-05"
"('RO', 'Re-processing of secondary steel into new steel')","2.54335322955557e-05","1.24795279620711e-05","2.53955910746619e-05"
"('AT', 'Cultivation of vegetables, fruit, nuts')","2.54119239188994e-05","1.89147643491916e-05","2.50172055926395e-05"
"('PT', 'Production of electricity by wind')","2.54014095970651e-05","2.26066305792507e-05","9.72916678347863e-06"
"('CY', 'Sea and coastal water transport')","2.54000490437321e-05","1.1753468913805e-05","2.50571659575107e-05"
"('BG', 'Chemicals nec')","2.53696817004044e-05","9.93049393952466e-06","2.53666388237449e-05"
"('WE', 'Manufacture of ceramic goods')","2.53497327675649e-05","1.24335819173299e-05","2.29494735314658e-05"
"('RO', 'Post and telecommunications (64)')","2.5336131082362e-05","1.69957214425273e-05","2.53200350416938e-05"
"('LU', 'Manufacture of fabricated metal products, except machinery and equipment (28)')","2.53279012467748e-05","1.21152618599091e-05","2.5326640155831e-05"
"('WE', 'Pulp')","2.52275991186574e-05","1.8107921872746e-05","2.15824778966979e-05"
"('RO', 'Lead, zinc and tin production')","2.51794787608109e-05","1.50417727801848e-05","2.51794172217001e-05"
"('FI', 'Landfill of waste: Paper')","2.51672732090279e-05","2.28205781983564e-05","8.25071252156102e-06"
"('GR', 'Air transport (62)')","2.516102722593e-05","8.98998350755399e-06","2.51595438247179e-05"
"('SK', 'Incineration of waste: Oil/Hazardous waste')","2.51346859617442e-05","2.19235483471795e-05","1.37924115024565e-05"
"('BE', 'Other non-ferrous metal production')","2.50897647788439e-05","1.28318631756353e-05","2.21078896473207e-05"
"('NO', 'Pulp')","2.50729372339028e-05","1.12744829448105e-05","2.44056866512623e-05"
"('HU', 'Cultivation of oil seeds')","2.49549099303816e-05","1.41845859439223e-05","2.37968021526139e-05"
"('SK', 'Sale, maintenance, repair of motor vehicles, motor vehicles parts, motorcycles, motor cycles parts and accessoiries')","2.48515064254334e-05","1.5543348890194e-05","2.48221422646044e-05"
"('BG', 'Transmission of electricity')","2.48214347687489e-05","1.96735534441369e-05","2.02687136218243e-05"
"('RO', 'Production of electricity by hydro')","2.48155926451915e-05","1.93141939057368e-05","1.83740346009112e-05"
"('ZA', 'Manufacture of fish products')","2.48067745588742e-05","7.79694262917218e-06","2.44920996792794e-05"
"('ID', 'Lead, zinc and tin production')","2.47664750191874e-05","1.80565221003824e-05","1.95403784823563e-05"
"('TW', 'Processing vegetable oils and fats')","2.47325725503973e-05","1.43044562429021e-05","2.16036195609738e-05"
"('HU', 'Manufacture of gas; distribution of gaseous fuels through mains')","2.47101490526717e-05","1.5658863416025e-05","2.29864075253942e-05"
"('HR', 'Manufacture of fabricated metal products, except machinery and equipment (28)')","2.47029182276133e-05","1.33979738621481e-05","2.47006975276605e-05"
"('CA', 'Manufacture of coke oven products')","2.46996185147535e-05","2.23703176187497e-05","4.47727293059542e-06"
"('RU', 'Production of electricity by petroleum and other oil derivatives')","2.46656422039251e-05","2.27270767107381e-05","4.57750651316398e-06"
"('HU', 'Recreational, cultural and sporting activities (92)')","2.46387009596704e-05","1.07603927717796e-05","2.46177468590889e-05"
"('HU', 'Tanning and dressing of leather; manufacture of luggage, handbags, saddlery, harness and footwear (19)')","2.45983409768959e-05","9.46538966856146e-06","2.45937929127135e-05"
"('WM', 'Manufacture of basic iron and steel and of ferro-alloys and first products thereof')","2.453264409488e-05","1.80250395692076e-05","2.42823812565547e-05"
"('LT', 'Real estate activities (70)')","2.44328196066391e-05","1.63065127658175e-05","2.44326111488965e-05"
"('LV', 'Computer and related activities (72)')","2.43539321592149e-05","1.57285907784224e-05","2.43528564756065e-05"
"('LV', 'Forestry, logging and related service activities (02)')","2.43238503078362e-05","1.75813020888303e-05","2.40444895059542e-05"
"('RO', 'Manufacture of other transport equipment (35)')","2.42709926941246e-05","1.01562988358959e-05","2.42700608634651e-05"
"('BG', 'Cultivation of oil seeds')","2.42503730452698e-05","1.39566905573602e-05","2.33543220201294e-05"
"('ZA', 'Manufacture of radio, television and communication equipment and apparatus (32)')","2.41283290092475e-05","1.89009526699834e-05","2.41141628747731e-05"
"('NO', 'Processing of meat pigs')","2.40830020950189e-05","8.63536369440819e-06","2.38488853690125e-05"
"('WE', 'Private households with employed persons (95)')","2.40737948509369e-05","7.70002115566192e-06","2.40737948509369e-05"
"('PL', 'N-fertiliser')","2.40635495430702e-05","2.14581633435478e-05","6.23929387734787e-06"
"('GR', 'Manufacture of furniture; manufacturing n.e.c. (36)')","2.39971948264972e-05","1.02023217145967e-05","2.39971948262713e-05"
"('PT', 'Waste water treatment, food')","2.3980436069888e-05","2.1290526396494e-05","9.39341288903999e-06"
"('FI', 'Manufacture of gas; distribution of gaseous fuels through mains')","2.39583201565996e-05","5.29296554122929e-06","2.38378107849649e-05"
"('EE', 'Manufacture of fabricated metal products, except machinery and equipment (28)')","2.39482138015212e-05","1.99882369884455e-05","2.3865010374407e-05"
"('FI', 'Activities of membership organisation n.e.c. (91)')","2.38915340866095e-05","4.94377012668866e-06","2.3891534084012e-05"
"('RO', 'Aluminium production')","2.38785963446622e-05","1.24803220496712e-05","2.35862043939461e-05"
"('HR', 'Chemicals nec')","2.38362029783429e-05","1.05588159611794e-05","2.38359788117189e-05"
"('ZA', 'Manufacture of glass and glass products')","2.38034238758792e-05","1.56741963893996e-05","2.31533132328995e-05"
"('FI', 'Transport via pipelines')","2.37642141854114e-05","1.81029392552449e-05","1.76200766714845e-05"
"('BG', 'Manufacture of textiles (17)')","2.37278596245506e-05","1.00994718768813e-05","2.37271266196237e-05"
"('LV', 'Manufacture of gas; distribution of gaseous fuels through mains')","2.36864823874861e-05","1.52741988407566e-05","2.35052645892309e-05"
"('BE', 'Manufacture of fish products')","2.36226264744422e-05","1.14587492247374e-05","2.25851803679711e-05"
"('BE', 'Casting of metals')","2.34963486447789e-05","1.19074403842041e-05","2.17015472197077e-05"
"('CZ', 'Pulp')","2.34793230672658e-05","1.05044844482793e-05","2.30010316343906e-05"
"('WM', 'Wool, silk-worm cocoons')","2.34661655698617e-05","2.01536719050384e-05","7.49745584547281e-06"
"('CH', 'Manufacture of wearing apparel; dressing and dyeing of fur (18)')","2.34523149662094e-05","7.93518141125092e-06","2.34523108669334e-05"
"('NL', 'Cultivation of sugar cane, sugar beet')","2.34373363199905e-05","1.41319169449082e-05","1.60817005797103e-05"
"('AT', 'Manufacture of wearing apparel; dressing and dyeing of fur (18)')","2.33891035971516e-05","9.49880960865581e-06","2.33890110821137e-05"
"('PL', 'Manufacture of bricks, tiles and construction products, in baked clay')","2.33570759043227e-05","1.63308951926569e-05","1.40508512059507e-05"
"('BE', 'Landfill of waste: Inert/metal/hazardous')","2.32747172042513e-05","2.15541998198366e-05","7.95706448828295e-06"
"('LV', 'Other business activities (74)')","2.32653295367314e-05","1.39655713906834e-05","2.32653289903919e-05"
"('MX', 'Production of electricity by wind')","2.32295113154132e-05","2.28858976154184e-05","3.48832076166582e-06"
"('DK', 'Processing of meat cattle')","2.32207754344167e-05","1.20380224575516e-05","2.0517732958733e-05"
"('WE', 'Other non-ferrous metal production')","2.32139857524847e-05","1.50892130120646e-05","2.04995538502754e-05"
"('AT', 'Raw milk')","2.32082034384321e-05","1.7306091293367e-05","2.26791146239949e-05"
"('TR', 'Activities of membership organisation n.e.c. (91)')","2.31404313679932e-05","1.43739596845967e-05","2.31404269235244e-05"
"('RO', 'Transmission of electricity')","2.31357905887253e-05","1.48470556700372e-05","1.85890706112714e-05"
"('AT', 'Activities auxiliary to financial intermediation (67)')","2.31094349277161e-05","1.58797116309014e-05","2.30672840243815e-05"
"('KR', 'Mining of precious metal ores and concentrates')","2.31004544918276e-05","1.88645664541998e-05","7.27260123453014e-06"
"('HU', 'Processing of meat poultry')","2.30995909307517e-05","7.65613261007987e-06","2.20291788494467e-05"
"('PT', 'Pulp')","2.30078699557612e-05","1.12686871565618e-05","2.23019576792861e-05"
"('RO', 'Renting of machinery and equipment without operator and of personal and household goods (71)')","2.29830994188934e-05","1.45443217685066e-05","2.27695251539229e-05"
"('SE', 'Raw milk')","2.29725200137984e-05","1.7985650340808e-05","2.27580733487287e-05"
"('LT', 'Financial intermediation, except insurance and pension funding (65)')","2.2970236579478e-05","1.42651207068168e-05","2.29647245574101e-05"
"('IE', 'Recreational, cultural and sporting activities (92)')","2.29025448664701e-05","2.08348125741868e-05","2.27973447848824e-05"
"('CY', 'Computer and related activities (72)')","2.2882754787881e-05","8.9915154917984e-06","2.28827361626649e-05"
"('WE', 'Recreational, cultural and sporting activities (92)')","2.28653519704562e-05","1.66672106569898e-05","2.28356270955892e-05"
"('SK', 'Quarrying of stone')","2.28239433472964e-05","1.51036517895741e-05","1.73381143798034e-05"
"('CH', 'Manufacture of other transport equipment (35)')","2.27830763061121e-05","8.27686160273389e-06","2.2782977940075e-05"
"('RO', 'Activities of membership organisation n.e.c. (91)')","2.27756005995612e-05","3.4617848317169e-06","2.27465373785318e-05"
"('TW', 'Manufacture of ceramic goods')","2.2760796489473e-05","6.2443367601821e-06","2.2363430692471e-05"
"('LU', 'Real estate activities (70)')","2.2717593146838e-05","1.74050388362882e-05","2.27174933405419e-05"
"('GB', 'Poultry farming')","2.27172902194215e-05","9.69548790668244e-06","2.15529235290179e-05"
"('ID', 'Production of meat products nec')","2.2710330199052e-05","1.73185789758171e-05","1.90082713345702e-05"
"('ZA', 'Manufacture of other transport equipment (35)')","2.26691772032884e-05","3.62329942729629e-06","2.26691634369768e-05"
"('GB', 'Production of electricity by coal')","2.26399870321844e-05","1.8214616223789e-05","9.15266637243289e-06"
"('CZ', 'Manufacture of other non-metallic mineral products n.e.c.')","2.26369818056862e-05","1.45975129150883e-05","2.16022854814425e-05"
"('PT', 'Recreational, cultural and sporting activities (92)')","2.26230870177847e-05","1.16874797907667e-05","2.26230870162012e-05"
"('BE', 'Manufacture of furniture; manufacturing n.e.c. (36)')","2.26089631453046e-05","7.59785083692261e-06","2.26089624106823e-05"
"('ES', 'Production of meat products nec')","2.26033278785396e-05","1.20103640249652e-05","1.89925281736318e-05"
"('IN', 'Other non-ferrous metal production')","2.26013071620118e-05","1.39011733902718e-05","1.72366727858955e-05"
"('AU', 'Manufacture of glass and glass products')","2.25731628213021e-05","1.31198619459266e-05","2.08718975731178e-05"
"('TW', 'Precious metals production')","2.25570532908991e-05","1.91324167406219e-05","2.23553198789896e-05"
"('PT', 'Post and telecommunications (64)')","2.25558208087212e-05","1.78971825608309e-05","2.24443756878442e-05"
"('IE', 'Pigs farming')","2.25251465108483e-05","1.41153057861285e-05","2.1686066889138e-05"
"('BG', 'Manufacture of wearing apparel; dressing and dyeing of fur (18)')","2.24539275150828e-05","7.28605686855032e-06","2.24512776614895e-05"
"('RO', 'Processing of dairy products')","2.23461406686575e-05","6.44093141802644e-06","2.23131803485111e-05"
"('AT', 'Cattle farming')","2.23075788952494e-05","8.89914659688221e-06","2.22806871186463e-05"
"('NL', 'Processing vegetable oils and fats')","2.23068498707241e-05","1.2636673997595e-05","1.46930836629508e-05"
"('CH', 'Retail sale of automotive fuel')","2.22721054476363e-05","1.5568187957165e-05","1.34917348717651e-05"
"('RO', 'Production of electricity by coal')","2.22460684799621e-05","1.0855786319849e-05","2.06474727854289e-05"
"('AT', 'Manufacture of bricks, tiles and construction products, in baked clay')","2.22455698209646e-05","1.79344099234194e-05","1.18767914554757e-05"
"('LV', 'Manufacture of office machinery and computers (30)')","2.22023152613296e-05","1.28411860707834e-05","2.22018854525573e-05"
"('SE', 'Processing of meat cattle')","2.21288117436862e-05","7.53695936763815e-06","2.14059199780604e-05"
"('FI', 'Publishing, printing and reproduction of recorded media (22)')","2.20829159186677e-05","1.39456768067976e-05","2.20829159186677e-05"
"('GR', 'Manufacture of rubber and plastic products (25)')","2.20616730260928e-05","1.12215207725913e-05","2.20521509020355e-05"
"('GB', 'Production of electricity by hydro')","2.19703717598956e-05","2.06070315548395e-05","6.21049946433029e-06"
"('CZ', 'Cultivation of cereal grains nec')","2.1968459348686e-05","1.37678155651878e-05","2.14710819869098e-05"
"('KR', 'Cultivation of oil seeds')","2.18908705912512e-05","1.63303650456926e-05","1.69832546858779e-05"
"('FR', 'Cultivation of sugar cane, sugar beet')","2.18484218965634e-05","1.35001735119297e-05","1.93178858647212e-05"
"('TR', 'Other service activities (93)')","2.17798115934927e-05","1.53401726942111e-05","2.17591440552644e-05"
"('EE', 'Sea and coastal water transport')","2.17708213497727e-05","8.20036038233197e-06","2.17089682641158e-05"
"('GR', 'Insurance and pension funding, except compulsory social security (66)')","2.17506787175167e-05","7.45798295938914e-06","2.17485877468489e-05"
"('CA', 'Manufacture of tobacco products (16)')","2.17127672497224e-05","5.24798043685653e-06","1.94522904783345e-05"
"('NL', 'Production of electricity by solar photovoltaic')","2.16574235986662e-05","2.12986539446226e-05","2.67522053416877e-06"
"('AU', 'Manufacture of bricks, tiles and construction products, in baked clay')","2.16536409374199e-05","1.92158545864918e-05","5.67422769580959e-06"
"('ES', 'Mining of other non-ferrous metal ores and concentrates')","2.16349484046633e-05","2.03555311941977e-05","3.94435215148929e-06"
"('IE', 'Production of meat products nec')","2.16328395050327e-05","1.14558213235751e-05","1.86897911288221e-05"
"('PT', 'Pigs farming')","2.16177900493173e-05","1.04186133640863e-05","2.16175926787631e-05"
"('CZ', 'Manufacture of ceramic goods')","2.15460839762091e-05","1.13969049690914e-05","1.94404216276827e-05"
"('NL', 'Tanning and dressing of leather; manufacture of luggage, handbags, saddlery, harness and footwear (19)')","2.15126318085244e-05","6.84566958814823e-06","2.14819631778848e-05"
"('SK', 'Casting of metals')","2.15075714356154e-05","3.48648706487912e-06","2.13141054205347e-05"
"('MX', 'Production of electricity by solar photovoltaic')","2.14687643593882e-05","2.13253470649919e-05","1.43915066598433e-06"
"('HU', 'Raw milk')","2.1443423099686e-05","1.08250642990385e-05","2.13202306444181e-05"
"('TR', 'Recreational, cultural and sporting activities (92)')","2.14376495944731e-05","1.89078083194264e-05","2.14105605839346e-05"
"('HU', 'Production of electricity by nuclear')","2.14142287345831e-05","1.80641443213929e-05","1.41312253775915e-05"
"('NL', 'Steam and hot water supply')","2.13970359074111e-05","2.84529514530409e-08","2.13910905030953e-05"
"('FI', 'Distribution and trade of electricity')","2.13513771860686e-05","1.71464510263042e-05","1.93334353115682e-05"
"('CH', 'Transmission of electricity')","2.13121883343946e-05","1.3196367884935e-05","1.41955091167952e-05"
"('HU', 'Cultivation of wheat')","2.13116521824103e-05","1.42812951664999e-05","1.91406678725311e-05"
"('SK', 'Manufacture of basic iron and steel and of ferro-alloys and first products thereof')","2.12724459907695e-05","9.46951782533249e-06","2.12721464426489e-05"
"('NO', 'Manufacture of glass and glass products')","2.12470300506578e-05","1.68778275581716e-05","1.98588988429281e-05"
"('NL', 'Processing of nuclear fuel')","2.12386076368246e-05","8.46806075627075e-06","1.63164724384006e-05"
"('GR', 'Manufacture of wood and of products of wood and cork, except furniture; manufacture of articles of straw and plaiting materials (20)')","2.12385780736606e-05","8.00505871404867e-06","2.12322297166866e-05"
"('SE', 'Manufacture of furniture; manufacturing n.e.c. (36)')","2.11365730038747e-05","1.62943925367227e-05","2.11362147053454e-05"
"('BG', 'Manufacture of wood and of products of wood and cork, except furniture; manufacture of articles of straw and plaiting materials (20)')","2.1101844698185e-05","7.58820470164014e-06","2.10863807178196e-05"
"('MX', 'Cultivation of crops nec')","2.10768051252104e-05","1.80226945679877e-05","1.6127160483137e-05"
"('AU', 'Processing of meat pigs')","2.10234854433902e-05","6.03250552892925e-06","1.96042597142386e-05"
"('TR', 'Sugar refining')","2.0941328532544e-05","1.66125797691332e-05","8.20517313332758e-06"
"('GR', 'Transport via railways')","2.0888118705149e-05","1.87883389879671e-05","1.98324454745149e-05"
"('AU', 'Retail sale of automotive fuel')","2.08042691986878e-05","1.76487816153278e-05","1.34935539632801e-05"
"('NO', 'Paper')","2.07774479466693e-05","1.01371110081926e-05","2.07543420958326e-05"
"('IE', 'Production of electricity by wind')","2.07697296521966e-05","2.05632834988831e-05","7.63945196018299e-06"
"('HR', 'Manufacture of machinery and equipment n.e.c. (29)')","2.07659586941775e-05","7.260713785683e-06","2.07658993296063e-05"
"('AT', 'Tanning and dressing of leather; manufacture of luggage, handbags, saddlery, harness and footwear (19)')","2.06873418873211e-05","8.50749949562236e-06","2.06871619472828e-05"
"('BE', 'Production of electricity by solar photovoltaic')","2.0632547211835e-05","1.99296564399851e-05","3.27139973083375e-06"
"('RO', 'Production of electricity by nuclear')","2.06039311101712e-05","1.78449907115319e-05","1.25121473026041e-05"
"('RO', 'Paper')","2.05886286322837e-05","1.18073070385054e-05","2.0563552815605e-05"
"('DK', 'Manufacture of glass and glass products')","2.05299073193119e-05","1.36609761010895e-05","1.9893853586213e-05"
"('CY', 'Retail trade, except of motor vehicles and motorcycles; repair of personal and household goods (52)')","2.05253340037713e-05","1.16778655998602e-05","2.05253267504202e-05"
"('AT', 'Lead, zinc and tin production')","2.05001973735776e-05","9.60707878321317e-06","1.80874488995058e-05"
"('DK', 'Production of electricity by wind')","2.04813520387936e-05","2.01743330815466e-05","5.92404626326144e-06"
"('RO', 'Waste water treatment, food')","2.04725369015443e-05","7.68532268420185e-06","1.64560393414245e-05"
"('IE', 'Pulp')","2.04089441222562e-05","1.68435623147041e-05","1.65472198825308e-05"
"('IE', 'Distribution and trade of electricity')","2.03768782833164e-05","1.90791687065858e-05","1.4939934152001e-05"
"('SI', 'Casting of metals')","2.030554687957e-05","8.51424973686425e-06","2.02632910307303e-05"
"('MX', 'Transport via pipelines')","2.02863385572511e-05","1.88097431130072e-05","7.41954470103251e-06"
"('TW', 'Mining of other non-ferrous metal ores and concentrates')","2.02064607737751e-05","1.83635475129712e-05","3.77860412303162e-06"
"('WE', 'Cultivation of sugar cane, sugar beet')","2.01798975579715e-05","1.62424898253268e-05","1.48014811128067e-05"
"('BR', 'Precious metals production')","2.01385590995301e-05","1.11658842693404e-05","1.87741442068886e-05"
"('HR', 'Processing of dairy products')","2.01325704048557e-05","1.14426318916175e-05","2.00874498610761e-05"
"('BR', 'Casting of metals')","2.01261768420267e-05","1.05749589929691e-05","1.8935788056646e-05"
"('PT', 'Composting of food waste, incl. land application')","2.01068238341676e-05","1.7241860659167e-05","1.16653936384109e-05"
"('FI', 'Recreational, cultural and sporting activities (92)')","2.00920576970152e-05","9.08559599900768e-06","2.00920297567808e-05"
"('LT', 'Transport via railways')","2.00831898881837e-05","1.11839991524947e-05","1.93138576902082e-05"
"('FI', 'Manufacture of textiles (17)')","2.00812586618534e-05","7.39990216821926e-06","2.00812288745846e-05"
"('CZ', 'Manufacture of wearing apparel; dressing and dyeing of fur (18)')","2.00651601842622e-05","8.2058016739046e-06","2.00640223740988e-05"
"('BG', 'Air transport (62)')","1.99965433484592e-05","5.37375736993956e-06","1.9996392369587e-05"
"('DK', 'Manufacture of bricks, tiles and construction products, in baked clay')","1.99941481366789e-05","1.4635806620823e-05","1.71335124299389e-05"
"('RO', 'Insurance and pension funding, except compulsory social security (66)')","1.99850661648989e-05","7.24259231829384e-06","1.99656050500797e-05"
"('EE', 'Air transport (62)')","1.99423077310314e-05","6.55978740537071e-06","1.99423075797938e-05"
"('FI', 'Manufacture of glass and glass products')","1.99057459118733e-05","1.27092093625854e-05","1.85936993426246e-05"
"('LV', 'Retail trade, except of motor vehicles and motorcycles; repair of personal and household goods (52)')","1.98701035080468e-05","9.02591714635631e-06","1.98701035061396e-05"
"('SI', 'Transport via railways')","1.98613367543962e-05","1.46787080472263e-05","1.93603980517845e-05"
"('NO', 'Production of electricity by wind')","1.98566182536377e-05","1.93946049683846e-05","4.31912964000681e-06"
"('AT', 'Extraction of crude petroleum and services related to crude oil extraction, excluding surveying')","1.98424732115265e-05","1.63978337651577e-05","1.97680703197718e-05"
"('SK', 'Distribution and trade of electricity')","1.98387409075361e-05","1.10707219742913e-05","1.8718573788123e-05"
"('CY', 'Other business activities (74)')","1.98108371414951e-05","1.57329889514398e-05","1.9810003824128e-05"
"('AU', 'Quarrying of sand and clay')","1.98094986008691e-05","1.84309916558826e-05","4.28773727200362e-06"
"('RO', 'Transport via pipelines')","1.97044435353269e-05","6.36222200738633e-06","1.85332214331687e-05"
"('HR', 'Computer and related activities (72)')","1.96229618286422e-05","8.74105756344024e-06","1.96229582042019e-05"
"('SK', 'Paper')","1.96078601460163e-05","8.18879907931717e-06","1.96050599232636e-05"
"('NO', 'Processing of meat poultry')","1.95458271697339e-05","6.96783263121115e-06","1.9250193453951e-05"
"('HR', 'Manufacture of beverages')","1.94771157591552e-05","9.22956678738998e-06","1.93796958200315e-05"
"('BG', 'Post and telecommunications (64)')","1.93889448242239e-05","1.1971446591127e-05","1.93837769594834e-05"
"('SI', 'Sea and coastal water transport')","1.93657317721279e-05","8.24789054351755e-06","1.93023138651802e-05"
"('PL', 'Extraction of crude petroleum and services related to crude oil extraction, excluding surveying')","1.92782938031571e-05","8.59102967586364e-06","1.76763321848935e-05"
"('NO', 'Collection, purification and distribution of water (41)')","1.92724548361257e-05","1.18149909241087e-05","1.00461550905781e-05"
"('FI', 'Production of electricity by nuclear')","1.92576323947613e-05","1.77773182419625e-05","1.04792432112109e-05"
"('SK', 'Lead, zinc and tin production')","1.92492608037294e-05","1.08303818283618e-05","1.79289226706489e-05"
"('SK', 'Tanning and dressing of leather; manufacture of luggage, handbags, saddlery, harness and footwear (19)')","1.92379756674556e-05","7.19035447382004e-06","1.92319394864203e-05"
"('JP', 'Cultivation of sugar cane, sugar beet')","1.91822109161493e-05","1.76922069863952e-05","8.24771921936827e-06"
"('SK', 'Manufacture of wearing apparel; dressing and dyeing of fur (18)')","1.91218628024706e-05","6.26807875149779e-06","1.91099735113496e-05"
"('GR', 'Quarrying of sand and clay')","1.90778675303984e-05","1.32163415764556e-05","9.75134440213915e-06"
"('HU', 'Activities of membership organisation n.e.c. (91)')","1.90641090636542e-05","1.08654656191197e-05","1.90149862063585e-05"
"('AT', 'Production of electricity by wind')","1.90219223707517e-05","1.79303445580163e-05","5.73534782990209e-06"
"('GR', 'Other service activities (93)')","1.89553085076163e-05","1.2759922089875e-06","1.89553085076163e-05"
"('DK', 'Manufacture of wearing apparel; dressing and dyeing of fur (18)')","1.89520862334593e-05","4.44185670568337e-06","1.89512455175324e-05"
"('GB', 'Production of meat products nec')","1.89428576222911e-05","1.84604667133458e-05","1.18887950207733e-05"
"('RU', 'Lead, zinc and tin production')","1.88780584838552e-05","1.75659197581822e-05","9.4166377153054e-06"
"('IE', 'Inland water transport')","1.8828254943173e-05","1.28359495799757e-05","1.53808392998152e-05"
"('CH', 'Tanning and dressing of leather; manufacture of luggage, handbags, saddlery, harness and footwear (19)')","1.88016185453581e-05","8.03842637045651e-06","1.87954800118324e-05"
"('LV', 'Processing of Food products nec')","1.87893326969507e-05","4.00282999158007e-06","1.87892343750708e-05"
"('DK', 'Manufacture of cement, lime and plaster')","1.87888857341861e-05","1.14680517622562e-05","1.83355664183238e-05"
"('SI', 'Quarrying of stone')","1.87850092433451e-05","1.53737835669452e-05","8.38076213374365e-06"
"('SK', 'Health and social work (85)')","1.87705418622713e-05","8.76875715839882e-06","1.87705414573215e-05"
"('NO', 'Transmission of electricity')","1.87659352914143e-05","1.81642616743709e-05","7.78296984668899e-06"
"('MX', 'Cultivation of plant-based fibers')","1.87369901913339e-05","1.41583673780597e-05","1.5952309940215e-05"
"('NO', 'Cattle farming')","1.8735572478495e-05","1.09922286331537e-05","1.87268549720205e-05"
"('NL', 'Cultivation of wheat')","1.8650123372752e-05","9.76698663599204e-06","1.72118761990789e-05"
"('ZA', 'Transmission of electricity')","1.86033806169927e-05","1.68875103387946e-05","1.14968529660185e-05"
"('EE', 'Manufacture of motor vehicles, trailers and semi-trailers (34)')","1.85944061942991e-05","7.33223302529425e-06","1.85943783610776e-05"
"('DK', 'Collection, purification and distribution of water (41)')","1.85886090120144e-05","1.57128884260976e-05","8.98827155958242e-06"
"('HR', 'Pulp')","1.85627040176082e-05","8.67986992285142e-06","1.81107442989604e-05"
"('FI', 'Production of electricity by biomass and waste')","1.84569275792536e-05","1.77577475957046e-05","1.68332857417827e-06"
"('BR', 'Other non-ferrous metal production')","1.84430006082538e-05","8.69277571903498e-06","1.74797849425198e-05"
"('BG', 'Cultivation of cereal grains nec')","1.84202837994284e-05","1.14495961726431e-05","1.80191415785431e-05"
"('HU', 'Paper')","1.83698126460406e-05","7.04576666757591e-06","1.83674111666483e-05"
"('PT', 'Raw milk')","1.83396265134818e-05","1.26577973732242e-05","1.80857888683285e-05"
"('KR', 'Mining of lead, zinc and tin ores and concentrates')","1.828309789144e-05","1.80083802708458e-05","8.49911907806568e-07"
"('FI', 'Casting of metals')","1.82567486230563e-05","8.8211394615776e-06","1.80060610924349e-05"
"('MX', 'Forestry, logging and related service activities (02)')","1.81607097222302e-05","1.59815974465639e-05","1.80213256150313e-05"
"('FI', 'Steam and hot water supply')","1.8068897648761e-05","1.52674438605143e-05","7.26691041659709e-06"
"('GR', 'Pulp')","1.80145130154837e-05","1.16603989943249e-05","1.78359174988744e-05"
"('TR', 'Mining of aluminium ores and concentrates')","1.80031998072575e-05","1.78607523056396e-05","3.10495102967325e-07"
"('DE', 'Fishing, operating of fish hatcheries and fish farms; service activities incidental to fishing (05)')","1.79954566707791e-05","1.15488736964188e-05","1.7955957185437e-05"
"('DK', 'Cultivation of cereal grains nec')","1.7987379847043e-05","9.43737399401192e-06","1.74294352022939e-05"
"('DK', 'Fishing, operating of fish hatcheries and fish farms; service activities incidental to fishing (05)')","1.79439210471422e-05","1.44325328729699e-05","1.4819043746735e-05"
"('WF', 'Manufacture of basic iron and steel and of ferro-alloys and first products thereof')","1.79238719142361e-05","1.46677890451513e-05","1.79186132578765e-05"
"('DK', 'Transport via railways')","1.78860110082587e-05","1.37965796854906e-05","1.61807775783135e-05"
"('SI', 'Manufacture of gas; distribution of gaseous fuels through mains')","1.77457875062668e-05","1.12012519432703e-05","1.76624627063866e-05"
"('DK', 'Sugar refining')","1.77112398119863e-05","1.54338110468492e-05","5.00379933778635e-06"
"('FI', 'Extraction, liquefaction, and regasification of other petroleum and gaseous materials')","1.77084135146057e-05","9.06599090183307e-06","1.60324905576426e-05"
"('SI', 'Health and social work (85)')","1.76953925746216e-05","9.44153152486318e-06","1.76949386735817e-05"
"('FR', 'Inland water transport')","1.76798530513283e-05","3.04303991445229e-06","1.76382368871521e-05"
"('CH', 'Quarrying of stone')","1.76686900248575e-05","1.49651259892683e-05","8.33677586479769e-06"
"('RO', 'Production of electricity by gas')","1.75939508592651e-05","1.01738641113058e-05","1.47164868258673e-05"
"('LV', 'Renting of machinery and equipment without operator and of personal and household goods (71)')","1.75864559642487e-05","1.13841761934408e-05","1.74828859567406e-05"
"('LU', 'Public administration and defence; compulsory social security (75)')","1.75118490511745e-05","2.36236192674584e-06","1.7511833942627e-05"
"('EE', 'Financial intermediation, except insurance and pension funding (65)')","1.74532985316428e-05","1.06524422839244e-05","1.74520861999891e-05"
"('CH', 'Distribution and trade of electricity')","1.74353258892628e-05","1.26366185944623e-05","1.62809605775875e-05"
"('ES', 'Forestry, logging and related service activities (02)')","1.74197852194366e-05","1.58536722769925e-05","1.6684323065139e-05"
"('RO', 'Landfill of waste: Paper')","1.73382622825317e-05","5.32381333397716e-06","1.53195755034052e-05"
"('GB', 'Cultivation of oil seeds')","1.73095091818957e-05","1.28218586342996e-05","1.48580446255564e-05"
"('GB', 'Forestry, logging and related service activities (02)')","1.7251919807755e-05","1.38735400782763e-05","1.6571050022275e-05"
"('IT', 'P- and other fertiliser')","1.72309626209586e-05","1.17511961231821e-05","1.13564063644788e-05"
"('HU', 'Activities auxiliary to financial intermediation (67)')","1.71462635468194e-05","1.4038815262285e-05","1.71287197553926e-05"
"('ZA', 'Fishing, operating of fish hatcheries and fish farms; service activities incidental to fishing (05)')","1.7104572970152e-05","1.38878423246573e-05","1.70737641299582e-05"
"('BG', 'Processing of dairy products')","1.70781369871e-05","9.88246890962136e-06","1.70055653369535e-05"
"('ID', 'Precious metals production')","1.70701987668534e-05","1.56985109943202e-05","1.62107159699622e-05"
"('ES', 'Lead, zinc and tin production')","1.70163608110718e-05","7.82171306089113e-06","1.55169819781756e-05"
"('GR', 'Distribution and trade of electricity')","1.70139577472334e-05","1.41018110558316e-05","1.61415455900911e-05"
"('SK', 'Landfill of waste: Textiles')","1.69387293329378e-05","1.5948550700048e-05","4.81780879862922e-06"
"('HR', 'Transport via railways')","1.68496247808618e-05","3.95426686209125e-06","1.67727040744378e-05"
"('BR', 'Production of electricity by coal')","1.68250186431803e-05","9.67237143325621e-06","1.18803452648552e-05"
"('CZ', 'Production of electricity by gas')","1.67869480106682e-05","1.22709924428056e-05","9.44555810259485e-06"
"('CA', 'Mining of lead, zinc and tin ores and concentrates')","1.67845767388607e-05","1.65448518550915e-05","3.8355390506452e-07"
"('HR', 'Sea and coastal water transport')","1.67323037987421e-05","8.14053849118304e-06","1.67219220406709e-05"
"('GR', 'Chemicals nec')","1.67089753105947e-05","4.57714236841125e-06","1.67061285319518e-05"
"('WE', 'Retail sale of automotive fuel')","1.66633801005906e-05","4.00352876174455e-06","1.63560341201503e-05"
"('ZA', 'Cultivation of oil seeds')","1.66619506833802e-05","8.82740949654676e-06","1.62796915799207e-05"
"('RO', 'Chemicals nec')","1.66363034026888e-05","7.96639251602297e-06","1.66103361040232e-05"
"('HR', 'Manufacture of gas; distribution of gaseous fuels through mains')","1.66212876412435e-05","1.26681497118722e-05","1.65020171622048e-05"
"('MX', 'Transport via railways')","1.66066883230266e-05","3.46330224611391e-06","1.5858514177909e-05"
"('LV', 'Education (80)')","1.65838144172002e-05","8.2805852895505e-06","1.65838144171947e-05"
"('DK', 'Manufacture of other non-metallic mineral products n.e.c.')","1.65734025158473e-05","9.89143302256177e-06","1.63087068805732e-05"
"('AT', 'Manufacture of office machinery and computers (30)')","1.65530051426118e-05","9.93424271433584e-06","1.6549839199641e-05"
"('RU', 'Manufacture of bricks, tiles and construction products, in baked clay')","1.65181765049897e-05","1.56077944882227e-05","3.88010391896717e-06"
"('RO', 'Poultry farming')","1.65150452263873e-05","5.82848842971322e-06","1.63865230149785e-05"
"('HR', 'Sale, maintenance, repair of motor vehicles, motor vehicles parts, motorcycles, motor cycles parts and accessoiries')","1.64613515883332e-05","9.73576647133901e-06","1.64613429151217e-05"
"('MX', 'Production of electricity by coal')","1.64436844776715e-05","4.65576701411756e-06","1.41321716484078e-05"
"('ES', 'Processed rice')","1.64225416203486e-05","1.62303684748189e-05","5.39307130303847e-06"
"('FI', 'Manufacture of other non-metallic mineral products n.e.c.')","1.64150028792622e-05","1.08336120977977e-05","1.51155261193686e-05"
"('DE', 'P- and other fertiliser')","1.63887627117114e-05","1.19018380145427e-05","1.26714305858156e-05"
"('HU', 'Manufacture of other non-metallic mineral products n.e.c.')","1.63365537512872e-05","8.25943478119243e-06","1.61221264074805e-05"
"('SI', 'Education (80)')","1.63346463198145e-05","7.54720696805089e-06","1.63346463198145e-05"
"('TR', 'Inland water transport')","1.63285270089506e-05","1.39112415038174e-05","8.58264818820878e-06"
"('PT', 'Production of electricity by hydro')","1.63091133937183e-05","1.33912185043829e-05","9.75052715308036e-06"
"('EE', 'Manufacture of office machinery and computers (30)')","1.62512324736626e-05","9.71729833118906e-06","1.62510858953331e-05"
"('WE', 'Precious metals production')","1.62396979781407e-05","9.07029294280295e-06","1.52277681404518e-05"
"('AT', 'Manufacture of ceramic goods')","1.62268845097232e-05","9.09895528926062e-06","1.57358072895005e-05"
"('SI', 'Incineration of waste: Metals and Inert materials')","1.61894642030688e-05","1.21471516942044e-05","1.28676764830051e-05"
"('TR', 'Production of electricity by solar photovoltaic')","1.61827626439464e-05","1.59926235691553e-05","3.20200037742623e-06"
"('HU', 'Other service activities (93)')","1.61142978553007e-05","1.13799697493998e-05","1.61142978553007e-05"
"('GB', 'Processing of meat pigs')","1.60942908228791e-05","1.4509894803543e-05","1.09531473943397e-05"
"('WE', 'Inland water transport')","1.60681497990077e-05","1.20791550104822e-05","9.04069787583725e-06"
"('IE', 'Other service activities (93)')","1.60587399671982e-05","1.07301307959597e-05","1.60523335668954e-05"
"('PT', 'Aluminium production')","1.60067101794266e-05","5.52976760670528e-06","1.59443682767863e-05"
"('ID', 'Manufacture of medical, precision and optical instruments, watches and clocks (33)')","1.59983240694564e-05","8.90703432378228e-06","1.59870109308824e-05"
"('HR', 'Manufacture of motor vehicles, trailers and semi-trailers (34)')","1.5987575032108e-05","7.76345598906063e-06","1.59832860745357e-05"
"('GR', 'Recreational, cultural and sporting activities (92)')","1.59510567853384e-05","9.13058751623801e-06","1.59421664620735e-05"
"('PT', 'Transport via pipelines')","1.59382355242498e-05","1.10402740987385e-05","1.37605734427058e-05"
"('CY', 'Activities auxiliary to financial intermediation (67)')","1.59357389264518e-05","1.07311418537325e-05","1.5935486103476e-05"
"('HR', 'Manufacture of wood and of products of wood and cork, except furniture; manufacture of articles of straw and plaiting materials (20)')","1.59231086965107e-05","6.97069631750043e-06","1.5916409916336e-05"
"('WE', 'Manufacture of bricks, tiles and construction products, in baked clay')","1.58492644822125e-05","1.14238049346113e-05","1.11627993943436e-05"
"('SI', 'Plastics, basic')","1.5834496470919e-05","5.00389422205411e-06","1.58250429714954e-05"
"('MX', 'Production of electricity by hydro')","1.57513218178119e-05","1.51602410176451e-05","4.87282631600659e-06"
"('MT', 'Other business activities (74)')","1.57379377172925e-05","5.19640868086517e-06","1.5737937668915e-05"
"('IE', 'Manufacture of furniture; manufacturing n.e.c. (36)')","1.57077272610001e-05","1.45536757460727e-05","1.57047341447898e-05"
"('GR', 'Paper')","1.57023234439351e-05","4.76853696131963e-06","1.56998615939357e-05"
"('LV', 'Health and social work (85)')","1.56985886744233e-05","5.63352943296542e-06","1.56985886744233e-05"
"('CZ', 'Publishing, printing and reproduction of recorded media (22)')","1.56898609608279e-05","9.87841927099751e-06","1.56891152956958e-05"
"('LT', 'Health and social work (85)')","1.5680478637013e-05","4.49516340278644e-06","1.5680474842144e-05"
"('ZA', 'Casting of metals')","1.56677315440996e-05","9.10502232341986e-06","1.53177055117124e-05"
"('LU', 'Manufacture of textiles (17)')","1.55469488096377e-05","5.63061195724668e-06","1.55469385108814e-05"
"('RO', 'Forestry, logging and related service activities (02)')","1.55173108431112e-05","8.23572328137517e-06","1.54547601991865e-05"
"('RO', 'Processing of meat pigs')","1.55043190996578e-05","1.52722226471472e-06","1.55043164857107e-05"
"('LU', 'Research and development (73)')","1.54963133395471e-05","9.76025856215085e-06","1.54963133395471e-05"
"('SI', 'Manufacture of beverages')","1.5451984170086e-05","5.44962164710592e-06","1.54429306435087e-05"
"('SI', 'Research and development (73)')","1.54097448442378e-05","7.96320000408681e-06","1.54097448440809e-05"
"('IN', 'Meat animals nec')","1.53654296894066e-05","2.71076964284762e-07","1.53654296894066e-05"
"('CZ', 'Pigs farming')","1.53649099446162e-05","6.12546051850773e-06","1.53643332890515e-05"
"('EE', 'Renting of machinery and equipment without operator and of personal and household goods (71)')","1.53605526635632e-05","9.91018195603142e-06","1.53461545178155e-05"
"('TW', 'Cultivation of cereal grains nec')","1.53538471784082e-05","7.67191398177833e-06","1.38281058217811e-05"
"('SE', 'Manufacture of wearing apparel; dressing and dyeing of fur (18)')","1.53265733131422e-05","4.36905390385328e-06","1.53235715423993e-05"
"('CZ', 'Activities of membership organisation n.e.c. (91)')","1.52871608073538e-05","7.73260823364833e-06","1.52871608073538e-05"
"('SE', 'Manufacture of glass and glass products')","1.52357480965364e-05","8.25682954627037e-06","1.49972408506688e-05"
"('IE', 'Paper')","1.52212916624622e-05","1.30951640198663e-05","1.51407250918069e-05"
"('ZA', 'Raw milk')","1.51957074152247e-05","6.54788436063238e-06","1.50687082521888e-05"
"('HR', 'Manufacture of cement, lime and plaster')","1.5195216278103e-05","1.00036430519449e-05","1.51409839789436e-05"
"('SI', 'Manufacture of wood and of products of wood and cork, except furniture; manufacture of articles of straw and plaiting materials (20)')","1.51870392764944e-05","7.63476004539823e-06","1.51744975404998e-05"
"('GR', 'Manufacture of electrical machinery and apparatus n.e.c. (31)')","1.5146089857229e-05","6.21460077443275e-06","1.51460632726649e-05"
"('AT', 'Cultivation of cereal grains nec')","1.5090897337088e-05","1.00581325773401e-05","1.44432179532949e-05"
"('FI', 'Cultivation of cereal grains nec')","1.50867288117377e-05","7.81525922587292e-06","1.48666538862581e-05"
"('NL', 'Precious metals production')","1.50166180689095e-05","8.45025760915616e-06","1.44207081790205e-05"
"('CA', 'Mining of chemical and fertilizer minerals, production of salt, other mining and quarrying n.e.c.')","1.50030474532935e-05","1.42371858979779e-05","1.19225293159556e-06"
"('SI', 'Manufacture of cement, lime and plaster')","1.49318991070488e-05","8.59671304671635e-06","1.46562473650703e-05"
"('IE', 'Manufacture of office machinery and computers (30)')","1.485714872194e-05","1.26069647458985e-05","1.48482197641003e-05"
"('ZA', 'Extraction of natural gas and services related to natural gas extraction, excluding surveying')","1.48565225382759e-05","6.03118920935169e-06","1.47447400924206e-05"
"('RO', 'Steam and hot water supply')","1.48457596549797e-05","1.06605057724045e-05","8.60830771950794e-06"
"('ZA', 'Processing vegetable oils and fats')","1.48439958807632e-05","6.12075411491994e-06","1.42429979886601e-05"
"('FI', 'Cultivation of crops nec')","1.47922805182114e-05","7.69974568103585e-06","1.43894623463499e-05"
"('LT', 'Sale, maintenance, repair of motor vehicles, motor vehicles parts, motorcycles, motor cycles parts and accessoiries')","1.46858620237618e-05","8.12756830992356e-06","1.45412400331019e-05"
"('LV', 'Manufacture of motor vehicles, trailers and semi-trailers (34)')","1.46682576921898e-05","7.9855649241005e-06","1.46681357581229e-05"
"('AT', 'Pigs farming')","1.46104689069471e-05","8.53516750299798e-06","1.45958860592192e-05"
"('DK', 'Manufacture of furniture; manufacturing n.e.c. (36)')","1.45770159870969e-05","6.7730221174826e-06","1.45770053607876e-05"
"('ID', 'Casting of metals')","1.45600411485611e-05","1.11805622390311e-05","1.35359699248533e-05"
"('HU', 'Production of electricity by gas')","1.45428357842796e-05","8.48842717140091e-06","1.26402139780492e-05"
"('CH', 'Re-processing of secondary steel into new steel')","1.45421717167285e-05","6.91973929617942e-06","1.45333605395461e-05"
"('BG', 'Pulp')","1.44973355680414e-05","7.23108376774307e-06","1.44961451706244e-05"
"('TR', 'Lead, zinc and tin production')","1.44750501859083e-05","5.54740217314527e-06","1.3229187265992e-05"
"('HU', 'Waste water treatment, food')","1.44744415058758e-05","1.32964360632499e-05","5.53997106281617e-06"
"('DK', 'Cultivation of wheat')","1.44111995460062e-05","6.30149172340191e-06","1.36864616925454e-05"
"('WE', 'Processed rice')","1.43936637862377e-05","7.68187216037489e-06","1.08831502476676e-05"
"('SI', 'Insurance and pension funding, except compulsory social security (66)')","1.439033627854e-05","7.63492608061406e-06","1.43790747573431e-05"
"('NO', 'Raw milk')","1.4387035241882e-05","7.95706760858886e-06","1.42293719184541e-05"
"('CZ', 'Precious metals production')","1.43853295295012e-05","8.70718953319367e-06","1.33089336512264e-05"
"('HU', 'Manufacture of glass and glass products')","1.43411638580328e-05","7.09842674155945e-06","1.4182169861509e-05"
"('NL', 'Publishing, printing and reproduction of recorded media (22)')","1.43200588306352e-05","9.03620206896335e-06","1.43200282822115e-05"
"('KR', 'Manufacture of gas; distribution of gaseous fuels through mains')","1.43146515562563e-05","1.16529621779987e-05","9.56640420599307e-06"
"('SK', 'Landfill of waste: Wood')","1.43142908305085e-05","1.30406267035441e-05","5.98555292259759e-06"
"('BE', 'Landfill of waste: Paper')","1.42927421937851e-05","1.33371036306744e-05","4.11582002145851e-06"
"('TW', 'Transmission of electricity')","1.42589698023932e-05","1.35888800210393e-05","6.68663150783171e-06"
"('HU', 'Biogasification of sewage slugde, incl. land application')","1.42002204818657e-05","1.23896954724963e-05","7.53724122811862e-06"
"('HR', 'Education (80)')","1.41995620682611e-05","6.81952816817431e-06","1.41995620682611e-05"
"('LU', 'Chemicals nec')","1.41344163630525e-05","6.28132806480099e-06","1.41320896644906e-05"
"('SE', 'Tanning and dressing of leather; manufacture of luggage, handbags, saddlery, harness and footwear (19)')","1.41218087483716e-05","4.73619346650254e-06","1.411993080458e-05"
"('NL', 'Landfill of waste: Paper')","1.40990663968772e-05","1.37138808134493e-05","1.94281927955495e-06"
"('HR', 'Extraction of natural gas and services related to natural gas extraction, excluding surveying')","1.40943056150825e-05","6.87759537614412e-06","1.40875394239375e-05"
"('PT', 'Sea and coastal water transport')","1.40863861171043e-05","6.46488180206496e-06","1.4060918720763e-05"
"('SK', 'Activities auxiliary to financial intermediation (67)')","1.40668915434882e-05","8.17641171109104e-06","1.40668915341298e-05"
"('AU', 'Manufacture of radio, television and communication equipment and apparatus (32)')","1.39613392382228e-05","8.45364170826454e-06","1.39594042005541e-05"
"('BE', 'Landfill of waste: Food')","1.3957924092399e-05","1.28751747187433e-05","4.34121893269948e-06"
"('CZ', 'Cultivation of oil seeds')","1.39478145922759e-05","8.32070319136982e-06","1.37215132054929e-05"
"('LV', 'Processing of dairy products')","1.38836326835018e-05","5.23590897117108e-06","1.38654448781997e-05"
"('PT', 'Manufacture of glass and glass products')","1.38094283210986e-05","8.56596438436759e-06","1.35018406942851e-05"
"('HU', 'Post and telecommunications (64)')","1.37900660367441e-05","1.15595534659397e-05","1.37551137932109e-05"
"('AT', 'Activities of membership organisation n.e.c. (91)')","1.3777980149807e-05","2.96516210943418e-06","1.37696621617985e-05"
"('WE', 'Mining of lead, zinc and tin ores and concentrates')","1.37765606011763e-05","1.36712404068715e-05","3.16501306798971e-07"
"('RO', 'Production of electricity by wind')","1.37574108392889e-05","1.28476007497453e-05","6.55150226798995e-06"
"('FR', 'Precious metals production')","1.37327651232629e-05","6.86265177918482e-06","1.30142748723241e-05"
"('RO', 'Tanning and dressing of leather; manufacture of luggage, handbags, saddlery, harness and footwear (19)')","1.37196542897407e-05","4.52336690191509e-06","1.37182902852516e-05"
"('SI', 'Sale, maintenance, repair of motor vehicles, motor vehicles parts, motorcycles, motor cycles parts and accessoiries')","1.36936675695782e-05","1.00312176632341e-05","1.36936675695782e-05"
"('HR', 'Manufacture of textiles (17)')","1.36878151137734e-05","6.80340037547219e-06","1.36878129220231e-05"
"('ZA', 'Production of meat products nec')","1.36694889530703e-05","1.04549471184683e-05","1.28922462340575e-05"
"('BR', 'Cultivation of wheat')","1.36613232607399e-05","1.04244489293551e-05","1.32493283214183e-05"
"('WM', 'Production of electricity by nuclear')","1.36271859927114e-05","1.34009046427976e-05","1.71738750012325e-06"
"('SE', 'Manufacture of ceramic goods')","1.35442590238616e-05","7.32393294201737e-06","1.33958278544793e-05"
"('SK', 'Transmission of electricity')","1.35018078365956e-05","7.1664670741218e-06","1.12579577079283e-05"
"('LT', 'Air transport (62)')","1.34699653451147e-05","6.24521051748797e-06","1.3309330674193e-05"
"('BE', 'Manufacture of tobacco products (16)')","1.34514771605242e-05","8.17924511760487e-06","9.48652468918478e-06"
"('GR', 'Processing vegetable oils and fats')","1.3400459950538e-05","6.10389850309567e-06","1.19802778746466e-05"
"('NO', 'Transport via railways')","1.33425532789626e-05","8.77943791390076e-06","1.1645644487816e-05"
"('CH', 'Manufacture of ceramic goods')","1.33125320340525e-05","6.82915190439103e-06","1.30630005115821e-05"
"('BG', 'Aluminium production')","1.33084285465435e-05","5.48278308458185e-06","1.32975560957359e-05"
"('FR', 'Production of electricity nec')","1.32683118106576e-05","1.29822708275078e-05","4.94967435937766e-07"
"('BE', 'Cultivation of wheat')","1.32637389967314e-05","6.85291803590941e-06","1.23896139948962e-05"
"('HR', 'Insurance and pension funding, except compulsory social security (66)')","1.32498993439768e-05","6.56599407360582e-06","1.32493640509206e-05"
"('SK', 'Quarrying of sand and clay')","1.31555539805142e-05","8.54920688811005e-06","1.25664097717243e-05"
"('CZ', 'Other service activities (93)')","1.31526407488019e-05","6.21568104986132e-06","1.31451106663712e-05"
"('ZA', 'Cultivation of wheat')","1.31422166633952e-05","6.9052650998954e-06","1.28437670519114e-05"
"('EE', 'Retail trade, except of motor vehicles and motorcycles; repair of personal and household goods (52)')","1.31119938081286e-05","4.63349210888998e-06","1.31119938081284e-05"
"('MX', 'Other non-ferrous metal production')","1.31052098689914e-05","8.02554871437632e-06","1.16385206916138e-05"
"('SK', 'Incineration of waste: Paper')","1.31002602850318e-05","1.10476901536059e-05","4.10072755511876e-06"
"('TR', 'Forestry, logging and related service activities (02)')","1.30992800091006e-05","1.04354685644923e-05","1.30391561254281e-05"
"('SK', 'Incineration of waste: Food')","1.30716970931996e-05","1.12546243931126e-05","7.91032567578584e-06"
"('TW', 'Sugar refining')","1.29801638242609e-05","1.01678815450238e-05","6.0871629212485e-06"
"('WM', 'Pigs farming')","1.2948021143164e-05","1.24680157623002e-05","1.13595601565275e-05"
"('RO', 'Collection, purification and distribution of water (41)')","1.29357745201183e-05","1.87896851753624e-06","1.24019132001496e-05"
"('DK', 'Distribution and trade of electricity')","1.29356479613087e-05","1.21331859490095e-05","9.90188936208257e-06"
"('BG', 'Paper')","1.29237852845559e-05","5.57137076873428e-06","1.29225041021733e-05"
"('SE', 'Recycling of waste and scrap')","1.29206101882328e-05","1.28233824700004e-05","1.60968100245682e-07"
"('CY', 'Real estate activities (70)')","1.29030999862396e-05","9.87819749667685e-06","1.29030999859683e-05"
"('GR', 'Tanning and dressing of leather; manufacture of luggage, handbags, saddlery, harness and footwear (19)')","1.29007240537643e-05","3.66108647008507e-06","1.28999878661621e-05"
"('NO', 'Manufacture of cement, lime and plaster')","1.28957685816675e-05","8.0768138552684e-06","1.25654331968098e-05"
"('HR', 'Manufacture of wearing apparel; dressing and dyeing of fur (18)')","1.2861333535407e-05","7.52473258871724e-06","1.28046013890393e-05"
"('EE', 'Manufacture of machinery and equipment n.e.c. (29)')","1.28549604449686e-05","5.68759098164283e-06","1.28229976703817e-05"
"('MX', 'Cultivation of oil seeds')","1.27994129518616e-05","7.65904115150858e-06","1.20099424314811e-05"
"('PL', 'Manufacture of tobacco products (16)')","1.27801145641089e-05","7.17745774487876e-06","1.03274783469829e-05"
"('AT', 'Precious metals production')","1.27654319108786e-05","8.64601557713369e-06","9.94681369983927e-06"
"('WE', 'Production of electricity by hydro')","1.27630544477465e-05","1.2292496120826e-05","6.55973664654869e-06"
"('IE', 'Manufacture of other non-metallic mineral products n.e.c.')","1.27231392522873e-05","1.17034630722749e-05","1.1363531597752e-05"
"('IT', 'Cultivation of paddy rice')","1.27209090787588e-05","1.20111110301685e-05","1.02114489676307e-05"
"('EE', 'Hotels and restaurants (55)')","1.26400801432976e-05","4.16635213927158e-06","1.26388739119224e-05"
"('TW', 'Production of electricity by solar photovoltaic')","1.25789139978564e-05","1.25789139978564e-05","8.27824914584528e-07"
"('PL', 'Incineration of waste: Paper')","1.25400969559286e-05","1.19446466925506e-05","3.89641748744472e-06"
"('LT', 'Quarrying of sand and clay')","1.2516272011013e-05","1.16693384828919e-05","1.0312256019219e-05"
"('CH', 'Aluminium production')","1.24992252269292e-05","4.8520544413755e-06","1.2498201026195e-05"
"('TW', 'Production of electricity by petroleum and other oil derivatives')","1.24200222754436e-05","1.24200222754436e-05","1.2702567401448e-06"
"('SE', 'Processing of meat pigs')","1.24096501997757e-05","2.71611167404743e-06","1.23560092521917e-05"
"('EE', 'Transport via railways')","1.240231956317e-05","6.65677178174832e-06","1.22715681572555e-05"
"('PT', 'Manufacture of ceramic goods')","1.23866783850926e-05","6.83919210245553e-06","1.19800543288015e-05"
"('LV', 'Hotels and restaurants (55)')","1.23620678620362e-05","3.78029918740909e-06","1.23601588134514e-05"
"('IN', 'Mining of iron ores')","1.23491032214133e-05","1.16058042086288e-05","1.77544265717481e-06"
"('CY', 'Manufacture of other transport equipment (35)')","1.23369764381678e-05","4.4488351113808e-06","1.23356070955378e-05"
"('IE', 'Lead, zinc and tin production')","1.2314358867452e-05","1.1174711735157e-05","8.80549299815078e-06"
"('FR', 'Other non-ferrous metal production')","1.23003096175014e-05","6.6844327931012e-06","1.1555507007495e-05"
"('LU', 'Sale, maintenance, repair of motor vehicles, motor vehicles parts, motorcycles, motor cycles parts and accessoiries')","1.22793173417981e-05","6.39361964033684e-06","1.22068762855699e-05"
"('RO', 'Publishing, printing and reproduction of recorded media (22)')","1.22540074773602e-05","7.92328786371395e-06","1.22540033253543e-05"
"('WE', 'Lead, zinc and tin production')","1.22534695939921e-05","7.18531474864134e-06","1.08374591295648e-05"
"('SI', 'Renting of machinery and equipment without operator and of personal and household goods (71)')","1.22492079081284e-05","8.20307491874306e-06","1.22362936159581e-05"
"('MT', 'Retail trade, except of motor vehicles and motorcycles; repair of personal and household goods (52)')","1.22356732824758e-05","6.44068737720378e-06","1.22356732763558e-05"
"('PL', 'Activities of membership organisation n.e.c. (91)')","1.22216655963372e-05","3.69462255901473e-06","1.22216655963372e-05"
"('CZ', 'Manufacture of gas; distribution of gaseous fuels through mains')","1.2215175597862e-05","7.73033046599341e-06","9.12420462798502e-06"
"('CZ', 'Plastics, basic')","1.21938840552285e-05","4.24536341102813e-06","1.21864997879182e-05"
"('IT', 'Manufacture of tobacco products (16)')","1.21591402098743e-05","1.4366778711771e-06","1.21352423468039e-05"
"('LT', 'Renting of machinery and equipment without operator and of personal and household goods (71)')","1.20917839220251e-05","5.6648412808944e-06","1.20887357976531e-05"
"('IE', 'Collection, purification and distribution of water (41)')","1.20766652113855e-05","1.20766652113855e-05","3.95204209499426e-06"
"('GB', 'Pigs farming')","1.20267554880368e-05","2.48584238719621e-06","1.19445086445579e-05"
"('PL', 'Cultivation of sugar cane, sugar beet')","1.20242034657991e-05","7.4642270298022e-06","1.17212933197486e-05"
"('AT', 'Sugar refining')","1.20019728379868e-05","9.77149382521641e-06","6.10713589462949e-06"
"('PT', 'Forestry, logging and related service activities (02)')","1.19639309835841e-05","1.01972966897819e-05","1.17422083550657e-05"
"('HU', 'Manufacture of bricks, tiles and construction products, in baked clay')","1.19246350320733e-05","7.83422881097624e-06","9.05493453942333e-06"
"('PL', 'Processing vegetable oils and fats')","1.18872892448811e-05","1.11466110122112e-05","7.35707310698447e-06"
"('NO', 'Poultry farming')","1.18830619167818e-05","6.20324560327678e-06","1.18770413770584e-05"
"('TR', 'Production of electricity by biomass and waste')","1.18692038366379e-05","1.17558932052676e-05","7.25414576794395e-07"
"('PL', 'Cultivation of oil seeds')","1.18121168425643e-05","5.14319203081893e-06","1.1522879611281e-05"
"('MX', 'Activities of membership organisation n.e.c. (91)')","1.17702070331383e-05","1.63540830993987e-06","1.17702070331365e-05"
"('LV', 'P- and other fertiliser')","1.17410374128903e-05","7.00174974931552e-06","1.17295464527645e-05"
"('IE', 'Manufacture of electrical machinery and apparatus n.e.c. (31)')","1.17217275481693e-05","1.1684335300986e-05","1.17175875956965e-05"
"('AU', 'Casting of metals')","1.16939328783848e-05","5.57291110072004e-06","1.14314294157133e-05"
"('EE', 'Public administration and defence; compulsory social security (75)')","1.16937540983141e-05","8.92637692528964e-07","1.16937538353895e-05"
"('IE', 'Quarrying of sand and clay')","1.1609237313506e-05","1.08396610587375e-05","4.05826498475572e-06"
"('DK', 'Composting of food waste, incl. land application')","1.15677840975524e-05","1.00351305103541e-05","6.73750074410583e-06"
"('DE', 'Meat animals nec')","1.15574524036379e-05","1.13790289340151e-05","3.74271472470496e-06"
"('LU', 'Manufacture of beverages')","1.15214272616961e-05","6.37488633259523e-06","1.14524800907843e-05"
"('BR', 'Manufacture of fish products')","1.15090052203054e-05","6.67429972412009e-06","1.03918363063809e-05"
"('RO', 'Pigs farming')","1.14850908134651e-05","7.39263694031353e-06","1.14763714317698e-05"
"('HU', 'Distribution and trade of electricity')","1.14728728811784e-05","7.16960502937061e-06","1.09514508011437e-05"
"('PT', 'Processing of meat cattle')","1.14562810767699e-05","2.25103669206895e-06","1.14172855896448e-05"
"('AT', 'Other service activities (93)')","1.1438645703132e-05","5.37054608215847e-06","1.14386173811535e-05"
"('LV', 'Manufacture of fish products')","1.14287576747596e-05","3.30136966146489e-06","1.14249548766327e-05"
"('SI', 'Manufacture of textiles (17)')","1.13804018052716e-05","6.08568068432692e-06","1.13797579417554e-05"
"('SK', 'Post and telecommunications (64)')","1.13790431274713e-05","9.97229631586372e-06","1.13629580845332e-05"
"('AT', 'Recreational, cultural and sporting activities (92)')","1.13786266220216e-05","8.17827272966187e-06","1.13775945521166e-05"
"('GR', 'Copper production')","1.1375748668132e-05","5.78441542636443e-06","1.13639315755181e-05"
"('LT', 'Cultivation of wheat')","1.13517413770333e-05","6.6748730349501e-06","1.10623410009141e-05"
"('BE', 'Forestry, logging and related service activities (02)')","1.13456245801432e-05","5.79821515970296e-06","1.10664812029671e-05"
"('SI', 'Manufacture of office machinery and computers (30)')","1.13157363471232e-05","2.38486758009151e-06","1.13157363362851e-05"
"('KR', 'Mining of coal and lignite; extraction of peat (10)')","1.12841733246133e-05","6.06568745031864e-06","1.09183352991547e-05"
"('ID', 'Production of electricity by biomass and waste')","1.12785556867774e-05","1.12244694010836e-05","9.55639098005023e-07"
"('PT', 'Publishing, printing and reproduction of recorded media (22)')","1.12134159696619e-05","8.18983627911531e-06","1.12133826543128e-05"
"('PL', 'Production of electricity by petroleum and other oil derivatives')","1.11881438443617e-05","1.08296275857499e-05","1.63888577073268e-06"
"('NL', 'Manufacture of glass and glass products')","1.10806424059345e-05","6.7585215846727e-06","1.07642115684007e-05"
"('LV', 'Manufacture of fabricated metal products, except machinery and equipment (28)')","1.10765889756479e-05","6.68384667013515e-06","1.1075342724439e-05"
"('BE', 'Cultivation of crops nec')","1.10602474893856e-05","5.42189859086455e-06","9.44145849463309e-06"
"('TR', 'Retail sale of automotive fuel')","1.10124506985133e-05","7.2099124113001e-06","8.93175071250127e-06"
"('KR', 'Processing vegetable oils and fats')","1.09583892087064e-05","5.90826694595913e-06","9.02728857434421e-06"
"('IE', 'Extraction of natural gas and services related to natural gas extraction, excluding surveying')","1.09548442513097e-05","1.05719873452302e-05","1.06422384797988e-05"
"('ES', 'Meat animals nec')","1.09335897294501e-05","1.05534109197319e-05","3.39184542237045e-06"
"('BG', 'Manufacture of office machinery and computers (30)')","1.09326220203764e-05","3.66418970837011e-06","1.09326101321768e-05"
"('IE', 'Cultivation of cereal grains nec')","1.09110096975057e-05","5.26333982475218e-06","1.07008560009435e-05"
"('AU', 'Manufacture of ceramic goods')","1.08764333934439e-05","6.22565200308796e-06","9.91279930254721e-06"
"('AU', 'Activities of membership organisation n.e.c. (91)')","1.08748501375531e-05","9.12936896760118e-06","1.08748501375531e-05"
"('FI', 'Cattle farming')","1.07844651283093e-05","4.00317065338875e-06","1.0741301763912e-05"
"('EE', 'Forestry, logging and related service activities (02)')","1.07766938233421e-05","5.90950939514343e-06","1.07397483138808e-05"
"('GB', 'Sugar refining')","1.07616801238594e-05","9.24813665185809e-06","4.46204485906861e-06"
"('ID', 'Processing of dairy products')","1.07424616220967e-05","6.83209497600684e-06","1.02213333929537e-05"
"('BG', 'Transport via pipelines')","1.07193956730534e-05","8.00660156447389e-06","8.53835621290721e-06"
"('LU', 'Quarrying of stone')","1.07168426907647e-05","8.43956024022076e-06","5.78565743605454e-06"
"('ES', 'Cultivation of oil seeds')","1.07059148535342e-05","8.92383843143682e-06","9.02841440200911e-06"
"('NO', 'Production of meat products nec')","1.07044597963187e-05","7.45206433154898e-06","1.03301529986225e-05"
"('WL', 'Production of electricity by biomass and waste')","1.068522738775e-05","1.06719551576029e-05","2.4346589788278e-07"
"('GR', 'Activities of membership organisation n.e.c. (91)')","1.05775009653195e-05","3.32025674757742e-06","1.05773874366276e-05"
"('AU', 'Transmission of electricity')","1.05333733309443e-05","1.15054389462147e-06","1.0354326882473e-05"
"('NO', 'Pigs farming')","1.0523382358797e-05","5.43862055649125e-06","1.04539715165337e-05"
"('TW', 'Inland water transport')","1.05017483868417e-05","4.30708728797712e-06","8.38418712601093e-06"
"('FI', 'Other service activities (93)')","1.04271598373877e-05","4.90525633276335e-06","1.04271598373877e-05"
"('MT', 'Recreational, cultural and sporting activities (92)')","1.04189221707695e-05","3.96501009119644e-06","1.04189217746162e-05"
"('CH', 'Processing of dairy products')","1.04148521322443e-05","5.99645640659699e-06","1.02011790986502e-05"
"('EE', 'Manufacture of rubber and plastic products (25)')","1.03401696756629e-05","4.97566693908274e-06","1.03355763278344e-05"
"('SI', 'Processing of nuclear fuel')","1.03244684070455e-05","0","1.03244684070455e-05"
"('IE', 'Manufacture of radio, television and communication equipment and apparatus (32)')","1.02744443898143e-05","1.02600145540732e-05","1.02603321745414e-05"
"('SE', 'Manufacture of other non-metallic mineral products n.e.c.')","1.02460511427933e-05","6.83211729103335e-06","8.2856066207424e-06"
"('JP', 'Mining of coal and lignite; extraction of peat (10)')","1.02241556478092e-05","6.01648194528248e-06","8.65793264701021e-06"
"('ZA', 'Aluminium production')","1.01878356363398e-05","5.42800309419619e-06","1.01203510256946e-05"
"('MX', 'Pulp')","1.01587164316768e-05","5.68657291713281e-06","9.89582803561359e-06"
"('WE', 'Activities of membership organisation n.e.c. (91)')","1.01447244240795e-05","7.6325387127779e-06","1.01115186990332e-05"
"('KR', 'Mining of iron ores')","1.0106273508522e-05","9.91042310957913e-06","8.93766267334649e-07"
"('KR', 'Cultivation of crops nec')","1.00750817138394e-05","9.01024141376711e-06","5.67440106591225e-06"
"('EE', 'P- and other fertiliser')","1.00721606557505e-05","3.20715946602807e-06","1.00130035203422e-05"
"('BE', 'Extraction of natural gas and services related to natural gas extraction, excluding surveying')","1.00661299942043e-05","5.17723101032022e-06","7.98898228704661e-06"
"('LT', 'Insurance and pension funding, except compulsory social security (66)')","1.00599804285556e-05","5.18845410781832e-06","1.00598894335646e-05"
"('DE', 'Manufacture of electrical machinery and apparatus n.e.c. (31)')","1.00523737973751e-05","6.15456031831909e-06","1.00509215831696e-05"
"('LV', 'Manufacture of cement, lime and plaster')","1.00438417486463e-05","5.67719291900923e-06","9.91717171346256e-06"
"('CY', 'Manufacture of fabricated metal products, except machinery and equipment (28)')","1.0026496836842e-05","3.73646771891824e-06","1.0026495455526e-05"
"('LV', 'Raw milk')","9.99506251028075e-06","3.25263776173824e-06","9.9950005471012e-06"
"('JP', 'Extraction of crude petroleum and services related to crude oil extraction, excluding surveying')","9.98729142945049e-06","7.73043853928381e-06","9.68056586044775e-06"
"('JP', 'Steam and hot water supply')","9.97159843628198e-06","9.54406974135304e-06","1.00078098622241e-06"
"('DK', 'Other service activities (93)')","9.96827249079954e-06","3.98982127093044e-06","9.96827249079954e-06"
"('SE', 'Processing of meat poultry')","9.95813437345672e-06","2.8237463824104e-06","9.63853087221015e-06"
"('NO', 'Publishing, printing and reproduction of recorded media (22)')","9.94305583433106e-06","7.13371417271755e-06","9.94292861092307e-06"
"('FI', 'Production of electricity by hydro')","9.93523413201377e-06","9.08089409716085e-06","7.43671173489773e-06"
"('NL', 'Manufacture of other non-metallic mineral products n.e.c.')","9.92527557904706e-06","6.01665688132433e-06","9.68847983456287e-06"
"('ES', 'Manufacture of tobacco products (16)')","9.92164500374024e-06","1.30165983829152e-06","9.90680255051817e-06"
"('NO', 'Forestry, logging and related service activities (02)')","9.8821967230062e-06","8.54862046473697e-06","9.66240152228738e-06"
"('HR', 'Recreational, cultural and sporting activities (92)')","9.87066407739034e-06","4.78499800731656e-06","9.87043831412391e-06"
"('NO', 'Manufacture of furniture; manufacturing n.e.c. (36)')","9.8682029954163e-06","4.55324517569421e-06","9.86753590542591e-06"
"('PT', 'Other service activities (93)')","9.84739508689033e-06","1.62376766275874e-06","9.84739508689033e-06"
"('IN', 'Pulp')","9.83398371250123e-06","4.30776922056373e-06","9.82387252982547e-06"
"('CA', 'Manufacture of bricks, tiles and construction products, in baked clay')","9.79926645346248e-06","6.98963549933737e-06","6.89245262715294e-06"
"('NL', 'P- and other fertiliser')","9.78867109215559e-06","4.86277722783395e-06","8.93825689804566e-06"
"('MT', 'Fishing, operating of fish hatcheries and fish farms; service activities incidental to fishing (05)')","9.76558178691855e-06","5.1247406486895e-06","9.75228474714894e-06"
"('NL', 'Fishing, operating of fish hatcheries and fish farms; service activities incidental to fishing (05)')","9.72261458726533e-06","6.68954770557623e-06","9.69411318140443e-06"
"('HU', 'Publishing, printing and reproduction of recorded media (22)')","9.70988762318978e-06","4.09692048411774e-06","9.70988762318978e-06"
"('LT', 'Education (80)')","9.70729317515098e-06","3.95556609293636e-06","9.7071329771054e-06"
"('HR', 'Forestry, logging and related service activities (02)')","9.70593712642023e-06","6.29599978838764e-06","8.63617440875014e-06"
"('MT', 'Manufacture of other transport equipment (35)')","9.70495556998378e-06","1.72501828946279e-06","9.70495411605196e-06"
"('BG', 'Mining of coal and lignite; extraction of peat (10)')","9.66409894930919e-06","5.81566263606272e-06","9.66248381190087e-06"
"('SK', 'Forestry, logging and related service activities (02)')","9.65614222420158e-06","7.10517122386693e-06","9.65446520089741e-06"
"('WE', 'Production of electricity by biomass and waste')","9.62902691276969e-06","9.40923346230038e-06","4.472522656561e-07"
"('LU', 'Copper production')","9.6256434672215e-06","3.86323710235514e-06","9.62124785901063e-06"
"('CZ', 'Cattle farming')","9.5864929193396e-06","2.43901209728328e-06","9.58457233702634e-06"
"('AT', 'Extraction of natural gas and services related to natural gas extraction, excluding surveying')","9.56897885623368e-06","6.83079941172274e-06","9.26691707297507e-06"
"('HU', 'Forestry, logging and related service activities (02)')","9.56885826572476e-06","5.98463369942329e-06","9.56726789880621e-06"
"('ZA', 'Retail sale of automotive fuel')","9.5289253183284e-06","6.58466200610067e-06","8.3120054112709e-06"
"('LV', 'Transport via railways')","9.48978718359207e-06","6.05881220808237e-06","8.43764634797174e-06"
"('LV', 'Sale, maintenance, repair of motor vehicles, motor vehicles parts, motorcycles, motor cycles parts and accessoiries')","9.39005938354768e-06","6.51329500552684e-06","9.38742498958898e-06"
"('LV', 'Manufacture of machinery and equipment n.e.c. (29)')","9.38958799845972e-06","3.74078395804093e-06","9.38935661226256e-06"
"('LT', 'Raw milk')","9.38125153433265e-06","6.52695468196096e-07","9.37926592999507e-06"
"('FI', 'Recycling of waste and scrap')","9.37040091428156e-06","8.65427283244469e-06","2.37442754070272e-06"
"('FR', 'Animal products nec')","9.35342657790729e-06","8.76983322344556e-06","2.05584340464271e-06"
"('PT', 'Poultry farming')","9.32387251849988e-06","4.50479108343256e-06","9.24965682869025e-06"
"('TR', 'Manufacture of bricks, tiles and construction products, in baked clay')","9.30490600021257e-06","8.22580451814659e-06","5.44261863124661e-06"
"('HR', 'Plastics, basic')","9.28136113286058e-06","1.70246594130258e-06","9.2703557849763e-06"
"('GR', 'Production of electricity by gas')","9.27111064411661e-06","5.60002212983902e-06","8.53944810081297e-06"
"('AT', 'Quarrying of stone')","9.26176746561697e-06","7.4476641561694e-06","4.91877346200998e-06"
"('HR', 'Manufacture of office machinery and computers (30)')","9.24899476015885e-06","5.18400180522021e-06","9.24896501000171e-06"
"('ZA', 'Transport via pipelines')","9.1777657100812e-06","2.82566405587153e-06","9.05262262302476e-06"
"('EE', 'Activities auxiliary to financial intermediation (67)')","9.13859335053292e-06","4.2943734715223e-06","9.13859193231011e-06"
"('CY', 'Manufacture of motor vehicles, trailers and semi-trailers (34)')","9.13784381821835e-06","5.90574480532373e-06","9.13783737723919e-06"
"('PT', 'Private households with employed persons (95)')","9.1256659017215e-06","9.1256659017215e-06","9.1256659017215e-06"
"('NO', 'Copper production')","9.12316476846462e-06","4.78906390490842e-06","9.09374643991749e-06"
"('AT', 'Steam and hot water supply')","9.08661484239338e-06","6.80125848360003e-06","4.48783641248834e-06"
"('NO', 'Casting of metals')","9.08007899730611e-06","4.45513566106055e-06","9.05008349900762e-06"
"('SK', 'Education (80)')","9.04272827232469e-06","2.81941240178457e-06","9.04272827226947e-06"
"('BG', 'Publishing, printing and reproduction of recorded media (22)')","9.03258652825108e-06","5.30691197539249e-06","9.03257570386123e-06"
"('KR', 'Forestry, logging and related service activities (02)')","8.97450256057175e-06","7.68942382477338e-06","8.97450256057175e-06"
"('HU', 'Manufacture of furniture; manufacturing n.e.c. (36)')","8.97445277558727e-06","4.50168386712202e-06","8.9743876478048e-06"
"('SI', 'Landfill of waste: Food')","8.97079072343626e-06","6.12969613751511e-06","7.16191247377523e-06"
"('CA', 'N-fertiliser')","8.95374727512657e-06","7.89041538157314e-06","4.84882223232919e-06"
"('NO', 'Manufacture of gas; distribution of gaseous fuels through mains')","8.92068388915044e-06","3.53010034511463e-06","7.98065269230099e-06"
"('SE', 'Cultivation of wheat')","8.89716232276449e-06","4.80285177583148e-06","8.49168703363255e-06"
"('CZ', 'Processing of meat pigs')","8.88968228297439e-06","3.52736154912895e-06","8.73861083035987e-06"
"('DK', 'Manufacture of tobacco products (16)')","8.85643879380513e-06","7.51702667193458e-06","6.43276807590668e-06"
"('PT', 'Processing of meat poultry')","8.84294648221488e-06","1.23330231216948e-06","8.7913364249658e-06"
"('BE', 'Manufacture of gas; distribution of gaseous fuels through mains')","8.84173015263814e-06","7.26944963693778e-06","6.63701503204368e-06"
"('SI', 'Processing of dairy products')","8.83450196328287e-06","4.12926929450981e-06","8.81559349026512e-06"
"('US', 'Manufacture of radio, television and communication equipment and apparatus (32)')","8.83033629096603e-06","4.55318992014661e-06","8.82987310781406e-06"
"('IE', 'Fishing, operating of fish hatcheries and fish farms; service activities incidental to fishing (05)')","8.82393082004375e-06","6.23200212307958e-06","8.80593264957513e-06"
"('NL', 'Private households with employed persons (95)')","8.8197406994304e-06","8.72080778175625e-06","8.8197406994304e-06"
"('BG', 'Real estate activities (70)')","8.81652639934064e-06","6.68134657083322e-06","8.81652639934064e-06"
"('CA', 'Manufacture of ceramic goods')","8.81516353071856e-06","4.47820816053095e-06","8.62333279648233e-06"
"('BG', 'Forestry, logging and related service activities (02)')","8.79965369232129e-06","6.98874955187881e-06","8.79886883141339e-06"
"('FI', 'Processing of meat pigs')","8.78403641078338e-06","2.47936377961396e-06","8.69530390960731e-06"
"('BE', 'Processing vegetable oils and fats')","8.76811289768859e-06","6.48618676357522e-06","7.04089223735003e-06"
"('GR', 'Retail sale of automotive fuel')","8.76458386606786e-06","3.71641094863658e-06","8.47412970806821e-06"
"('US', 'Meat animals nec')","8.73282735163014e-06","4.8010485935471e-06","8.06435278920268e-06"
"('FI', 'Manufacture of furniture; manufacturing n.e.c. (36)')","8.72359692919047e-06","3.23003630103815e-06","8.72359692918287e-06"
"('TW', 'Manufacture of gas; distribution of gaseous fuels through mains')","8.70479137740516e-06","5.43601980946569e-06","6.90386980130987e-06"
"('SK', 'Incineration of waste: Wood')","8.69451373647863e-06","7.92930315761944e-06","3.84538243427532e-06"
"('BG', 'Casting of metals')","8.5942866835226e-06","3.75854115899074e-06","8.59181455436722e-06"
"('SE', 'Cultivation of cereal grains nec')","8.58577718053561e-06","6.58092090164243e-06","8.31904180575834e-06"
"('ES', 'Production of electricity by coal')","8.58489041852763e-06","5.98695184223859e-06","5.35020684417483e-06"
"('TR', 'Extraction of natural gas and services related to natural gas extraction, excluding surveying')","8.56949641732366e-06","2.13349088073499e-06","8.4320077672546e-06"
"('WE', 'Production of electricity by petroleum and other oil derivatives')","8.52698626702207e-06","7.75747566774954e-06","1.39039326812979e-06"
"('TW', 'Cultivation of crops nec')","8.49953010645869e-06","4.42691338205748e-06","8.16152926134566e-06"
"('IT', 'Other non-ferrous metal production')","8.48214600830396e-06","4.50537040856298e-06","7.47072380414472e-06"
"('SI', 'Landfill of waste: Inert/metal/hazardous')","8.47822293352825e-06","5.88922959123721e-06","7.06174190691281e-06"
"('GR', 'Transport via pipelines')","8.43600333221412e-06","7.03976408045821e-06","7.47590658760535e-06"
"('BR', 'Lead, zinc and tin production')","8.43558531130483e-06","4.57998580606654e-06","8.14373740737376e-06"
"('TR', 'Cultivation of crops nec')","8.42152853991719e-06","6.67284786279726e-06","6.51017550940386e-06"
"('CZ', 'Sea and coastal water transport')","8.40732310510305e-06","3.45911830726088e-06","8.3770788369026e-06"
"('LT', 'Hotels and restaurants (55)')","8.40373666882304e-06","3.53243197756454e-06","8.40371997265877e-06"
"('PL', 'Extraction, liquefaction, and regasification of other petroleum and gaseous materials')","8.40249656591231e-06","6.62052684200107e-06","6.49695161764199e-06"
"('LU', 'Health and social work (85)')","8.40076552530447e-06","1.26460175361139e-06","8.40076459417258e-06"
"('FI', 'Processing of meat cattle')","8.39616414214005e-06","2.97344563043639e-06","8.2884258875179e-06"
"('ID', 'Sugar refining')","8.38696147696406e-06","4.92204863313352e-06","5.96741956309503e-06"
"('BG', 'Cultivation of crops nec')","8.37789079994967e-06","2.67554877885631e-06","7.87287384316686e-06"
"('DE', 'Landfill of waste: Food')","8.36537482224913e-06","8.05992505307245e-06","1.4843904353417e-06"
"('PT', 'Copper production')","8.32857910419425e-06","3.87323864190772e-06","8.27139124163879e-06"
"('FI', 'Waste water treatment, food')","8.28557090832063e-06","7.68804886557011e-06","3.34658936219231e-06"
"('DK', 'Processing of nuclear fuel')","8.28257435173428e-06","0","8.28257435173428e-06"
"('FI', 'Aluminium production')","8.26264827175379e-06","4.06890815750106e-06","8.14837986339527e-06"
"('ZA', 'Cultivation of sugar cane, sugar beet')","8.25994816949906e-06","6.19873307800235e-06","7.13529373998552e-06"
"('IE', 'Meat animals nec')","8.23660991015778e-06","7.44965729080583e-06","4.75826913285403e-06"
"('SI', 'Activities of membership organisation n.e.c. (91)')","8.23259993705476e-06","4.66243742323e-06","8.23257955474094e-06"
"('HU', 'Cattle farming')","8.18740463769696e-06","4.15381735646223e-06","8.16170637758416e-06"
"('MX', 'Manufacture of coke oven products')","8.18219104749742e-06","4.42841409466061e-06","8.07048767296597e-06"
"('PT', 'Mining of other non-ferrous metal ores and concentrates')","8.17285072261488e-06","7.94729864904715e-06","5.12347476546363e-07"
"('KR', 'Extraction of natural gas and services related to natural gas extraction, excluding surveying')","8.12672665700021e-06","5.56171728587606e-06","6.89596764856987e-06"
"('BE', 'Poultry farming')","8.11823503729965e-06","5.00274670870431e-06","7.95449117119109e-06"
"('FI', 'Tanning and dressing of leather; manufacture of luggage, handbags, saddlery, harness and footwear (19)')","8.03390517812437e-06","5.52406750718976e-06","8.03336705856785e-06"
"('EE', 'Plastics, basic')","7.99965141461043e-06","2.51132928741567e-06","7.77844998188793e-06"
"('EE', 'Extraction of crude petroleum and services related to crude oil extraction, excluding surveying')","7.97760906791434e-06","3.81361660610968e-06","7.97760904610184e-06"
"('AT', 'Poultry farming')","7.96515610063839e-06","4.5679018561919e-06","7.55182599205638e-06"
"('CH', 'Recreational, cultural and sporting activities (92)')","7.96185995790484e-06","5.34317909476456e-06","7.93546071496754e-06"
"('CZ', 'Quarrying of stone')","7.95065373731992e-06","6.45186670657239e-06","4.8685537957643e-06"
"('SK', 'Cultivation of wheat')","7.92671839250045e-06","3.89243059319561e-06","7.75482992577152e-06"
"('CY', 'Production of electricity by petroleum and other oil derivatives')","7.92485653187741e-06","5.36515688943948e-06","6.976950285973e-06"
"('CZ', 'Cultivation of vegetables, fruit, nuts')","7.92419533870293e-06","4.58097338383124e-06","7.90834769557684e-06"
"('FI', 'Manufacture of wearing apparel; dressing and dyeing of fur (18)')","7.92264350676018e-06","1.46273151899325e-06","7.92263615008111e-06"
"('IE', 'Cultivation of wheat')","7.89408352972339e-06","3.61870728752363e-06","7.72015448654423e-06"
"('LV', 'Manufacture of basic iron and steel and of ferro-alloys and first products thereof')","7.86830458625463e-06","4.76949941672557e-06","7.86477213864172e-06"
"('HU', 'Landfill of waste: Wood')","7.86651731649745e-06","7.16747195341414e-06","3.15986860299566e-06"
"('NL', 'Production of meat products nec')","7.85955849384423e-06","4.87577516498908e-06","6.86246730626333e-06"
"('IE', 'Cultivation of vegetables, fruit, nuts')","7.83997076611532e-06","2.57643712840842e-06","7.82751518678051e-06"
"('WF', 'Manufacture of tobacco products (16)')","7.82691165694159e-06","3.21657523797611e-06","6.43677603662904e-06"
"('AT', 'Manufacture of glass and glass products')","7.80819491299553e-06","4.99700333460571e-06","7.65034386028842e-06"
"('EE', 'Health and social work (85)')","7.78488001933111e-06","4.32737148050531e-06","7.78488001130798e-06"
"('PT', 'Manufacture of other non-metallic mineral products n.e.c.')","7.7844371729905e-06","4.15200946952688e-06","7.64889034400747e-06"
"('LT', 'Forestry, logging and related service activities (02)')","7.76813095444758e-06","5.38394308590384e-06","7.70361725761224e-06"
"('SI', 'Manufacture of other transport equipment (35)')","7.75846658235289e-06","2.77861133664543e-06","7.75846658233413e-06"
"('SK', 'Air transport (62)')","7.75611681778872e-06","6.71148158941059e-06","7.74467639163805e-06"
"('US', 'Composting of food waste, incl. land application')","7.70836340339627e-06","7.64336110845748e-06","8.08656831603077e-07"
"('FI', 'Mining of copper ores and concentrates')","7.69889672194175e-06","6.64013885469324e-06","3.16434109000285e-06"
"('MX', 'Inland water transport')","7.6949755474644e-06","6.88408933769792e-06","4.6376739035317e-06"
"('ES', 'Precious metals production')","7.69473985129515e-06","4.27298303473981e-06","7.32497523427072e-06"
"('DK', 'Copper production')","7.67207972557423e-06","3.44141363771554e-06","7.64524035044304e-06"
"('SE', 'Manufacture of fish products')","7.66013601993549e-06","2.83149292823298e-06","7.56063452031923e-06"
"('BE', 'Manufacture of ceramic goods')","7.63131867576829e-06","3.66930197684182e-06","7.44012956463746e-06"
"('BG', 'Poultry farming')","7.55237675960302e-06","4.98974079549857e-06","7.51562622520854e-06"
"('LU', 'Petroleum Refinery')","7.55142909960902e-06","7.44121171567628e-06","7.54540810431616e-06"
"('SE', 'Extraction, liquefaction, and regasification of other petroleum and gaseous materials')","7.53622523292547e-06","5.67812497500294e-06","6.27222878254037e-06"
"('TW', 'Raw milk')","7.52539435754926e-06","3.06233522154071e-06","6.91520382655954e-06"
"('ES', 'Cultivation of plant-based fibers')","7.51058428356739e-06","7.46030183555835e-06","4.46992083969758e-06"
"('ES', 'Sugar refining')","7.48907153971159e-06","5.22841061540741e-06","3.86236591992515e-06"
"('BR', 'Production of electricity by solar photovoltaic')","7.48133041004088e-06","3.23731386555814e-06","7.38611733535256e-06"
"('EE', 'Processing of dairy products')","7.48029858924501e-06","2.26395227567876e-06","7.47019425856681e-06"
"('EE', 'Manufacture of gas; distribution of gaseous fuels through mains')","7.42945545575566e-06","4.58683123177035e-06","7.27968632831064e-06"
"('GR', 'Cultivation of cereal grains nec')","7.4098468790456e-06","6.04691791883577e-06","7.31360659621924e-06"
"('HU', 'Collection, purification and distribution of water (41)')","7.40913849090991e-06","6.18813404565821e-06","4.14023650550489e-06"
"('HU', 'Landfill of waste: Inert/metal/hazardous')","7.40622204849202e-06","6.71939138258246e-06","3.53247667922765e-06"
"('BE', 'Manufacture of wearing apparel; dressing and dyeing of fur (18)')","7.39195210291823e-06","4.44484913486627e-06","7.38476515254901e-06"
"('NO', 'Lead, zinc and tin production')","7.38495484200644e-06","3.96020507889918e-06","7.262090598646e-06"
"('RO', 'Activities auxiliary to financial intermediation (67)')","7.37612308353458e-06","3.30540583723141e-06","7.37611752070197e-06"
"('CY', 'Air transport (62)')","7.35100497358463e-06","8.63788732561474e-07","7.35100491302139e-06"
"('CA', 'Mining of copper ores and concentrates')","7.32611606865847e-06","6.82384776778013e-06","8.40851095770934e-07"
"('HU', 'Quarrying of stone')","7.30404067960189e-06","5.49284719026049e-06","3.48166682629666e-06"
"('CN', 'Collection, purification and distribution of water (41)')","7.2862452320286e-06","6.35401792015264e-06","1.92227432663629e-06"
"('US', 'Manufacture of medical, precision and optical instruments, watches and clocks (33)')","7.27311084011778e-06","4.88424050128848e-06","7.27101820184975e-06"
"('MT', 'Quarrying of stone')","7.24333353400326e-06","5.53754933440905e-06","7.1118552550926e-06"
"('RO', 'Sea and coastal water transport')","7.23012168528613e-06","4.2198866558443e-06","7.22378586563635e-06"
"('EE', 'Petroleum Refinery')","7.18080462648313e-06","3.60320827599799e-06","7.17966771457876e-06"
"('KR', 'Processed rice')","7.16593499011887e-06","5.48623899640559e-06","3.75942120269736e-06"
"('IE', 'Activities of membership organisation n.e.c. (91)')","7.16180362256288e-06","2.7073160323332e-06","7.13823472543838e-06"
"('LU', 'Post and telecommunications (64)')","7.15161879051522e-06","3.86084003813226e-06","7.11790289061113e-06"
"('GR', 'Fishing, operating of fish hatcheries and fish farms; service activities incidental to fishing (05)')","7.13658067265485e-06","6.3033738083277e-06","7.11536984427127e-06"
"('LV', 'Manufacture of rubber and plastic products (25)')","7.1235104348999e-06","4.18304781860794e-06","7.12287401092322e-06"
"('CY', 'Processing of Food products nec')","7.12040769074117e-06","3.04306514590573e-06","7.12038379627514e-06"
"('ZA', 'Production of electricity by nuclear')","7.11214331299342e-06","6.89744344918779e-06","2.78021541426192e-06"
"('SE', 'Cultivation of vegetables, fruit, nuts')","7.10372210755785e-06","5.92932781261477e-06","7.04788629388963e-06"
"('SK', 'Cultivation of cereal grains nec')","7.09050064404561e-06","4.23375214292684e-06","7.00834308493742e-06"
"('FR', 'Lead, zinc and tin production')","7.08070469116234e-06","3.24362512911076e-06","6.90504704852578e-06"
"('FI', 'Pigs farming')","7.06334292281168e-06","3.26725201616625e-06","7.06334287479007e-06"
"('GB', 'Tanning and dressing of leather; manufacture of luggage, handbags, saddlery, harness and footwear (19)')","7.03972310825001e-06","4.65293844266868e-06","6.94768500174709e-06"
"('EE', 'Sale, maintenance, repair of motor vehicles, motor vehicles parts, motorcycles, motor cycles parts and accessoiries')","7.03733748888435e-06","3.35983152478799e-06","6.9828434186133e-06"
"('LT', 'Poultry farming')","7.03010138384682e-06","1.62541816534164e-06","7.0108680387361e-06"
"('MX', 'Retail sale of automotive fuel')","7.02969582798044e-06","3.01200491879618e-06","6.08110402487513e-06"
"('RO', 'Pulp')","7.00704321685757e-06","2.22684974518058e-06","6.99914539389918e-06"
"('PL', 'Production of meat products nec')","7.00239273433289e-06","2.75387397934458e-06","6.65413109142597e-06"
"('FR', 'Manufacture of coke oven products')","6.98689976235604e-06","4.14880748225006e-06","6.38695284001385e-06"
"('GB', 'Cultivation of sugar cane, sugar beet')","6.98374410155399e-06","4.14366982388566e-06","5.60378100308752e-06"
"('HR', 'Re-processing of secondary steel into new steel')","6.96950642628269e-06","4.35581746967669e-06","6.9621918533482e-06"
"('LV', 'Insurance and pension funding, except compulsory social security (66)')","6.93619526835832e-06","3.46863852910555e-06","6.93619479480688e-06"
"('SI', 'Activities auxiliary to financial intermediation (67)')","6.93261673302165e-06","4.43900479993488e-06","6.9326167307259e-06"
"('FI', 'P- and other fertiliser')","6.90254532167807e-06","5.42830829932111e-06","6.45840298637509e-06"
"('HR', 'Distribution and trade of electricity')","6.88916693131882e-06","5.31404642225322e-06","6.83984828697474e-06"
"('PL', 'Recycling of waste and scrap')","6.87648355200426e-06","6.6258187395321e-06","6.88302936117359e-07"
"('NO', 'Manufacture of wearing apparel; dressing and dyeing of fur (18)')","6.87282042814205e-06","2.70025274968226e-06","6.87277171069732e-06"
"('WM', 'Manufacture of gas; distribution of gaseous fuels through mains')","6.85875098058457e-06","6.62559507279753e-06","2.35933638048792e-06"
"('RO', 'Cattle farming')","6.84928066510543e-06","3.25475518168802e-06","6.84121762537297e-06"
"('SK', 'Manufacture of furniture; manufacturing n.e.c. (36)')","6.84882027572738e-06","3.39351704952551e-06","6.84881381401318e-06"
"('CZ', 'Extraction of crude petroleum and services related to crude oil extraction, excluding surveying')","6.82573340770445e-06","3.29863135311053e-06","6.82343197479158e-06"
"('FI', 'Landfill of waste: Wood')","6.8223497553807e-06","6.48474052334033e-06","2.13834736216811e-06"
"('NO', 'Manufacture of ceramic goods')","6.79326349311658e-06","3.52234028169317e-06","6.65927184545741e-06"
"('EE', 'Education (80)')","6.76825543728077e-06","1.12947467740234e-06","6.76825543728077e-06"
"('SE', 'Cattle farming')","6.76669889274054e-06","3.77036675313479e-06","6.63501353835203e-06"
"('FI', 'Cultivation of vegetables, fruit, nuts')","6.76319911048329e-06","4.07978583213822e-06","6.75517502674298e-06"
"('IE', 'Transmission of electricity')","6.74330107190265e-06","5.98395864108676e-06","3.82092767425688e-06"
"('CY', 'Insurance and pension funding, except compulsory social security (66)')","6.73056574525935e-06","2.70331640850021e-06","6.73055675504261e-06"
"('NO', 'Precious metals production')","6.71687271620543e-06","4.3671836331439e-06","6.5604118864169e-06"
"('HR', 'Renting of machinery and equipment without operator and of personal and household goods (71)')","6.69779758652244e-06","3.69224307318386e-06","6.69124711562079e-06"
"('BG', 'Cultivation of vegetables, fruit, nuts')","6.6736790270026e-06","5.76288194667625e-06","6.64120324799184e-06"
"('IT', 'Manufacture of coke oven products')","6.67234395655482e-06","5.20351540862955e-06","4.58149421274401e-06"
"('EE', 'Processing of Food products nec')","6.65441054163557e-06","2.50868652663685e-06","6.65425326303671e-06"
"('SK', 'Research and development (73)')","6.63892873049609e-06","3.65426438921834e-06","6.63882260231739e-06"
"('RO', 'Inland water transport')","6.63636708693923e-06","3.49529398205578e-06","6.1259708609456e-06"
"('NL', 'Mining of chemical and fertilizer minerals, production of salt, other mining and quarrying n.e.c.')","6.63552178964716e-06","6.11886273603963e-06","1.47596265937314e-06"
"('LT', 'Cultivation of vegetables, fruit, nuts')","6.62838097180111e-06","2.7754177299153e-06","6.62690489111178e-06"
"('CH', 'Casting of metals')","6.61659306879268e-06","3.28903820466149e-06","6.50090777157981e-06"
"('HU', 'Incineration of waste: Metals and Inert materials')","6.61196868814218e-06","6.00227582941523e-06","3.77632276201378e-06"
"('PT', 'Manufacture of furniture; manufacturing n.e.c. (36)')","6.60526573618984e-06","2.47070836188948e-06","6.60526572684467e-06"
"('CH', 'Pulp')","6.59568885721907e-06","3.11464712413515e-06","6.22057039226082e-06"
"('SI', 'Cattle farming')","6.5882925344134e-06","2.35012929968459e-06","6.58781171015373e-06"
"('SE', 'Pigs farming')","6.57881224427304e-06","4.717969314248e-06","6.5765736818373e-06"
"('GB', 'Manufacture of tobacco products (16)')","6.55291017724516e-06","2.09644088729576e-06","5.41282894478155e-06"
"('EE', 'Manufacture of basic iron and steel and of ferro-alloys and first products thereof')","6.55153606531487e-06","3.7130273881674e-06","6.54900177610981e-06"
"('SI', 'Distribution and trade of electricity')","6.54618603241544e-06","4.06014780317239e-06","6.51634666934755e-06"
"('BG', 'Raw milk')","6.53559830115879e-06","3.89842591666486e-06","6.53330826784125e-06"
"('MX', 'Private households with employed persons (95)')","6.53029954866839e-06","6.53029954866839e-06","6.53029954866839e-06"
"('DK', 'Forestry, logging and related service activities (02)')","6.49500617472211e-06","5.04853496871939e-06","6.31962652102034e-06"
"('WF', 'Production of electricity by solar photovoltaic')","6.48544763476962e-06","5.45318955424464e-06","3.13564351214315e-06"
"('BE', 'Production of electricity by biomass and waste')","6.47167621749233e-06","6.32939866820034e-06","4.2222280146327e-07"
"('GR', 'Processing of meat cattle')","6.43873051860388e-06","6.41535793217271e-07","6.43049580002061e-06"
"('EE', 'Manufacture of cement, lime and plaster')","6.42328492717404e-06","4.16781668820916e-06","6.41683140027179e-06"
"('PL', 'Mining of copper ores and concentrates')","6.38432021173983e-06","6.17797372876611e-06","9.63958631755082e-07"
"('SI', 'Landfill of waste: Paper')","6.37680186467062e-06","4.55700650852877e-06","5.06207601366019e-06"
"('LT', 'Cultivation of oil seeds')","6.34569465676734e-06","3.09075206355566e-06","6.28923436001748e-06"
"('SI', 'Recreational, cultural and sporting activities (92)')","6.34459761343412e-06","1.89696418486642e-06","6.34459761343412e-06"
"('LV', 'Cultivation of wheat')","6.33186489376689e-06","3.62570583922857e-06","6.28845968870975e-06"
"('ZA', 'Wool, silk-worm cocoons')","6.32814476352668e-06","4.44753668398582e-06","4.83947348968611e-06"
"('IN', 'Processing of meat pigs')","6.3032173409177e-06","1.74708358481481e-06","5.86809341559927e-06"
"('IE', 'Other non-ferrous metal production')","6.3025060641628e-06","4.37137272557531e-06","5.68097400200685e-06"
"('HU', 'Composting of food waste, incl. land application')","6.26666603372096e-06","4.92739778114143e-06","4.24642415091437e-06"
"('CZ', 'Tanning and dressing of leather; manufacture of luggage, handbags, saddlery, harness and footwear (19)')","6.23735864809735e-06","2.55059197425359e-06","6.23693897834604e-06"
"('HR', 'Cultivation of sugar cane, sugar beet')","6.22904070553942e-06","3.83839862428215e-07","6.22899773792421e-06"
"('SK', 'Poultry farming')","6.22854217188014e-06","1.57179720357611e-06","6.20969292812335e-06"
"('BG', 'Steam and hot water supply')","6.21794053811499e-06","3.6002241127968e-06","5.19894838405217e-06"
"('BE', 'Private households with employed persons (95)')","6.19973258811201e-06","6.19973258811201e-06","6.19973258811201e-06"
"('SK', 'Mining of precious metal ores and concentrates')","6.19470056175935e-06","4.41350138432562e-07","6.09094566168525e-06"
"('SI', 'Other service activities (93)')","6.18034986150987e-06","3.9567288579322e-06","6.18034986150987e-06"
"('FI', 'Manufacture of fish products')","6.16415649994907e-06","3.22933597455655e-06","6.14215277112867e-06"
"('LT', 'Cultivation of cereal grains nec')","6.15167974188928e-06","3.24999925928699e-06","6.12929285488642e-06"
"('LU', 'Manufacture of other non-metallic mineral products n.e.c.')","6.148756543238e-06","3.30522304201473e-06","6.12165644875826e-06"
"('BG', 'Other business activities (74)')","6.12926580266871e-06","3.65897391539372e-06","6.12925990375046e-06"
"('LU', 'Manufacture of ceramic goods')","6.11949969597816e-06","2.64822318328755e-06","6.113505972653e-06"
"('ES', 'Other non-ferrous metal production')","6.11442129988243e-06","2.98365178218774e-06","5.92552429749646e-06"
"('LV', 'Processing of meat poultry')","6.11221413099664e-06","6.08071293883186e-06","1.54780404179088e-06"
"('EE', 'Manufacture of beverages')","6.09803186928555e-06","2.27759159509516e-06","6.09487473186191e-06"
"('NL', 'Cultivation of crops nec')","6.07847538399806e-06","3.88935701790901e-06","5.43615370646451e-06"
"('EE', 'Manufacture of textiles (17)')","6.07638328863879e-06","1.92807401887602e-06","6.07634017818495e-06"
"('FI', 'Landfill of waste: Plastic')","6.03783810399923e-06","5.72111426290369e-06","1.97574684268486e-06"
"('GB', 'Production of electricity by petroleum and other oil derivatives')","6.0333236698384e-06","5.46123048612595e-06","1.47458548119135e-06"
"('SI', 'Forestry, logging and related service activities (02)')","6.02806605443645e-06","4.85962525956105e-06","6.02608776578665e-06"
"('HU', 'Production of electricity by solar photovoltaic')","6.01869829194147e-06","4.09817234120344e-06","3.74077166624028e-06"
"('SK', 'Other service activities (93)')","6.01346493144925e-06","4.13221288269265e-06","6.01033971092731e-06"
"('SK', 'Activities of membership organisation n.e.c. (91)')","6.01256646152214e-06","3.82590102865294e-06","6.01256644347629e-06"
"('AU', 'Manufacture of coke oven products')","6.01112508929046e-06","4.05519100710866e-06","5.05925713798285e-06"
"('BG', 'Manufacture of glass and glass products')","6.00418091454923e-06","2.2798825262275e-06","5.93411584572406e-06"
"('LV', 'Activities auxiliary to financial intermediation (67)')","5.98380562910348e-06","3.84278256468015e-06","5.98380562798998e-06"
"('GR', 'Cattle farming')","5.979510091186e-06","3.56407308825249e-06","5.97907857221189e-06"
"('ID', 'Raw milk')","5.97615733746622e-06","4.34222226380678e-06","5.26508921309665e-06"
"('IN', 'Pigs farming')","5.95330719956826e-06","4.94347805834908e-06","4.90734419370282e-06"
"('PT', 'Processing vegetable oils and fats')","5.94195968580907e-06","2.46621655717868e-06","5.57758961385102e-06"
"('FI', 'Production of electricity by wind')","5.8992092401457e-06","5.58568733322843e-06","3.26767525409773e-06"
"('IT', 'Cultivation of crops nec')","5.88781392183258e-06","3.21720579854355e-06","4.58502894817494e-06"
"('HR', 'Cultivation of vegetables, fruit, nuts')","5.86692283198106e-06","3.55930758568603e-06","5.8641262669942e-06"
"('LV', 'Activities of membership organisation n.e.c. (91)')","5.85790140242009e-06","3.14058946804665e-06","5.85790140240726e-06"
"('SE', 'Inland water transport')","5.84964747426583e-06","3.72282759039815e-06","5.0460645177162e-06"
"('NL', 'Meat animals nec')","5.84856124612656e-06","5.75374090923005e-06","2.0454247494101e-06"
"('NO', 'Other service activities (93)')","5.83379953187749e-06","2.09435389751355e-06","5.83379953187749e-06"
"('FR', 'Production of electricity by coal')","5.83220792425831e-06","3.8331466192446e-06","3.74572636280726e-06"
"('FI', 'Collection, purification and distribution of water (41)')","5.82012105236712e-06","3.04626179645768e-06","5.47933079970441e-06"
"('RO', 'Manufacture of furniture; manufacturing n.e.c. (36)')","5.81474939248033e-06","1.91188742206821e-06","5.81474517098717e-06"
"('LU', 'Manufacture of other transport equipment (35)')","5.76287354552126e-06","2.55933066949064e-06","5.76287192702972e-06"
"('PT', 'Other non-ferrous metal production')","5.74754560336599e-06","2.80558532125529e-06","5.66128245115148e-06"
"('SK', 'Production of electricity by gas')","5.71400142656568e-06","2.35097475045397e-06","5.22982693750422e-06"
"('PL', 'Production of electricity by biomass and waste')","5.68660710010594e-06","5.30472244629972e-06","6.68989100146009e-07"
"('KR', 'Production of electricity by wind')","5.65682394320477e-06","5.64514110487774e-06","6.95124939061553e-07"
"('TR', 'Cultivation of paddy rice')","5.60848832754369e-06","5.43273903416159e-06","4.24160502800803e-06"
"('NO', 'Mining of iron ores')","5.60719757134478e-06","5.00474504293698e-06","1.09908950649822e-06"
"('ZA', 'Pigs farming')","5.60470517415356e-06","4.17784861079175e-06","5.53298956155804e-06"
"('ZA', 'Manufacture of medical, precision and optical instruments, watches and clocks (33)')","5.5801292058691e-06","3.2490250307933e-06","5.57853604439924e-06"
"('RU', 'Animal products nec')","5.54490384248964e-06","4.71077771781095e-06","2.26277725662661e-06"
"('SI', 'Post and telecommunications (64)')","5.54065939805146e-06","3.10874642986891e-06","5.54057808655601e-06"
"('EE', 'Insurance and pension funding, except compulsory social security (66)')","5.53569074951641e-06","2.20414501562554e-06","5.53561528878061e-06"
"('HR', 'Production of electricity by hydro')","5.52432144801498e-06","4.96502775928655e-06","4.63843504501615e-06"
"('GR', 'Private households with employed persons (95)')","5.52140675228719e-06","5.51508619739605e-06","5.52140675228719e-06"
"('DE', 'Mining of lead, zinc and tin ores and concentrates')","5.51179559069501e-06","5.41082197976699e-06","2.54587158286827e-07"
"('LU', 'Manufacture of wood and of products of wood and cork, except furniture; manufacture of articles of straw and plaiting materials (20)')","5.50819722398072e-06","2.18415155781082e-06","5.5059092101165e-06"
"('HR', 'Manufacture of other transport equipment (35)')","5.45259736396676e-06","2.87006704329901e-06","5.45225676396347e-06"
"('ZA', 'Forestry, logging and related service activities (02)')","5.42954140666207e-06","3.3204527934888e-06","5.33343684820336e-06"
"('PT', 'Lead, zinc and tin production')","5.42422554797517e-06","3.40178523200118e-06","5.1468512920702e-06"
"('ZA', 'Activities of membership organisation n.e.c. (91)')","5.38598898579075e-06","3.53877093247033e-07","5.38598898579075e-06"
"('IE', 'Manufacture of basic iron and steel and of ferro-alloys and first products thereof')","5.37608813738214e-06","4.93562062449499e-06","5.36849901980897e-06"
"('HR', 'Aluminium production')","5.36295219335423e-06","2.90529030283312e-06","5.35756543601273e-06"
"('SK', 'Raw milk')","5.36170929116581e-06","5.00339442999089e-06","5.34819217310349e-06"
"('ZA', 'Copper production')","5.36117088000823e-06","2.65194871025104e-06","5.33961088550705e-06"
"('NO', 'Cultivation of cereal grains nec')","5.35453999195298e-06","3.89016671613343e-06","5.30975921681397e-06"
"('FI', 'Cultivation of wheat')","5.34832338373678e-06","2.7811119777096e-06","5.22724807204117e-06"
"('SK', 'Mining of chemical and fertilizer minerals, production of salt, other mining and quarrying n.e.c.')","5.33653399320437e-06","3.82506414342508e-06","2.31636012522419e-06"
"('IE', 'Processing of meat poultry')","5.31362160381332e-06","5.27991334023879e-06","4.194461368849e-06"
"('FI', 'Fishing, operating of fish hatcheries and fish farms; service activities incidental to fishing (05)')","5.31219510260615e-06","4.64357204811029e-06","5.30737317768324e-06"
"('RO', 'Landfill of waste: Inert/metal/hazardous')","5.29727445415317e-06","1.68687525647108e-06","4.98879232138501e-06"
"('FI', 'Incineration of waste: Wood')","5.29381515396056e-06","4.99706234622037e-06","1.82003939544259e-06"
"('GB', 'Processed rice')","5.28206270221191e-06","2.94373924204247e-06","4.2662154298787e-06"
"('HU', 'Incineration of waste: Oil/Hazardous waste')","5.27111585339885e-06","4.78745233822669e-06","2.98848808152647e-06"
"('RO', 'Incineration of waste: Oil/Hazardous waste')","5.26444529713421e-06","1.18114764729138e-06","5.01080359914456e-06"
"('TR', 'Manufacture of electrical machinery and apparatus n.e.c. (31)')","5.25188868540403e-06","3.5120835562871e-06","5.25149647140753e-06"
"('TW', 'Retail sale of automotive fuel')","5.2482327864564e-06","1.76516958927609e-06","5.13036429600787e-06"
"('AT', 'Manufacture of coke oven products')","5.24627968721409e-06","2.62624741441549e-06","5.09849169837535e-06"
"('BR', 'Manufacture of bricks, tiles and construction products, in baked clay')","5.24537156836114e-06","4.15662978078715e-06","4.05735919165226e-06"
"('PT', 'Retail sale of automotive fuel')","5.22872181165436e-06","3.54482716477791e-06","4.80297220888898e-06"
"('BG', 'Processing of meat poultry')","5.21954618789665e-06","1.39911933515536e-06","5.15384685982909e-06"
"('LT', 'Fishing, operating of fish hatcheries and fish farms; service activities incidental to fishing (05)')","5.21875923299822e-06","1.55948112873508e-06","5.21798201268265e-06"
"('PT', 'Fishing, operating of fish hatcheries and fish farms; service activities incidental to fishing (05)')","5.20679219648775e-06","3.40541576479891e-06","5.20251689571829e-06"
"('IT', 'Cultivation of oil seeds')","5.20374599409991e-06","4.13965437664069e-06","5.19037987353819e-06"
"('BG', 'Manufacture of tobacco products (16)')","5.13770649675733e-06","2.49795195169553e-06","5.13752740593623e-06"
"('RU', 'Meat animals nec')","5.13747727451787e-06","2.23557874139103e-06","3.89724478657982e-06"
"('HU', 'Incineration of waste: Food')","5.13711392861312e-06","4.71452386868004e-06","2.69567232346229e-06"
"('LV', 'Quarrying of stone')","5.13473712056803e-06","3.55015580590615e-06","4.90282757515857e-06"
"('RO', 'Production of meat products nec')","5.12711683318872e-06","1.10392350556132e-06","5.06209855782829e-06"
"('HR', 'Transport via pipelines')","5.12321309676649e-06","4.27648112309717e-06","4.90698612645172e-06"
"('ID', 'Manufacture of gas; distribution of gaseous fuels through mains')","5.11980675652758e-06","3.90132093123838e-06","3.70069771205908e-06"
"('CZ', 'Extraction of natural gas and services related to natural gas extraction, excluding surveying')","5.11470247452593e-06","2.29995780949668e-06","4.99211248003142e-06"
"('HU', 'Incineration of waste: Paper')","5.09525941620986e-06","4.61300402757567e-06","2.88279452875082e-06"
"('HU', 'Processing of meat cattle')","5.08802105883607e-06","1.13827521490887e-06","5.04416172232698e-06"
"('DK', 'Biogasification of paper, incl. land application')","5.07491417580079e-06","4.91668708574541e-06","7.16812125081983e-07"
"('SI', 'Transport via pipelines')","5.06951048564868e-06","2.94733264129286e-06","4.94543821760358e-06"
"('RU', 'Processed rice')","5.06703105182136e-06","3.51453519057695e-06","3.41416801347566e-06"
"('HR', 'Paper')","5.06234698526563e-06","2.01518593063717e-06","5.06205540997149e-06"
"('SI', 'Publishing, printing and reproduction of recorded media (22)')","5.06010878861345e-06","2.30464562088929e-06","5.06010772461528e-06"
"('BG', 'Production of electricity by solar photovoltaic')","5.03737060080249e-06","4.06513645829375e-06","2.58126898788141e-06"
"('GR', 'Transmission of electricity')","5.03495873090319e-06","3.44556877677183e-06","4.5792041966648e-06"
"('LV', 'Research and development (73)')","5.03035554247279e-06","2.40582570033385e-06","5.03035554247279e-06"
"('WF', 'Production of electricity by solar thermal')","5.0282797882539e-06","4.96904714439162e-06","7.35814362982293e-07"
"('GB', 'Processing vegetable oils and fats')","5.02421775471439e-06","5.01205969227062e-06","3.91387068771247e-06"
"('NL', 'Forestry, logging and related service activities (02)')","5.02328079090552e-06","3.22775110228843e-06","4.97774465613742e-06"
"('LV', 'Manufacture of beverages')","5.0195760776327e-06","1.79999034404742e-06","5.01366467725985e-06"
"('LT', 'Sea and coastal water transport')","5.01453515930467e-06","2.87952352410646e-06","5.01376849885391e-06"
"('KR', 'Manufacture of bricks, tiles and construction products, in baked clay')","5.00969624014177e-06","3.53971448354121e-06","4.39214280714718e-06"
"('BG', 'Production of electricity by gas')","5.00460421351238e-06","2.60027377317976e-06","4.52941148418207e-06"
"('NL', 'Production of electricity by coal')","4.95405703960817e-06","2.58515238775174e-06","4.17808986515882e-06"
"('BG', 'Production of meat products nec')","4.94453416891951e-06","1.97819365908685e-06","4.91251363617195e-06"
"('SI', 'Paper')","4.93166968327069e-06","1.26752357671646e-06","4.9316499233768e-06"
"('GR', 'Meat animals nec')","4.92958999446524e-06","2.39367078959769e-06","4.68049140734476e-06"
"('LV', 'Paper')","4.92473941035588e-06","1.95685019951027e-06","4.92425143556707e-06"
"('TR', 'Manufacture of office machinery and computers (30)')","4.9202146593549e-06","2.50662667897943e-06","4.92013295513376e-06"
"('FI', 'Transmission of electricity')","4.91863270912764e-06","4.48619392830549e-06","3.59459239813453e-06"
"('LV', 'Distribution and trade of electricity')","4.91182334244371e-06","2.73251691253411e-06","4.87690961476648e-06"
"('HR', 'Research and development (73)')","4.90749558797738e-06","2.44652578426717e-06","4.90749286296741e-06"
"('SI', 'Manufacture of other non-metallic mineral products n.e.c.')","4.89662992618736e-06","2.17410583034787e-06","4.89389321168351e-06"
"('BG', 'Processing of meat pigs')","4.88810563449497e-06","1.61866681225124e-06","4.80555628397911e-06"
"('CY', 'Processing of nuclear fuel')","4.87923437936984e-06","0","4.87923437936984e-06"
"('RO', 'Fishing, operating of fish hatcheries and fish farms; service activities incidental to fishing (05)')","4.87056819908341e-06","1.99657224320334e-06","4.87031391590089e-06"
"('NL', 'Landfill of waste: Wood')","4.85970201672403e-06","4.62792221236865e-06","1.14454987747481e-06"
"('BG', 'Manufacture of motor vehicles, trailers and semi-trailers (34)')","4.85927624731808e-06","2.61822588397861e-06","4.8592200855487e-06"
"('NO', 'Cultivation of vegetables, fruit, nuts')","4.85874267995352e-06","2.4899893674088e-06","4.8363206491351e-06"
"('AT', 'Cultivation of wheat')","4.8302095320008e-06","3.44703844406007e-06","4.55347018087347e-06"
"('RU', 'Cultivation of paddy rice')","4.81860168207803e-06","4.25591847569259e-06","4.00011950105947e-06"
"('EE', 'Post and telecommunications (64)')","4.80314196979469e-06","2.00078766686412e-06","4.80313810973833e-06"
"('CY', 'Public administration and defence; compulsory social security (75)')","4.79349659451165e-06","1.18247203725594e-06","4.79348971291236e-06"
"('NL', 'Manufacture of coke oven products')","4.78590987230469e-06","3.90448146915701e-06","2.77470642418913e-06"
"('IT', 'Cultivation of sugar cane, sugar beet')","4.78300669781583e-06","4.02402387624156e-06","2.62101559300988e-06"
"('JP', 'Cultivation of oil seeds')","4.73452208150708e-06","4.07532186040742e-06","3.37474537104295e-06"
"('EE', 'Landfill of waste: Inert/metal/hazardous')","4.72692783880767e-06","3.56235801832478e-06","4.39079658168683e-06"
"('SI', 'Manufacture of wearing apparel; dressing and dyeing of fur (18)')","4.69028628697581e-06","1.97171172607914e-06","4.6902090073466e-06"
"('BR', 'Production of meat products nec')","4.66859549363001e-06","3.6270965604727e-06","3.747078509503e-06"
"('GR', 'Cultivation of wheat')","4.64272679652603e-06","3.02909152300422e-06","4.55459195015484e-06"
"('SI', 'Production of electricity by nuclear')","4.64011873345235e-06","3.77508131394032e-06","3.68761702899728e-06"
"('WE', 'Mining of iron ores')","4.6351598503087e-06","4.36850996109298e-06","8.3526865631477e-07"
"('MX', 'Manufacture of bricks, tiles and construction products, in baked clay')","4.6300958502005e-06","3.41271316086625e-06","3.32019192589018e-06"
"('CZ', 'Re-processing of secondary steel into new steel')","4.61897714025721e-06","1.9444759456873e-06","4.55775291343863e-06"
"('PL', 'Fishing, operating of fish hatcheries and fish farms; service activities incidental to fishing (05)')","4.60273012322376e-06","1.99075892942064e-06","4.60198262490316e-06"
"('JP', 'Inland water transport')","4.5969299969148e-06","3.64254377023175e-06","1.63099401426566e-06"
"('NL', 'N-fertiliser')","4.5795908817915e-06","3.82334460139726e-06","2.05466217183373e-06"
"('PT', 'Production of meat products nec')","4.57517276842276e-06","1.74288468188276e-06","4.49296375576973e-06"
"('NO', 'Landfill of waste: Plastic')","4.57228268831936e-06","4.46353770588447e-06","7.77561803685528e-07"
"('HU', 'Manufacture of ceramic goods')","4.56207500949677e-06","3.01706926619339e-06","4.50524022276952e-06"
"('DK', 'Cattle farming')","4.5618697076068e-06","1.93981401457805e-06","4.53059273315549e-06"
"('BE', 'Cultivation of sugar cane, sugar beet')","4.53899463363614e-06","3.02443803745993e-06","4.45700920410405e-06"
"('DK', 'Cultivation of vegetables, fruit, nuts')","4.5335886590237e-06","3.63956082651742e-06","4.51857866598773e-06"
"('HU', 'Production of electricity by coal')","4.51749848043691e-06","2.46998140297755e-06","4.28543378727832e-06"
"('SI', 'Tanning and dressing of leather; manufacture of luggage, handbags, saddlery, harness and footwear (19)')","4.50746058164429e-06","2.10878459640265e-06","4.50645702071404e-06"
"('BE', 'Manufacture of coke oven products')","4.4913002267325e-06","2.77746796019417e-06","3.6031604813278e-06"
"('CA', 'Retail sale of automotive fuel')","4.48389658943066e-06","7.02683363403797e-07","4.48380704563316e-06"
"('FI', 'Precious metals production')","4.47592619770171e-06","1.71821647736224e-06","4.37290254962522e-06"
"('DK', 'P- and other fertiliser')","4.45715081292944e-06","1.74729921003584e-06","4.35940175884026e-06"
"('WM', 'Mining of coal and lignite; extraction of peat (10)')","4.45105218605249e-06","2.82985362128118e-06","3.72184691713958e-06"
"('GB', 'Mining of coal and lignite; extraction of peat (10)')","4.43602864263648e-06","3.17050169104431e-06","4.35304938556261e-06"
"('SK', 'Production of electricity by hydro')","4.41384938905266e-06","2.78285421953669e-06","3.7651322496168e-06"
"('SE', 'Manufacture of coke oven products')","4.41145399923524e-06","2.73663760817014e-06","4.17025654128993e-06"
"('DE', 'Cultivation of crops nec')","4.40683207141545e-06","2.88647091168171e-06","4.35042698841593e-06"
"('ID', 'Cultivation of sugar cane, sugar beet')","4.40253062030817e-06","1.19267605641764e-06","4.06916683801474e-06"
"('IT', 'Biogasification of sewage slugde, incl. land application')","4.3464627109857e-06","4.0880597275929e-06","1.22940273596161e-06"
"('NO', 'Mining of coal and lignite; extraction of peat (10)')","4.33434491018523e-06","1.96152280091366e-06","4.31787522212405e-06"
"('PT', 'Cultivation of cereal grains nec')","4.33259099533753e-06","3.406838012732e-06","4.24516860691147e-06"
"('HR', 'Publishing, printing and reproduction of recorded media (22)')","4.32914135987662e-06","2.33031669437432e-06","4.32914135987662e-06"
"('DE', 'Production of meat products nec')","4.29793590165819e-06","4.28653312853717e-06","2.42839987700316e-06"
"('FR', 'Private households with employed persons (95)')","4.28843097153434e-06","4.28843097153434e-06","4.28843097153434e-06"
"('ES', 'P- and other fertiliser')","4.28815315400231e-06","2.6579591226915e-06","4.14543521143675e-06"
"('AT', 'Production of electricity by biomass and waste')","4.27577781492333e-06","3.92109192519961e-06","8.07710246455354e-07"
"('LT', 'Landfill of waste: Inert/metal/hazardous')","4.26836511077148e-06","2.84435636154471e-06","4.13020525843554e-06"
"('HR', 'Cultivation of cereal grains nec')","4.26723667404502e-06","2.41060016418225e-06","4.23046212352815e-06"
"('FR', 'P- and other fertiliser')","4.26651301792608e-06","3.07251811317e-06","3.48603999285818e-06"
"('LU', 'Processing of meat cattle')","4.26439248294627e-06","1.03875645385755e-06","4.2538841780138e-06"
"('LT', 'Cattle farming')","4.26038448949864e-06","2.56938361558458e-06","4.25676377246271e-06"
"('ZA', 'Processing of meat pigs')","4.25197749635843e-06","4.15803788878953e-07","4.25022020967773e-06"
"('ID', 'Manufacture of bricks, tiles and construction products, in baked clay')","4.24476214596394e-06","2.96568773772344e-06","3.66928966610014e-06"
"('TW', 'Cultivation of oil seeds')","4.24321433576182e-06","2.49281955149493e-06","3.40429468554209e-06"
"('TW', 'Forestry, logging and related service activities (02)')","4.2403211984808e-06","3.71269658641812e-06","4.23896955258195e-06"
"('RO', 'Manufacture of glass and glass products')","4.23471764321948e-06","2.63082564800245e-06","4.22663639881921e-06"
"('GR', 'Extraction of crude petroleum and services related to crude oil extraction, excluding surveying')","4.21841193264848e-06","2.91507717352522e-06","4.21835985422908e-06"
"('LV', 'Chemicals nec')","4.20354114818758e-06","1.81627179332526e-06","4.20336904754109e-06"
"('LT', 'Distribution and trade of electricity')","4.20181784392619e-06","2.77230319100143e-06","4.18469607920826e-06"
"('NL', 'Quarrying of sand and clay')","4.1975304736844e-06","2.7995756733679e-06","3.00550029692277e-06"
"('BG', 'Public administration and defence; compulsory social security (75)')","4.19691463314084e-06","2.23010307494982e-06","4.19140814556649e-06"
"('MX', 'Production of electricity by nuclear')","4.18795793979637e-06","4.12305994038473e-06","1.04340062120068e-06"
"('SE', 'Cultivation of crops nec')","4.17623308268212e-06","3.00999072044267e-06","3.68582463030761e-06"
"('GR', 'Processing of meat poultry')","4.17397041101188e-06","8.58999112915367e-07","4.10791570241652e-06"
"('SI', 'Raw milk')","4.17252844861354e-06","2.16392688994663e-06","4.16985846363116e-06"
"('HR', 'Activities auxiliary to financial intermediation (67)')","4.17030661037572e-06","3.11938441201663e-06","4.17030651370203e-06"
"('LU', 'Quarrying of sand and clay')","4.15300734554044e-06","3.02028449294051e-06","3.54616816773433e-06"
"('CZ', 'Processing of meat cattle')","4.14914518624729e-06","8.10205337278276e-07","4.1382788376061e-06"
"('TW', 'Manufacture of bricks, tiles and construction products, in baked clay')","4.14350331954252e-06","3.2319583493425e-06","2.53836827172078e-06"
"('KR', 'Production of meat products nec')","4.13518268857053e-06","3.01483457514599e-06","3.40346259063739e-06"
"('LU', 'Raw milk')","4.13250899331259e-06","2.41114146403025e-06","4.11561354639578e-06"
"('AT', 'Manufacture of tobacco products (16)')","4.12829684218436e-06","1.89263323669152e-06","3.78349954417851e-06"
"('RO', 'Mining of coal and lignite; extraction of peat (10)')","4.12650716506088e-06","2.46131366526126e-06","4.12563554834356e-06"
"('GB', 'Steam and hot water supply')","4.09853657393849e-06","2.12041541386811e-06","2.5303477651088e-06"
"('FI', 'Processing of meat poultry')","4.0922573430353e-06","1.85621781871975e-06","4.07555961607574e-06"
"('ZA', 'Meat animals nec')","4.07649256159448e-06","9.27522499473476e-07","4.00569587359765e-06"
"('LV', 'Cultivation of cereal grains nec')","4.06823352955865e-06","1.60267185779343e-06","4.06466622850934e-06"
"('LV', 'Quarrying of sand and clay')","4.0609657357097e-06","1.46529384293696e-06","4.03237167662707e-06"
"('BE', 'Cultivation of cereal grains nec')","4.05663178594324e-06","2.80809393729526e-06","3.98666763982856e-06"
"('SI', 'Copper production')","4.05632437834482e-06","2.33000949282788e-06","4.05457690211334e-06"
"('ZA', 'Production of electricity by wind')","4.03459911480203e-06","3.84697423507176e-06","1.84170077249392e-06"
"('TR', 'Pulp')","4.02830808328442e-06","2.82068238591362e-06","3.68351775279914e-06"
"('EE', 'Activities of membership organisation n.e.c. (91)')","4.00460325198547e-06","2.63187779815187e-06","4.0046032518964e-06"
"('LT', 'Other service activities (93)')","4.00405918629466e-06","1.96932095509966e-06","4.00405918628693e-06"
"('IN', 'Processing of meat poultry')","3.99905238263857e-06","3.30382202230374e-06","2.10973364946743e-06"
"('ES', 'Processing of nuclear fuel')","3.97530189896882e-06","1.03631608288782e-06","3.73876935240205e-06"
"('SE', 'Production of meat products nec')","3.95515625673368e-06","5.60584624168457e-07","3.87982416032138e-06"
"('SE', 'Precious metals production')","3.9514204388566e-06","2.08286802944268e-06","3.88840572187761e-06"
"('LT', 'Manufacture of gas; distribution of gaseous fuels through mains')","3.94790111296139e-06","1.98729344962809e-06","3.93739550313134e-06"
"('SI', 'Quarrying of sand and clay')","3.94695244700709e-06","2.2103248109157e-06","3.73280925400985e-06"
"('JP', 'Cultivation of cereal grains nec')","3.93828245998085e-06","3.28218516336954e-06","3.85027029126032e-06"
"('BG', 'Insurance and pension funding, except compulsory social security (66)')","3.93488774684005e-06","1.89396129869947e-06","3.93488771831556e-06"
"('LU', 'Manufacture of furniture; manufacturing n.e.c. (36)')","3.90769890823652e-06","1.5945736065043e-06","3.90769303012548e-06"
"('LV', 'Manufacture of textiles (17)')","3.89943496645425e-06","2.08187991114043e-06","3.89929902152829e-06"
"('HR', 'Production of electricity by gas')","3.89247125963073e-06","2.371037997453e-06","3.79256155595972e-06"
"('FI', 'Manufacture of coke oven products')","3.87668040355284e-06","1.86638625015061e-06","3.80996490609657e-06"
"('GR', 'Production of electricity by coal')","3.87247189873579e-06","1.48543440622014e-06","3.83012858545409e-06"
"('MT', 'Inland water transport')","3.87222359153077e-06","1.49803732821839e-06","3.84361219684343e-06"
"('DK', 'Manufacture of ceramic goods')","3.87220832903145e-06","2.58039695123061e-06","3.83768126276653e-06"
"('GR', 'Production of electricity by petroleum and other oil derivatives')","3.86485057418836e-06","2.46444899863025e-06","2.63085826912577e-06"
"('LU', 'Lead, zinc and tin production')","3.86227793079601e-06","1.65792792109236e-06","3.84048626810248e-06"
"('TR', 'Mining of iron ores')","3.84910670427676e-06","3.73541451054826e-06","5.70772992876723e-07"
"('CY', 'Manufacture of cement, lime and plaster')","3.82781581871343e-06","2.44456398048027e-06","3.81036790157153e-06"
"('EE', 'Raw milk')","3.82250661162998e-06","2.03283609497879e-06","3.82250504138827e-06"
"('BG', 'Health and social work (85)')","3.81627153824851e-06","2.33435175965727e-06","3.81627153824851e-06"
"('GR', 'Manufacture of bricks, tiles and construction products, in baked clay')","3.81386052904388e-06","2.97922405772731e-06","3.27486356962208e-06"
"('SI', 'Waste water treatment, other')","3.77865491963806e-06","2.55878475000794e-06","3.01878202660989e-06"
"('SI', 'Collection, purification and distribution of water (41)')","3.76940329092154e-06","2.92483438973629e-06","2.89106562371863e-06"
"('PT', 'Extraction, liquefaction, and regasification of other petroleum and gaseous materials')","3.76622365221316e-06","2.08371858465562e-06","3.5034049338208e-06"
"('CA', 'Cultivation of crops nec')","3.75715017382677e-06","2.71601104197056e-06","3.46325224233452e-06"
"('RO', 'Processing of meat poultry')","3.74728155863849e-06","8.76280275837925e-07","3.70326334543305e-06"
"('RO', 'Production of electricity by solar photovoltaic')","3.73206171222278e-06","3.56323384372769e-06","1.34034281986386e-06"
"('SI', 'Incineration of waste: Oil/Hazardous waste')","3.71869058217598e-06","2.57403526807255e-06","2.94911494347904e-06"
"('HR', 'Fishing, operating of fish hatcheries and fish farms; service activities incidental to fishing (05)')","3.71093803784494e-06","2.04380485986364e-06","3.70686215826628e-06"
"('HU', 'Inland water transport')","3.70791553888957e-06","9.95427695509871e-07","3.66422994729036e-06"
"('FI', 'Production of electricity by gas')","3.70591205730184e-06","2.84196968856837e-06","2.75087750542985e-06"
"('SK', 'Recreational, cultural and sporting activities (92)')","3.6954522037156e-06","2.50612924496844e-06","3.69337702591627e-06"
"('PT', 'Production of electricity by coal')","3.67558617965778e-06","1.16795881701043e-06","3.56134311088617e-06"
"('DK', 'Other non-ferrous metal production')","3.66274152983386e-06","2.26326640348896e-06","3.6244255729497e-06"
"('MX', 'Mining of precious metal ores and concentrates')","3.65073084633953e-06","3.65073084633953e-06","5.46305978107857e-07"
"('RO', 'Manufacture of ceramic goods')","3.6378634996394e-06","1.60155435015388e-06","3.61480189065064e-06"
"('AT', 'Production of electricity by solar photovoltaic')","3.62397908856144e-06","3.34918700703634e-06","1.10093661309496e-06"
"('DE', 'Animal products nec')","3.61339484069492e-06","3.46144759877136e-06","1.0002296055625e-06"
"('IE', 'Cultivation of sugar cane, sugar beet')","3.61318283388177e-06","2.01813906293636e-06","3.6130246909438e-06"
"('WM', 'Manufacture of coke oven products')","3.60140788307034e-06","3.26537997992794e-06","7.94275409321271e-07"
"('TR', 'Other non-ferrous metal production')","3.57007618840273e-06","1.47137136184566e-06","3.43434130546618e-06"
"('BG', 'Production of electricity by hydro')","3.55972305002974e-06","3.13185318507021e-06","3.00685924349828e-06"
"('RO', 'Other non-ferrous metal production')","3.55785970112069e-06","2.3427414177013e-06","3.35955017367575e-06"
"('HR', 'Tanning and dressing of leather; manufacture of luggage, handbags, saddlery, harness and footwear (19)')","3.55586629649177e-06","1.00958288280977e-06","3.55586619445192e-06"
"('ID', 'Mining of copper ores and concentrates')","3.55364090523015e-06","2.53506438972942e-06","2.11839899457008e-06"
"('SK', 'Chemicals nec')","3.55024186535079e-06","1.70759212654861e-06","3.55022872702791e-06"
"('SI', 'Processing of meat cattle')","3.55023107493773e-06","1.12228579799196e-06","3.53085407643866e-06"
"('LU', 'Manufacture of fish products')","3.54932875345788e-06","2.23079617198565e-06","3.54563563220916e-06"
"('DK', 'Plastics, basic')","3.54473216543562e-06","1.3556285295928e-06","3.51132358828977e-06"
"('LT', 'Activities auxiliary to financial intermediation (67)')","3.54338535330846e-06","2.62139364175957e-06","3.54337709716987e-06"
"('AT', 'Manufacture of furniture; manufacturing n.e.c. (36)')","3.54090484327248e-06","1.99343408739741e-06","3.54090484327248e-06"
"('LU', 'Education (80)')","3.51555453627402e-06","1.52694177326293e-06","3.51534634806662e-06"
"('GR', 'Pigs farming')","3.51127321653183e-06","8.12800815222653e-07","3.50312533693171e-06"
"('SK', 'Publishing, printing and reproduction of recorded media (22)')","3.50628925720964e-06","1.91381112937421e-06","3.50628319825087e-06"
"('FR', 'Mining of aluminium ores and concentrates')","3.49386118422665e-06","3.4086256576505e-06","2.56203944780757e-07"
"('RO', 'Casting of metals')","3.49382299804293e-06","1.84414743604379e-06","3.42943328479696e-06"
"('SK', 'Manufacture of glass and glass products')","3.47426733494419e-06","1.55471664521617e-06","3.46650835763956e-06"
"('LU', 'Other non-ferrous metal production')","3.47070496271997e-06","1.59618619916027e-06","3.46092807716534e-06"
"('AT', 'Processing of meat poultry')","3.47006573268488e-06","3.20708778850213e-06","2.8494898623259e-06"
"('DE', 'Manufacture of radio, television and communication equipment and apparatus (32)')","3.46858868164671e-06","2.10691328238082e-06","3.46840661295838e-06"
"('AU', 'Cultivation of paddy rice')","3.4683437092568e-06","3.00618032359744e-06","3.09050352744593e-06"
"('CY', 'Renting of machinery and equipment without operator and of personal and household goods (71)')","3.46482881419979e-06","2.54543301894236e-06","3.45623058935672e-06"
"('CZ', 'Manufacture of tobacco products (16)')","3.46169774669088e-06","3.53504742025696e-07","3.46039237598048e-06"
"('PT', 'Manufacture of bricks, tiles and construction products, in baked clay')","3.44242180087112e-06","2.47683914372988e-06","2.97029961212812e-06"
"('KR', 'Extraction of crude petroleum and services related to crude oil extraction, excluding surveying')","3.43864400450473e-06","2.21785558792972e-06","2.50973920473154e-06"
"('LU', 'Manufacture of cement, lime and plaster')","3.42425354925067e-06","1.75212588858237e-06","3.40758260575821e-06"
"('HU', 'Transmission of electricity')","3.40748475378678e-06","2.30662382135254e-06","2.80625729446079e-06"
"('SI', 'Production of electricity by coal')","3.40189065807908e-06","1.66864043782191e-06","3.32000898823424e-06"
"('GR', 'Cultivation of plant-based fibers')","3.39117269809313e-06","3.01137292115369e-06","3.15486778758374e-06"
"('SK', 'Precious metals production')","3.39042098722786e-06","2.14655725311906e-06","3.36811600544216e-06"
"('DK', 'Lead, zinc and tin production')","3.35572817660034e-06","1.77882183703925e-06","3.31341778563233e-06"
"('HR', 'Collection, purification and distribution of water (41)')","3.34981015898646e-06","2.45887277843061e-06","2.57378555715764e-06"
"('IE', 'Wool, silk-worm cocoons')","3.32880239869771e-06","2.50205288356796e-06","3.23072214361791e-06"
"('SE', 'Other non-ferrous metal production')","3.3258998014754e-06","1.55370086076025e-06","3.15078704372778e-06"
"('LT', 'Manufacture of rubber and plastic products (25)')","3.32478503204702e-06","1.78385445543404e-06","3.32478502105272e-06"
"('FI', 'Landfill of waste: Textiles')","3.32235798735472e-06","3.14037704918777e-06","1.18884518968439e-06"
"('DK', 'Cultivation of oil seeds')","3.31947403032643e-06","1.508646925767e-06","3.28567244173646e-06"
"('HU', 'Processing vegetable oils and fats')","3.30807276167231e-06","1.81627173804604e-06","3.04725439830162e-06"
"('CZ', 'Manufacture of bricks, tiles and construction products, in baked clay')","3.30588403742117e-06","2.32318451688901e-06","2.17833310076971e-06"
"('AT', 'Inland water transport')","3.27860360480017e-06","1.98063270879919e-06","2.89607082371717e-06"
"('DK', 'Processing of meat poultry')","3.26690669374905e-06","3.16936888591494e-06","2.88676494835334e-06"
"('ID', 'Activities of membership organisation n.e.c. (91)')","3.25330908814554e-06","1.47778525256873e-06","3.25330908805442e-06"
"('LU', 'Processing of meat pigs')","3.25140462746463e-06","1.46726999016297e-06","3.24280297081889e-06"
"('CY', 'Mining of copper ores and concentrates')","3.24599858920708e-06","1.83892542111786e-06","2.9253595072971e-06"
"('TW', 'Pulp')","3.24490214440673e-06","2.18521718001652e-06","2.91615551205719e-06"
"('JP', 'Cultivation of wheat')","3.24101079541083e-06","2.55272768051775e-06","3.14425363535641e-06"
"('GR', 'Production of electricity by wind')","3.23486321723262e-06","3.04887245483139e-06","2.44442035275953e-06"
"('CY', 'Sale, maintenance, repair of motor vehicles, motor vehicles parts, motorcycles, motor cycles parts and accessoiries')","3.22591093746079e-06","9.83430132445289e-07","3.22589374532077e-06"
"('EE', 'Research and development (73)')","3.21867279057434e-06","9.65940797924494e-07","3.21867212821724e-06"
"('NL', 'Cultivation of cereal grains nec')","3.21267245123982e-06","2.43054820757157e-06","2.94109668887418e-06"
"('PT', 'Manufacture of tobacco products (16)')","3.21247461254272e-06","1.90701182038084e-06","3.07189573784692e-06"
"('HU', 'Landfill of waste: Textiles')","3.19732608749492e-06","2.87444045056191e-06","1.06318204365187e-06"
"('GR', 'Manufacture of other transport equipment (35)')","3.19654841301334e-06","1.26764064483952e-06","3.19652281655654e-06"
"('CY', 'Collection, purification and distribution of water (41)')","3.18232713028104e-06","2.11181773884011e-06","3.17485967149596e-06"
"('CY', 'Processing of dairy products')","3.1697192063142e-06","1.05944312149407e-06","3.16886461115567e-06"
"('EE', 'Distribution and trade of electricity')","3.16725858248145e-06","2.35071993155236e-06","3.15149449106172e-06"
"('SE', 'Sugar refining')","3.15391136429069e-06","2.13155235297168e-06","2.25296620435075e-06"
"('DK', 'Publishing, printing and reproduction of recorded media (22)')","3.14626795244947e-06","2.21404226305684e-06","3.14626369664107e-06"
"('NO', 'Processing vegetable oils and fats')","3.13803398206775e-06","1.86734455634721e-06","3.00492152383301e-06"
"('EE', 'Transport via pipelines')","3.1378980191616e-06","1.36958153403364e-06","3.09825223804144e-06"
"('LT', 'Research and development (73)')","3.13032696800931e-06","1.90200335800768e-06","3.13032460287608e-06"
"('CY', 'Manufacture of rubber and plastic products (25)')","3.12923069816393e-06","1.28638352734617e-06","3.12922273965406e-06"
"('BE', 'Fishing, operating of fish hatcheries and fish farms; service activities incidental to fishing (05)')","3.12548803512166e-06","2.2872282841872e-06","3.12411257874308e-06"
"('IT', 'Sugar refining')","3.11111816379585e-06","2.33570128496594e-06","1.43575451006719e-06"
"('TW', 'Steam and hot water supply')","3.10095171346154e-06","1.77050527612688e-06","2.86912321685538e-06"
"('SE', 'Manufacture of gas; distribution of gaseous fuels through mains')","3.09436616898299e-06","2.46881027700484e-06","2.72546131578568e-06"
"('LT', 'Manufacture of wood and of products of wood and cork, except furniture; manufacture of articles of straw and plaiting materials (20)')","3.07621401485963e-06","1.82286219249415e-06","3.0759462207347e-06"
"('ES', 'Cultivation of paddy rice')","3.07363964516714e-06","2.78367980186416e-06","2.66952356102942e-06"
"('RO', 'Manufacture of bricks, tiles and construction products, in baked clay')","3.07315263609282e-06","2.43570270993978e-06","2.92276598452632e-06"
"('KR', 'Cultivation of cereal grains nec')","3.06212806564086e-06","2.51639848796307e-06","2.72624199217012e-06"
"('BE', 'Extraction, liquefaction, and regasification of other petroleum and gaseous materials')","3.0594374938513e-06","2.45527542832704e-06","2.24754018858516e-06"
"('HR', 'Other service activities (93)')","3.05180105203684e-06","1.56452131792959e-06","3.051801052016e-06"
"('SI', 'Cultivation of vegetables, fruit, nuts')","3.03817181481274e-06","2.04427788072419e-06","3.03745609308925e-06"
"('NO', 'Cultivation of crops nec')","3.03168104323033e-06","1.73917446051016e-06","2.93920313507701e-06"
"('SK', 'Incineration of waste: Plastic')","3.02946797086366e-06","2.68162090732632e-06","2.51096938349241e-06"
"('TR', 'Manufacture of radio, television and communication equipment and apparatus (32)')","3.02367654792433e-06","2.24026812560063e-06","3.02326466490588e-06"
"('PT', 'Biogasification of paper, incl. land application')","3.02224055205889e-06","2.97726049356094e-06","4.66478488544108e-07"
"('AU', 'Production of electricity nec')","3.00637288103468e-06","3.00637288103468e-06","2.94841369361905e-08"
"('FI', 'Private households with employed persons (95)')","3.00162288848429e-06","2.66014371690749e-06","3.00162288848429e-06"
"('HU', 'Meat animals nec')","2.98167921336568e-06","2.85008915401242e-06","2.26243948098156e-06"
"('KR', 'Meat animals nec')","2.96129966388033e-06","2.7584159441094e-06","8.70339402139556e-07"
"('IE', 'Forestry, logging and related service activities (02)')","2.95290141153196e-06","1.6240685161091e-06","2.94183678800788e-06"
"('TR', 'Steam and hot water supply')","2.95152678414657e-06","2.3817004627436e-06","2.15039132534198e-06"
"('LV', 'Production of electricity by gas')","2.95012467092921e-06","1.28403572063636e-06","2.88757473859289e-06"
"('SK', 'Landfill of waste: Plastic')","2.93900666472722e-06","2.6083665115279e-06","2.01793124032776e-06"
"('CY', 'Chemicals nec')","2.92936782413191e-06","1.63685157567485e-06","2.92936628974224e-06"
"('IE', 'Production of electricity by biomass and waste')","2.9272858878063e-06","2.88051445292922e-06","6.21755276146443e-07"
"('AU', 'Manufacture of tobacco products (16)')","2.92685159781571e-06","1.04262233910166e-06","2.6544681978052e-06"
"('CZ', 'Meat animals nec')","2.92605803340992e-06","1.86519586577173e-06","2.56897320647423e-06"
"('ES', 'Cultivation of sugar cane, sugar beet')","2.92196883080032e-06","2.46464141414855e-06","2.9176935727491e-06"
"('IN', 'Wool, silk-worm cocoons')","2.91855351442464e-06","9.83248964663654e-07","2.59762180024077e-06"
"('LV', 'Production of electricity by hydro')","2.91626561039393e-06","1.59229316783112e-06","2.82443570135632e-06"
"('ZA', 'Production of electricity by solar photovoltaic')","2.9014032148755e-06","2.81450997234368e-06","7.98461713786798e-07"
"('GR', 'Production of meat products nec')","2.8969350511759e-06","7.42757107027877e-07","2.86672097181712e-06"
"('CY', 'Other land transport')","2.89150741319141e-06","1.51862932967842e-06","2.89145118687986e-06"
"('AT', 'P- and other fertiliser')","2.88357493647501e-06","1.55211743541454e-06","2.71258398695294e-06"
"('PT', 'Production of electricity by solar photovoltaic')","2.88024532923005e-06","2.66250622515502e-06","1.20180329145148e-06"
"('BE', 'Biogasification of paper, incl. land application')","2.8760247499838e-06","2.8291478290699e-06","2.20038601602243e-07"
"('CH', 'Manufacture of fish products')","2.85122610096803e-06","1.17460254758485e-06","2.84358070646426e-06"
"('HR', 'Activities of membership organisation n.e.c. (91)')","2.84930772752032e-06","1.14972534853301e-06","2.84930772752032e-06"
"('LV', 'Post and telecommunications (64)')","2.84454266433419e-06","1.65636338410488e-06","2.8441032939999e-06"
"('WE', 'Extraction, liquefaction, and regasification of other petroleum and gaseous materials')","2.83592189837941e-06","2.30847196673363e-06","1.84000956201872e-06"
"('LV', 'Other service activities (93)')","2.83113749225686e-06","1.67838628491035e-06","2.83113749225686e-06"
"('BG', 'Manufacture of other non-metallic mineral products n.e.c.')","2.82990038017134e-06","1.5565244706906e-06","2.81703364901342e-06"
"('PT', 'Mining of copper ores and concentrates')","2.81457047555946e-06","1.921640081642e-06","1.94957153636572e-06"
"('DK', 'Transmission of electricity')","2.8117348319938e-06","2.7444477530846e-06","1.76815696184383e-06"
"('SK', 'Manufacture of bricks, tiles and construction products, in baked clay')","2.79738584636035e-06","1.79240901023279e-06","2.25339436037504e-06"
"('AU', 'Mining of uranium and thorium ores (12)')","2.7961221162976e-06","1.4017845492202e-06","2.22281108685771e-06"
"('MX', 'Mining of coal and lignite; extraction of peat (10)')","2.794500243387e-06","1.59487524043019e-06","2.42030862350161e-06"
"('CY', 'Health and social work (85)')","2.78860160707493e-06","9.66225534344961e-08","2.78860160707493e-06"
"('GR', 'Manufacture of other non-metallic mineral products n.e.c.')","2.78761307346145e-06","1.6909389371289e-06","2.78149857531381e-06"
"('CY', 'Manufacture of office machinery and computers (30)')","2.78227901525423e-06","1.95220882364978e-06","2.78224043339488e-06"
"('BG', 'Tanning and dressing of leather; manufacture of luggage, handbags, saddlery, harness and footwear (19)')","2.7782489104262e-06","6.37531394870394e-07","2.77816929605e-06"
"('FR', 'Processed rice')","2.77493162894296e-06","2.77493162894296e-06","1.61434309288463e-06"
"('WF', 'Extraction, liquefaction, and regasification of other petroleum and gaseous materials')","2.77027485249953e-06","2.21682680413215e-06","1.36564302565801e-06"
"('TR', 'Production of electricity nec')","2.7633764396724e-06","2.654942031818e-06","1.92071691336608e-07"
"('NO', 'Steam and hot water supply')","2.76311496459002e-06","5.57525216939134e-07","2.70711547422342e-06"
"('LT', 'Activities of membership organisation n.e.c. (91)')","2.75003184929349e-06","1.0937323102067e-06","2.75003184925834e-06"
"('IE', 'Quarrying of stone')","2.74473830252175e-06","2.58825520363979e-06","9.66063632223675e-07"
"('SK', 'Sea and coastal water transport')","2.74278413556583e-06","1.54601067457506e-06","2.73940319012852e-06"
"('FI', 'Poultry farming')","2.74118984761018e-06","1.45851701140023e-06","2.72430367405009e-06"
"('LV', 'Processing of nuclear fuel')","2.72861704912941e-06","0","2.72861704912941e-06"
"('FI', 'Mining of coal and lignite; extraction of peat (10)')","2.72540654245947e-06","1.53907042571974e-06","2.67358473322633e-06"
"('HU', 'Retail sale of automotive fuel')","2.71241430879636e-06","1.27723373020797e-06","2.58808098355416e-06"
"('GB', 'Animal products nec')","2.70300542746491e-06","2.70300542746491e-06","8.80126661332744e-07"
"('SK', 'Cultivation of oil seeds')","2.69760578032265e-06","2.16780528798976e-06","2.6610871756201e-06"
"('SK', 'Re-processing of secondary steel into new steel')","2.67491848344315e-06","1.03180499041014e-06","2.66934522634586e-06"
"('LV', 'Manufacture of other transport equipment (35)')","2.6633843988088e-06","8.92270533629857e-07","2.66338439739935e-06"
"('CA', 'Production of electricity by solar photovoltaic')","2.66261090482669e-06","2.4442118083729e-06","1.82848524529177e-06"
"('DK', 'Retail sale of automotive fuel')","2.65838438886257e-06","1.07337934532629e-06","2.52123961708857e-06"
"('HR', 'Copper production')","2.65650440588031e-06","1.39817242207839e-06","2.6563654652053e-06"
"('CY', 'Cultivation of vegetables, fruit, nuts')","2.64125353842446e-06","1.81764898438796e-06","2.64034287467804e-06"
"('IT', 'Inland water transport')","2.63918102698714e-06","1.4222439686142e-06","2.35706209142558e-06"
"('BE', 'P- and other fertiliser')","2.62028571640963e-06","1.72286213301355e-06","2.58196002966191e-06"
"('DK', 'Tanning and dressing of leather; manufacture of luggage, handbags, saddlery, harness and footwear (19)')","2.59402885609632e-06","7.28924514896897e-07","2.59400607581719e-06"
"('ZA', 'Manufacture of gas; distribution of gaseous fuels through mains')","2.5814258899436e-06","1.42248810237762e-06","2.49027746126e-06"
"('HR', 'Post and telecommunications (64)')","2.58013663722248e-06","1.89283541707285e-06","2.57681900439716e-06"
"('ES', 'Extraction of crude petroleum and services related to crude oil extraction, excluding surveying')","2.57288640092497e-06","1.42105408096691e-06","2.57074630817536e-06"
"('WE', 'Quarrying of sand and clay')","2.57261627647627e-06","2.19240972448907e-06","1.73754593999371e-06"
"('IT', 'Extraction, liquefaction, and regasification of other petroleum and gaseous materials')","2.54525444754059e-06","1.7156202113514e-06","1.31911435904543e-06"
"('TR', 'Manufacture of gas; distribution of gaseous fuels through mains')","2.54352319080354e-06","1.67020390639869e-06","2.39572952111605e-06"
"('LU', 'Aluminium production')","2.5420503261191e-06","1.56355623176462e-06","2.54154875553418e-06"
"('HU', 'Incineration of waste: Plastic')","2.53960024531968e-06","2.28341918093851e-06","1.52876678917875e-06"
"('ZA', 'Manufacture of bricks, tiles and construction products, in baked clay')","2.53188091011591e-06","1.77921532365512e-06","2.39490789011002e-06"
"('TR', 'Mining of nickel ores and concentrates')","2.52873140215651e-06","2.46241698493281e-06","4.23592648995033e-07"
"('IE', 'Tanning and dressing of leather; manufacture of luggage, handbags, saddlery, harness and footwear (19)')","2.52064478568355e-06","1.40981312973234e-06","2.52006576043664e-06"
"('AT', 'Cultivation of oil seeds')","2.51383566807253e-06","2.0804002595636e-06","2.48236699463589e-06"
"('CN', 'Quarrying of sand and clay')","2.50553251846828e-06","2.12038514104817e-06","7.58999980197382e-07"
"('CZ', 'Production of electricity by solar photovoltaic')","2.50490662557721e-06","2.032839659368e-06","2.04686542820793e-06"
"('BG', 'Quarrying of sand and clay')","2.50321387993985e-06","1.86624280601755e-06","1.92100492791273e-06"
"('EE', 'Production of electricity by gas')","2.49964365093105e-06","1.3522198591347e-06","2.45642569413576e-06"
"('IE', 'Poultry farming')","2.49688011743069e-06","3.87360628916658e-07","2.49327804950403e-06"
"('RO', 'Landfill of waste: Wood')","2.49188040260357e-06","6.59415453274155e-07","2.4570544754889e-06"
"('TW', 'Production of meat products nec')","2.4857391700359e-06","1.91382491969857e-06","2.39608726023338e-06"
"('IE', 'Precious metals production')","2.47702540086488e-06","1.45517238053534e-06","2.47496261561319e-06"
"('IE', 'Manufacture of glass and glass products')","2.47561469166455e-06","2.22244492386054e-06","2.45598059851115e-06"
"('PL', 'Biogasification of food waste, incl. land application')","2.45792406564073e-06","2.37285775686218e-06","6.18544018503521e-07"
"('ZA', 'Sugar refining')","2.45148620536379e-06","1.39335525681233e-06","1.92332192841911e-06"
"('CH', 'Copper production')","2.42383982521856e-06","1.8405143884217e-06","2.42367158528422e-06"
"('NL', 'Landfill of waste: Plastic')","2.42005092361728e-06","2.24440973658529e-06","8.06857575380533e-07"
"('FR', 'Extraction of natural gas and services related to natural gas extraction, excluding surveying')","2.41238273376294e-06","1.54511686340463e-06","2.41114040676628e-06"
"('MX', 'Processing vegetable oils and fats')","2.39214960448748e-06","1.19246059213102e-06","2.24967031288307e-06"
"('WE', 'Manufacture of gas; distribution of gaseous fuels through mains')","2.3873977770795e-06","1.70008293338967e-06","2.18856367119296e-06"
"('BG', 'Pigs farming')","2.38547173623065e-06","2.17428936043172e-06","2.38391785749424e-06"
"('BG', 'Sea and coastal water transport')","2.37614147825343e-06","1.81862043917434e-06","2.3742030125281e-06"
"('SK', 'Collection, purification and distribution of water (41)')","2.37579487982432e-06","1.46585160896448e-06","2.00483039064561e-06"
"('LU', 'Precious metals production')","2.37156399406321e-06","1.31111356324436e-06","2.36600489709289e-06"
"('DE', 'Mining of other non-ferrous metal ores and concentrates')","2.35293397276077e-06","2.08407771657378e-06","5.57040361992209e-07"
"('SK', 'Incineration of waste: Textiles')","2.34683436296337e-06","2.16115338395835e-06","1.38242676567091e-06"
"('FI', 'Production of electricity by coal')","2.34575425992487e-06","1.03207916371212e-06","2.10392246346788e-06"
"('LV', 'Cultivation of vegetables, fruit, nuts')","2.32100981236615e-06","2.04691682338282e-06","2.3189289404591e-06"
"('FR', 'Cultivation of crops nec')","2.31837032943569e-06","2.1820080817226e-06","1.72441190223985e-06"
"('BG', 'Processing vegetable oils and fats')","2.30670064332411e-06","8.97817613818865e-07","2.26809161120356e-06"
"('GR', 'Production of electricity by solar photovoltaic')","2.29735998879774e-06","2.17781618566457e-06","2.08876942018465e-06"
"('KR', 'Production of electricity by hydro')","2.29461673311321e-06","2.27362269169938e-06","6.85576693856609e-07"
"('LU', 'Cattle farming')","2.28994153657471e-06","1.19334435355097e-06","2.28304938371524e-06"
"('LT', 'Pigs farming')","2.28888585455172e-06","1.91526251712765e-06","2.28864887881252e-06"
"('ZA', 'Other non-ferrous metal production')","2.28544787818767e-06","1.275047702389e-06","2.21134543635106e-06"
"('EE', 'Paper')","2.28397861586013e-06","6.06888001270973e-07","2.28378882953016e-06"
"('BG', 'Manufacture of ceramic goods')","2.28186142109508e-06","1.12754867592135e-06","2.27661627355173e-06"
"('LV', 'Poultry farming')","2.27469974075867e-06","7.5870351812309e-07","2.27391204208913e-06"
"('GR', 'Mining of coal and lignite; extraction of peat (10)')","2.27405596932339e-06","1.6449903486831e-06","2.27390070671864e-06"
"('FI', 'Incineration of waste: Paper')","2.27060488123909e-06","2.0119499114862e-06","1.55171503476997e-06"
"('SK', 'Cultivation of vegetables, fruit, nuts')","2.25828310641727e-06","1.99514189930133e-06","2.25417021835723e-06"
"('RO', 'Processing of meat cattle')","2.25726229336533e-06","5.45993036053163e-07","2.24957280507755e-06"
"('HR', 'Processing vegetable oils and fats')","2.24417015910542e-06","2.10545844412643e-06","2.03806357823328e-06"
"('PT', 'Steam and hot water supply')","2.2406820092145e-06","0","2.2406820092145e-06"
"('EE', 'Other service activities (93)')","2.24054700445943e-06","1.10227179235835e-06","2.24054700445845e-06"
"('SI', 'Lead, zinc and tin production')","2.23200096094455e-06","1.39479250513354e-06","2.23055959685381e-06"
"('CA', 'Production of meat products nec')","2.21527208975265e-06","1.62539579817793e-06","1.76093819718961e-06"
"('DK', 'Cultivation of sugar cane, sugar beet')","2.20446413281481e-06","1.29209823557614e-06","2.15176298829497e-06"
"('SI', 'Production of electricity by hydro')","2.2032832919365e-06","1.6505542873741e-06","2.11233740677218e-06"
"('ID', 'Mining of lead, zinc and tin ores and concentrates')","2.2012694556212e-06","1.14711535312128e-06","1.72842482299382e-06"
"('ZA', 'Mining of other non-ferrous metal ores and concentrates')","2.19198952008209e-06","1.96851306707717e-06","4.32725884627238e-07"
"('SE', 'Poultry farming')","2.19129754506413e-06","1.19800914694118e-06","2.15969444722135e-06"
"('LT', 'Manufacture of fabricated metal products, except machinery and equipment (28)')","2.18803427248329e-06","1.52999023385759e-06","2.18766441920435e-06"
"('LT', 'Extraction of crude petroleum and services related to crude oil extraction, excluding surveying')","2.18255668698914e-06","1.76079199153469e-06","2.18246695990157e-06"
"('FR', 'Manufacture of tobacco products (16)')","2.18206080559101e-06","8.50129424420721e-07","2.04828724281838e-06"
"('FR', 'Composting of paper and wood, incl. land application')","2.18047666319412e-06","2.15600027205523e-06","2.56640625974424e-07"
"('DK', 'Poultry farming')","2.17923154280952e-06","1.1078409513032e-06","2.15059328575873e-06"
"('WL', 'Production of electricity by solar photovoltaic')","2.17902711536147e-06","1.54784759861425e-06","2.17083220082652e-06"
"('JP', 'Production of meat products nec')","2.1601391833217e-06","1.2608952586996e-06","1.98085996265302e-06"
"('NO', 'Cultivation of wheat')","2.1498992770639e-06","1.64612954676836e-06","2.12981873242086e-06"
"('AT', 'Manufacture of fish products')","2.13881461171594e-06","1.07279204541919e-06","2.09230265751088e-06"
"('BE', 'Steam and hot water supply')","2.13292094246197e-06","1.34439707714525e-06","1.91154522167833e-06"
"('EE', 'Processing of meat pigs')","2.13095709972814e-06","7.77631772208129e-07","2.12762305685118e-06"
"('CH', 'Production of meat products nec')","2.11710827738807e-06","1.15954060691661e-06","1.95757027606576e-06"
"('BG', 'Processing of meat cattle')","2.11442535649004e-06","1.30467815287371e-06","2.08226079422698e-06"
"('MT', 'Sale, maintenance, repair of motor vehicles, motor vehicles parts, motorcycles, motor cycles parts and accessoiries')","2.11231372531467e-06","1.0690022588653e-06","2.11217007444022e-06"
"('CA', 'Quarrying of stone')","2.11137788269542e-06","1.48969038489815e-06","1.0415134738801e-06"
"('BG', 'Production of electricity by wind')","2.10407809562775e-06","1.93613688528081e-06","1.46608208245262e-06"
"('WM', 'Processing of meat pigs')","2.10238169059505e-06","1.17776223646168e-06","1.94509086358901e-06"
"('GR', 'Inland water transport')","2.09737824712159e-06","7.64088557214428e-07","2.08743863501035e-06"
"('LV', 'Manufacture of wearing apparel; dressing and dyeing of fur (18)')","2.07085210258572e-06","6.29062742627868e-07","2.07051800732413e-06"
"('LT', 'Recreational, cultural and sporting activities (92)')","2.06322146734804e-06","9.41277958158121e-07","2.06303625109403e-06"
"('HU', 'Quarrying of sand and clay')","2.05628350081516e-06","9.70487144076205e-07","1.89481623599042e-06"
"('HR', 'P- and other fertiliser')","2.0498596774858e-06","3.44670100249934e-07","2.04605501532794e-06"
"('AT', 'Cultivation of sugar cane, sugar beet')","2.03973988110979e-06","1.70914372439017e-06","2.03271504810845e-06"
"('LV', 'Recreational, cultural and sporting activities (92)')","2.03705484557664e-06","3.36138329325817e-07","2.03705484557621e-06"
"('SI', 'Waste water treatment, food')","2.02657468453703e-06","1.35523397263129e-06","1.5973137551084e-06"
"('PL', 'Sea and coastal water transport')","2.01573456967723e-06","1.1359024728535e-06","2.01477513866258e-06"
"('SE', 'Production of electricity by gas')","2.01234701188945e-06","8.73743039207283e-07","1.85480699042507e-06"
"('CZ', 'Mining of chemical and fertilizer minerals, production of salt, other mining and quarrying n.e.c.')","2.00728155631981e-06","1.75578981494098e-06","1.07866345951476e-06"
"('ZA', 'Lead, zinc and tin production')","2.00133818720849e-06","9.38696617101687e-07","1.94204018234139e-06"
"('HR', 'Manufacture of bricks, tiles and construction products, in baked clay')","1.99079064955983e-06","1.42179482197976e-06","1.79153033765873e-06"
"('LV', 'Steam and hot water supply')","1.98523099790332e-06","8.9427881411769e-07","1.98523099790332e-06"
"('CY', 'Manufacture of wearing apparel; dressing and dyeing of fur (18)')","1.98061917977167e-06","1.11935017810005e-06","1.98061917857275e-06"
"('TW', 'Processing of meat cattle')","1.97988878861622e-06","7.81967240703256e-07","1.94252385296693e-06"
"('RO', 'Landfill of waste: Textiles')","1.97682055574348e-06","5.40018234304882e-07","1.92885910376649e-06"
"('AT', 'Renting of machinery and equipment without operator and of personal and household goods (71)')","1.97409107363146e-06","1.47961906527179e-06","1.95994644627815e-06"
"('EE', 'Processing of nuclear fuel')","1.96175937322489e-06","0","1.96175937322489e-06"
"('SK', 'Manufacture of coke oven products')","1.96134790032162e-06","9.27231636958604e-07","1.93812542745285e-06"
"('FI', 'Manufacture of ceramic goods')","1.95721932915071e-06","1.34515219217979e-06","1.92393832378565e-06"
"('EE', 'Manufacture of fish products')","1.95534929896812e-06","5.9727050177598e-07","1.95475050257907e-06"
"('TW', 'Cultivation of wheat')","1.95346957518813e-06","6.18157912781026e-07","1.89528702770024e-06"
"('SI', 'Transmission of electricity')","1.95234486804634e-06","1.44659105816487e-06","1.81593837020032e-06"
"('LU', 'Paper')","1.95160502077004e-06","1.23884484241889e-06","1.95155944743203e-06"
"('LV', 'Transmission of electricity')","1.94994526928612e-06","8.65898934721131e-07","1.90341811817508e-06"
"('LU', 'Other service activities (93)')","1.94985696496427e-06","1.19478526197446e-06","1.94983836869439e-06"
"('LT', 'P- and other fertiliser')","1.93166874338017e-06","1.35917312761311e-06","1.92589838033027e-06"
"('HR', 'Retail sale of automotive fuel')","1.92841551321767e-06","1.46293975350679e-06","1.89308455445871e-06"
"('SE', 'Quarrying of stone')","1.92468926619458e-06","1.68984568100748e-06","8.0944325656643e-07"
"('EE', 'Pulp')","1.9196879856583e-06","4.73344996733755e-07","1.9193329632349e-06"
"('LV', 'Plastics, basic')","1.91460560943861e-06","8.64582256491619e-07","1.91452961660672e-06"
"('SK', 'Steam and hot water supply')","1.90363600808156e-06","2.31954541389461e-07","1.88891570883472e-06"
"('CY', 'Pigs farming')","1.90016342869929e-06","1.00316501937027e-06","1.90015868145396e-06"
"('LU', 'Manufacture of electrical machinery and apparatus n.e.c. (31)')","1.89853889421847e-06","1.08259019895494e-06","1.89847499081129e-06"
"('AT', 'Quarrying of sand and clay')","1.89795043728827e-06","1.18236484457984e-06","1.60771188965107e-06"
"('MT', 'Retail sale of automotive fuel')","1.89483078962176e-06","6.07746296023406e-07","1.89483078962176e-06"
"('JP', 'Sugar refining')","1.88782557099018e-06","1.49699020036384e-06","8.10586139117371e-07"
"('NL', 'Manufacture of gas; distribution of gaseous fuels through mains')","1.88579109688916e-06","9.27785710591535e-07","1.61381663024453e-06"
"('LU', 'Activities of membership organisation n.e.c. (91)')","1.88534090724043e-06","1.22985027936982e-06","1.88534090724043e-06"
"('LV', 'Cultivation of oil seeds')","1.88152498540506e-06","1.41591584985293e-06","1.86687667623905e-06"
"('EE', 'Transmission of electricity')","1.87825612482656e-06","7.3522291614804e-07","1.8652784260878e-06"
"('CY', 'Distribution and trade of electricity')","1.87789751042794e-06","1.61701336942377e-06","1.87166724967613e-06"
"('CH', 'Financial intermediation, except insurance and pension funding (65)')","1.87343510604927e-06","1.3221920668284e-06","1.85886981255064e-06"
"('TR', 'N-fertiliser')","1.86326976961258e-06","1.52302418413403e-06","1.1332814843814e-06"
"('CY', 'Education (80)')","1.8512122133417e-06","3.32392208884407e-07","1.85121221333809e-06"
"('LV', 'Transport via pipelines')","1.84708622268886e-06","7.82727703580557e-07","1.84438030891872e-06"
"('CA', 'Meat animals nec')","1.84612011073776e-06","7.81489130578747e-07","1.62663150284921e-06"
"('FI', 'Cultivation of oil seeds')","1.84387570658691e-06","8.53083397871078e-07","1.83422931556828e-06"
"('RO', 'Cultivation of crops nec')","1.83060012329989e-06","1.1980174634854e-06","1.80506366201187e-06"
"('GB', 'Manufacture of coke oven products')","1.82558248643997e-06","9.74389770417872e-07","1.65723858997489e-06"
"('CZ', 'Cultivation of sugar cane, sugar beet')","1.82515299770447e-06","2.52240315432501e-07","1.82512764974397e-06"
"('ID', 'Mining of aluminium ores and concentrates')","1.81232131605835e-06","1.65727324915276e-06","2.41430618235939e-07"
"('CY', 'Manufacture of machinery and equipment n.e.c. (29)')","1.81109266538635e-06","6.07922003306577e-07","1.81108811938624e-06"
"('CZ', 'Production of electricity by hydro')","1.81009201759526e-06","1.46566529308383e-06","1.31239087880201e-06"
"('BR', 'Mining of precious metal ores and concentrates')","1.80453612688716e-06","1.09020359179033e-06","1.41817588918832e-06"
"('SE', 'Cultivation of oil seeds')","1.78701325833165e-06","1.72235504253131e-06","1.73845966580031e-06"
"('EE', 'Production of electricity by wind')","1.7744042360112e-06","1.60571269783653e-06","1.56899942626741e-06"
"('NO', 'N-fertiliser')","1.76668361149159e-06","1.09631174817291e-06","1.46127670428092e-06"
"('CY', 'Quarrying of stone')","1.7663322344425e-06","1.47139813746464e-06","6.9874321483926e-07"
"('GR', 'Manufacture of medical, precision and optical instruments, watches and clocks (33)')","1.74911605083793e-06","1.19476888495472e-06","1.74908251302551e-06"
"('FI', 'Incineration of waste: Food')","1.74396467633024e-06","1.51729709233818e-06","1.2250852377991e-06"
"('PL', 'Production of electricity by hydro')","1.7277077950095e-06","1.6661589744706e-06","9.08220057449086e-07"
"('AT', 'Retail sale of automotive fuel')","1.72660874974202e-06","8.41451773511683e-07","1.59872660638218e-06"
"('EE', 'Manufacture of wearing apparel; dressing and dyeing of fur (18)')","1.71856628945224e-06","4.61178608030173e-07","1.7185652921969e-06"
"('ES', 'Cultivation of crops nec')","1.71229064966686e-06","1.31271794610596e-06","1.43793939973577e-06"
"('CN', 'Production of electricity by solar thermal')","1.71023491508084e-06","1.18167674667665e-06","1.53199704964298e-06"
"('ZA', 'Manufacture of coke oven products')","1.70510326665454e-06","1.20418374935324e-06","1.6631260833971e-06"
"('LU', 'Cultivation of vegetables, fruit, nuts')","1.70298370223281e-06","1.16914066064851e-06","1.70195440134615e-06"
"('RO', 'Manufacture of fish products')","1.700445838123e-06","8.35713608044894e-07","1.69704499605799e-06"
"('SI', 'Cultivation of cereal grains nec')","1.69986765863976e-06","1.24461628741726e-06","1.67958490041348e-06"
"('AU', 'Cultivation of crops nec')","1.6991727125452e-06","9.53814305367609e-07","1.63260252699798e-06"
"('SK', 'Production of electricity by coal')","1.68790200749799e-06","5.70137657124573e-07","1.68014798304997e-06"
"('MT', 'Quarrying of sand and clay')","1.68486587794164e-06","1.50582097228506e-06","1.68486587794164e-06"
"('SK', 'Sugar refining')","1.67692859675217e-06","5.6925116958703e-07","1.59680181088922e-06"
"('NL', 'Manufacture of ceramic goods')","1.67487721581958e-06","1.10094749575645e-06","1.6657976307864e-06"
"('NO', 'Manufacture of bricks, tiles and construction products, in baked clay')","1.67297386182667e-06","1.5902319437792e-06","4.80792545184529e-07"
"('ID', 'Meat animals nec')","1.66792310749563e-06","4.33204498575161e-07","1.66792310749563e-06"
"('FR', 'N-fertiliser')","1.66508068411336e-06","1.60888209024894e-06","4.28146911896679e-07"
"('EE', 'Manufacture of other transport equipment (35)')","1.66485442977385e-06","9.03847450357212e-07","1.66480674696689e-06"
"('LT', 'Manufacture of motor vehicles, trailers and semi-trailers (34)')","1.64212752256541e-06","7.74208792566119e-07","1.64211585156281e-06"
"('AT', 'Sea and coastal water transport')","1.61910114687917e-06","7.4719980779249e-07","1.6190946480838e-06"
"('AU', 'Pulp')","1.61678089211213e-06","8.84476491944885e-07","1.6147949181687e-06"
"('RO', 'Extraction, liquefaction, and regasification of other petroleum and gaseous materials')","1.61650506862648e-06","1.47062070289559e-06","1.14197908482314e-06"
"('CY', 'Raw milk')","1.59405437082152e-06","6.85792533574302e-07","1.59404797486464e-06"
"('US', 'Mining of other non-ferrous metal ores and concentrates')","1.59360252262813e-06","1.03464868736484e-06","7.09339795926933e-07"
"('HR', 'Cultivation of wheat')","1.58089624187695e-06","1.03627429278084e-06","1.45759282121003e-06"
"('TW', 'Cultivation of sugar cane, sugar beet')","1.58034727917982e-06","1.06379438987012e-06","1.05671893900603e-06"
"('TW', 'Extraction of natural gas and services related to natural gas extraction, excluding surveying')","1.57650612624482e-06","9.26269463644063e-07","1.50010196864101e-06"
"('GR', 'Manufacture of tobacco products (16)')","1.57260212056751e-06","4.92104266775527e-07","1.57004248212017e-06"
"('EE', 'Pigs farming')","1.56803557933096e-06","1.38163932848586e-06","1.56780784805769e-06"
"('LU', 'Manufacture of office machinery and computers (30)')","1.56638177272254e-06","5.07684809345076e-07","1.56638066117322e-06"
"('NO', 'Manufacture of tobacco products (16)')","1.56390442956232e-06","0","1.56390442956232e-06"
"('CZ', 'Other non-ferrous metal production')","1.56316174588738e-06","7.01778830320888e-07","1.43357952790792e-06"
"('BG', 'Manufacture of other transport equipment (35)')","1.56297698949974e-06","9.91251614805784e-07","1.56294235757893e-06"
"('BG', 'Cattle farming')","1.56014348148146e-06","7.79791233497874e-07","1.55924337691256e-06"
"('EE', 'Recreational, cultural and sporting activities (92)')","1.55739734917757e-06","5.20926727343732e-07","1.55720632913331e-06"
"('BE', 'Processed rice')","1.5562504106695e-06","1.54076265774526e-06","1.04090859107011e-06"
"('LV', 'Manufacture of tobacco products (16)')","1.55022986955993e-06","7.80045225416317e-07","1.54428433391814e-06"
"('GR', 'Manufacture of radio, television and communication equipment and apparatus (32)')","1.54721535305058e-06","7.39538171711482e-07","1.54718916531698e-06"
"('RO', 'Composting of food waste, incl. land application')","1.53900072797753e-06","4.12264265253379e-07","1.53455743751349e-06"
"('HR', 'Production of electricity by wind')","1.53347128859159e-06","1.48350476570172e-06","1.30814430480417e-06"
"('IE', 'Manufacture of motor vehicles, trailers and semi-trailers (34)')","1.52459750995462e-06","1.15902507983836e-06","1.52456799138355e-06"
"('BG', 'Manufacture of bricks, tiles and construction products, in baked clay')","1.50768467959105e-06","9.84628486094472e-07","1.47070124149347e-06"
"('FI', 'Composting of food waste, incl. land application')","1.50654896800088e-06","1.21222236256786e-06","1.24099667343453e-06"
"('EE', 'Steam and hot water supply')","1.50596899673404e-06","3.32201073946092e-07","1.50208400531879e-06"
"('ZA', 'Inland water transport')","1.50217429288063e-06","8.6454144166722e-07","1.50048269454154e-06"
"('PT', 'P- and other fertiliser')","1.49881747468672e-06","1.07160604827929e-06","1.47446904639928e-06"
"('BG', 'Meat animals nec')","1.48271320819323e-06","1.42216895835995e-06","1.13468896096538e-06"
"('TW', 'Manufacture of machinery and equipment n.e.c. (29)')","1.47453464008059e-06","8.05263998628168e-07","1.47105460009724e-06"
"('SI', 'Manufacture of bricks, tiles and construction products, in baked clay')","1.47389397211867e-06","1.06558903085058e-06","1.41668787891968e-06"
"('HR', 'Manufacture of other non-metallic mineral products n.e.c.')","1.47349611206894e-06","9.32731508553303e-07","1.4722760862338e-06"
"('HU', 'Manufacture of tobacco products (16)')","1.47123291133639e-06","6.39841748810909e-07","1.45748562836226e-06"
"('SI', 'Other non-ferrous metal production')","1.47113234342819e-06","9.29816443884226e-07","1.45186720118032e-06"
"('IE', 'Manufacture of wearing apparel; dressing and dyeing of fur (18)')","1.47109093903403e-06","1.11269944549858e-06","1.46777062438918e-06"
"('FI', 'Retail sale of automotive fuel')","1.46538847092291e-06","8.45419343941358e-07","1.36478021008908e-06"
"('CY', 'Processing of meat pigs')","1.46277518067512e-06","3.79123954654357e-07","1.46258314487518e-06"
"('MT', 'Supporting and auxiliary transport activities; activities of travel agencies (63)')","1.45840737140743e-06","3.93149584909802e-07","1.45840737028075e-06"
"('FI', 'Mining of chemical and fertilizer minerals, production of salt, other mining and quarrying n.e.c.')","1.45625308970328e-06","8.91370699733103e-07","9.2624953997409e-07"
"('MX', 'Processed rice')","1.45232990772344e-06","8.43864451988296e-07","1.35219555654756e-06"
"('NL', 'Production of electricity by nuclear')","1.4522011831504e-06","1.30676295067935e-06","9.39880568445395e-07"
"('HR', 'Transmission of electricity')","1.45156120766749e-06","1.0816863972589e-06","1.38077440093374e-06"
"('HU', 'Cultivation of sugar cane, sugar beet')","1.44794860156053e-06","9.26547715189383e-07","1.42951434790923e-06"
"('HU', 'Copper production')","1.4471514366363e-06","6.97688282243326e-07","1.43981522718436e-06"
"('BG', 'Re-processing of secondary steel into new steel')","1.4413478221127e-06","5.95508826298713e-07","1.44124345512382e-06"
"('LT', 'Chemicals nec')","1.44014897486195e-06","6.66316274810497e-07","1.43988510884e-06"
"('LT', 'Composting of food waste, incl. land application')","1.43554434682222e-06","8.22014249495319e-07","1.40784950813702e-06"
"('PT', 'Production of electricity by petroleum and other oil derivatives')","1.4283409384098e-06","8.47324260011672e-07","1.0213764901775e-06"
"('HR', 'Manufacture of tobacco products (16)')","1.42725920746267e-06","3.82328058164202e-07","1.40290486542309e-06"
"('SE', 'Biogasification of food waste, incl. land application')","1.42372223323255e-06","1.15233828332808e-06","9.40789017066672e-07"
"('WE', 'Cultivation of crops nec')","1.41698519248122e-06","1.2021840635356e-06","1.2501524279449e-06"
"('CA', 'Cultivation of sugar cane, sugar beet')","1.41361591734517e-06","1.07910937324526e-06","1.41358936365095e-06"
"('RO', 'Meat animals nec')","1.40581732648202e-06","1.17808028906604e-06","1.31176340524364e-06"
"('BG', 'Activities auxiliary to financial intermediation (67)')","1.40418098345584e-06","3.55030696415759e-07","1.40418098345584e-06"
"('CY', 'Processing of meat poultry')","1.39063158127269e-06","7.65421323252098e-07","1.38825759482294e-06"
"('PL', 'Meat animals nec')","1.38759949502736e-06","1.38759949502736e-06","7.15489560236657e-07"
"('LT', 'Plastics, basic')","1.38146863428501e-06","3.73252256010898e-07","1.38135135299563e-06"
"('LT', 'Post and telecommunications (64)')","1.37421975935241e-06","8.90650524389122e-07","1.37421491655592e-06"
"('CZ', 'Processing of meat poultry')","1.35428088304471e-06","1.83240455659238e-07","1.35230199580534e-06"
"('EE', 'Inland water transport')","1.35326327413862e-06","3.85807670032712e-07","1.35326323528435e-06"
"('ES', 'Production of electricity by biomass and waste')","1.34593498064303e-06","1.2241700550122e-06","4.95875180179893e-07"
"('LV', 'Processing of meat pigs')","1.33566687351301e-06","3.91329727945042e-07","1.3345614084155e-06"
"('SK', 'Other non-ferrous metal production')","1.3325219896251e-06","9.02685541784054e-07","1.30753205590591e-06"
"('SK', 'Manufacture of other non-metallic mineral products n.e.c.')","1.33160990071933e-06","9.07443693254847e-07","1.32930556273008e-06"
"('SI', 'Poultry farming')","1.3250630702499e-06","6.88764414389794e-07","1.32330350913827e-06"
"('RO', 'Manufacture of tobacco products (16)')","1.31800560664817e-06","4.31874917406639e-07","1.31466856609901e-06"
"('NO', 'Production of electricity by gas')","1.31501189740749e-06","9.48921674821431e-07","8.80747594666206e-07"
"('EE', 'Extraction, liquefaction, and regasification of other petroleum and gaseous materials')","1.31167094775373e-06","7.73761771028116e-07","1.26902008548812e-06"
"('CZ', 'Fishing, operating of fish hatcheries and fish farms; service activities incidental to fishing (05)')","1.30740119215609e-06","4.52760025529508e-07","1.30732734725237e-06"
"('LU', 'Manufacture of bricks, tiles and construction products, in baked clay')","1.30278030461391e-06","6.03781894580254e-07","1.23937953414035e-06"
"('PT', 'Meat animals nec')","1.29955572578855e-06","1.28242467181904e-06","1.00631406754595e-06"
"('EE', 'Collection, purification and distribution of water (41)')","1.29176195104948e-06","8.72645066171068e-07","1.26778292095308e-06"
"('SE', 'Landfill of waste: Food')","1.28960591607856e-06","9.04921361185529e-07","8.76229343754666e-07"
"('IE', 'Extraction, liquefaction, and regasification of other petroleum and gaseous materials')","1.27962011959655e-06","8.70683180794885e-07","1.14508544260105e-06"
"('PL', 'Production of electricity by solar photovoltaic')","1.27587325758464e-06","1.13213392754997e-06","1.26241825088454e-06"
"('HR', 'Steam and hot water supply')","1.27319342561114e-06","6.7979288251593e-07","1.23232819120171e-06"
"('EE', 'Publishing, printing and reproduction of recorded media (22)')","1.26471758049884e-06","5.26791853515668e-07","1.26471758049884e-06"
"('LV', 'Fishing, operating of fish hatcheries and fish farms; service activities incidental to fishing (05)')","1.26389314448452e-06","1.01994729639925e-06","1.26335498515466e-06"
"('DE', 'Landfill of waste: Textiles')","1.26046982581169e-06","1.23761753106948e-06","1.19363619523384e-07"
"('MX', 'Cultivation of paddy rice')","1.25936369212816e-06","1.00331391387374e-06","1.12974242676633e-06"
"('LV', 'Pigs farming')","1.25561979612652e-06","9.75601890089498e-07","1.25555678266578e-06"
"('LT', 'Manufacture of machinery and equipment n.e.c. (29)')","1.25422017166226e-06","6.3589054189437e-07","1.25420166097367e-06"
"('HU', 'Landfill of waste: Plastic')","1.25107792849782e-06","1.10629745230375e-06","7.51542392632621e-07"
"('PL', 'Private households with employed persons (95)')","1.24966063535053e-06","6.25688162308077e-07","1.24966063535053e-06"
"('AT', 'Incineration of waste: Metals and Inert materials')","1.23277999080924e-06","9.75791049833465e-07","8.31596851213941e-07"
"('HU', 'Mining of coal and lignite; extraction of peat (10)')","1.22819257339754e-06","9.23935376554863e-07","1.22802674910274e-06"
"('SE', 'Cultivation of sugar cane, sugar beet')","1.21402549918013e-06","1.01943502112506e-06","1.21267165156596e-06"
"('AT', 'N-fertiliser')","1.2115565414895e-06","1.01610746110691e-06","8.22599264209289e-07"
"('ES', 'Production of electricity nec')","1.20756531887556e-06","1.20255665733072e-06","8.63291329670613e-08"
"('EE', 'Cultivation of cereal grains nec')","1.20658805484108e-06","4.35585668384549e-07","1.20579168619073e-06"
"('LT', 'Landfill of waste: Food')","1.20570834628225e-06","7.65542015465757e-07","1.16444269980497e-06"
"('DK', 'Processing vegetable oils and fats')","1.20261132181316e-06","1.12990691750228e-06","1.06419048470876e-06"
"('SK', 'Manufacture of ceramic goods')","1.19027652948332e-06","6.79227521953595e-07","1.18759970865916e-06"
"('NO', 'Production of electricity by petroleum and other oil derivatives')","1.18981721089668e-06","9.52185839490589e-07","3.92231119384458e-07"
"('FR', 'Cultivation of plant-based fibers')","1.18870088016361e-06","1.18870088016361e-06","8.27462310397559e-07"
"('RO', 'Manufacture of other non-metallic mineral products n.e.c.')","1.18291721929904e-06","8.00832671428486e-07","1.18190092296008e-06"
"('IE', 'Manufacture of machinery and equipment n.e.c. (29)')","1.17987137582438e-06","9.24232068914221e-07","1.17985628761917e-06"
"('ZA', 'Cultivation of crops nec')","1.16971960421818e-06","7.41103914548274e-07","1.12744804056593e-06"
"('SE', 'Landfill of waste: Plastic')","1.16674941378675e-06","8.42958383998368e-07","9.31008453234808e-07"
"('LU', 'Private households with employed persons (95)')","1.16490848077633e-06","1.16490848077633e-06","1.16490848077633e-06"
"('EE', 'Cultivation of vegetables, fruit, nuts')","1.15825693866219e-06","9.99769896193672e-07","1.15752456799513e-06"
"('SE', 'Manufacture of bricks, tiles and construction products, in baked clay')","1.14613860232252e-06","8.92957462277864e-07","8.66315150645807e-07"
"('CA', 'Quarrying of sand and clay')","1.14124675180138e-06","6.28866941255119e-07","8.56234832885986e-07"
"('SI', 'Mining of coal and lignite; extraction of peat (10)')","1.13426075981007e-06","1.00564655263501e-06","1.13411802455156e-06"
"('ES', 'Animal products nec')","1.13007076084141e-06","9.40923699133562e-07","4.22172162859829e-07"
"('CY', 'Manufacture of wood and of products of wood and cork, except furniture; manufacture of articles of straw and plaiting materials (20)')","1.12399571039131e-06","7.25006032404061e-07","1.12397511020613e-06"
"('CZ', 'Manufacture of fish products')","1.11941410638511e-06","5.80535255674314e-07","1.1098380865258e-06"
"('IE', 'Private households with employed persons (95)')","1.11917233778223e-06","1.11472073871609e-06","1.11917233778223e-06"
"('ES', 'Manufacture of coke oven products')","1.11753751669164e-06","5.49231214102113e-07","1.08534743230265e-06"
"('BG', 'Extraction, liquefaction, and regasification of other petroleum and gaseous materials')","1.11092448426042e-06","8.46809265504147e-07","9.99401331833209e-07"
"('BG', 'Plastics, basic')","1.10318461084871e-06","4.84047509437905e-07","1.10081306328258e-06"
"('TW', 'Production of electricity by hydro')","1.10060994068204e-06","1.05367811444702e-06","3.7156480248658e-07"
"('TW', 'Production of electricity by wind')","1.09666179378345e-06","1.09666179378345e-06","2.08467874056395e-07"
"('CZ', 'Cultivation of crops nec')","1.0960027705711e-06","6.05694475386811e-07","1.08312715399173e-06"
"('CZ', 'Processing vegetable oils and fats')","1.09147899408284e-06","8.37422653498036e-07","1.01996470314388e-06"
"('BR', 'Meat animals nec')","1.09141900875245e-06","5.6507739145068e-07","8.2358731166712e-07"
"('PL', 'Incineration of waste: Food')","1.08357248517431e-06","1.01424576443997e-06","5.23370803753519e-07"
"('MT', 'Public administration and defence; compulsory social security (75)')","1.07571803790892e-06","4.62045426376926e-07","1.07568850315323e-06"
"('GR', 'Poultry farming')","1.07423999921062e-06","3.29530773025207e-07","1.07038317354828e-06"
"('US', 'Mining of chemical and fertilizer minerals, production of salt, other mining and quarrying n.e.c.')","1.07406135541028e-06","8.74473989519155e-07","3.9017704242532e-07"
"('SI', 'Processing of meat pigs')","1.07267062267623e-06","3.1191210256181e-07","1.07168676204642e-06"
"('PT', 'Inland water transport')","1.07095006222553e-06","6.77199134563513e-07","1.03595979496139e-06"
"('PT', 'Processed rice')","1.0702620209286e-06","9.44221138150344e-07","9.26594642375722e-07"
"('AT', 'Manufacture of machinery and equipment n.e.c. (29)')","1.06671091619889e-06","6.52516221922425e-07","1.06168525739656e-06"
"('SI', 'P- and other fertiliser')","1.06374718491735e-06","7.48870313345649e-07","1.059675951916e-06"
"('WE', 'Production of electricity by wind')","1.06265933786926e-06","8.42639194832998e-07","7.80103252295698e-07"
"('ZA', 'Extraction of crude petroleum and services related to crude oil extraction, excluding surveying')","1.06149106528997e-06","4.55662713178503e-07","1.06148492935415e-06"
"('WM', 'Collection, purification and distribution of water (41)')","1.06065764513815e-06","6.01693707745842e-07","9.36243541009879e-07"
"('LU', 'Distribution and trade of electricity')","1.05430629775791e-06","7.04855598577001e-07","1.02103311790547e-06"
"('HU', 'P- and other fertiliser')","1.05343063740566e-06","1.98793354245711e-07","1.04972193881003e-06"
"('LV', 'Cattle farming')","1.05124303306159e-06","8.84179397679308e-07","1.05113517542568e-06"
"('AT', 'Composting of food waste, incl. land application')","1.03599201360225e-06","8.57411525315959e-07","6.67686170808189e-07"
"('NL', 'Processed rice')","1.0263472564648e-06","9.58903634571385e-07","8.10652965511671e-07"
"('LT', 'Manufacture of office machinery and computers (30)')","1.02535365309535e-06","7.92906744367198e-07","1.02533453608831e-06"
"('DE', 'Processed rice')","1.02247639579958e-06","6.48659345588535e-07","8.83784027523421e-07"
"('PL', 'Cultivation of crops nec')","1.02122526883516e-06","7.406258737182e-07","9.63840897265452e-07"
"('LT', 'Landfill of waste: Paper')","1.02079717307445e-06","8.80411259016172e-07","8.31027181653643e-07"
"('HR', 'Production of electricity by coal')","1.01833082106831e-06","5.23086514629349e-07","1.01498809364435e-06"
"('DK', 'Production of electricity by coal')","1.01716360647205e-06","7.55605929892142e-07","9.54073834131994e-07"
"('PT', 'N-fertiliser')","1.01695263445705e-06","9.5732013411732e-07","3.40631506238383e-07"
"('HU', 'Sugar refining')","1.01021527742818e-06","4.6572220690185e-07","9.43109155870538e-07"
"('FI', 'Manufacture of bricks, tiles and construction products, in baked clay')","1.00482957384412e-06","8.07200362079716e-07","8.32532728832819e-07"
"('BE', 'Tanning and dressing of leather; manufacture of luggage, handbags, saddlery, harness and footwear (19)')","9.98268396560865e-07","6.96780357279763e-07","9.98077197349088e-07"
"('IE', 'Production of electricity by petroleum and other oil derivatives')","9.96472963562664e-07","6.96187200702379e-07","5.5915351006112e-07"
"('IE', 'Production of electricity by hydro')","9.94234378402996e-07","9.94234378402996e-07","5.85192176383196e-07"
"('HU', 'Private households with employed persons (95)')","9.93249501947835e-07","6.86852069459617e-07","9.93249501947835e-07"
"('LT', 'Processing of meat pigs')","9.8681807175465e-07","2.74944694384189e-07","9.86270115830463e-07"
"('GR', 'Mining of iron ores')","9.85145233376486e-07","3.3963495254867e-07","9.84500922390538e-07"
"('LV', 'Copper production')","9.82469859108435e-07","6.19567794256603e-07","9.81354175146398e-07"
"('HU', 'Production of meat products nec')","9.82468523270785e-07","9.50800045770318e-07","9.56746639348423e-07"
"('CY', 'Paper')","9.78215524329255e-07","4.29010425803582e-07","9.7821480928197e-07"
"('LV', 'Retail sale of automotive fuel')","9.77533470835961e-07","5.19918047159926e-07","9.77524362228583e-07"
"('PL', 'Mining of precious metal ores and concentrates')","9.75195008756292e-07","8.47695582506363e-07","3.96599045185464e-07"
"('RO', 'Production of electricity by petroleum and other oil derivatives')","9.7370384455985e-07","6.89751985316955e-07","5.16369134555818e-07"
"('EE', 'Composting of food waste, incl. land application')","9.72168844039407e-07","5.99505763720565e-07","9.62890088956361e-07"
"('HU', 'Manufacture of coke oven products')","9.63209018800189e-07","5.47487044366552e-07","9.51757434792679e-07"
"('WE', 'Mining of other non-ferrous metal ores and concentrates')","9.5513526364137e-07","7.22205527788021e-07","4.8123664225547e-07"
"('CY', 'Manufacture of textiles (17)')","9.53185734405486e-07","6.56641090701251e-07","9.53147016802473e-07"
"('AT', 'Fishing, operating of fish hatcheries and fish farms; service activities incidental to fishing (05)')","9.5289810701939e-07","6.14556583534872e-07","9.52839396401574e-07"
"('HR', 'Extraction, liquefaction, and regasification of other petroleum and gaseous materials')","9.51027935460742e-07","7.76744156730341e-07","8.29412737309074e-07"
"('CY', 'Poultry farming')","9.25677305383299e-07","5.91023241725141e-07","9.25670006667293e-07"
"('RO', 'Processing vegetable oils and fats')","9.24723238141879e-07","2.58839888356774e-07","9.19657530970204e-07"
"('LT', 'Production of electricity by gas')","9.16280367368408e-07","5.71825771050155e-07","8.87921160665707e-07"
"('FI', 'Cultivation of sugar cane, sugar beet')","9.09342473666955e-07","5.93758377330792e-07","8.64147229413138e-07"
"('NO', 'Tanning and dressing of leather; manufacture of luggage, handbags, saddlery, harness and footwear (19)')","9.08838957674443e-07","9.08838957674443e-07","9.0867284914762e-07"
"('CH', 'Activities auxiliary to financial intermediation (67)')","9.08194059098606e-07","6.09617990248543e-07","9.08193771164649e-07"
"('SI', 'Landfill of waste: Wood')","9.00301097413953e-07","7.15089446741491e-07","7.72977686071793e-07"
"('LT', 'Production of electricity by wind')","8.98198815317425e-07","8.59570655134904e-07","7.77277441621891e-07"
"('CN', 'Mining of chemical and fertilizer minerals, production of salt, other mining and quarrying n.e.c.')","8.96149927300224e-07","7.40670476199004e-07","2.93888097132929e-07"
"('SI', 'Processing of meat poultry')","8.9351937470333e-07","4.75486513842184e-07","8.81957603312345e-07"
"('GR', 'Mining of chemical and fertilizer minerals, production of salt, other mining and quarrying n.e.c.')","8.89879642139731e-07","5.4873816772451e-07","7.97974239907003e-07"
"('SI', 'Retail sale of automotive fuel')","8.87286729788226e-07","6.39288908739329e-07","8.60151958290508e-07"
"('AT', 'Processing vegetable oils and fats')","8.82667472618716e-07","8.64937989988921e-07","8.0571620140857e-07"
"('BG', 'Manufacture of fish products')","8.81665548933133e-07","4.46695785328053e-07","8.79318816375426e-07"
"('DK', 'Precious metals production')","8.7248569437679e-07","6.9612301317256e-07","8.72111015123871e-07"
"('SE', 'Processing vegetable oils and fats')","8.68801280857049e-07","6.93307683964278e-07","8.35509735144912e-07"
"('CH', 'Extraction of natural gas and services related to natural gas extraction, excluding surveying')","8.65445467216389e-07","2.61385913728859e-07","8.65194217939762e-07"
"('SK', 'Extraction, liquefaction, and regasification of other petroleum and gaseous materials')","8.64521064018198e-07","8.64521064018198e-07","8.12694579009048e-07"
"('IE', 'Cultivation of oil seeds')","8.64248393918355e-07","8.44741494902765e-07","8.39642768530965e-07"
"('CY', 'Manufacture of beverages')","8.61287009271669e-07","3.77253636969024e-07","8.61040949725662e-07"
"('CH', 'Sugar refining')","8.59171149524459e-07","3.8740500705421e-07","6.88595827979307e-07"
"('HU', 'Fishing, operating of fish hatcheries and fish farms; service activities incidental to fishing (05)')","8.59045876123362e-07","5.67580580460086e-07","8.59028997182455e-07"
"('CY', 'Recreational, cultural and sporting activities (92)')","8.57913029671211e-07","4.00355051413009e-07","8.5791164227941e-07"
"('LT', 'Processing of meat cattle')","8.54407632196233e-07","4.57695986559193e-07","8.51624757542746e-07"
"('MT', 'Manufacture of rubber and plastic products (25)')","8.53380180623495e-07","3.11581182330345e-07","8.53169396498967e-07"
"('GR', 'Cultivation of oil seeds')","8.52291191585561e-07","7.32280162599472e-07","8.46505481930478e-07"
"('PL', 'Inland water transport')","8.46894759039355e-07","1.78362190098842e-07","8.43410680292527e-07"
"('HR', 'Sugar refining')","8.44963213905112e-07","6.9435212516657e-07","6.64002088035594e-07"
"('BR', 'Mining of coal and lignite; extraction of peat (10)')","8.4322034396151e-07","2.17216803667628e-07","8.39172408296588e-07"
"('CA', 'Steam and hot water supply')","8.32739858559244e-07","4.74321845852032e-07","8.32443234924151e-07"
"('HR', 'Production of meat products nec')","8.28479100660634e-07","3.36202159250611e-07","8.21704420746365e-07"
"('PL', 'Retail sale of automotive fuel')","8.25908527941637e-07","6.82969907716917e-07","6.37464932487709e-07"
"('SK', 'Cultivation of sugar cane, sugar beet')","8.24390628686935e-07","7.05705459981995e-07","8.23957267791891e-07"
"('NL', 'Production of electricity by petroleum and other oil derivatives')","8.24267692148283e-07","2.95757807965521e-07","6.58211072352197e-07"
"('AT', 'Mining of chemical and fertilizer minerals, production of salt, other mining and quarrying n.e.c.')","8.22559034148065e-07","5.32072977231418e-07","4.76985613190237e-07"
"('DK', 'Processed rice')","8.22100219473844e-07","3.68341493419117e-07","7.44370477434479e-07"
"('WM', 'Mining of copper ores and concentrates')","8.08537900823201e-07","5.58925954773729e-07","4.28627795212211e-07"
"('CH', 'Other non-ferrous metal production')","8.07354296319166e-07","3.80993086195764e-07","8.07305299593562e-07"
"('GR', 'Processing of meat pigs')","7.94110140297307e-07","4.68506889623929e-07","7.84551667118039e-07"
"('CZ', 'Production of meat products nec')","7.92561712266365e-07","6.69442256101715e-07","7.61176107789177e-07"
"('MT', 'Real estate activities (70)')","7.91584920510762e-07","3.92179611837284e-07","7.91584920510762e-07"
"('SE', 'Production of electricity by solar photovoltaic')","7.88882948066927e-07","7.34452831853909e-07","6.75214376663781e-07"
"('AU', 'N-fertiliser')","7.8708427926548e-07","6.06760815619072e-07","5.78385935292454e-07"
"('FI', 'Incineration of waste: Plastic')","7.79019487053914e-07","6.33081842012166e-07","6.47994619872007e-07"
"('SK', 'Manufacture of fish products')","7.76638532026189e-07","2.75076896056744e-07","7.75009416302539e-07"
"('BE', 'Mining of coal and lignite; extraction of peat (10)')","7.76245412071382e-07","3.64168508774927e-07","7.32403343290211e-07"
"('BG', 'Fishing, operating of fish hatcheries and fish farms; service activities incidental to fishing (05)')","7.72507705914301e-07","5.14869425489348e-07","7.68459372662784e-07"
"('LV', 'Manufacture of other non-metallic mineral products n.e.c.')","7.67570282214683e-07","4.88160337229475e-07","7.64621513294051e-07"
"('CY', 'Aluminium production')","7.66064465415474e-07","4.08134110996645e-07","7.66045851041739e-07"
"('BG', 'Extraction of crude petroleum and services related to crude oil extraction, excluding surveying')","7.64588582447493e-07","6.24847372113664e-07","7.64522616109483e-07"
"('IT', 'Processing of nuclear fuel')","7.63463023692776e-07","0","7.63463023692776e-07"
"('CN', 'Production of electricity by Geothermal')","7.60906246921354e-07","7.60906246921354e-07","1.3104590096403e-08"
"('IE', 'Production of electricity by coal')","7.50898678677531e-07","2.65784949193503e-07","7.42366545076912e-07"
"('EE', 'Manufacture of glass and glass products')","7.50248006391576e-07","5.54655350129716e-07","7.50165396693784e-07"
"('CN', 'Quarrying of stone')","7.49416911668762e-07","4.35133909954634e-07","5.28259670370577e-07"
"('LT', 'Incineration of waste: Metals and Inert materials')","7.48462205073646e-07","6.84244752395831e-07","5.80969229580419e-07"
"('SE', 'Private households with employed persons (95)')","7.48340719053231e-07","7.48340719053231e-07","7.48340719053231e-07"
"('EE', 'Aluminium production')","7.45639185245232e-07","2.93209425500726e-07","7.45600335747988e-07"
"('ES', 'Extraction of natural gas and services related to natural gas extraction, excluding surveying')","7.37382566921723e-07","4.31223659111989e-07","7.29149445920178e-07"
"('HU', 'Extraction, liquefaction, and regasification of other petroleum and gaseous materials')","7.29866913652667e-07","5.70860897801911e-07","6.11437860702854e-07"
"('CZ', 'Private households with employed persons (95)')","7.24956139801794e-07","7.24956139801794e-07","7.24956139801794e-07"
"('GR', 'Forestry, logging and related service activities (02)')","7.24703342079748e-07","7.10750138295028e-07","7.23228910000645e-07"
"('SI', 'Landfill of waste: Textiles')","7.24425211005692e-07","5.88489356158854e-07","5.87754395236555e-07"
"('RU', 'Mining of precious metal ores and concentrates')","7.23104737007978e-07","5.59536553858146e-07","2.38337110623675e-07"
"('GR', 'Production of electricity by hydro')","7.17268858483107e-07","6.46593138174417e-07","6.75857596180286e-07"
"('BE', 'N-fertiliser')","7.07428767356156e-07","5.74234496663348e-07","4.39546054519171e-07"
"('BR', 'Processing vegetable oils and fats')","7.05174122629707e-07","4.59274994769852e-07","6.73977863279161e-07"
"('LV', 'Sea and coastal water transport')","7.03239203352776e-07","4.58444013750658e-07","7.03221012188962e-07"
"('SI', 'Manufacture of fish products')","7.00958526236613e-07","3.72011911370643e-07","6.98860019644453e-07"
"('FR', 'Cultivation of paddy rice')","7.00089386352145e-07","7.00089386352145e-07","5.63432582587992e-07"
"('LT', 'Manufacture of cement, lime and plaster')","6.97474590865043e-07","5.37161787159438e-07","6.95762526737649e-07"
"('SI', 'Manufacture of glass and glass products')","6.91655201589399e-07","3.96589783703341e-07","6.88829022120588e-07"
"('AT', 'Production of electricity by petroleum and other oil derivatives')","6.91512319965343e-07","5.06563320897084e-07","6.40705760357903e-07"
"('CY', 'Pulp')","6.8095349999097e-07","3.77140785554197e-07","6.80891910842816e-07"
"('RO', 'Landfill of waste: Plastic')","6.80668424240464e-07","2.1114962053365e-07","6.70095341228745e-07"
"('RU', 'Cultivation of plant-based fibers')","6.79175441865384e-07","5.18768963194487e-07","6.79175441865384e-07"
"('EE', 'Cultivation of wheat')","6.60199693863191e-07","1.34127594920891e-07","6.59901530710138e-07"
"('DK', 'Mining of coal and lignite; extraction of peat (10)')","6.55623588646414e-07","9.34986762971067e-08","6.55623588646414e-07"
"('LU', 'Retail sale of automotive fuel')","6.55367931196596e-07","4.13201341531246e-07","6.55367931196596e-07"
"('SK', 'Pigs farming')","6.54326137185025e-07","3.57321596725039e-07","6.54309024574805e-07"
"('LT', 'Manufacture of wearing apparel; dressing and dyeing of fur (18)')","6.49599422936573e-07","1.74485481322517e-07","6.4959917938638e-07"
"('NL', 'Quarrying of stone')","6.46473071070721e-07","2.87476053305738e-07","6.03423449008315e-07"
"('EE', 'Other non-ferrous metal production')","6.45925230927816e-07","2.87638029405156e-07","6.44187715125306e-07"
"('US', 'Wool, silk-worm cocoons')","6.37218923438051e-07","3.83011011097584e-07","6.37167261458975e-07"
"('LT', 'Manufacture of textiles (17)')","6.35631759399034e-07","4.20268617803055e-07","6.35628049521568e-07"
"('LV', 'Aluminium production')","6.35091850892491e-07","2.61075571265405e-07","6.34669797950438e-07"
"('MT', 'Insurance and pension funding, except compulsory social security (66)')","6.35088801608457e-07","3.97603189466684e-07","6.35087750508122e-07"
"('CY', 'Transport via railways')","6.34497993678166e-07","4.28520934162062e-07","6.34184054705534e-07"
"('CY', 'Inland water transport')","6.30323380557467e-07","1.85790853282882e-07","6.30323380557467e-07"
"('ID', 'Mining of precious metal ores and concentrates')","6.27801820415769e-07","3.2067372605351e-07","6.12805905005167e-07"
"('LT', 'Cultivation of crops nec')","6.24430990802989e-07","5.5365641995998e-07","6.23862779556979e-07"
"('CH', 'Processing of meat poultry')","6.24076679633091e-07","1.43709835759214e-08","6.24076679633091e-07"
"('DK', 'Production of electricity by gas')","6.19853093396275e-07","5.21426010350544e-08","6.19785968721675e-07"
"('GB', 'P- and other fertiliser')","6.15624167030995e-07","3.40506140134473e-07","6.14471226525337e-07"
"('CH', 'Production of electricity by solar photovoltaic')","6.14611624734249e-07","4.24915978864727e-07","5.56446413811992e-07"
"('EE', 'Cultivation of oil seeds')","6.14229263163751e-07","1.62505382519246e-07","6.13759716753715e-07"
"('IE', 'Copper production')","6.12690744537684e-07","5.97776124591565e-07","6.08336729783976e-07"
"('FI', 'Sugar refining')","6.11285386111556e-07","1.56881914232485e-07","5.90121896541817e-07"
"('CY', 'Post and telecommunications (64)')","6.08320062382941e-07","3.81438540988185e-07","6.0829065600681e-07"
"('CY', 'Fishing, operating of fish hatcheries and fish farms; service activities incidental to fishing (05)')","6.03808117386839e-07","5.45622407574364e-07","6.03778603732826e-07"
"('CY', 'Other service activities (93)')","6.02933602334341e-07","2.53816272364041e-07","6.02933602334341e-07"
"('IT', 'N-fertiliser')","6.02048348978492e-07","4.85650732187127e-07","2.62536647644765e-07"
"('NL', 'Production of electricity nec')","5.98139118188201e-07","5.85138191426559e-07","6.22237355365449e-08"
"('HU', 'Incineration of waste: Wood')","5.97118559060681e-07","5.49969054794004e-07","3.32890370480897e-07"
"('SI', 'Manufacture of furniture; manufacturing n.e.c. (36)')","5.95795607699075e-07","2.7368291992627e-07","5.95795607692922e-07"
"('LV', 'Publishing, printing and reproduction of recorded media (22)')","5.93973735137469e-07","3.35850542163639e-07","5.93972254450557e-07"
"('SK', 'Cattle farming')","5.88743744392965e-07","3.00311878172153e-07","5.88466879045869e-07"
"('AU', 'Mining of other non-ferrous metal ores and concentrates')","5.88195316438384e-07","3.57875596810066e-07","3.82493983104418e-07"
"('NO', 'Mining of other non-ferrous metal ores and concentrates')","5.87579787987094e-07","3.26460690310889e-07","5.27612318991462e-07"
"('HU', 'Sea and coastal water transport')","5.8625144698868e-07","2.24545725997687e-07","5.8625144698868e-07"
"('DK', 'Landfill of waste: Food')","5.83346423403521e-07","4.0313292851408e-07","5.60253404406688e-07"
"('PT', 'Precious metals production')","5.82016222894992e-07","3.88723845370987e-07","5.76330014615838e-07"
"('LU', 'Pigs farming')","5.79305113912598e-07","4.30546632121246e-07","5.77609600747956e-07"
"('BE', 'Landfill of waste: Wood')","5.74692363571835e-07","5.01000437473404e-07","2.93803843375172e-07"
"('ZA', 'Cultivation of plant-based fibers')","5.73797433003434e-07","3.4240190728144e-07","5.72677310594433e-07"
"('KR', 'Cultivation of wheat')","5.72332490781787e-07","4.46691144061794e-07","5.71231402707983e-07"
"('HR', 'Processing of meat poultry')","5.7155965992662e-07","2.79893845817875e-07","5.69364363608185e-07"
"('SK', 'Processing of meat cattle')","5.69422455640996e-07","1.57915533314761e-07","5.68181482149019e-07"
"('CH', 'Processed rice')","5.62324431745927e-07","4.19731591215271e-07","5.14044166473723e-07"
"('EE', 'Cattle farming')","5.62250125157231e-07","1.14704142912269e-07","5.62246965574629e-07"
"('SK', 'Private households with employed persons (95)')","5.61950427373193e-07","3.65550553671047e-07","5.61950427373193e-07"
"('SI', 'Cultivation of wheat')","5.61803806631537e-07","3.77405777788646e-07","5.54607924336564e-07"
"('NO', 'Meat animals nec')","5.57877334216394e-07","6.544680299056e-08","5.57877334216394e-07"
"('SI', 'Composting of food waste, incl. land application')","5.57812530056922e-07","4.08663472407895e-07","5.39717812979137e-07"
"('TW', 'Cattle farming')","5.57110514221907e-07","3.90288093464127e-07","5.56798437085657e-07"
"('EE', 'Fishing, operating of fish hatcheries and fish farms; service activities incidental to fishing (05)')","5.55469039369515e-07","1.89020201460071e-07","5.5544316240148e-07"
"('CY', 'Activities of membership organisation n.e.c. (91)')","5.54454965363782e-07","3.94359713868979e-07","5.54454965363782e-07"
"('CH', 'Lead, zinc and tin production')","5.52422577066872e-07","3.61033123223013e-07","5.52415932866402e-07"
"('MT', 'Distribution and trade of electricity')","5.47169204906385e-07","4.8815317512073e-07","5.47169204906385e-07"
"('EE', 'Landfill of waste: Food')","5.46315559373682e-07","2.7697498789729e-07","5.42557602880952e-07"
"('GR', 'Manufacture of fish products')","5.454813562004e-07","2.91075318938641e-07","5.4211184687996e-07"
"('PT', 'Cultivation of paddy rice')","5.42005061352828e-07","4.75161124704448e-07","5.30871507329647e-07"
"('TR', 'Manufacture of medical, precision and optical instruments, watches and clocks (33)')","5.41410275182945e-07","3.42887503182168e-07","5.41324762380821e-07"
"('LU', 'Manufacture of medical, precision and optical instruments, watches and clocks (33)')","5.4066935787196e-07","1.88426092183199e-07","5.40661216436515e-07"
"('MT', 'Production of electricity by gas')","5.34897006626242e-07","4.64434286645333e-07","5.34897006626242e-07"
"('CY', 'Quarrying of sand and clay')","5.34209004462259e-07","1.93740133896701e-07","5.33702284671507e-07"
"('CY', 'Retail sale of automotive fuel')","5.2903501178155e-07","2.18921129765219e-07","5.2903501178155e-07"
"('SI', 'Pigs farming')","5.28253055665737e-07","4.42781505140466e-07","5.28225722195617e-07"
"('PT', 'Mining of precious metal ores and concentrates')","5.22081077994965e-07","3.26487251686041e-07","4.25571213422215e-07"
"('CY', 'Transport via pipelines')","5.22018476230337e-07","2.18577559314184e-07","5.20529500759961e-07"
"('SI', 'Manufacture of ceramic goods')","5.17074050454947e-07","4.09811983832741e-07","5.13239114658905e-07"
"('TR', 'Private households with employed persons (95)')","5.11294314718306e-07","4.14151573884646e-07","5.11294314718306e-07"
"('WE', 'Quarrying of stone')","5.04262838462446e-07","3.05336047030923e-07","4.47111696125942e-07"
"('BE', 'Landfill of waste: Textiles')","5.03006545355739e-07","4.52807796771094e-07","1.8602497941602e-07"
"('WF', 'Mining of aluminium ores and concentrates')","4.98621431315797e-07","1.04113200175056e-07","4.98621431315797e-07"
"('IN', 'Mining of precious metal ores and concentrates')","4.98538601489875e-07","3.03555054376055e-07","3.85616282991914e-07"
"('CA', 'Cultivation of plant-based fibers')","4.97433966812967e-07","3.85184535044604e-07","4.600455331646e-07"
"('EE', 'Copper production')","4.93863601316178e-07","2.69314289916751e-07","4.93778690185518e-07"
"('LV', 'Processing vegetable oils and fats')","4.91380476289975e-07","2.5942544617328e-07","4.85832256836485e-07"
"('ES', 'Inland water transport')","4.88150061164917e-07","1.9751798576707e-07","4.88127682506797e-07"
"('BG', 'Cultivation of paddy rice')","4.87234179924164e-07","3.77498208017242e-07","4.78657010675449e-07"
"('LT', 'Retail sale of automotive fuel')","4.86600289271049e-07","3.77013629001773e-07","4.65231994851197e-07"
"('PT', 'Composting of paper and wood, incl. land application')","4.86017044129461e-07","4.63654163806725e-07","2.00102647946428e-07"
"('LT', 'Waste water treatment, other')","4.82976887981555e-07","4.55161517770655e-07","4.20432251619113e-07"
"('NO', 'Private households with employed persons (95)')","4.82310418438919e-07","1.8438630002866e-07","4.82310418438919e-07"
"('HR', 'Cultivation of oil seeds')","4.71772855288786e-07","4.33224679143291e-07","4.6901446267674e-07"
"('AT', 'Meat animals nec')","4.70441323470313e-07","4.70441323470313e-07","3.28015911941225e-07"
"('GR', 'Manufacture of ceramic goods')","4.65495220449815e-07","3.52351011527028e-07","4.63645247798024e-07"
"('DE', 'N-fertiliser')","4.64890558278083e-07","3.55136942806572e-07","2.23365916183618e-07"
"('CN', 'Landfill of waste: Food')","4.64510536251219e-07","3.33701551916215e-07","2.32090086453235e-07"
"('LT', 'Cultivation of sugar cane, sugar beet')","4.63929391775429e-07","2.79096821756591e-07","4.62650062727794e-07"
"('MT', 'Health and social work (85)')","4.63262410817219e-07","1.59300082628014e-07","4.63262410817219e-07"
"('RO', 'Cultivation of sugar cane, sugar beet')","4.59449177368778e-07","3.8510618995836e-07","4.51728309907576e-07"
"('HR', 'Inland water transport')","4.56684456955567e-07","3.67261644303598e-08","4.56684456955567e-07"
"('WF', 'Mining of precious metal ores and concentrates')","4.53505523493389e-07","1.04113199488859e-07","4.53505523493389e-07"
"('KR', 'Manufacture of machinery and equipment n.e.c. (29)')","4.53170433765145e-07","2.46227278668532e-07","4.53155621293919e-07"
"('HR', 'Processing of meat pigs')","4.52868445204846e-07","1.40833934061997e-07","4.52864344629601e-07"
"('LV', 'Cultivation of crops nec')","4.51952959008763e-07","3.16859835156193e-07","4.47593847974897e-07"
"('CY', 'Transmission of electricity')","4.49203462226156e-07","3.43741923529107e-07","4.47777470139582e-07"
"('AT', 'Production of electricity by coal')","4.48476443994618e-07","1.37908901950029e-07","4.46097734311315e-07"
"('MT', 'Transmission of electricity')","4.48416010130235e-07","8.41500348963546e-08","4.4785885185513e-07"
"('TR', 'Processed rice')","4.47606683983647e-07","2.17086251249622e-07","3.6219833428435e-07"
"('CZ', 'Processed rice')","4.43444993232379e-07","2.45157390466515e-07","4.2211275179481e-07"
"('GR', 'Mining of lead, zinc and tin ores and concentrates')","4.40626118609674e-07","4.11511756902809e-07","2.77310156466807e-07"
"('SK', 'Extraction of natural gas and services related to natural gas extraction, excluding surveying')","4.37941483457435e-07","2.85831950883535e-07","4.376323474691e-07"
"('AT', 'Private households with employed persons (95)')","4.32436765532395e-07","4.18944554840355e-07","4.32436765532395e-07"
"('WL', 'Mining of copper ores and concentrates')","4.30710078966079e-07","3.1384003720865e-07","2.27312735237297e-07"
"('EE', 'Retail sale of automotive fuel')","4.3002554916068e-07","2.23373959170756e-07","4.2528518507098e-07"
"('EE', 'Chemicals nec')","4.2420561138717e-07","2.21631863268053e-07","4.24203852954779e-07"
"('MX', 'Manufacture of gas; distribution of gaseous fuels through mains')","4.23739639828254e-07","2.03694374920657e-07","4.21367736640425e-07"
"('LT', 'Pulp')","4.23730838896156e-07","3.09773083633187e-07","4.23526196412103e-07"
"('BE', 'Production of meat products nec')","4.20779188329911e-07","1.43091660020689e-07","4.17443405872913e-07"
"('BG', 'Extraction of natural gas and services related to natural gas extraction, excluding surveying')","4.20207601011139e-07","3.67372899613759e-07","4.19976866182919e-07"
"('BG', 'Other service activities (93)')","4.19796717636548e-07","2.82749678281796e-07","4.19796717636548e-07"
"('HR', 'Manufacture of furniture; manufacturing n.e.c. (36)')","4.19438830378637e-07","2.03475279040001e-07","4.19438830378637e-07"
"('LT', 'Steam and hot water supply')","4.18109119115897e-07","0","4.18109119115897e-07"
"('IE', 'Manufacture of other transport equipment (35)')","4.1609273720625e-07","4.1609273720625e-07","4.16088394633393e-07"
"('SI', 'Private households with employed persons (95)')","4.12516030066738e-07","4.12516030066738e-07","4.12516030066738e-07"
"('LT', 'Sugar refining')","4.10776772636439e-07","1.77434935330669e-07","4.06636789949344e-07"
"('CY', 'Copper production')","4.09031163625932e-07","3.16178186340292e-07","4.09008672809944e-07"
"('EE', 'Cultivation of crops nec')","4.08520356124518e-07","1.14989528604368e-07","4.02379629504388e-07"
"('MX', 'N-fertiliser')","4.08209788480175e-07","1.44069590013109e-08","4.08191820750478e-07"
"('CY', 'Manufacture of basic iron and steel and of ferro-alloys and first products thereof')","4.06395985126306e-07","2.56364130010954e-07","4.06392820012033e-07"
"('HR', 'Raw milk')","4.06322498255707e-07","2.85687056347057e-07","4.06322498255707e-07"
"('LV', 'Processing of meat cattle')","4.05820188833349e-07","8.43266228490453e-08","4.05496930047851e-07"
"('SK', 'Processing of meat pigs')","4.05417638940063e-07","2.38523193655397e-07","4.05093577754446e-07"
"('CY', 'Manufacture of bricks, tiles and construction products, in baked clay')","4.04193466506502e-07","2.54681877795899e-07","3.94488544527549e-07"
"('CY', 'Publishing, printing and reproduction of recorded media (22)')","4.0286940201574e-07","2.37836724015517e-07","4.0286940201574e-07"
"('GR', 'Manufacture of glass and glass products')","4.02795185221999e-07","2.80467529335826e-07","4.01646767503556e-07"
"('BG', 'Animal products nec')","4.02625533619405e-07","2.68612191883167e-07","3.62641758359583e-07"
"('DK', 'Production of electricity by solar photovoltaic')","4.01500970019565e-07","3.89719299758576e-07","3.00452099541964e-07"
"('IE', 'Mining of precious metal ores and concentrates')","4.00417780486771e-07","4.00417780486771e-07","3.62957868132282e-07"
"('WE', 'Production of electricity by solar photovoltaic')","4.00123200295868e-07","3.85579564519161e-07","3.98614062196765e-07"
"('MT', 'Air transport (62)')","3.97754762184783e-07","1.94911680255179e-07","3.97751861809437e-07"
"('SK', 'Production of electricity by solar photovoltaic')","3.96824995084645e-07","1.45890454652093e-07","3.8335263283906e-07"
"('EE', 'Waste water treatment, other')","3.96411431282718e-07","2.21645840821671e-07","3.87664548996254e-07"
"('SK', 'Processing vegetable oils and fats')","3.96406025298102e-07","2.37688232325416e-07","3.94184534443022e-07"
"('ZA', 'Production of electricity by solar thermal')","3.9553639445239e-07","3.9553639445239e-07","3.9553639445239e-07"
"('SK', 'Processing of meat poultry')","3.93865946379404e-07","3.07413461083489e-07","3.91513206828433e-07"
"('WF', 'Quarrying of sand and clay')","3.90087165255856e-07","1.04113218394921e-07","3.90087165255856e-07"
"('CY', 'Manufacture of fish products')","3.89875521163163e-07","2.01289134402155e-07","3.8952084809956e-07"
"('CH', 'Manufacture of bricks, tiles and construction products, in baked clay')","3.89664259468478e-07","3.41674233515156e-07","3.02223532008231e-07"
"('LT', 'Collection, purification and distribution of water (41)')","3.85310410481994e-07","3.79490258386459e-07","2.63000396722641e-07"
"('LV', 'Collection, purification and distribution of water (41)')","3.82685327260568e-07","2.16036976218617e-07","3.79296688290816e-07"
"('BG', 'Recreational, cultural and sporting activities (92)')","3.77290364436752e-07","1.83929958117438e-07","3.77290364436752e-07"
"('HU', 'Animal products nec')","3.72367088351531e-07","2.81096847493066e-07","3.52856450367e-07"
"('LT', 'Processing of dairy products')","3.69562896782017e-07","1.34865427128056e-07","3.69513216019141e-07"
"('RU', 'Production of electricity by wind')","3.67987322852909e-07","2.80256107621106e-07","3.67984735610386e-07"
"('SI', 'Biogasification of sewage slugde, incl. land application')","3.65949825795486e-07","2.72375037735758e-07","3.49009707655194e-07"
"('BG', 'Mining of chemical and fertilizer minerals, production of salt, other mining and quarrying n.e.c.')","3.58100639286865e-07","2.76518835253768e-07","2.7304340396264e-07"
"('IN', 'Production of electricity by biomass and waste')","3.53404353323776e-07","1.6000684793778e-07","2.3098978273011e-07"
"('BG', 'Other non-ferrous metal production')","3.49533622863465e-07","2.47543381780982e-07","3.42022146136443e-07"
"('NO', 'Recycling of waste and scrap')","3.48962009437456e-07","2.36346363572574e-07","2.13019971960606e-07"
"('LU', 'Cultivation of wheat')","3.47557938748548e-07","1.09635122675e-07","3.47358097500231e-07"
"('CY', 'Private households with employed persons (95)')","3.44827246020611e-07","3.16738396270698e-07","3.44827246020611e-07"
"('ZA', 'Production of electricity by hydro')","3.44735237618574e-07","3.3380466117415e-07","2.68332273071171e-07"
"('LV', 'Pulp')","3.44411436737807e-07","1.54932151203958e-07","3.43883581796567e-07"
"('AT', 'Production of meat products nec')","3.42850675851974e-07","3.42850675851974e-07","2.89656546522418e-07"
"('EE', 'Landfill of waste: Paper')","3.41792808396748e-07","1.8053742514465e-07","3.41758591241987e-07"
"('LU', 'Sea and coastal water transport')","3.41232098955448e-07","3.18095886291787e-07","3.41229544645727e-07"
"('HU', 'Incineration of waste: Textiles')","3.40376460514461e-07","3.00230598607276e-07","2.6869039337901e-07"
"('DK', 'Landfill of waste: Paper')","3.39004989740871e-07","2.2598755990705e-07","3.29062323000939e-07"
"('EE', 'Processing of meat cattle')","3.38820830321338e-07","1.07873135119454e-07","3.38543232152229e-07"
"('DE', 'Production of electricity by Geothermal')","3.36349042234972e-07","3.31748012502489e-07","1.49396159090885e-07"
"('EE', 'Lead, zinc and tin production')","3.28285297322433e-07","2.65183358100767e-07","3.275791032174e-07"
"('WL', 'Mining of iron ores')","3.27112415604606e-07","9.36260675533505e-08","3.27112415604606e-07"
"('CY', 'Meat animals nec')","3.25921619222084e-07","3.04192085822082e-07","3.22233359773595e-07"
"('EE', 'Manufacture of other non-metallic mineral products n.e.c.')","3.25796744592387e-07","2.15578645925504e-07","3.25796744592387e-07"
"('BG', 'Mining of lead, zinc and tin ores and concentrates')","3.24290725611549e-07","3.03489725059771e-07","2.35309297628077e-07"
"('CH', 'Processing of meat cattle')","3.24117082064056e-07","1.03272351274431e-07","3.24113854065045e-07"
"('HU', 'Production of electricity by biomass and waste')","3.20296368425911e-07","1.51012823145028e-07","2.43843765020575e-07"
"('LU', 'Sugar refining')","3.19569508084266e-07","2.12087965907524e-07","3.05951929299713e-07"
"('LT', 'Lead, zinc and tin production')","3.19408837620396e-07","2.57098909231339e-07","3.19344943395841e-07"
"('LT', 'Private households with employed persons (95)')","3.17183222874253e-07","3.17183222874253e-07","3.17183222874253e-07"
"('DK', 'Recycling of waste and scrap')","3.15574189212149e-07","3.00119786932903e-07","1.18510105890464e-07"
"('ES', 'Wool, silk-worm cocoons')","3.14452645106076e-07","2.7909247129908e-07","3.14401121713355e-07"
"('BG', 'Production of electricity by petroleum and other oil derivatives')","3.09533835022959e-07","1.57627970913871e-07","2.73369198260164e-07"
"('BG', 'Manufacture of gas; distribution of gaseous fuels through mains')","3.09288284115493e-07","2.3982223107569e-07","3.09183805430583e-07"
"('IT', 'Composting of paper and wood, incl. land application')","3.0794165261056e-07","2.38211563413223e-07","3.07899398739628e-07"
"('GR', 'P- and other fertiliser')","3.05535106126085e-07","3.21013776486078e-08","3.0553445867098e-07"
"('WE', 'Forestry, logging and related service activities (02)')","3.04784789590136e-07","2.7737387480564e-07","3.04758810881621e-07"
"('PL', 'Animal products nec')","3.04780356976425e-07","3.04780356976425e-07","1.43387675143892e-07"
"('ID', 'Production of electricity by wind')","3.04341980597538e-07","3.04341980597538e-07","2.69017287770228e-07"
"('LT', 'Processing of Food products nec')","3.01873237582219e-07","1.43019084151906e-07","3.01783727017126e-07"
"('AT', 'Animal products nec')","3.01519596967041e-07","3.01519596967041e-07","1.72233047348651e-07"
"('BE', 'Mining of other non-ferrous metal ores and concentrates')","3.00960418486455e-07","1.88804688112627e-07","1.69938001213951e-07"
"('CH', 'Steam and hot water supply')","3.00853883924541e-07","1.60925385872236e-07","2.95763345087069e-07"
"('US', 'Quarrying of sand and clay')","3.00584288406124e-07","2.18703916671816e-07","1.38674172251877e-07"
"('ZA', 'Mining of iron ores')","2.98733349473987e-07","2.17986502977246e-07","2.45021837890853e-07"
"('KR', 'Renting of machinery and equipment without operator and of personal and household goods (71)')","2.98553664570666e-07","7.4355453609171e-08","2.98249944936214e-07"
"('LU', 'Forestry, logging and related service activities (02)')","2.9853442955364e-07","2.30750792525408e-07","2.98494640746095e-07"
"('CZ', 'Sugar refining')","2.96765016576066e-07","1.50874472476653e-07","2.69751380189843e-07"
"('KR', 'Wool, silk-worm cocoons')","2.96261049291711e-07","2.51188590259869e-07","2.96135887160873e-07"
"('IN', 'Manufacture of machinery and equipment n.e.c. (29)')","2.94277522277871e-07","1.13697136876472e-07","2.94277416397563e-07"
"('PT', 'Mining of chemical and fertilizer minerals, production of salt, other mining and quarrying n.e.c.')","2.92855914077475e-07","2.38839193620264e-07","1.85705978294457e-07"
"('WF', 'Manufacture of coke oven products')","2.91906282059299e-07","8.01383004424172e-08","2.67852445397184e-07"
"('CY', 'Processing of meat cattle')","2.90768566261116e-07","7.09867673944682e-08","2.90313116540133e-07"
"('NL', 'Landfill of waste: Textiles')","2.90439147107157e-07","2.42295965053275e-07","1.28295929821494e-07"
"('LU', 'Cultivation of cereal grains nec')","2.90285448196222e-07","1.32646951132445e-07","2.90216998394996e-07"
"('SI', 'Animal products nec')","2.8839005183563e-07","2.8839005183563e-07","2.47026664722496e-07"
"('MT', 'Cultivation of wheat')","2.85683514295529e-07","8.35146477571715e-08","2.85305063781377e-07"
"('MT', 'Raw milk')","2.84597074783212e-07","9.41817431141445e-08","2.8432621244574e-07"
"('SK', 'Production of electricity by biomass and waste')","2.83295922862506e-07","9.41281307909114e-08","2.56026596210992e-07"
"('ID', 'Wool, silk-worm cocoons')","2.79232819062467e-07","5.66428276798699e-08","2.79232819062467e-07"
"('NO', 'Animal products nec')","2.78167121295593e-07","1.64107024046562e-07","2.42495834682429e-07"
"('CY', 'Cattle farming')","2.77554822192428e-07","2.55041923067072e-07","2.77547797709636e-07"
"('CH', 'Renting of machinery and equipment without operator and of personal and household goods (71)')","2.76803773572735e-07","2.23210476495807e-07","2.76323484730927e-07"
"('LU', 'Processed rice')","2.75366323099069e-07","1.46095186908846e-07","2.70289829943847e-07"
"('RU', 'Wool, silk-worm cocoons')","2.74732005723624e-07","3.46350488196964e-08","2.74732005723624e-07"
"('JP', 'Meat animals nec')","2.74501445160498e-07","1.21333846946047e-07","2.74501445160498e-07"
"('HU', 'Cultivation of crops nec')","2.72984887000612e-07","1.55489582926318e-07","2.72139136950818e-07"
"('IE', 'P- and other fertiliser')","2.71670195282364e-07","2.33301620591015e-07","2.70234401776977e-07"
"('GR', 'Cultivation of crops nec')","2.68283990079248e-07","2.39527403320156e-07","2.65697882397893e-07"
"('HU', 'Lead, zinc and tin production')","2.64015390450361e-07","6.24508835191788e-08","2.64015390450361e-07"
"('CA', 'Production of electricity by biomass and waste')","2.6327300238325e-07","1.57756759923472e-07","1.71862460372239e-07"
"('BG', 'Production of electricity by biomass and waste')","2.62150984413134e-07","2.2347878975593e-07","1.1000258902152e-07"
"('TW', 'Meat animals nec')","2.61671315809855e-07","0","2.61671315809855e-07"
"('IN', 'Mining of other non-ferrous metal ores and concentrates')","2.60690428400234e-07","1.85035129057757e-07","1.57500442301766e-07"
"('PT', 'Cultivation of wheat')","2.58875652588214e-07","1.88592068190025e-07","2.55072535568707e-07"
"('HU', 'Precious metals production')","2.57997442817731e-07","1.4733442144165e-07","2.57391050946132e-07"
"('RU', 'Production of electricity by solar photovoltaic')","2.55857449501081e-07","0","2.55857449501081e-07"
"('EE', 'Tanning and dressing of leather; manufacture of luggage, handbags, saddlery, harness and footwear (19)')","2.5486485514149e-07","1.74930550814411e-07","2.54864343515328e-07"
"('LT', 'Copper production')","2.53364262847074e-07","2.0963706490524e-07","2.53247884189482e-07"
"('CY', 'Production of meat products nec')","2.53344643342666e-07","3.92960848448679e-08","2.53340861559656e-07"
"('NO', 'Cultivation of oil seeds')","2.52777235833374e-07","1.50867978713511e-07","2.37543975722826e-07"
"('BG', 'Activities of membership organisation n.e.c. (91)')","2.51886749667549e-07","1.69162397836519e-07","2.51886749667549e-07"
"('MT', 'Activities auxiliary to financial intermediation (67)')","2.49848456536869e-07","1.20907732598976e-07","2.49848456536869e-07"
"('LU', 'Cultivation of oil seeds')","2.49590090166006e-07","1.32641625752633e-07","2.49559044496361e-07"
"('HR', 'Production of electricity by biomass and waste')","2.49005857252166e-07","1.44169958389771e-07","2.48913033758117e-07"
"('LT', 'Manufacture of beverages')","2.47906607979151e-07","1.18047627175875e-07","2.47888640122201e-07"
"('MT', 'Cultivation of vegetables, fruit, nuts')","2.46802297112213e-07","1.32369496805024e-07","2.46706059727965e-07"
"('CH', 'Processing vegetable oils and fats')","2.46519842122557e-07","1.6303693796121e-07","2.33069306585138e-07"
"('WE', 'Cultivation of paddy rice')","2.46058465939734e-07","1.65644150432038e-07","2.35276420900017e-07"
"('SI', 'Mining of chemical and fertilizer minerals, production of salt, other mining and quarrying n.e.c.')","2.45968033906891e-07","1.3719436542992e-07","2.30908870224236e-07"
"('LT', 'Paper')","2.42813205175523e-07","1.869196121279e-07","2.42812825529397e-07"
"('LV', 'Manufacture of bricks, tiles and construction products, in baked clay')","2.38639340482519e-07","2.09411001883495e-07","2.26631404025807e-07"
"('CH', 'Processing of meat pigs')","2.35047339259764e-07","6.41359661161671e-08","2.35045217126538e-07"
"('LT', 'Processing of meat poultry')","2.34084344000244e-07","1.23617209249105e-07","2.33748574550734e-07"
"('CH', 'N-fertiliser')","2.33813361775092e-07","2.33813361775092e-07","4.68115134124762e-08"
"('GR', 'Manufacture of gas; distribution of gaseous fuels through mains')","2.33345997181673e-07","1.60088940249756e-07","2.33345997181673e-07"
"('SI', 'Landfill of waste: Plastic')","2.32546509475028e-07","1.67149606028859e-07","2.05490132566542e-07"
"('BE', 'Retail sale of automotive fuel')","2.3232316210185e-07","1.11703165869908e-07","2.25350158351981e-07"
"('US', 'Mining of iron ores')","2.31206670654091e-07","0","2.31206670654091e-07"
"('CZ', 'Manufacture of coke oven products')","2.2822732009194e-07","1.05376210499829e-07","1.95255794359114e-07"
"('TW', 'N-fertiliser')","2.2753769550956e-07","1.21877771890291e-07","2.27044371361214e-07"
"('CA', 'Mining of nickel ores and concentrates')","2.26922992914496e-07","1.76435354111124e-07","7.64770304408287e-08"
"('PT', 'Mining of lead, zinc and tin ores and concentrates')","2.24412056034925e-07","2.09385468130274e-07","1.63746895332716e-07"
"('GR', 'Lead, zinc and tin production')","2.22842029042906e-07","8.97867619585278e-08","2.22842029042906e-07"
"('RO', 'Retail sale of automotive fuel')","2.22223396526294e-07","1.41647903314196e-07","2.22223396526294e-07"
"('LT', 'Manufacture of basic iron and steel and of ferro-alloys and first products thereof')","2.20048513817425e-07","1.93220502484626e-07","2.20046858689847e-07"
"('HU', 'Production of electricity by wind')","2.17536586377981e-07","1.22135579828923e-07","2.16567005677137e-07"
"('CZ', 'Production of electricity by wind')","2.16716757706538e-07","1.10881828524918e-07","2.12639526507857e-07"
"('HR', 'Manufacture of ceramic goods')","2.16350970965269e-07","1.59135295925364e-07","2.14162547313209e-07"
"('LT', 'Landfill of waste: Wood')","2.15672630987084e-07","2.15672630987084e-07","1.00839339555762e-07"
"('BG', 'Research and development (73)')","2.15620470437377e-07","1.05479149826599e-07","2.15620470437377e-07"
"('FI', 'Inland water transport')","2.1430809957818e-07","7.79386667437802e-08","2.1430809957818e-07"
"('HR', 'Private households with employed persons (95)')","2.12684308816658e-07","1.6160156361111e-07","2.12684308816658e-07"
"('BE', 'Meat animals nec')","2.12582806795114e-07","2.12582806795114e-07","1.25846181237047e-07"
"('SI', 'Steam and hot water supply')","2.11329204831598e-07","4.49857177794086e-08","2.06879145587614e-07"
"('AU', 'Landfill of waste: Paper')","2.11043348441475e-07","1.85881174331987e-07","6.19243745065434e-08"
"('LU', 'Pulp')","2.09656879453675e-07","1.33097545612022e-07","2.09656308679053e-07"
"('TW', 'Extraction of crude petroleum and services related to crude oil extraction, excluding surveying')","2.09432708531172e-07","1.15525543983495e-07","2.04904955499238e-07"
"('SE', 'Production of electricity by biomass and waste')","2.08155421928796e-07","1.4376583335189e-07","8.76223693634012e-08"
"('BG', 'Quarrying of stone')","2.07450872862565e-07","1.60192572341868e-07","1.90443106553044e-07"
"('TR', 'Manufacture of machinery and equipment n.e.c. (29)')","2.06454956372562e-07","0","2.06454956372562e-07"
"('LU', 'Manufacture of radio, television and communication equipment and apparatus (32)')","2.05703483197892e-07","1.4912107750229e-07","2.05700886411994e-07"
"('NO', 'Inland water transport')","2.04719098888802e-07","1.04481413672565e-07","2.04719098888802e-07"
"('LV', 'Private households with employed persons (95)')","2.03685664110764e-07","2.03685664110764e-07","2.03685664110764e-07"
"('SE', 'Processed rice')","2.02345842476137e-07","9.38348667633331e-08","1.99252511386921e-07"
"('AU', 'Processing vegetable oils and fats')","2.00984543917165e-07","6.01640485966322e-08","1.99416551512683e-07"
"('LT', 'Processing vegetable oils and fats')","2.00974610386839e-07","1.15601397106678e-07","2.0068366929929e-07"
"('EE', 'Precious metals production')","1.99421198185514e-07","1.65794577854126e-07","1.99360027115383e-07"
"('HR', 'Manufacture of fish products')","1.98615834013346e-07","1.04080402304412e-07","1.97706397013896e-07"
"('BR', 'Mining of iron ores')","1.97998456074944e-07","1.00561934282039e-07","1.68557118716087e-07"
"('EE', 'Incineration of waste: Oil/Hazardous waste')","1.97250175688373e-07","7.86819708186001e-08","1.97231973543294e-07"
"('EE', 'Manufacture of furniture; manufacturing n.e.c. (36)')","1.96959996044633e-07","9.66804790628146e-08","1.96959996044633e-07"
"('LV', 'Production of electricity by biomass and waste')","1.96359645233201e-07","5.34466323001186e-08","1.90106576373187e-07"
"('WM', 'Manufacture of machinery and equipment n.e.c. (29)')","1.93816307662025e-07","9.99614853477096e-08","1.93816058969001e-07"
"('DK', 'Production of electricity by biomass and waste')","1.9246443935498e-07","2.27141578993135e-08","1.89782849401613e-07"
"('EE', 'Processing of meat poultry')","1.92076206165877e-07","1.85283438448154e-07","1.90093557082491e-07"
"('MT', 'Pigs farming')","1.90022716921718e-07","4.86858131729567e-08","1.90022716921718e-07"
"('LT', 'Waste water treatment, food')","1.89454344111308e-07","1.85625586766233e-07","1.87906104095898e-07"
"('LU', 'Inland water transport')","1.89392313672333e-07","1.72519367430744e-07","1.89392313672333e-07"
"('FI', 'Incineration of waste: Textiles')","1.87376961822323e-07","1.59399452088141e-07","1.20535595429781e-07"
"('SK', 'Production of electricity by petroleum and other oil derivatives')","1.86671351000471e-07","8.35617408375327e-08","1.76824868388568e-07"
"('SE', 'Mining of chemical and fertilizer minerals, production of salt, other mining and quarrying n.e.c.')","1.85711487601474e-07","1.85711487601474e-07","6.41867105033252e-08"
"('NO', 'Sugar refining')","1.85047815603173e-07","8.95030843789631e-08","1.85047815603173e-07"
"('CY', 'Production of electricity by solar photovoltaic')","1.84094941200707e-07","1.76099227430881e-07","1.81560970709779e-07"
"('RU', 'Mining of copper ores and concentrates')","1.802989895024e-07","8.66276886434636e-08","1.802989895024e-07"
"('JP', 'Processing of nuclear fuel')","1.77655843817572e-07","1.41592330691997e-08","1.77655843817572e-07"
"('PL', 'Processed rice')","1.76356699505872e-07","8.36847498492933e-08","1.73476888324164e-07"
"('CY', 'Manufacture of tobacco products (16)')","1.75588852713035e-07","0","1.75588852713035e-07"
"('CY', 'Processing vegetable oils and fats')","1.74522028298981e-07","1.26182959839891e-07","1.74198136097844e-07"
"('FI', 'Processing of nuclear fuel')","1.74217339626551e-07","0","1.74217339626551e-07"
"('PL', 'Mining of nickel ores and concentrates')","1.74021542890434e-07","1.63711339555877e-07","5.67138681015169e-08"
"('NO', 'Wool, silk-worm cocoons')","1.72754656804777e-07","1.06608566639011e-07","1.72724506799936e-07"
"('EE', 'Private households with employed persons (95)')","1.72213335509542e-07","1.72213335509542e-07","1.72213335509542e-07"
"('CY', 'Cultivation of cereal grains nec')","1.69081970062847e-07","1.30994956434118e-07","1.69034429076063e-07"
"('BR', 'Mining of other non-ferrous metal ores and concentrates')","1.6894142235132e-07","2.39102089806361e-08","1.68940035715534e-07"
"('FI', 'Animal products nec')","1.66159988106852e-07","1.66159988106852e-07","1.35659730733133e-07"
"('IE', 'Manufacture of ceramic goods')","1.65005598143965e-07","1.65005598143965e-07","1.64717943349995e-07"
"('RU', 'Cultivation of crops nec')","1.61552976890443e-07","6.91649298851536e-08","1.60668741743763e-07"
"('US', 'Mining of copper ores and concentrates')","1.60476602757135e-07","6.81418941518806e-08","1.60476602757135e-07"
"('ZA', 'Production of electricity by petroleum and other oil derivatives')","1.58964129647718e-07","5.8407695328974e-08","1.54738811009361e-07"
"('FI', 'Processing vegetable oils and fats')","1.58459852862219e-07","1.58459852862219e-07","1.49891689828047e-07"
"('RO', 'Animal products nec')","1.57751772192866e-07","1.46159805303056e-07","1.43194605315201e-07"
"('HR', 'Processing of meat cattle')","1.57370222886489e-07","1.24622373353087e-08","1.57370088700714e-07"
"('CY', 'Research and development (73)')","1.56144166972818e-07","0","1.56144166972818e-07"
"('US', 'Processing vegetable oils and fats')","1.54843218484531e-07","3.58947597655191e-08","1.54238701840883e-07"
"('SK', 'Mining of copper ores and concentrates')","1.54693749817218e-07","8.64128486936247e-08","1.44090286453841e-07"
"('LU', 'Meat animals nec')","1.51678072268232e-07","1.14526154621064e-07","1.3969154910451e-07"
"('LV', 'Manufacture of glass and glass products')","1.49751596574415e-07","1.05115235357998e-07","1.49301144665753e-07"
"('WF', 'Mining of nickel ores and concentrates')","1.49045503931088e-07","1.04117055263143e-07","1.49045503931088e-07"
"('WM', 'Production of electricity by biomass and waste')","1.48920836477896e-07","9.88858563383399e-08","6.96448555176007e-08"
"('LT', 'Publishing, printing and reproduction of recorded media (22)')","1.45217305661606e-07","1.20916546202765e-07","1.45217192725392e-07"
"('SI', 'Production of electricity by gas')","1.43878173291962e-07","3.47279633297992e-08","1.43826213531446e-07"
"('AT', 'Incineration of waste: Plastic')","1.4350547335029e-07","8.50544612861977e-08","1.31775360193608e-07"
"('DE', 'Wool, silk-worm cocoons')","1.42175156683924e-07","6.84043231379097e-08","1.42175156683924e-07"
"('WF', 'Mining of other non-ferrous metal ores and concentrates')","1.41935362194623e-07","1.04113243748851e-07","1.41935362194623e-07"
"('WF', 'Mining of lead, zinc and tin ores and concentrates')","1.4183199340822e-07","1.04113200625339e-07","1.4183199340822e-07"
"('CA', 'Plastics, basic')","1.38489820234453e-07","4.46626651130626e-08","1.38489709699725e-07"
"('WL', 'Mining of other non-ferrous metal ores and concentrates')","1.38178335880607e-07","8.16637729259884e-08","8.80781015341378e-08"
"('FR', 'Mining of uranium and thorium ores (12)')","1.37331684754122e-07","1.37331684754122e-07","1.37331684754122e-07"
"('WF', 'Mining of uranium and thorium ores (12)')","1.3440013258665e-07","1.04113199488859e-07","1.3440013258665e-07"
"('JP', 'Manufacture of machinery and equipment n.e.c. (29)')","1.34061277159096e-07","7.5137013972492e-08","1.34060671773136e-07"
"('SK', 'Fishing, operating of fish hatcheries and fish farms; service activities incidental to fishing (05)')","1.31344312348756e-07","9.94787258475393e-08","1.31338079835546e-07"
"('CH', 'Production of electricity by gas')","1.30384754230521e-07","0","1.30384754230521e-07"
"('DK', 'Production of electricity by petroleum and other oil derivatives')","1.29505889628652e-07","2.82036485299447e-08","1.28551722307568e-07"
"('CH', 'Processing of nuclear fuel')","1.29096383432918e-07","6.27374415429871e-08","1.29096383432918e-07"
"('WM', 'Landfill of waste: Food')","1.28173946626563e-07","6.58924186399856e-08","1.28173946626563e-07"
"('SI', 'Fishing, operating of fish hatcheries and fish farms; service activities incidental to fishing (05)')","1.26114126569345e-07","7.58966934994347e-08","1.26109662359254e-07"
"('IN', 'Quarrying of stone')","1.2402375529386e-07","7.6888990291298e-08","1.14627817554868e-07"
"('IN', 'Mining of copper ores and concentrates')","1.23776688856811e-07","4.52783150214166e-08","1.23776688856811e-07"
"('ZA', 'Processed rice')","1.23107478133945e-07","3.61905955514943e-08","1.20518067116794e-07"
"('CY', 'Production of electricity by wind')","1.23058018260325e-07","1.23058018260325e-07","1.22650728160392e-07"
"('LT', 'Manufacture of glass and glass products')","1.22033041106178e-07","9.33711172519378e-08","1.21770688322094e-07"
"('HU', 'Manufacture of fish products')","1.19403049804639e-07","4.17180309899974e-08","1.19403006833519e-07"
"('FI', 'N-fertiliser')","1.19381509109383e-07","1.16306601317999e-07","9.35897932012777e-08"
"('IT', 'Wool, silk-worm cocoons')","1.17275885645234e-07","1.02037580592957e-07","7.2265804501161e-08"
"('FI', 'Extraction of natural gas and services related to natural gas extraction, excluding surveying')","1.1682987998504e-07","4.19400522295365e-08","1.16820607049978e-07"
"('HR', 'Poultry farming')","1.15690933100799e-07","7.24575165674328e-08","1.15687768140249e-07"
"('SK', 'Production of meat products nec')","1.1472868191878e-07","0","1.1472868191878e-07"
"('GR', 'Processed rice')","1.14377416970012e-07","1.14377416970012e-07","1.02443530727382e-07"
"('GR', 'Cultivation of paddy rice')","1.1296862375155e-07","1.00304370192994e-07","1.12614123191895e-07"
"('WE', 'Cultivation of plant-based fibers')","1.11732610383985e-07","7.14978840388471e-08","1.11500169081708e-07"
"('PT', 'Cultivation of oil seeds')","1.11348469549469e-07","9.02310641763066e-08","1.10079044258721e-07"
"('ZA', 'Mining of copper ores and concentrates')","1.10908057709851e-07","6.34802684522549e-08","1.10908057709851e-07"
"('ES', 'N-fertiliser')","1.10861593424934e-07","7.45418859385044e-08","1.10855495726191e-07"
"('BG', 'Inland water transport')","1.09727044502066e-07","7.28211780306144e-08","1.02606186644361e-07"
"('TR', 'Production of electricity by petroleum and other oil derivatives')","1.09524880633758e-07","7.74617992283154e-08","5.53112691823123e-08"
"('CA', 'Mining of iron ores')","1.09289086819076e-07","8.19621635184838e-08","4.28825784692552e-08"
"('LU', 'Transmission of electricity')","1.09282830304488e-07","0","1.09282830304488e-07"
"('SE', 'Biogasification of paper, incl. land application')","1.07769694247416e-07","7.12652906268582e-08","1.00285023885013e-07"
"('EE', 'Waste water treatment, food')","1.0765716419698e-07","6.63822495726731e-08","1.0765716419698e-07"
"('NL', 'Production of electricity by biomass and waste')","1.06520557088033e-07","1.30542266384195e-08","1.06308823335373e-07"
"('SK', 'Mining of lead, zinc and tin ores and concentrates')","1.05639628149584e-07","7.10451585780405e-08","9.17774495073458e-08"
"('BE', 'Extraction of crude petroleum and services related to crude oil extraction, excluding surveying')","1.04270522544156e-07","2.79045210116963e-08","1.04149377381429e-07"
"('RU', 'Production of electricity by biomass and waste')","1.03738862589215e-07","1.21776741255349e-08","1.03738862589215e-07"
"('BE', 'Cultivation of oil seeds')","1.0283618090084e-07","1.0283618090084e-07","1.02829393682284e-07"
"('LV', 'Production of electricity by wind')","1.02805913743807e-07","4.07629821642751e-08","1.02789555959492e-07"
"('IE', 'Processing vegetable oils and fats')","1.02009930583767e-07","8.81133770654908e-08","1.01553778960053e-07"
"('SI', 'Production of electricity by solar photovoltaic')","1.01837013552288e-07","9.44673900649516e-08","1.01715555172214e-07"
"('LU', 'Cultivation of crops nec')","1.01261954778155e-07","0","1.01261954778155e-07"
"('FR', 'Processing vegetable oils and fats')","1.00774373242336e-07","0","1.00774373242336e-07"
"('LU', 'Production of electricity by wind')","1.00183300891631e-07","0","1.00183300891631e-07"
"('GB', 'Cultivation of crops nec')","9.89609765293318e-08","5.02263279489144e-08","9.89446488676888e-08"
"('CY', 'Tanning and dressing of leather; manufacture of luggage, handbags, saddlery, harness and footwear (19)')","9.88494793820743e-08","3.55578287821922e-08","9.88494793820743e-08"
"('BG', 'Precious metals production')","9.84170039666109e-08","5.11688741531778e-08","9.83315527577148e-08"
"('IE', 'Manufacture of bricks, tiles and construction products, in baked clay')","9.74177389780237e-08","9.74177389780237e-08","9.51424685572977e-08"
"('BG', 'Manufacture of furniture; manufacturing n.e.c. (36)')","9.70668665028537e-08","6.2558844504334e-08","9.70666574253633e-08"
"('AT', 'Mining of iron ores')","9.53417462608111e-08","8.40618636119504e-08","8.670053627252e-08"
"('BR', 'Wool, silk-worm cocoons')","9.53106938193698e-08","0","9.53106938193698e-08"
"('IE', 'Sugar refining')","9.40235981850312e-08","7.62656417555538e-08","8.99485435323177e-08"
"('MX', 'Mining of other non-ferrous metal ores and concentrates')","9.36450040321067e-08","2.15797600797123e-08","9.08645181857843e-08"
"('SK', 'Retail sale of automotive fuel')","9.34974884476877e-08","5.70819063832686e-08","9.34974884476877e-08"
"('PT', 'Recycling of waste and scrap')","9.28481759264172e-08","7.24330643695111e-08","6.39188253911194e-08"
"('GR', 'Precious metals production')","9.21876475823564e-08","5.55315780177008e-08","9.20334638841523e-08"
"('AU', 'Mining of chemical and fertilizer minerals, production of salt, other mining and quarrying n.e.c.')","9.16091265457222e-08","2.53771393302348e-08","9.02617410956079e-08"
"('ZA', 'Animal products nec')","9.14623929248139e-08","4.21391136128222e-08","8.76535600225519e-08"
"('LU', 'Processing vegetable oils and fats')","9.08799850761779e-08","5.05240099424911e-08","9.0738706226915e-08"
"('CA', 'Sugar refining')","9.01765548575215e-08","2.26912538413508e-08","9.01765548575215e-08"
"('PT', 'Production of electricity by biomass and waste')","8.92729174060809e-08","3.14739545687605e-08","7.73949193124671e-08"
"('LT', 'Meat animals nec')","8.88791779930339e-08","8.88791779930339e-08","8.88748288259752e-08"
"('MX', 'Mining of copper ores and concentrates')","8.63695327122725e-08","3.2715819176465e-08","7.82178995871486e-08"
"('SK', 'Mining of coal and lignite; extraction of peat (10)')","8.60313927445861e-08","8.60313927445861e-08","8.60305053583239e-08"
"('LU', 'Publishing, printing and reproduction of recorded media (22)')","8.5549902692733e-08","5.9829716084875e-08","8.5549902692733e-08"
"('ID', 'Mining of nickel ores and concentrates')","8.52336868498148e-08","4.60298507341364e-08","8.52336868498148e-08"
"('IN', 'Mining of chemical and fertilizer minerals, production of salt, other mining and quarrying n.e.c.')","8.48817016785487e-08","3.79117520206192e-08","8.44569243202289e-08"
"('CZ', 'Animal products nec')","8.4503377677667e-08","6.28402393770815e-08","7.98712852140328e-08"
"('PT', 'Production of electricity by Geothermal')","8.44869425850292e-08","6.21882623805705e-08","5.28393987487032e-08"
"('CY', 'Cultivation of wheat')","8.38398889979958e-08","6.75239933524029e-08","8.38267541843426e-08"
"('BR', 'Renting of machinery and equipment without operator and of personal and household goods (71)')","8.34148249385387e-08","0","8.34148249385387e-08"
"('BR', 'Landfill of waste: Food')","8.24293669452842e-08","0","8.24293669452842e-08"
"('MX', 'Extraction, liquefaction, and regasification of other petroleum and gaseous materials')","8.13250835645333e-08","6.37704354064326e-08","5.0759999208123e-08"
"('CH', 'Production of electricity by biomass and waste')","8.13217235115651e-08","0","8.13217235115651e-08"
"('RO', 'Cultivation of paddy rice')","8.10133628101188e-08","6.2047807332615e-08","8.0699787164119e-08"
"('AT', 'Processing of nuclear fuel')","8.07137083809689e-08","0","8.07137083809689e-08"
"('WE', 'Wool, silk-worm cocoons')","8.05792373582866e-08","5.07333306647705e-08","8.05792373582866e-08"
"('LT', 'Manufacture of tobacco products (16)')","7.87227760381478e-08","2.35828592487521e-08","7.87227760381478e-08"
"('AT', 'Incineration of waste: Oil/Hazardous waste')","7.85181275168629e-08","5.598071818856e-08","7.85181275168629e-08"
"('DK', 'Landfill of waste: Wood')","7.84029592630163e-08","6.02007404012844e-08","7.84029592630163e-08"
"('TR', 'Wool, silk-worm cocoons')","7.81352215472796e-08","4.1120923737968e-08","7.81272180523605e-08"
"('RO', 'Wool, silk-worm cocoons')","7.76489108165048e-08","1.20527274201553e-08","7.76476001952189e-08"
"('EE', 'Biogasification of sewage slugde, incl. land application')","7.76316641068365e-08","4.56123644485292e-08","7.76305769318349e-08"
"('SI', 'Meat animals nec')","7.73316602665348e-08","7.73316602665348e-08","7.2564725737465e-08"
"('LT', 'Manufacture of other transport equipment (35)')","7.72810437242485e-08","5.47827956001621e-08","7.72805874893814e-08"
"('LU', 'Manufacture of wearing apparel; dressing and dyeing of fur (18)')","7.67831121372296e-08","4.06344369981693e-08","7.67831121372296e-08"
"('MT', 'Petroleum Refinery')","7.65697492770747e-08","5.01790813840672e-08","7.65697211670948e-08"
"('LU', 'Extraction of natural gas and services related to natural gas extraction, excluding surveying')","7.64964883677581e-08","2.71759120621169e-08","7.64964169709078e-08"
"('SI', 'Petroleum Refinery')","7.57543640634007e-08","2.72036489462658e-08","7.57543176365063e-08"
"('HR', 'Manufacture of glass and glass products')","7.42192522602643e-08","7.42192522602643e-08","7.34128800284184e-08"
"('IN', 'Quarrying of sand and clay')","7.40394964104924e-08","2.32152117427041e-08","6.90135231852276e-08"
"('BR', 'Waste water treatment, other')","7.39452090457125e-08","0","7.39452090457125e-08"
"('BR', 'Landfill of waste: Inert/metal/hazardous')","7.29203717552693e-08","0","7.29203717552693e-08"
"('CN', 'Renting of machinery and equipment without operator and of personal and household goods (71)')","7.25501541563127e-08","5.68737801122839e-08","7.25408927090237e-08"
"('LT', 'Landfill of waste: Textiles')","7.18082267042263e-08","7.18082267042263e-08","3.43658474079264e-08"
"('LT', 'Manufacture of other non-metallic mineral products n.e.c.')","7.13546058434042e-08","3.85681741838053e-08","7.11093872438341e-08"
"('SK', 'Manufacture of tobacco products (16)')","7.08186147814159e-08","2.49402420314839e-08","7.02579618627377e-08"
"('DK', 'Landfill of waste: Textiles')","6.81928890886993e-08","5.29488154620004e-08","6.81928890886993e-08"
"('SE', 'Production of electricity by petroleum and other oil derivatives')","6.73316103456159e-08","3.49479271238662e-08","4.72111876232328e-08"
"('NL', 'Retail sale of automotive fuel')","6.72795071277668e-08","3.41033220045403e-08","5.2828086092704e-08"
"('KR', 'Mining of copper ores and concentrates')","6.69142356778046e-08","5.49689427551223e-08","4.45699166299284e-08"
"('AT', 'Financial intermediation, except insurance and pension funding (65)')","6.63214566521273e-08","1.6591297660239e-08","6.63205241644891e-08"
"('CA', 'Processing of nuclear fuel')","6.59982300981778e-08","5.89179941119861e-08","6.59982300981778e-08"
"('MT', 'Production of electricity by solar photovoltaic')","6.56773221775651e-08","4.37468962167987e-08","6.56773221775651e-08"
"('CY', 'Forestry, logging and related service activities (02)')","6.55867480646378e-08","2.47967158556447e-08","6.55867480646378e-08"
"('LT', 'Manufacture of furniture; manufacturing n.e.c. (36)')","6.55331473913609e-08","2.89446215083796e-08","6.55331473913609e-08"
"('EE', 'Manufacture of bricks, tiles and construction products, in baked clay')","6.49605579750688e-08","6.49605579750688e-08","6.20009845475393e-08"
"('DK', 'Cultivation of crops nec')","6.46250426537524e-08","1.88240272161896e-08","6.37873568202479e-08"
"('CA', 'Mining of other non-ferrous metal ores and concentrates')","6.38608968222734e-08","4.04915841810865e-08","3.56174987180166e-08"
"('SE', 'Meat animals nec')","6.34561352922969e-08","6.34561352922969e-08","5.81615200738702e-08"
"('LT', 'Production of electricity by petroleum and other oil derivatives')","6.25272217813589e-08","0","6.25272217813589e-08"
"('HR', 'Cultivation of crops nec')","6.21351661177515e-08","4.5616154291974e-08","6.1201913690109e-08"
"('LT', 'Inland water transport')","6.17932889189746e-08","2.9528299121079e-08","6.17932889189746e-08"
"('LT', 'N-fertiliser')","6.0979485686874e-08","4.93428350428254e-08","5.94913353063635e-08"
"('CY', 'Manufacture of gas; distribution of gaseous fuels through mains')","6.09544172641521e-08","2.31820524196556e-08","6.09438822590109e-08"
"('HR', 'Production of electricity by Geothermal')","6.08402552094425e-08","6.08402552094425e-08","5.08454034436006e-08"
"('IE', 'N-fertiliser')","6.0599273279321e-08","5.2138666950461e-08","3.9270513237315e-08"
"('GR', 'Steam and hot water supply')","5.92530764847802e-08","0","5.92530764847802e-08"
"('GB', 'Wool, silk-worm cocoons')","5.91851866588277e-08","4.4788628484954e-08","5.91706363052543e-08"
"('CZ', 'Production of electricity by petroleum and other oil derivatives')","5.8526467471581e-08","2.78960159340064e-08","5.26914213427002e-08"
"('KR', 'Recycling of waste and scrap')","5.81129402540489e-08","5.5182915193037e-08","5.81129402540489e-08"
"('LU', 'Poultry farming')","5.79625168776836e-08","1.96932813702539e-08","5.79623708365193e-08"
"('WL', 'Mining of lead, zinc and tin ores and concentrates')","5.77388565978854e-08","1.4153635399046e-08","5.77364747547966e-08"
"('SE', 'Landfill of waste: Wood')","5.74676707933853e-08","1.31532430150883e-08","5.74676707933853e-08"
"('AT', 'Incineration of waste: Paper')","5.74575435139224e-08","3.69769745059406e-08","5.74575435139224e-08"
"('MT', 'Poultry farming')","5.69906845189868e-08","5.69906845189868e-08","5.68260962814741e-08"
"('TW', 'Cultivation of plant-based fibers')","5.68061534871036e-08","2.12672544033084e-08","5.68061534871036e-08"
"('PL', 'Quarrying of sand and clay')","5.54657185953165e-08","2.96423593545284e-08","5.54657185953165e-08"
"('SE', 'Mining of coal and lignite; extraction of peat (10)')","5.53332791259202e-08","0","5.53332791259202e-08"
"('LT', 'Casting of metals')","5.52723774998758e-08","3.2758853739701e-08","5.52723774998758e-08"
"('BR', 'Mining of chemical and fertilizer minerals, production of salt, other mining and quarrying n.e.c.')","5.43766859252827e-08","0","5.43766859252827e-08"
"('IE', 'Mining of coal and lignite; extraction of peat (10)')","5.43277470712279e-08","5.43277470712279e-08","5.43274863191233e-08"
"('BG', 'Wool, silk-worm cocoons')","5.41300581101228e-08","5.41300581101228e-08","5.41173083124417e-08"
"('AT', 'Incineration of waste: Food')","5.39026851607003e-08","3.89228145570189e-08","5.39026851607003e-08"
"('US', 'Quarrying of stone')","5.2806060842767e-08","0","5.2806060842767e-08"
"('NL', 'Wool, silk-worm cocoons')","5.21867215832546e-08","4.71700246657838e-08","5.21867215832546e-08"
"('FR', 'Manufacture of electrical machinery and apparatus n.e.c. (31)')","5.15420654790862e-08","0","5.15420654790862e-08"
"('LU', 'Fishing, operating of fish hatcheries and fish farms; service activities incidental to fishing (05)')","5.14621526399523e-08","5.14621526399523e-08","5.14610400214786e-08"
"('LU', 'Manufacture of glass and glass products')","5.13969053561468e-08","5.13969053561468e-08","5.13615695972741e-08"
"('ES', 'Mining of uranium and thorium ores (12)')","5.10002431166131e-08","3.22917321475e-08","4.3089813950286e-08"
"('NO', 'Mining of nickel ores and concentrates')","5.09873032245644e-08","0","5.09873032245644e-08"
"('HU', 'Wool, silk-worm cocoons')","5.08046902897737e-08","4.40020713796121e-08","5.08046902897737e-08"
"('PL', 'Biogasification of paper, incl. land application')","5.06328089354953e-08","5.06328089354953e-08","4.31156232706868e-08"
"('LT', 'Manufacture of fish products')","4.91521455213304e-08","1.53280782386751e-08","4.91521455213304e-08"
"('GR', 'Animal products nec')","4.90277174218979e-08","3.65438892680429e-08","4.77143880256279e-08"
"('ID', 'Quarrying of sand and clay')","4.8919751468361e-08","2.68003047906072e-08","4.84595231646499e-08"
"('SK', 'Extraction of crude petroleum and services related to crude oil extraction, excluding surveying')","4.88606497088444e-08","4.88606497088444e-08","4.88604892554608e-08"
"('HR', 'Manufacture of coke oven products')","4.80679873488346e-08","1.21477672507441e-08","4.80653268779009e-08"
"('FI', 'Production of meat products nec')","4.80224407782768e-08","1.62489743915511e-08","4.80224407782768e-08"
"('SE', 'Extraction of natural gas and services related to natural gas extraction, excluding surveying')","4.7430528299347e-08","0","4.7430528299347e-08"
"('BE', 'Processing of nuclear fuel')","4.74175230143959e-08","1.59066983661464e-08","4.74175230143959e-08"
"('BR', 'Composting of food waste, incl. land application')","4.73268586581223e-08","0","4.73268586581223e-08"
"('LT', 'Biogasification of sewage slugde, incl. land application')","4.72069873273794e-08","4.72069873273794e-08","3.05215913735045e-08"
"('BR', 'Waste water treatment, food')","4.70733578379205e-08","0","4.70733578379205e-08"
"('EE', 'Production of electricity by biomass and waste')","4.63266535109633e-08","2.6156224207852e-08","4.63266535109633e-08"
"('SK', 'Mining of iron ores')","4.49814225956894e-08","4.49814225956894e-08","4.16491133290757e-08"
"('BE', 'Animal products nec')","4.48728715811863e-08","4.48728715811863e-08","3.11498291703613e-08"
"('SI', 'Cultivation of crops nec')","4.44512366337012e-08","4.44512366337012e-08","4.37663796896684e-08"
"('CY', 'Production of electricity by biomass and waste')","4.41810787924777e-08","0","4.41810787924777e-08"
"('WM', 'Landfill of waste: Paper')","4.40221986937179e-08","2.26313853792948e-08","4.40221986937179e-08"
"('PL', 'Composting of paper and wood, incl. land application')","4.36932942913227e-08","0","4.36932942913227e-08"
"('LU', 'Production of electricity by solar photovoltaic')","4.32973928166355e-08","0","4.32973928166355e-08"
"('LV', 'Manufacture of furniture; manufacturing n.e.c. (36)')","4.32527181773183e-08","0","4.32527181773183e-08"
"('DK', 'N-fertiliser')","4.31032997714047e-08","0","4.31032997714047e-08"
"('WL', 'Mining of nickel ores and concentrates')","4.28955178220179e-08","2.3134248770527e-08","3.44511200239053e-08"
"('CY', 'Cultivation of oil seeds')","4.24047296975203e-08","3.0857736242423e-08","4.23732085154294e-08"
"('BR', 'Landfill of waste: Paper')","4.18293774743834e-08","0","4.18293774743834e-08"
"('CY', 'Manufacture of other non-metallic mineral products n.e.c.')","4.13799355204317e-08","1.45131650105695e-08","4.13246638949351e-08"
"('CZ', 'Mining of iron ores')","4.11681831099674e-08","4.11681831099674e-08","2.52776048442942e-08"
"('BR', 'Mining of copper ores and concentrates')","4.08357869261589e-08","0","4.08357869261589e-08"
"('GR', 'Extraction of natural gas and services related to natural gas extraction, excluding surveying')","4.07362402993188e-08","4.07362402993188e-08","4.07305802536444e-08"
"('BE', 'Production of electricity by hydro')","3.96178803625708e-08","3.19198006859105e-08","3.66270100301504e-08"
"('GR', 'N-fertiliser')","3.92273679440502e-08","1.76810457533054e-08","3.86357662791835e-08"
"('SE', 'Landfill of waste: Textiles')","3.8964414475441e-08","0","3.8964414475441e-08"
"('FR', 'Wool, silk-worm cocoons')","3.83988043794668e-08","3.00059499042104e-08","3.8393725861774e-08"
"('PL', 'Quarrying of stone')","3.82449294975428e-08","2.46533752867965e-08","3.82449294975428e-08"
"('WE', 'Animal products nec')","3.80106123491396e-08","1.53966350548039e-08","3.80106123491396e-08"
"('CZ', 'Inland water transport')","3.77737592297357e-08","0","3.77737592297357e-08"
"('KR', 'Production of electricity by tide, wave, ocean')","3.76408872142896e-08","0","3.76408872142896e-08"
"('IE', 'Retail sale of automotive fuel')","3.76054763883238e-08","1.6656912976937e-08","3.76054763883238e-08"
"('HU', 'Mining of other non-ferrous metal ores and concentrates')","3.75168122943723e-08","3.75168122943723e-08","3.59914173200048e-08"
"('MX', 'Wool, silk-worm cocoons')","3.74311108157987e-08","1.5444398779631e-08","3.74304027760605e-08"
"('WM', 'Landfill of waste: Inert/metal/hazardous')","3.69704107674769e-08","1.90061854818954e-08","3.69704107674769e-08"
"('US', 'Collection, purification and distribution of water (41)')","3.69270081432134e-08","0","3.69270081432134e-08"
"('BE', 'Cultivation of plant-based fibers')","3.68208577744822e-08","0","3.68208577744822e-08"
"('IT', 'Mining of precious metal ores and concentrates')","3.65530465338929e-08","0","3.65530465338929e-08"
"('SE', 'Animal products nec')","3.64131414742739e-08","3.64131414742739e-08","3.21509218354477e-08"
"('CN', 'Production of electricity by biomass and waste')","3.63815042018334e-08","1.28217219157374e-08","3.63815042018334e-08"
"('FI', 'Production of electricity by petroleum and other oil derivatives')","3.62516689586225e-08","0","3.62516689586225e-08"
"('CY', 'Cultivation of crops nec')","3.60247476150733e-08","0","3.60247476150733e-08"
"('EE', 'Casting of metals')","3.5303576230887e-08","2.39130172242668e-08","3.5303576230887e-08"
"('HR', 'Pigs farming')","3.49610683349318e-08","1.52904355158151e-08","3.49610220552371e-08"
"('PL', 'Incineration of waste: Textiles')","3.26101596270948e-08","3.26101596270948e-08","1.59396578647191e-08"
"('SI', 'Processed rice')","3.25373520697892e-08","3.25373520697892e-08","3.25373520697892e-08"
"('HR', 'N-fertiliser')","3.23516451107659e-08","3.23516451107659e-08","3.2120576359886e-08"
"('LU', 'Steam and hot water supply')","3.21370353014715e-08","0","3.21370353014715e-08"
"('RU', 'Mining of nickel ores and concentrates')","3.19415617265755e-08","1.61028209761595e-08","3.19415617265755e-08"
"('AU', 'Re-processing of secondary paper into new pulp')","3.13356380840331e-08","3.13356380840331e-08","2.94841369361905e-08"
"('LV', 'Manufacture of ceramic goods')","3.08428421956473e-08","3.08428421956473e-08","3.06752547884259e-08"
"('IT', 'Mining of lead, zinc and tin ores and concentrates')","3.06903181980566e-08","0","3.06903181980566e-08"
"('MX', 'Mining of iron ores')","2.98091912267075e-08","0","2.98091912267075e-08"
"('HU', 'Cultivation of paddy rice')","2.9487086215777e-08","2.9487086215777e-08","2.89626008899132e-08"
"('CN', 'Landfill of waste: Paper')","2.93585115515925e-08","0","2.93585115515925e-08"
"('ID', 'Cultivation of plant-based fibers')","2.88100576287375e-08","2.88100576287375e-08","2.88100576287375e-08"
"('SI', 'Extraction of crude petroleum and services related to crude oil extraction, excluding surveying')","2.85000387343871e-08","0","2.85000387343871e-08"
"('AT', 'Mining of coal and lignite; extraction of peat (10)')","2.82736419926537e-08","0","2.82736419926537e-08"
"('SK', 'Meat animals nec')","2.81589180767554e-08","2.81589180767554e-08","2.81577099888621e-08"
"('EE', 'Landfill of waste: Wood')","2.78638750060671e-08","1.58960464014258e-08","2.78638750060671e-08"
"('JP', 'Wool, silk-worm cocoons')","2.78265682875498e-08","2.78265682875498e-08","2.78265682875498e-08"
"('HR', 'Processed rice')","2.77717057044367e-08","2.77717057044367e-08","2.77717057044367e-08"
"('FR', 'Production of electricity by Geothermal')","2.74218638094946e-08","0","2.74218638094946e-08"
"('DK', 'Landfill of waste: Plastic')","2.73980828030757e-08","2.73980828030757e-08","2.73980828030757e-08"
"('CN', 'Waste water treatment, other')","2.71761912719694e-08","0","2.71761912719694e-08"
"('MX', 'Production of electricity by biomass and waste')","2.66495690653564e-08","0","2.66495690653564e-08"
"('WM', 'Quarrying of sand and clay')","2.66211573088688e-08","0","2.66211573088688e-08"
"('HR', 'Meat animals nec')","2.62161911507325e-08","0","2.62161911507325e-08"
"('PL', 'Other non-ferrous metal production')","2.61241206381343e-08","0","2.61241206381343e-08"
"('BR', 'Manufacture of machinery and equipment n.e.c. (29)')","2.60860334736956e-08","0","2.60860334736956e-08"
"('LU', 'Production of electricity by hydro')","2.57321872758489e-08","0","2.57321872758489e-08"
"('HR', 'Cultivation of plant-based fibers')","2.50870854970038e-08","1.23736627388673e-08","2.50870854970038e-08"
"('EE', 'Poultry farming')","2.47756126736432e-08","0","2.47756126736432e-08"
"('BE', 'Production of electricity by petroleum and other oil derivatives')","2.45639831025115e-08","1.42011011988777e-08","2.45639831025115e-08"
"('LU', 'Wool, silk-worm cocoons')","2.3837607549381e-08","0","2.3837607549381e-08"
"('WM', 'Production of electricity by solar thermal')","2.33126213680029e-08","2.33126213680029e-08","2.33126213680029e-08"
"('EE', 'Landfill of waste: Textiles')","2.25057770639834e-08","1.29645575363266e-08","2.25057770639834e-08"
"('LT', 'Transmission of electricity')","2.1617122082443e-08","1.37347722613574e-08","2.12989541077596e-08"
"('LU', 'Production of electricity by gas')","2.15851586122211e-08","0","2.15851586122211e-08"
"('LU', 'Animal products nec')","2.15659112937762e-08","0","2.15659112937762e-08"
"('LT', 'Transport via pipelines')","2.13230952751975e-08","2.13230952751975e-08","2.13142970057842e-08"
"('LU', 'Production of meat products nec')","2.11393008215846e-08","2.11393008215846e-08","2.11052556121686e-08"
"('EE', 'Manufacture of ceramic goods')","2.10549834258199e-08","2.10549834258199e-08","2.09681064343211e-08"
"('EE', 'Processing vegetable oils and fats')","2.09711501244432e-08","1.46222333364692e-08","2.0942422989323e-08"
"('CN', 'Landfill of waste: Plastic')","2.09229016137943e-08","0","2.09229016137943e-08"
"('HR', 'Production of electricity by solar photovoltaic')","2.08518590859465e-08","2.08518590859465e-08","2.04415852230795e-08"
"('MT', 'Meat animals nec')","2.04555706470358e-08","2.04555706470358e-08","1.99945657800694e-08"
"('US', 'Mining of lead, zinc and tin ores and concentrates')","2.0376578437669e-08","0","2.0376578437669e-08"
"('HU', 'N-fertiliser')","2.02445113932224e-08","2.02445113932224e-08","1.97927495518171e-08"
"('CN', 'Landfill of waste: Inert/metal/hazardous')","2.01239625048641e-08","0","2.01239625048641e-08"
"('RU', 'Production of electricity by Geothermal')","2.00498439684985e-08","0","2.00498439684985e-08"
"('HR', 'Cattle farming')","1.9695161448974e-08","0","1.9695161448974e-08"
"('WM', 'Renting of machinery and equipment without operator and of personal and household goods (71)')","1.95602977803415e-08","0","1.95602977803415e-08"
"('PT', 'Wool, silk-worm cocoons')","1.95368376912608e-08","1.95368376912608e-08","1.95368376912608e-08"
"('AU', 'Quarrying of stone')","1.92858265486151e-08","0","1.92858265486151e-08"
"('RO', 'Sugar refining')","1.87398006313005e-08","0","1.87398006313005e-08"
"('SI', 'Precious metals production')","1.85544700917973e-08","1.85544700917973e-08","1.84861149837021e-08"
"('ID', 'N-fertiliser')","1.85430367805386e-08","0","1.85430367805386e-08"
"('GR', 'Production of electricity by biomass and waste')","1.82715810286102e-08","0","1.82715810286102e-08"
"('MT', 'Other service activities (93)')","1.81540360373099e-08","0","1.81540360373099e-08"
"('LT', 'Production of electricity by hydro')","1.80786641469564e-08","1.46776444545094e-08","1.80484249018492e-08"
"('CY', 'Petroleum Refinery')","1.80252549399146e-08","1.80252549399146e-08","1.80252439698295e-08"
"('LV', 'Tanning and dressing of leather; manufacture of luggage, handbags, saddlery, harness and footwear (19)')","1.79745591275857e-08","0","1.79745591275857e-08"
"('HU', 'Production of electricity nec')","1.77639724758969e-08","0","1.77639724758969e-08"
"('PL', 'Mining of lead, zinc and tin ores and concentrates')","1.77142596139695e-08","0","1.77142596139695e-08"
"('PT', 'Animal products nec')","1.76447101049641e-08","1.76447101049641e-08","1.6017457361131e-08"
"('BR', 'Quarrying of stone')","1.76098174653312e-08","0","1.76098174653312e-08"
"('SI', 'Production of electricity by biomass and waste')","1.75086103389747e-08","0","1.75086103389747e-08"
"('CY', 'Lead, zinc and tin production')","1.74813705912336e-08","0","1.74813705912336e-08"
"('WF', 'Production of electricity by biomass and waste')","1.70218399137069e-08","0","1.70218399137069e-08"
"('CH', 'Incineration of waste: Food')","1.65909063445627e-08","0","1.65909063445627e-08"
"('ID', 'Mining of other non-ferrous metal ores and concentrates')","1.63773528277542e-08","0","1.63773528277542e-08"
"('EE', 'Manufacture of coke oven products')","1.56462676827194e-08","0","1.56462676827194e-08"
"('IN', 'Mining of lead, zinc and tin ores and concentrates')","1.55540103092395e-08","0","1.55540103092395e-08"
"('DK', 'Production of meat products nec')","1.53785501350262e-08","1.53785501350262e-08","1.51516174477731e-08"
"('CH', 'Incineration of waste: Paper')","1.52991654713593e-08","0","1.52991654713593e-08"
"('SI', 'Processing vegetable oils and fats')","1.51562901821514e-08","1.51562901821514e-08","1.51562901821514e-08"
"('MT', 'Transport via railways')","1.50188057963877e-08","1.50188057963877e-08","1.50188057963877e-08"
"('CA', 'Wool, silk-worm cocoons')","1.50161808001316e-08","1.50161808001316e-08","1.33234005586009e-08"
"('GR', 'Wool, silk-worm cocoons')","1.49835215203888e-08","1.49835215203888e-08","1.49835215203888e-08"
"('NO', 'Production of electricity by coal')","1.47256659450161e-08","0","1.47256659450161e-08"
"('SI', 'Production of meat products nec')","1.45813133261305e-08","1.45813133261305e-08","1.45813133261305e-08"
"('BR', 'Quarrying of sand and clay')","1.45143292727278e-08","0","1.45143292727278e-08"
"('AT', 'Waste water treatment, other')","1.41845029884182e-08","0","1.41845029884182e-08"
"('IN', 'Mining of uranium and thorium ores (12)')","1.41406674180123e-08","1.41406674180123e-08","1.41406674180123e-08"
"('DK', 'Wool, silk-worm cocoons')","1.40607516199307e-08","1.40607516199307e-08","1.40607516199307e-08"
"('AU', 'Waste water treatment, other')","1.36504395379266e-08","0","1.36504395379266e-08"
"('NO', 'Quarrying of sand and clay')","1.33965093355299e-08","1.33965093355299e-08","1.22339720149135e-08"
"('MT', 'Publishing, printing and reproduction of recorded media (22)')","1.31448371549712e-08","1.31448371549712e-08","1.31448371549712e-08"
"('SK', 'Animal products nec')","1.30440761048973e-08","1.30440761048973e-08","1.30432734978079e-08"
"('EE', 'Incineration of waste: Wood')","1.28747437176405e-08","1.28747437176405e-08","1.26503051972666e-08"
"('BG', 'Processed rice')","1.28563429675798e-08","1.28563429675798e-08","1.28563429675798e-08"
"('BR', 'Landfill of waste: Wood')","1.27479870714139e-08","0","1.27479870714139e-08"
"('BG', 'Mining of other non-ferrous metal ores and concentrates')","1.26923539191859e-08","1.26923539191859e-08","1.26923539191859e-08"
"('SE', 'P- and other fertiliser')","1.26037695192736e-08","0","1.26037695192736e-08"
"('CY', 'Animal products nec')","1.25118159731534e-08","0","1.25118159731534e-08"
"('MT', 'Activities of membership organisation n.e.c. (91)')","1.238886299263e-08","0","1.238886299263e-08"
"('CY', 'Manufacture of ceramic goods')","1.22243665717166e-08","1.22243665717166e-08","1.22243665717166e-08"
"('KR', 'Waste water treatment, other')","1.10831226970604e-08","0","1.10831226970604e-08"
"('HU', 'Processed rice')","1.09967845467665e-08","0","1.09967845467665e-08"
"('ID', 'Production of electricity by solar photovoltaic')","1.08200829500078e-08","0","1.08200829500078e-08"
"('FI', 'Quarrying of stone')","1.07453783432127e-08","0","1.07453783432127e-08"
"('EE', 'N-fertiliser')","1.05621181592918e-08","0","1.05621181592918e-08"
"('CH', 'Production of electricity by wind')","1.00658070706318e-08","0","1.00658070706318e-08"
"('WM', 'Landfill of waste: Plastic')","9.99625097168696e-09","0","9.99625097168696e-09"
"('LT', 'Production of electricity by biomass and waste')","9.93575059010489e-09","0","9.93575059010489e-09"
"('SK', 'Cultivation of crops nec')","9.2824400198843e-09","0","9.2824400198843e-09"
"('IE', 'Mining of chemical and fertilizer minerals, production of salt, other mining and quarrying n.e.c.')","8.51361323583641e-09","0","8.51361323583641e-09"
"('HR', 'Lead, zinc and tin production')","8.27513704218911e-09","0","8.27513704218911e-09"
"('SI', 'Extraction of natural gas and services related to natural gas extraction, excluding surveying')","7.9340036083168e-09","0","7.9340036083168e-09"
"('ES', 'Manufacture of electrical machinery and apparatus n.e.c. (31)')","7.6008807624532e-09","0","7.6008807624532e-09"
"('LV', 'Other non-ferrous metal production')","7.06011304336583e-09","0","7.06011304336583e-09"
"('LU', 'Production of electricity by biomass and waste')","6.98602376691937e-09","0","6.98602376691937e-09"
"('HU', 'Production of electricity by petroleum and other oil derivatives')","6.43059431942917e-09","0","6.43059431942917e-09"
"('HU', 'Other non-ferrous metal production')","6.41107741708085e-09","0","6.41107741708085e-09"
"('GB', 'Manufacture of electrical machinery and apparatus n.e.c. (31)')","6.10699100610767e-09","0","6.10699100610767e-09"
"('RO', 'Production of electricity by biomass and waste')","5.91310235237294e-09","0","5.91310235237294e-09"
"('FI', 'Production of electricity by solar photovoltaic')","3.85763437528286e-09","0","3.85763437528286e-09"
"('LT', 'Production of meat products nec')","3.249459435882e-09","0","3.249459435882e-09"
"('AT', 'Cultivation of paddy rice')","0","0","0"
"('AT', 'Cultivation of plant-based fibers')","0","0","0"
"('AT', 'Cultivation of crops nec')","0","0","0"
"('AT', 'Wool, silk-worm cocoons')","0","0","0"
"('AT', 'Manure treatment (conventional), storage and land application')","0","0","0"
"('AT', 'Manure treatment (biogas), storage and land application')","0","0","0"
"('AT', 'Extraction, liquefaction, and regasification of other petroleum and gaseous materials')","0","0","0"
"('AT', 'Mining of uranium and thorium ores (12)')","0","0","0"
"('AT', 'Mining of copper ores and concentrates')","0","0","0"
"('AT', 'Mining of nickel ores and concentrates')","0","0","0"
"('AT', 'Mining of aluminium ores and concentrates')","0","0","0"
"('AT', 'Mining of precious metal ores and concentrates')","0","0","0"
"('AT', 'Mining of lead, zinc and tin ores and concentrates')","0","0","0"
"('AT', 'Processed rice')","0","0","0"
"('AT', 'Re-processing of secondary wood material into new wood material')","0","0","0"
"('AT', 'Re-processing of secondary paper into new pulp')","0","0","0"
"('AT', 'Re-processing of secondary plastic into new plastic')","0","0","0"
"('AT', 'Re-processing of secondary glass into new glass')","0","0","0"
"('AT', 'Re-processing of ash into clinker')","0","0","0"
"('AT', 'Re-processing of secondary preciuos metals into new preciuos metals')","0","0","0"
"('AT', 'Re-processing of secondary aluminium into new aluminium')","0","0","0"
"('AT', 'Re-processing of secondary lead into new lead, zinc and tin')","0","0","0"
"('AT', 'Re-processing of secondary copper into new copper')","0","0","0"
"('AT', 'Re-processing of secondary other non-ferrous metals into new other non-ferrous metals')","0","0","0"
"('AT', 'Manufacture of electrical machinery and apparatus n.e.c. (31)')","0","0","0"
"('AT', 'Manufacture of radio, television and communication equipment and apparatus (32)')","0","0","0"
"('AT', 'Manufacture of medical, precision and optical instruments, watches and clocks (33)')","0","0","0"
"('AT', 'Recycling of bottles by direct reuse')","0","0","0"
"('AT', 'Production of electricity by nuclear')","0","0","0"
"('AT', 'Production of electricity by solar thermal')","0","0","0"
"('AT', 'Production of electricity by tide, wave, ocean')","0","0","0"
"('AT', 'Production of electricity by Geothermal')","0","0","0"
"('AT', 'Production of electricity nec')","0","0","0"
"('AT', 'Re-processing of secondary construction material into aggregates')","0","0","0"
"('AT', 'Incineration of waste: Textiles')","0","0","0"
"('AT', 'Incineration of waste: Wood')","0","0","0"
"('AT', 'Biogasification of food waste, incl. land application')","0","0","0"
"('AT', 'Biogasification of paper, incl. land application')","0","0","0"
"('AT', 'Biogasification of sewage slugde, incl. land application')","0","0","0"
"('AT', 'Composting of paper and wood, incl. land application')","0","0","0"
"('AT', 'Waste water treatment, food')","0","0","0"
"('AT', 'Landfill of waste: Food')","0","0","0"
"('AT', 'Landfill of waste: Paper')","0","0","0"
"('AT', 'Landfill of waste: Plastic')","0","0","0"
"('AT', 'Landfill of waste: Inert/metal/hazardous')","0","0","0"
"('AT', 'Landfill of waste: Textiles')","0","0","0"
"('AT', 'Landfill of waste: Wood')","0","0","0"
"('AT', 'Extra-territorial organizations and bodies')","0","0","0"
"('BE', 'Cultivation of paddy rice')","0","0","0"
"('BE', 'Wool, silk-worm cocoons')","0","0","0"
"('BE', 'Manure treatment (conventional), storage and land application')","0","0","0"
"('BE', 'Manure treatment (biogas), storage and land application')","0","0","0"
"('BE', 'Mining of uranium and thorium ores (12)')","0","0","0"
"('BE', 'Mining of iron ores')","0","0","0"
"('BE', 'Mining of copper ores and concentrates')","0","0","0"
"('BE', 'Mining of nickel ores and concentrates')","0","0","0"
"('BE', 'Mining of aluminium ores and concentrates')","0","0","0"
"('BE', 'Mining of precious metal ores and concentrates')","0","0","0"
"('BE', 'Mining of lead, zinc and tin ores and concentrates')","0","0","0"
"('BE', 'Re-processing of secondary wood material into new wood material')","0","0","0"
"('BE', 'Re-processing of secondary paper into new pulp')","0","0","0"
"('BE', 'Re-processing of secondary plastic into new plastic')","0","0","0"
"('BE', 'Re-processing of secondary glass into new glass')","0","0","0"
"('BE', 'Re-processing of ash into clinker')","0","0","0"
"('BE', 'Re-processing of secondary preciuos metals into new preciuos metals')","0","0","0"
"('BE', 'Re-processing of secondary aluminium into new aluminium')","0","0","0"
"('BE', 'Re-processing of secondary lead into new lead, zinc and tin')","0","0","0"
"('BE', 'Re-processing of secondary copper into new copper')","0","0","0"
"('BE', 'Re-processing of secondary other non-ferrous metals into new other non-ferrous metals')","0","0","0"
"('BE', 'Manufacture of electrical machinery and apparatus n.e.c. (31)')","0","0","0"
"('BE', 'Manufacture of radio, television and communication equipment and apparatus (32)')","0","0","0"
"('BE', 'Manufacture of medical, precision and optical instruments, watches and clocks (33)')","0","0","0"
"('BE', 'Recycling of waste and scrap')","0","0","0"
"('BE', 'Recycling of bottles by direct reuse')","0","0","0"
"('BE', 'Production of electricity by coal')","0","0","0"
"('BE', 'Production of electricity by solar thermal')","0","0","0"
"('BE', 'Production of electricity by tide, wave, ocean')","0","0","0"
"('BE', 'Production of electricity by Geothermal')","0","0","0"
"('BE', 'Production of electricity nec')","0","0","0"
"('BE', 'Re-processing of secondary construction material into aggregates')","0","0","0"
"('BE', 'Composting of paper and wood, incl. land application')","0","0","0"
"('BE', 'Extra-territorial organizations and bodies')","0","0","0"
"('BG', 'Cultivation of sugar cane, sugar beet')","0","0","0"
"('BG', 'Cultivation of plant-based fibers')","0","0","0"
"('BG', 'Manure treatment (conventional), storage and land application')","0","0","0"
"('BG', 'Manure treatment (biogas), storage and land application')","0","0","0"
"('BG', 'Mining of uranium and thorium ores (12)')","0","0","0"
"('BG', 'Mining of iron ores')","0","0","0"
"('BG', 'Mining of nickel ores and concentrates')","0","0","0"
"('BG', 'Mining of aluminium ores and concentrates')","0","0","0"
"('BG', 'Sugar refining')","0","0","0"
"('BG', 'Re-processing of secondary wood material into new wood material')","0","0","0"
"('BG', 'Re-processing of secondary paper into new pulp')","0","0","0"
"('BG', 'Manufacture of coke oven products')","0","0","0"
"('BG', 'Processing of nuclear fuel')","0","0","0"
"('BG', 'Re-processing of secondary plastic into new plastic')","0","0","0"
"('BG', 'N-fertiliser')","0","0","0"
"('BG', 'Re-processing of secondary glass into new glass')","0","0","0"
"('BG', 'Re-processing of ash into clinker')","0","0","0"
"('BG', 'Manufacture of basic iron and steel and of ferro-alloys and first products thereof')","0","0","0"
"('BG', 'Re-processing of secondary preciuos metals into new preciuos metals')","0","0","0"
"('BG', 'Re-processing of secondary aluminium into new aluminium')","0","0","0"
"('BG', 'Re-processing of secondary lead into new lead, zinc and tin')","0","0","0"
"('BG', 'Re-processing of secondary copper into new copper')","0","0","0"
"('BG', 'Re-processing of secondary other non-ferrous metals into new other non-ferrous metals')","0","0","0"
"('BG', 'Manufacture of machinery and equipment n.e.c. (29)')","0","0","0"
"('BG', 'Manufacture of electrical machinery and apparatus n.e.c. (31)')","0","0","0"
"('BG', 'Manufacture of radio, television and communication equipment and apparatus (32)')","0","0","0"
"('BG', 'Manufacture of medical, precision and optical instruments, watches and clocks (33)')","0","0","0"
"('BG', 'Recycling of waste and scrap')","0","0","0"
"('BG', 'Recycling of bottles by direct reuse')","0","0","0"
"('BG', 'Production of electricity by solar thermal')","0","0","0"
"('BG', 'Production of electricity by tide, wave, ocean')","0","0","0"
"('BG', 'Production of electricity by Geothermal')","0","0","0"
"('BG', 'Production of electricity nec')","0","0","0"
"('BG', 'Re-processing of secondary construction material into aggregates')","0","0","0"
"('BG', 'Financial intermediation, except insurance and pension funding (65)')","0","0","0"
"('BG', 'Renting of machinery and equipment without operator and of personal and household goods (71)')","0","0","0"
"('BG', 'Incineration of waste: Food')","0","0","0"
"('BG', 'Incineration of waste: Paper')","0","0","0"
"('BG', 'Incineration of waste: Plastic')","0","0","0"
"('BG', 'Incineration of waste: Metals and Inert materials')","0","0","0"
"('BG', 'Incineration of waste: Textiles')","0","0","0"
"('BG', 'Incineration of waste: Wood')","0","0","0"
"('BG', 'Incineration of waste: Oil/Hazardous waste')","0","0","0"
"('BG', 'Biogasification of food waste, incl. land application')","0","0","0"
"('BG', 'Biogasification of paper, incl. land application')","0","0","0"
"('BG', 'Biogasification of sewage slugde, incl. land application')","0","0","0"
"('BG', 'Composting of food waste, incl. land application')","0","0","0"
"('BG', 'Composting of paper and wood, incl. land application')","0","0","0"
"('BG', 'Waste water treatment, food')","0","0","0"
"('BG', 'Waste water treatment, other')","0","0","0"
"('BG', 'Landfill of waste: Food')","0","0","0"
"('BG', 'Landfill of waste: Paper')","0","0","0"
"('BG', 'Landfill of waste: Plastic')","0","0","0"
"('BG', 'Landfill of waste: Inert/metal/hazardous')","0","0","0"
"('BG', 'Landfill of waste: Textiles')","0","0","0"
"('BG', 'Landfill of waste: Wood')","0","0","0"
"('BG', 'Private households with employed persons (95)')","0","0","0"
"('BG', 'Extra-territorial organizations and bodies')","0","0","0"
"('CY', 'Cultivation of paddy rice')","0","0","0"
"('CY', 'Cultivation of sugar cane, sugar beet')","0","0","0"
"('CY', 'Cultivation of plant-based fibers')","0","0","0"
"('CY', 'Wool, silk-worm cocoons')","0","0","0"
"('CY', 'Manure treatment (conventional), storage and land application')","0","0","0"
"('CY', 'Manure treatment (biogas), storage and land application')","0","0","0"
"('CY', 'Mining of coal and lignite; extraction of peat (10)')","0","0","0"
"('CY', 'Extraction of crude petroleum and services related to crude oil extraction, excluding surveying')","0","0","0"
"('CY', 'Extraction of natural gas and services related to natural gas extraction, excluding surveying')","0","0","0"
"('CY', 'Extraction, liquefaction, and regasification of other petroleum and gaseous materials')","0","0","0"
"('CY', 'Mining of uranium and thorium ores (12)')","0","0","0"
"('CY', 'Mining of iron ores')","0","0","0"
"('CY', 'Mining of nickel ores and concentrates')","0","0","0"
"('CY', 'Mining of aluminium ores and concentrates')","0","0","0"
"('CY', 'Mining of precious metal ores and concentrates')","0","0","0"
"('CY', 'Mining of lead, zinc and tin ores and concentrates')","0","0","0"
"('CY', 'Mining of other non-ferrous metal ores and concentrates')","0","0","0"
"('CY', 'Mining of chemical and fertilizer minerals, production of salt, other mining and quarrying n.e.c.')","0","0","0"
"('CY', 'Processed rice')","0","0","0"
"('CY', 'Sugar refining')","0","0","0"
"('CY', 'Re-processing of secondary wood material into new wood material')","0","0","0"
"('CY', 'Re-processing of secondary paper into new pulp')","0","0","0"
"('CY', 'Manufacture of coke oven products')","0","0","0"
"('CY', 'Plastics, basic')","0","0","0"
"('CY', 'Re-processing of secondary plastic into new plastic')","0","0","0"
"('CY', 'N-fertiliser')","0","0","0"
"('CY', 'P- and other fertiliser')","0","0","0"
"('CY', 'Manufacture of glass and glass products')","0","0","0"
"('CY', 'Re-processing of secondary glass into new glass')","0","0","0"
"('CY', 'Re-processing of ash into clinker')","0","0","0"
"('CY', 'Re-processing of secondary steel into new steel')","0","0","0"
"('CY', 'Precious metals production')","0","0","0"
"('CY', 'Re-processing of secondary preciuos metals into new preciuos metals')","0","0","0"
"('CY', 'Re-processing of secondary aluminium into new aluminium')","0","0","0"
"('CY', 'Re-processing of secondary lead into new lead, zinc and tin')","0","0","0"
"('CY', 'Re-processing of secondary copper into new copper')","0","0","0"
"('CY', 'Other non-ferrous metal production')","0","0","0"
"('CY', 'Re-processing of secondary other non-ferrous metals into new other non-ferrous metals')","0","0","0"
"('CY', 'Casting of metals')","0","0","0"
"('CY', 'Manufacture of electrical machinery and apparatus n.e.c. (31)')","0","0","0"
"('CY', 'Manufacture of radio, television and communication equipment and apparatus (32)')","0","0","0"
"('CY', 'Manufacture of medical, precision and optical instruments, watches and clocks (33)')","0","0","0"
"('CY', 'Manufacture of furniture; manufacturing n.e.c. (36)')","0","0","0"
"('CY', 'Recycling of waste and scrap')","0","0","0"
"('CY', 'Recycling of bottles by direct reuse')","0","0","0"
"('CY', 'Production of electricity by coal')","0","0","0"
"('CY', 'Production of electricity by gas')","0","0","0"
"('CY', 'Production of electricity by nuclear')","0","0","0"
"('CY', 'Production of electricity by hydro')","0","0","0"
"('CY', 'Production of electricity by solar thermal')","0","0","0"
"('CY', 'Production of electricity by tide, wave, ocean')","0","0","0"
"('CY', 'Production of electricity by Geothermal')","0","0","0"
"('CY', 'Production of electricity nec')","0","0","0"
"('CY', 'Steam and hot water supply')","0","0","0"
"('CY', 'Re-processing of secondary construction material into aggregates')","0","0","0"
"('CY', 'Incineration of waste: Food')","0","0","0"
"('CY', 'Incineration of waste: Paper')","0","0","0"
"('CY', 'Incineration of waste: Plastic')","0","0","0"
"('CY', 'Incineration of waste: Metals and Inert materials')","0","0","0"
"('CY', 'Incineration of waste: Textiles')","0","0","0"
"('CY', 'Incineration of waste: Wood')","0","0","0"
"('CY', 'Incineration of waste: Oil/Hazardous waste')","0","0","0"
"('CY', 'Biogasification of food waste, incl. land application')","0","0","0"
"('CY', 'Biogasification of paper, incl. land application')","0","0","0"
"('CY', 'Biogasification of sewage slugde, incl. land application')","0","0","0"
"('CY', 'Composting of food waste, incl. land application')","0","0","0"
"('CY', 'Composting of paper and wood, incl. land application')","0","0","0"
"('CY', 'Waste water treatment, food')","0","0","0"
"('CY', 'Waste water treatment, other')","0","0","0"
"('CY', 'Landfill of waste: Food')","0","0","0"
"('CY', 'Landfill of waste: Paper')","0","0","0"
"('CY', 'Landfill of waste: Plastic')","0","0","0"
"('CY', 'Landfill of waste: Inert/metal/hazardous')","0","0","0"
"('CY', 'Landfill of waste: Textiles')","0","0","0"
"('CY', 'Landfill of waste: Wood')","0","0","0"
"('CY', 'Extra-territorial organizations and bodies')","0","0","0"
"('CZ', 'Cultivation of paddy rice')","0","0","0"
"('CZ', 'Cultivation of plant-based fibers')","0","0","0"
"('CZ', 'Wool, silk-worm cocoons')","0","0","0"
"('CZ', 'Manure treatment (conventional), storage and land application')","0","0","0"
"('CZ', 'Manure treatment (biogas), storage and land application')","0","0","0"
"('CZ', 'Extraction, liquefaction, and regasification of other petroleum and gaseous materials')","0","0","0"
"('CZ', 'Mining of uranium and thorium ores (12)')","0","0","0"
"('CZ', 'Mining of copper ores and concentrates')","0","0","0"
"('CZ', 'Mining of nickel ores and concentrates')","0","0","0"
"('CZ', 'Mining of aluminium ores and concentrates')","0","0","0"
"('CZ', 'Mining of precious metal ores and concentrates')","0","0","0"
"('CZ', 'Mining of lead, zinc and tin ores and concentrates')","0","0","0"
"('CZ', 'Mining of other non-ferrous metal ores and concentrates')","0","0","0"
"('CZ', 'Re-processing of secondary wood material into new wood material')","0","0","0"
"('CZ', 'Re-processing of secondary paper into new pulp')","0","0","0"
"('CZ', 'Re-processing of secondary plastic into new plastic')","0","0","0"
"('CZ', 'Re-processing of secondary glass into new glass')","0","0","0"
"('CZ', 'Re-processing of ash into clinker')","0","0","0"
"('CZ', 'Re-processing of secondary preciuos metals into new preciuos metals')","0","0","0"
"('CZ', 'Re-processing of secondary aluminium into new aluminium')","0","0","0"
"('CZ', 'Re-processing of secondary lead into new lead, zinc and tin')","0","0","0"
"('CZ', 'Re-processing of secondary copper into new copper')","0","0","0"
"('CZ', 'Re-processing of secondary other non-ferrous metals into new other non-ferrous metals')","0","0","0"
"('CZ', 'Manufacture of electrical machinery and apparatus n.e.c. (31)')","0","0","0"
"('CZ', 'Manufacture of radio, television and communication equipment and apparatus (32)')","0","0","0"
"('CZ', 'Manufacture of medical, precision and optical instruments, watches and clocks (33)')","0","0","0"
"('CZ', 'Recycling of bottles by direct reuse')","0","0","0"
"('CZ', 'Production of electricity by solar thermal')","0","0","0"
"('CZ', 'Production of electricity by tide, wave, ocean')","0","0","0"
"('CZ', 'Production of electricity by Geothermal')","0","0","0"
"('CZ', 'Production of electricity nec')","0","0","0"
"('CZ', 'Re-processing of secondary construction material into aggregates')","0","0","0"
"('CZ', 'Biogasification of food waste, incl. land application')","0","0","0"
"('CZ', 'Biogasification of paper, incl. land application')","0","0","0"
"('CZ', 'Composting of paper and wood, incl. land application')","0","0","0"
"('CZ', 'Extra-territorial organizations and bodies')","0","0","0"
"('DE', 'Cultivation of paddy rice')","0","0","0"
"('DE', 'Cultivation of plant-based fibers')","0","0","0"
"('DE', 'Manure treatment (conventional), storage and land application')","0","0","0"
"('DE', 'Manure treatment (biogas), storage and land application')","0","0","0"
"('DE', 'Extraction, liquefaction, and regasification of other petroleum and gaseous materials')","0","0","0"
"('DE', 'Mining of copper ores and concentrates')","0","0","0"
"('DE', 'Mining of nickel ores and concentrates')","0","0","0"
"('DE', 'Mining of aluminium ores and concentrates')","0","0","0"
"('DE', 'Mining of precious metal ores and concentrates')","0","0","0"
"('DE', 'Re-processing of secondary wood material into new wood material')","0","0","0"
"('DE', 'Re-processing of secondary paper into new pulp')","0","0","0"
"('DE', 'Re-processing of secondary plastic into new plastic')","0","0","0"
"('DE', 'Re-processing of secondary glass into new glass')","0","0","0"
"('DE', 'Re-processing of ash into clinker')","0","0","0"
"('DE', 'Re-processing of secondary preciuos metals into new preciuos metals')","0","0","0"
"('DE', 'Re-processing of secondary aluminium into new aluminium')","0","0","0"
"('DE', 'Re-processing of secondary lead into new lead, zinc and tin')","0","0","0"
"('DE', 'Re-processing of secondary copper into new copper')","0","0","0"
"('DE', 'Re-processing of secondary other non-ferrous metals into new other non-ferrous metals')","0","0","0"
"('DE', 'Manufacture of medical, precision and optical instruments, watches and clocks (33)')","0","0","0"
"('DE', 'Recycling of bottles by direct reuse')","0","0","0"
"('DE', 'Production of electricity by solar thermal')","0","0","0"
"('DE', 'Production of electricity by tide, wave, ocean')","0","0","0"
"('DE', 'Re-processing of secondary construction material into aggregates')","0","0","0"
"('DE', 'Extra-territorial organizations and bodies')","0","0","0"
"('DK', 'Cultivation of paddy rice')","0","0","0"
"('DK', 'Cultivation of plant-based fibers')","0","0","0"
"('DK', 'Meat animals nec')","0","0","0"
"('DK', 'Animal products nec')","0","0","0"
"('DK', 'Manure treatment (conventional), storage and land application')","0","0","0"
"('DK', 'Manure treatment (biogas), storage and land application')","0","0","0"
"('DK', 'Extraction, liquefaction, and regasification of other petroleum and gaseous materials')","0","0","0"
"('DK', 'Mining of uranium and thorium ores (12)')","0","0","0"
"('DK', 'Mining of iron ores')","0","0","0"
"('DK', 'Mining of copper ores and concentrates')","0","0","0"
"('DK', 'Mining of nickel ores and concentrates')","0","0","0"
"('DK', 'Mining of aluminium ores and concentrates')","0","0","0"
"('DK', 'Mining of precious metal ores and concentrates')","0","0","0"
"('DK', 'Mining of lead, zinc and tin ores and concentrates')","0","0","0"
"('DK', 'Mining of other non-ferrous metal ores and concentrates')","0","0","0"
"('DK', 'Quarrying of stone')","0","0","0"
"('DK', 'Quarrying of sand and clay')","0","0","0"
"('DK', 'Mining of chemical and fertilizer minerals, production of salt, other mining and quarrying n.e.c.')","0","0","0"
"('DK', 'Re-processing of secondary wood material into new wood material')","0","0","0"
"('DK', 'Re-processing of secondary paper into new pulp')","0","0","0"
"('DK', 'Manufacture of coke oven products')","0","0","0"
"('DK', 'Re-processing of secondary plastic into new plastic')","0","0","0"
"('DK', 'Re-processing of secondary glass into new glass')","0","0","0"
"('DK', 'Re-processing of ash into clinker')","0","0","0"
"('DK', 'Re-processing of secondary steel into new steel')","0","0","0"
"('DK', 'Re-processing of secondary preciuos metals into new preciuos metals')","0","0","0"
"('DK', 'Re-processing of secondary aluminium into new aluminium')","0","0","0"
"('DK', 'Re-processing of secondary lead into new lead, zinc and tin')","0","0","0"
"('DK', 'Re-processing of secondary copper into new copper')","0","0","0"
"('DK', 'Re-processing of secondary other non-ferrous metals into new other non-ferrous metals')","0","0","0"
"('DK', 'Casting of metals')","0","0","0"
"('DK', 'Manufacture of electrical machinery and apparatus n.e.c. (31)')","0","0","0"
"('DK', 'Manufacture of radio, television and communication equipment and apparatus (32)')","0","0","0"
"('DK', 'Manufacture of medical, precision and optical instruments, watches and clocks (33)')","0","0","0"
"('DK', 'Recycling of bottles by direct reuse')","0","0","0"
"('DK', 'Production of electricity by nuclear')","0","0","0"
"('DK', 'Production of electricity by hydro')","0","0","0"
"('DK', 'Production of electricity by solar thermal')","0","0","0"
"('DK', 'Production of electricity by tide, wave, ocean')","0","0","0"
"('DK', 'Production of electricity by Geothermal')","0","0","0"
"('DK', 'Production of electricity nec')","0","0","0"
"('DK', 'Re-processing of secondary construction material into aggregates')","0","0","0"
"('DK', 'Composting of paper and wood, incl. land application')","0","0","0"
"('DK', 'Extra-territorial organizations and bodies')","0","0","0"
"('EE', 'Cultivation of paddy rice')","0","0","0"
"('EE', 'Cultivation of sugar cane, sugar beet')","0","0","0"
"('EE', 'Cultivation of plant-based fibers')","0","0","0"
"('EE', 'Meat animals nec')","0","0","0"
"('EE', 'Animal products nec')","0","0","0"
"('EE', 'Wool, silk-worm cocoons')","0","0","0"
"('EE', 'Manure treatment (conventional), storage and land application')","0","0","0"
"('EE', 'Manure treatment (biogas), storage and land application')","0","0","0"
"('EE', 'Mining of coal and lignite; extraction of peat (10)')","0","0","0"
"('EE', 'Extraction of natural gas and services related to natural gas extraction, excluding surveying')","0","0","0"
"('EE', 'Mining of uranium and thorium ores (12)')","0","0","0"
"('EE', 'Mining of iron ores')","0","0","0"
"('EE', 'Mining of copper ores and concentrates')","0","0","0"
"('EE', 'Mining of nickel ores and concentrates')","0","0","0"
"('EE', 'Mining of aluminium ores and concentrates')","0","0","0"
"('EE', 'Mining of precious metal ores and concentrates')","0","0","0"
"('EE', 'Mining of lead, zinc and tin ores and concentrates')","0","0","0"
"('EE', 'Mining of other non-ferrous metal ores and concentrates')","0","0","0"
"('EE', 'Quarrying of stone')","0","0","0"
"('EE', 'Quarrying of sand and clay')","0","0","0"
"('EE', 'Mining of chemical and fertilizer minerals, production of salt, other mining and quarrying n.e.c.')","0","0","0"
"('EE', 'Production of meat products nec')","0","0","0"
"('EE', 'Processed rice')","0","0","0"
"('EE', 'Sugar refining')","0","0","0"
"('EE', 'Manufacture of tobacco products (16)')","0","0","0"
"('EE', 'Re-processing of secondary wood material into new wood material')","0","0","0"
"('EE', 'Re-processing of secondary paper into new pulp')","0","0","0"
"('EE', 'Re-processing of secondary plastic into new plastic')","0","0","0"
"('EE', 'Re-processing of secondary glass into new glass')","0","0","0"
"('EE', 'Re-processing of ash into clinker')","0","0","0"
"('EE', 'Re-processing of secondary steel into new steel')","0","0","0"
"('EE', 'Re-processing of secondary preciuos metals into new preciuos metals')","0","0","0"
"('EE', 'Re-processing of secondary aluminium into new aluminium')","0","0","0"
"('EE', 'Re-processing of secondary lead into new lead, zinc and tin')","0","0","0"
"('EE', 'Re-processing of secondary copper into new copper')","0","0","0"
"('EE', 'Re-processing of secondary other non-ferrous metals into new other non-ferrous metals')","0","0","0"
"('EE', 'Manufacture of electrical machinery and apparatus n.e.c. (31)')","0","0","0"
"('EE', 'Manufacture of radio, television and communication equipment and apparatus (32)')","0","0","0"
"('EE', 'Manufacture of medical, precision and optical instruments, watches and clocks (33)')","0","0","0"
"('EE', 'Recycling of waste and scrap')","0","0","0"
"('EE', 'Recycling of bottles by direct reuse')","0","0","0"
"('EE', 'Production of electricity by coal')","0","0","0"
"('EE', 'Production of electricity by nuclear')","0","0","0"
"('EE', 'Production of electricity by hydro')","0","0","0"
"('EE', 'Production of electricity by solar photovoltaic')","0","0","0"
"('EE', 'Production of electricity by solar thermal')","0","0","0"
"('EE', 'Production of electricity by tide, wave, ocean')","0","0","0"
"('EE', 'Production of electricity by Geothermal')","0","0","0"
"('EE', 'Production of electricity nec')","0","0","0"
"('EE', 'Re-processing of secondary construction material into aggregates')","0","0","0"
"('EE', 'Incineration of waste: Food')","0","0","0"
"('EE', 'Incineration of waste: Paper')","0","0","0"
"('EE', 'Incineration of waste: Plastic')","0","0","0"
"('EE', 'Incineration of waste: Metals and Inert materials')","0","0","0"
"('EE', 'Incineration of waste: Textiles')","0","0","0"
"('EE', 'Biogasification of food waste, incl. land application')","0","0","0"
"('EE', 'Biogasification of paper, incl. land application')","0","0","0"
"('EE', 'Composting of paper and wood, incl. land application')","0","0","0"
"('EE', 'Landfill of waste: Plastic')","0","0","0"
"('EE', 'Extra-territorial organizations and bodies')","0","0","0"
"('ES', 'Manure treatment (conventional), storage and land application')","0","0","0"
"('ES', 'Manure treatment (biogas), storage and land application')","0","0","0"
"('ES', 'Mining of coal and lignite; extraction of peat (10)')","0","0","0"
"('ES', 'Extraction, liquefaction, and regasification of other petroleum and gaseous materials')","0","0","0"
"('ES', 'Mining of iron ores')","0","0","0"
"('ES', 'Mining of aluminium ores and concentrates')","0","0","0"
"('ES', 'Re-processing of secondary wood material into new wood material')","0","0","0"
"('ES', 'Re-processing of secondary paper into new pulp')","0","0","0"
"('ES', 'Re-processing of secondary plastic into new plastic')","0","0","0"
"('ES', 'Re-processing of secondary glass into new glass')","0","0","0"
"('ES', 'Re-processing of ash into clinker')","0","0","0"
"('ES', 'Re-processing of secondary preciuos metals into new preciuos metals')","0","0","0"
"('ES', 'Re-processing of secondary aluminium into new aluminium')","0","0","0"
"('ES', 'Re-processing of secondary lead into new lead, zinc and tin')","0","0","0"
"('ES', 'Re-processing of secondary copper into new copper')","0","0","0"
"('ES', 'Re-processing of secondary other non-ferrous metals into new other non-ferrous metals')","0","0","0"
"('ES', 'Manufacture of radio, television and communication equipment and apparatus (32)')","0","0","0"
"('ES', 'Manufacture of medical, precision and optical instruments, watches and clocks (33)')","0","0","0"
"('ES', 'Recycling of bottles by direct reuse')","0","0","0"
"('ES', 'Production of electricity by tide, wave, ocean')","0","0","0"
"('ES', 'Production of electricity by Geothermal')","0","0","0"
"('ES', 'Steam and hot water supply')","0","0","0"
"('ES', 'Re-processing of secondary construction material into aggregates')","0","0","0"
"('ES', 'Composting of paper and wood, incl. land application')","0","0","0"
"('ES', 'Extra-territorial organizations and bodies')","0","0","0"
"('FI', 'Cultivation of paddy rice')","0","0","0"
"('FI', 'Cultivation of plant-based fibers')","0","0","0"
"('FI', 'Meat animals nec')","0","0","0"
"('FI', 'Wool, silk-worm cocoons')","0","0","0"
"('FI', 'Manure treatment (conventional), storage and land application')","0","0","0"
"('FI', 'Manure treatment (biogas), storage and land application')","0","0","0"
"('FI', 'Extraction of crude petroleum and services related to crude oil extraction, excluding surveying')","0","0","0"
"('FI', 'Mining of uranium and thorium ores (12)')","0","0","0"
"('FI', 'Mining of iron ores')","0","0","0"
"('FI', 'Mining of aluminium ores and concentrates')","0","0","0"
"('FI', 'Processed rice')","0","0","0"
"('FI', 'Manufacture of tobacco products (16)')","0","0","0"
"('FI', 'Re-processing of secondary wood material into new wood material')","0","0","0"
"('FI', 'Re-processing of secondary paper into new pulp')","0","0","0"
"('FI', 'Re-processing of secondary plastic into new plastic')","0","0","0"
"('FI', 'Re-processing of secondary glass into new glass')","0","0","0"
"('FI', 'Re-processing of ash into clinker')","0","0","0"
"('FI', 'Re-processing of secondary preciuos metals into new preciuos metals')","0","0","0"
"('FI', 'Re-processing of secondary aluminium into new aluminium')","0","0","0"
"('FI', 'Re-processing of secondary lead into new lead, zinc and tin')","0","0","0"
"('FI', 'Re-processing of secondary copper into new copper')","0","0","0"
"('FI', 'Re-processing of secondary other non-ferrous metals into new other non-ferrous metals')","0","0","0"
"('FI', 'Manufacture of electrical machinery and apparatus n.e.c. (31)')","0","0","0"
"('FI', 'Manufacture of radio, television and communication equipment and apparatus (32)')","0","0","0"
"('FI', 'Manufacture of medical, precision and optical instruments, watches and clocks (33)')","0","0","0"
"('FI', 'Recycling of bottles by direct reuse')","0","0","0"
"('FI', 'Production of electricity by solar thermal')","0","0","0"
"('FI', 'Production of electricity by tide, wave, ocean')","0","0","0"
"('FI', 'Production of electricity by Geothermal')","0","0","0"
"('FI', 'Production of electricity nec')","0","0","0"
"('FI', 'Re-processing of secondary construction material into aggregates')","0","0","0"
"('FI', 'Biogasification of food waste, incl. land application')","0","0","0"
"('FI', 'Biogasification of paper, incl. land application')","0","0","0"
"('FI', 'Composting of paper and wood, incl. land application')","0","0","0"
"('FI', 'Extra-territorial organizations and bodies')","0","0","0"
"('FR', 'Manure treatment (conventional), storage and land application')","0","0","0"
"('FR', 'Manure treatment (biogas), storage and land application')","0","0","0"
"('FR', 'Mining of coal and lignite; extraction of peat (10)')","0","0","0"
"('FR', 'Extraction, liquefaction, and regasification of other petroleum and gaseous materials')","0","0","0"
"('FR', 'Mining of iron ores')","0","0","0"
"('FR', 'Mining of copper ores and concentrates')","0","0","0"
"('FR', 'Mining of nickel ores and concentrates')","0","0","0"
"('FR', 'Mining of precious metal ores and concentrates')","0","0","0"
"('FR', 'Mining of lead, zinc and tin ores and concentrates')","0","0","0"
"('FR', 'Mining of other non-ferrous metal ores and concentrates')","0","0","0"
"('FR', 'Re-processing of secondary wood material into new wood material')","0","0","0"
"('FR', 'Re-processing of secondary paper into new pulp')","0","0","0"
"('FR', 'Re-processing of secondary plastic into new plastic')","0","0","0"
"('FR', 'Re-processing of secondary glass into new glass')","0","0","0"
"('FR', 'Re-processing of ash into clinker')","0","0","0"
"('FR', 'Re-processing of secondary preciuos metals into new preciuos metals')","0","0","0"
"('FR', 'Re-processing of secondary aluminium into new aluminium')","0","0","0"
"('FR', 'Re-processing of secondary lead into new lead, zinc and tin')","0","0","0"
"('FR', 'Re-processing of secondary copper into new copper')","0","0","0"
"('FR', 'Re-processing of secondary other non-ferrous metals into new other non-ferrous metals')","0","0","0"
"('FR', 'Manufacture of radio, television and communication equipment and apparatus (32)')","0","0","0"
"('FR', 'Manufacture of medical, precision and optical instruments, watches and clocks (33)')","0","0","0"
"('FR', 'Recycling of waste and scrap')","0","0","0"
"('FR', 'Recycling of bottles by direct reuse')","0","0","0"
"('FR', 'Production of electricity by solar thermal')","0","0","0"
"('FR', 'Re-processing of secondary construction material into aggregates')","0","0","0"
"('FR', 'Extra-territorial organizations and bodies')","0","0","0"
"('GR', 'Cultivation of sugar cane, sugar beet')","0","0","0"
"('GR', 'Manure treatment (conventional), storage and land application')","0","0","0"
"('GR', 'Manure treatment (biogas), storage and land application')","0","0","0"
"('GR', 'Extraction, liquefaction, and regasification of other petroleum and gaseous materials')","0","0","0"
"('GR', 'Mining of uranium and thorium ores (12)')","0","0","0"
"('GR', 'Mining of copper ores and concentrates')","0","0","0"
"('GR', 'Mining of other non-ferrous metal ores and concentrates')","0","0","0"
"('GR', 'Sugar refining')","0","0","0"
"('GR', 'Re-processing of secondary wood material into new wood material')","0","0","0"
"('GR', 'Re-processing of secondary paper into new pulp')","0","0","0"
"('GR', 'Manufacture of coke oven products')","0","0","0"
"('GR', 'Processing of nuclear fuel')","0","0","0"
"('GR', 'Re-processing of secondary plastic into new plastic')","0","0","0"
"('GR', 'Re-processing of secondary glass into new glass')","0","0","0"
"('GR', 'Re-processing of ash into clinker')","0","0","0"
"('GR', 'Manufacture of basic iron and steel and of ferro-alloys and first products thereof')","0","0","0"
"('GR', 'Re-processing of secondary preciuos metals into new preciuos metals')","0","0","0"
"('GR', 'Re-processing of secondary aluminium into new aluminium')","0","0","0"
"('GR', 'Re-processing of secondary lead into new lead, zinc and tin')","0","0","0"
"('GR', 'Re-processing of secondary copper into new copper')","0","0","0"
"('GR', 'Other non-ferrous metal production')","0","0","0"
"('GR', 'Re-processing of secondary other non-ferrous metals into new other non-ferrous metals')","0","0","0"
"('GR', 'Casting of metals')","0","0","0"
"('GR', 'Manufacture of machinery and equipment n.e.c. (29)')","0","0","0"
"('GR', 'Recycling of waste and scrap')","0","0","0"
"('GR', 'Recycling of bottles by direct reuse')","0","0","0"
"('GR', 'Production of electricity by nuclear')","0","0","0"
"('GR', 'Production of electricity by solar thermal')","0","0","0"
"('GR', 'Production of electricity by tide, wave, ocean')","0","0","0"
"('GR', 'Production of electricity by Geothermal')","0","0","0"
"('GR', 'Production of electricity nec')","0","0","0"
"('GR', 'Collection, purification and distribution of water (41)')","0","0","0"
"('GR', 'Re-processing of secondary construction material into aggregates')","0","0","0"
"('GR', 'Renting of machinery and equipment without operator and of personal and household goods (71)')","0","0","0"
"('GR', 'Incineration of waste: Food')","0","0","0"
"('GR', 'Incineration of waste: Paper')","0","0","0"
"('GR', 'Incineration of waste: Plastic')","0","0","0"
"('GR', 'Incineration of waste: Metals and Inert materials')","0","0","0"
"('GR', 'Incineration of waste: Textiles')","0","0","0"
"('GR', 'Incineration of waste: Wood')","0","0","0"
"('GR', 'Incineration of waste: Oil/Hazardous waste')","0","0","0"
"('GR', 'Biogasification of food waste, incl. land application')","0","0","0"
"('GR', 'Biogasification of paper, incl. land application')","0","0","0"
"('GR', 'Biogasification of sewage slugde, incl. land application')","0","0","0"
"('GR', 'Composting of food waste, incl. land application')","0","0","0"
"('GR', 'Composting of paper and wood, incl. land application')","0","0","0"
"('GR', 'Waste water treatment, food')","0","0","0"
"('GR', 'Waste water treatment, other')","0","0","0"
"('GR', 'Landfill of waste: Food')","0","0","0"
"('GR', 'Landfill of waste: Paper')","0","0","0"
"('GR', 'Landfill of waste: Plastic')","0","0","0"
"('GR', 'Landfill of waste: Inert/metal/hazardous')","0","0","0"
"('GR', 'Landfill of waste: Textiles')","0","0","0"
"('GR', 'Landfill of waste: Wood')","0","0","0"
"('GR', 'Extra-territorial organizations and bodies')","0","0","0"
"('HR', 'Cultivation of paddy rice')","0","0","0"
"('HR', 'Animal products nec')","0","0","0"
"('HR', 'Wool, silk-worm cocoons')","0","0","0"
"('HR', 'Manure treatment (conventional), storage and land application')","0","0","0"
"('HR', 'Manure treatment (biogas), storage and land application')","0","0","0"
"('HR', 'Mining of coal and lignite; extraction of peat (10)')","0","0","0"
"('HR', 'Mining of uranium and thorium ores (12)')","0","0","0"
"('HR', 'Mining of iron ores')","0","0","0"
"('HR', 'Mining of copper ores and concentrates')","0","0","0"
"('HR', 'Mining of nickel ores and concentrates')","0","0","0"
"('HR', 'Mining of aluminium ores and concentrates')","0","0","0"
"('HR', 'Mining of precious metal ores and concentrates')","0","0","0"
"('HR', 'Mining of lead, zinc and tin ores and concentrates')","0","0","0"
"('HR', 'Mining of other non-ferrous metal ores and concentrates')","0","0","0"
"('HR', 'Quarrying of stone')","0","0","0"
"('HR', 'Quarrying of sand and clay')","0","0","0"
"('HR', 'Mining of chemical and fertilizer minerals, production of salt, other mining and quarrying n.e.c.')","0","0","0"
"('HR', 'Re-processing of secondary wood material into new wood material')","0","0","0"
"('HR', 'Re-processing of secondary paper into new pulp')","0","0","0"
"('HR', 'Processing of nuclear fuel')","0","0","0"
"('HR', 'Re-processing of secondary plastic into new plastic')","0","0","0"
"('HR', 'Re-processing of secondary glass into new glass')","0","0","0"
"('HR', 'Re-processing of ash into clinker')","0","0","0"
"('HR', 'Manufacture of basic iron and steel and of ferro-alloys and first products thereof')","0","0","0"
"('HR', 'Precious metals production')","0","0","0"
"('HR', 'Re-processing of secondary preciuos metals into new preciuos metals')","0","0","0"
"('HR', 'Re-processing of secondary aluminium into new aluminium')","0","0","0"
"('HR', 'Re-processing of secondary lead into new lead, zinc and tin')","0","0","0"
"('HR', 'Re-processing of secondary copper into new copper')","0","0","0"
"('HR', 'Other non-ferrous metal production')","0","0","0"
"('HR', 'Re-processing of secondary other non-ferrous metals into new other non-ferrous metals')","0","0","0"
"('HR', 'Casting of metals')","0","0","0"
"('HR', 'Manufacture of electrical machinery and apparatus n.e.c. (31)')","0","0","0"
"('HR', 'Manufacture of radio, television and communication equipment and apparatus (32)')","0","0","0"
"('HR', 'Manufacture of medical, precision and optical instruments, watches and clocks (33)')","0","0","0"
"('HR', 'Recycling of waste and scrap')","0","0","0"
"('HR', 'Recycling of bottles by direct reuse')","0","0","0"
"('HR', 'Production of electricity by nuclear')","0","0","0"
"('HR', 'Production of electricity by petroleum and other oil derivatives')","0","0","0"
"('HR', 'Production of electricity by solar thermal')","0","0","0"
"('HR', 'Production of electricity by tide, wave, ocean')","0","0","0"
"('HR', 'Production of electricity nec')","0","0","0"
"('HR', 'Re-processing of secondary construction material into aggregates')","0","0","0"
"('HR', 'Incineration of waste: Food')","0","0","0"
"('HR', 'Incineration of waste: Paper')","0","0","0"
"('HR', 'Incineration of waste: Plastic')","0","0","0"
"('HR', 'Incineration of waste: Metals and Inert materials')","0","0","0"
"('HR', 'Incineration of waste: Textiles')","0","0","0"
"('HR', 'Incineration of waste: Wood')","0","0","0"
"('HR', 'Incineration of waste: Oil/Hazardous waste')","0","0","0"
"('HR', 'Biogasification of food waste, incl. land application')","0","0","0"
"('HR', 'Biogasification of paper, incl. land application')","0","0","0"
"('HR', 'Biogasification of sewage slugde, incl. land application')","0","0","0"
"('HR', 'Composting of food waste, incl. land application')","0","0","0"
"('HR', 'Composting of paper and wood, incl. land application')","0","0","0"
"('HR', 'Waste water treatment, food')","0","0","0"
"('HR', 'Waste water treatment, other')","0","0","0"
"('HR', 'Landfill of waste: Food')","0","0","0"
"('HR', 'Landfill of waste: Paper')","0","0","0"
"('HR', 'Landfill of waste: Plastic')","0","0","0"
"('HR', 'Landfill of waste: Inert/metal/hazardous')","0","0","0"
"('HR', 'Landfill of waste: Textiles')","0","0","0"
"('HR', 'Landfill of waste: Wood')","0","0","0"
"('HR', 'Extra-territorial organizations and bodies')","0","0","0"
"('HU', 'Cultivation of plant-based fibers')","0","0","0"
"('HU', 'Manure treatment (conventional), storage and land application')","0","0","0"
"('HU', 'Manure treatment (biogas), storage and land application')","0","0","0"
"('HU', 'Mining of uranium and thorium ores (12)')","0","0","0"
"('HU', 'Mining of iron ores')","0","0","0"
"('HU', 'Mining of copper ores and concentrates')","0","0","0"
"('HU', 'Mining of nickel ores and concentrates')","0","0","0"
"('HU', 'Mining of aluminium ores and concentrates')","0","0","0"
"('HU', 'Mining of precious metal ores and concentrates')","0","0","0"
"('HU', 'Mining of lead, zinc and tin ores and concentrates')","0","0","0"
"('HU', 'Mining of chemical and fertilizer minerals, production of salt, other mining and quarrying n.e.c.')","0","0","0"
"('HU', 'Re-processing of secondary wood material into new wood material')","0","0","0"
"('HU', 'Re-processing of secondary paper into new pulp')","0","0","0"
"('HU', 'Processing of nuclear fuel')","0","0","0"
"('HU', 'Re-processing of secondary plastic into new plastic')","0","0","0"
"('HU', 'Re-processing of secondary glass into new glass')","0","0","0"
"('HU', 'Re-processing of ash into clinker')","0","0","0"
"('HU', 'Re-processing of secondary preciuos metals into new preciuos metals')","0","0","0"
"('HU', 'Re-processing of secondary aluminium into new aluminium')","0","0","0"
"('HU', 'Re-processing of secondary lead into new lead, zinc and tin')","0","0","0"
"('HU', 'Re-processing of secondary copper into new copper')","0","0","0"
"('HU', 'Re-processing of secondary other non-ferrous metals into new other non-ferrous metals')","0","0","0"
"('HU', 'Manufacture of electrical machinery and apparatus n.e.c. (31)')","0","0","0"
"('HU', 'Manufacture of radio, television and communication equipment and apparatus (32)')","0","0","0"
"('HU', 'Manufacture of medical, precision and optical instruments, watches and clocks (33)')","0","0","0"
"('HU', 'Recycling of waste and scrap')","0","0","0"
"('HU', 'Recycling of bottles by direct reuse')","0","0","0"
"('HU', 'Production of electricity by hydro')","0","0","0"
"('HU', 'Production of electricity by solar thermal')","0","0","0"
"('HU', 'Production of electricity by tide, wave, ocean')","0","0","0"
"('HU', 'Production of electricity by Geothermal')","0","0","0"
"('HU', 'Re-processing of secondary construction material into aggregates')","0","0","0"
"('HU', 'Biogasification of food waste, incl. land application')","0","0","0"
"('HU', 'Biogasification of paper, incl. land application')","0","0","0"
"('HU', 'Composting of paper and wood, incl. land application')","0","0","0"
"('HU', 'Extra-territorial organizations and bodies')","0","0","0"
"('IE', 'Cultivation of paddy rice')","0","0","0"
"('IE', 'Cultivation of plant-based fibers')","0","0","0"
"('IE', 'Cultivation of crops nec')","0","0","0"
"('IE', 'Animal products nec')","0","0","0"
"('IE', 'Manure treatment (conventional), storage and land application')","0","0","0"
"('IE', 'Manure treatment (biogas), storage and land application')","0","0","0"
"('IE', 'Extraction of crude petroleum and services related to crude oil extraction, excluding surveying')","0","0","0"
"('IE', 'Mining of uranium and thorium ores (12)')","0","0","0"
"('IE', 'Mining of iron ores')","0","0","0"
"('IE', 'Mining of copper ores and concentrates')","0","0","0"
"('IE', 'Mining of nickel ores and concentrates')","0","0","0"
"('IE', 'Mining of aluminium ores and concentrates')","0","0","0"
"('IE', 'Mining of other non-ferrous metal ores and concentrates')","0","0","0"
"('IE', 'Processed rice')","0","0","0"
"('IE', 'Manufacture of tobacco products (16)')","0","0","0"
"('IE', 'Re-processing of secondary wood material into new wood material')","0","0","0"
"('IE', 'Re-processing of secondary paper into new pulp')","0","0","0"
"('IE', 'Manufacture of coke oven products')","0","0","0"
"('IE', 'Re-processing of secondary plastic into new plastic')","0","0","0"
"('IE', 'Re-processing of secondary glass into new glass')","0","0","0"
"('IE', 'Re-processing of ash into clinker')","0","0","0"
"('IE', 'Re-processing of secondary steel into new steel')","0","0","0"
"('IE', 'Re-processing of secondary preciuos metals into new preciuos metals')","0","0","0"
"('IE', 'Re-processing of secondary aluminium into new aluminium')","0","0","0"
"('IE', 'Re-processing of secondary lead into new lead, zinc and tin')","0","0","0"
"('IE', 'Re-processing of secondary copper into new copper')","0","0","0"
"('IE', 'Re-processing of secondary other non-ferrous metals into new other non-ferrous metals')","0","0","0"
"('IE', 'Casting of metals')","0","0","0"
"('IE', 'Manufacture of medical, precision and optical instruments, watches and clocks (33)')","0","0","0"
"('IE', 'Recycling of waste and scrap')","0","0","0"
"('IE', 'Recycling of bottles by direct reuse')","0","0","0"
"('IE', 'Production of electricity by nuclear')","0","0","0"
"('IE', 'Production of electricity by solar photovoltaic')","0","0","0"
"('IE', 'Production of electricity by solar thermal')","0","0","0"
"('IE', 'Production of electricity by tide, wave, ocean')","0","0","0"
"('IE', 'Production of electricity by Geothermal')","0","0","0"
"('IE', 'Production of electricity nec')","0","0","0"
"('IE', 'Steam and hot water supply')","0","0","0"
"('IE', 'Re-processing of secondary construction material into aggregates')","0","0","0"
"('IE', 'Incineration of waste: Food')","0","0","0"
"('IE', 'Incineration of waste: Paper')","0","0","0"
"('IE', 'Incineration of waste: Plastic')","0","0","0"
"('IE', 'Incineration of waste: Metals and Inert materials')","0","0","0"
"('IE', 'Incineration of waste: Textiles')","0","0","0"
"('IE', 'Incineration of waste: Wood')","0","0","0"
"('IE', 'Incineration of waste: Oil/Hazardous waste')","0","0","0"
"('IE', 'Biogasification of food waste, incl. land application')","0","0","0"
"('IE', 'Biogasification of paper, incl. land application')","0","0","0"
"('IE', 'Biogasification of sewage slugde, incl. land application')","0","0","0"
"('IE', 'Composting of food waste, incl. land application')","0","0","0"
"('IE', 'Composting of paper and wood, incl. land application')","0","0","0"
"('IE', 'Waste water treatment, food')","0","0","0"
"('IE', 'Waste water treatment, other')","0","0","0"
"('IE', 'Landfill of waste: Food')","0","0","0"
"('IE', 'Landfill of waste: Paper')","0","0","0"
"('IE', 'Landfill of waste: Plastic')","0","0","0"
"('IE', 'Landfill of waste: Inert/metal/hazardous')","0","0","0"
"('IE', 'Landfill of waste: Textiles')","0","0","0"
"('IE', 'Landfill of waste: Wood')","0","0","0"
"('IE', 'Extra-territorial organizations and bodies')","0","0","0"
"('IT', 'Cultivation of plant-based fibers')","0","0","0"
"('IT', 'Animal products nec')","0","0","0"
"('IT', 'Manure treatment (conventional), storage and land application')","0","0","0"
"('IT', 'Manure treatment (biogas), storage and land application')","0","0","0"
"('IT', 'Mining of coal and lignite; extraction of peat (10)')","0","0","0"
"('IT', 'Mining of uranium and thorium ores (12)')","0","0","0"
"('IT', 'Mining of iron ores')","0","0","0"
"('IT', 'Mining of copper ores and concentrates')","0","0","0"
"('IT', 'Mining of nickel ores and concentrates')","0","0","0"
"('IT', 'Mining of aluminium ores and concentrates')","0","0","0"
"('IT', 'Mining of other non-ferrous metal ores and concentrates')","0","0","0"
"('IT', 'Re-processing of secondary wood material into new wood material')","0","0","0"
"('IT', 'Re-processing of secondary paper into new pulp')","0","0","0"
"('IT', 'Re-processing of secondary plastic into new plastic')","0","0","0"
"('IT', 'Re-processing of secondary glass into new glass')","0","0","0"
"('IT', 'Re-processing of ash into clinker')","0","0","0"
"('IT', 'Re-processing of secondary preciuos metals into new preciuos metals')","0","0","0"
"('IT', 'Re-processing of secondary aluminium into new aluminium')","0","0","0"
"('IT', 'Re-processing of secondary lead into new lead, zinc and tin')","0","0","0"
"('IT', 'Re-processing of secondary copper into new copper')","0","0","0"
"('IT', 'Re-processing of secondary other non-ferrous metals into new other non-ferrous metals')","0","0","0"
"('IT', 'Manufacture of electrical machinery and apparatus n.e.c. (31)')","0","0","0"
"('IT', 'Manufacture of radio, television and communication equipment and apparatus (32)')","0","0","0"
"('IT', 'Manufacture of medical, precision and optical instruments, watches and clocks (33)')","0","0","0"
"('IT', 'Recycling of bottles by direct reuse')","0","0","0"
"('IT', 'Production of electricity by nuclear')","0","0","0"
"('IT', 'Production of electricity by solar thermal')","0","0","0"
"('IT', 'Production of electricity by tide, wave, ocean')","0","0","0"
"('IT', 'Re-processing of secondary construction material into aggregates')","0","0","0"
"('IT', 'Extra-territorial organizations and bodies')","0","0","0"
"('LT', 'Cultivation of paddy rice')","0","0","0"
"('LT', 'Cultivation of plant-based fibers')","0","0","0"
"('LT', 'Animal products nec')","0","0","0"
"('LT', 'Wool, silk-worm cocoons')","0","0","0"
"('LT', 'Manure treatment (conventional), storage and land application')","0","0","0"
"('LT', 'Manure treatment (biogas), storage and land application')","0","0","0"
"('LT', 'Mining of coal and lignite; extraction of peat (10)')","0","0","0"
"('LT', 'Extraction of natural gas and services related to natural gas extraction, excluding surveying')","0","0","0"
"('LT', 'Extraction, liquefaction, and regasification of other petroleum and gaseous materials')","0","0","0"
"('LT', 'Mining of uranium and thorium ores (12)')","0","0","0"
"('LT', 'Mining of iron ores')","0","0","0"
"('LT', 'Mining of copper ores and concentrates')","0","0","0"
"('LT', 'Mining of nickel ores and concentrates')","0","0","0"
"('LT', 'Mining of aluminium ores and concentrates')","0","0","0"
"('LT', 'Mining of precious metal ores and concentrates')","0","0","0"
"('LT', 'Mining of lead, zinc and tin ores and concentrates')","0","0","0"
"('LT', 'Mining of other non-ferrous metal ores and concentrates')","0","0","0"
"('LT', 'Mining of chemical and fertilizer minerals, production of salt, other mining and quarrying n.e.c.')","0","0","0"
"('LT', 'Processed rice')","0","0","0"
"('LT', 'Tanning and dressing of leather; manufacture of luggage, handbags, saddlery, harness and footwear (19)')","0","0","0"
"('LT', 'Re-processing of secondary wood material into new wood material')","0","0","0"
"('LT', 'Re-processing of secondary paper into new pulp')","0","0","0"
"('LT', 'Manufacture of coke oven products')","0","0","0"
"('LT', 'Processing of nuclear fuel')","0","0","0"
"('LT', 'Re-processing of secondary plastic into new plastic')","0","0","0"
"('LT', 'Re-processing of secondary glass into new glass')","0","0","0"
"('LT', 'Manufacture of ceramic goods')","0","0","0"
"('LT', 'Manufacture of bricks, tiles and construction products, in baked clay')","0","0","0"
"('LT', 'Re-processing of ash into clinker')","0","0","0"
"('LT', 'Re-processing of secondary steel into new steel')","0","0","0"
"('LT', 'Precious metals production')","0","0","0"
"('LT', 'Re-processing of secondary preciuos metals into new preciuos metals')","0","0","0"
"('LT', 'Aluminium production')","0","0","0"
"('LT', 'Re-processing of secondary aluminium into new aluminium')","0","0","0"
"('LT', 'Re-processing of secondary lead into new lead, zinc and tin')","0","0","0"
"('LT', 'Re-processing of secondary copper into new copper')","0","0","0"
"('LT', 'Other non-ferrous metal production')","0","0","0"
"('LT', 'Re-processing of secondary other non-ferrous metals into new other non-ferrous metals')","0","0","0"
"('LT', 'Manufacture of electrical machinery and apparatus n.e.c. (31)')","0","0","0"
"('LT', 'Manufacture of radio, television and communication equipment and apparatus (32)')","0","0","0"
"('LT', 'Manufacture of medical, precision and optical instruments, watches and clocks (33)')","0","0","0"
"('LT', 'Recycling of waste and scrap')","0","0","0"
"('LT', 'Recycling of bottles by direct reuse')","0","0","0"
"('LT', 'Production of electricity by coal')","0","0","0"
"('LT', 'Production of electricity by nuclear')","0","0","0"
"('LT', 'Production of electricity by solar photovoltaic')","0","0","0"
"('LT', 'Production of electricity by solar thermal')","0","0","0"
"('LT', 'Production of electricity by tide, wave, ocean')","0","0","0"
"('LT', 'Production of electricity by Geothermal')","0","0","0"
"('LT', 'Production of electricity nec')","0","0","0"
"('LT', 'Re-processing of secondary construction material into aggregates')","0","0","0"
"('LT', 'Incineration of waste: Food')","0","0","0"
"('LT', 'Incineration of waste: Paper')","0","0","0"
"('LT', 'Incineration of waste: Plastic')","0","0","0"
"('LT', 'Incineration of waste: Textiles')","0","0","0"
"('LT', 'Incineration of waste: Wood')","0","0","0"
"('LT', 'Incineration of waste: Oil/Hazardous waste')","0","0","0"
"('LT', 'Biogasification of food waste, incl. land application')","0","0","0"
"('LT', 'Biogasification of paper, incl. land application')","0","0","0"
"('LT', 'Composting of paper and wood, incl. land application')","0","0","0"
"('LT', 'Landfill of waste: Plastic')","0","0","0"
"('LT', 'Extra-territorial organizations and bodies')","0","0","0"
"('LU', 'Cultivation of paddy rice')","0","0","0"
"('LU', 'Cultivation of sugar cane, sugar beet')","0","0","0"
"('LU', 'Cultivation of plant-based fibers')","0","0","0"
"('LU', 'Manure treatment (conventional), storage and land application')","0","0","0"
"('LU', 'Manure treatment (biogas), storage and land application')","0","0","0"
"('LU', 'Mining of coal and lignite; extraction of peat (10)')","0","0","0"
"('LU', 'Extraction of crude petroleum and services related to crude oil extraction, excluding surveying')","0","0","0"
"('LU', 'Extraction, liquefaction, and regasification of other petroleum and gaseous materials')","0","0","0"
"('LU', 'Mining of uranium and thorium ores (12)')","0","0","0"
"('LU', 'Mining of iron ores')","0","0","0"
"('LU', 'Mining of copper ores and concentrates')","0","0","0"
"('LU', 'Mining of nickel ores and concentrates')","0","0","0"
"('LU', 'Mining of aluminium ores and concentrates')","0","0","0"
"('LU', 'Mining of precious metal ores and concentrates')","0","0","0"
"('LU', 'Mining of lead, zinc and tin ores and concentrates')","0","0","0"
"('LU', 'Mining of other non-ferrous metal ores and concentrates')","0","0","0"
"('LU', 'Mining of chemical and fertilizer minerals, production of salt, other mining and quarrying n.e.c.')","0","0","0"
"('LU', 'Processing of meat poultry')","0","0","0"
"('LU', 'Tanning and dressing of leather; manufacture of luggage, handbags, saddlery, harness and footwear (19)')","0","0","0"
"('LU', 'Re-processing of secondary wood material into new wood material')","0","0","0"
"('LU', 'Re-processing of secondary paper into new pulp')","0","0","0"
"('LU', 'Manufacture of coke oven products')","0","0","0"
"('LU', 'Processing of nuclear fuel')","0","0","0"
"('LU', 'Plastics, basic')","0","0","0"
"('LU', 'Re-processing of secondary plastic into new plastic')","0","0","0"
"('LU', 'N-fertiliser')","0","0","0"
"('LU', 'P- and other fertiliser')","0","0","0"
"('LU', 'Re-processing of secondary glass into new glass')","0","0","0"
"('LU', 'Re-processing of ash into clinker')","0","0","0"
"('LU', 'Manufacture of basic iron and steel and of ferro-alloys and first products thereof')","0","0","0"
"('LU', 'Re-processing of secondary preciuos metals into new preciuos metals')","0","0","0"
"('LU', 'Re-processing of secondary aluminium into new aluminium')","0","0","0"
"('LU', 'Re-processing of secondary lead into new lead, zinc and tin')","0","0","0"
"('LU', 'Re-processing of secondary copper into new copper')","0","0","0"
"('LU', 'Re-processing of secondary other non-ferrous metals into new other non-ferrous metals')","0","0","0"
"('LU', 'Casting of metals')","0","0","0"
"('LU', 'Recycling of waste and scrap')","0","0","0"
"('LU', 'Recycling of bottles by direct reuse')","0","0","0"
"('LU', 'Production of electricity by coal')","0","0","0"
"('LU', 'Production of electricity by nuclear')","0","0","0"
"('LU', 'Production of electricity by petroleum and other oil derivatives')","0","0","0"
"('LU', 'Production of electricity by solar thermal')","0","0","0"
"('LU', 'Production of electricity by tide, wave, ocean')","0","0","0"
"('LU', 'Production of electricity by Geothermal')","0","0","0"
"('LU', 'Production of electricity nec')","0","0","0"
"('LU', 'Collection, purification and distribution of water (41)')","0","0","0"
"('LU', 'Re-processing of secondary construction material into aggregates')","0","0","0"
"('LU', 'Incineration of waste: Food')","0","0","0"
"('LU', 'Incineration of waste: Paper')","0","0","0"
"('LU', 'Incineration of waste: Plastic')","0","0","0"
"('LU', 'Incineration of waste: Metals and Inert materials')","0","0","0"
"('LU', 'Incineration of waste: Textiles')","0","0","0"
"('LU', 'Incineration of waste: Wood')","0","0","0"
"('LU', 'Incineration of waste: Oil/Hazardous waste')","0","0","0"
"('LU', 'Biogasification of food waste, incl. land application')","0","0","0"
"('LU', 'Biogasification of paper, incl. land application')","0","0","0"
"('LU', 'Biogasification of sewage slugde, incl. land application')","0","0","0"
"('LU', 'Composting of food waste, incl. land application')","0","0","0"
"('LU', 'Composting of paper and wood, incl. land application')","0","0","0"
"('LU', 'Waste water treatment, food')","0","0","0"
"('LU', 'Waste water treatment, other')","0","0","0"
"('LU', 'Landfill of waste: Food')","0","0","0"
"('LU', 'Landfill of waste: Paper')","0","0","0"
"('LU', 'Landfill of waste: Plastic')","0","0","0"
"('LU', 'Landfill of waste: Inert/metal/hazardous')","0","0","0"
"('LU', 'Landfill of waste: Textiles')","0","0","0"
"('LU', 'Landfill of waste: Wood')","0","0","0"
"('LU', 'Extra-territorial organizations and bodies')","0","0","0"
"('LV', 'Cultivation of paddy rice')","0","0","0"
"('LV', 'Cultivation of sugar cane, sugar beet')","0","0","0"
"('LV', 'Cultivation of plant-based fibers')","0","0","0"
"('LV', 'Meat animals nec')","0","0","0"
"('LV', 'Animal products nec')","0","0","0"
"('LV', 'Wool, silk-worm cocoons')","0","0","0"
"('LV', 'Manure treatment (conventional), storage and land application')","0","0","0"
"('LV', 'Manure treatment (biogas), storage and land application')","0","0","0"
"('LV', 'Mining of coal and lignite; extraction of peat (10)')","0","0","0"
"('LV', 'Extraction of crude petroleum and services related to crude oil extraction, excluding surveying')","0","0","0"
"('LV', 'Extraction of natural gas and services related to natural gas extraction, excluding surveying')","0","0","0"
"('LV', 'Extraction, liquefaction, and regasification of other petroleum and gaseous materials')","0","0","0"
"('LV', 'Mining of uranium and thorium ores (12)')","0","0","0"
"('LV', 'Mining of iron ores')","0","0","0"
"('LV', 'Mining of copper ores and concentrates')","0","0","0"
"('LV', 'Mining of nickel ores and concentrates')","0","0","0"
"('LV', 'Mining of aluminium ores and concentrates')","0","0","0"
"('LV', 'Mining of precious metal ores and concentrates')","0","0","0"
"('LV', 'Mining of lead, zinc and tin ores and concentrates')","0","0","0"
"('LV', 'Mining of other non-ferrous metal ores and concentrates')","0","0","0"
"('LV', 'Mining of chemical and fertilizer minerals, production of salt, other mining and quarrying n.e.c.')","0","0","0"
"('LV', 'Production of meat products nec')","0","0","0"
"('LV', 'Processed rice')","0","0","0"
"('LV', 'Sugar refining')","0","0","0"
"('LV', 'Re-processing of secondary wood material into new wood material')","0","0","0"
"('LV', 'Re-processing of secondary paper into new pulp')","0","0","0"
"('LV', 'Manufacture of coke oven products')","0","0","0"
"('LV', 'Petroleum Refinery')","0","0","0"
"('LV', 'Re-processing of secondary plastic into new plastic')","0","0","0"
"('LV', 'N-fertiliser')","0","0","0"
"('LV', 'Re-processing of secondary glass into new glass')","0","0","0"
"('LV', 'Re-processing of ash into clinker')","0","0","0"
"('LV', 'Re-processing of secondary steel into new steel')","0","0","0"
"('LV', 'Precious metals production')","0","0","0"
"('LV', 'Re-processing of secondary preciuos metals into new preciuos metals')","0","0","0"
"('LV', 'Re-processing of secondary aluminium into new aluminium')","0","0","0"
"('LV', 'Lead, zinc and tin production')","0","0","0"
"('LV', 'Re-processing of secondary lead into new lead, zinc and tin')","0","0","0"
"('LV', 'Re-processing of secondary copper into new copper')","0","0","0"
"('LV', 'Re-processing of secondary other non-ferrous metals into new other non-ferrous metals')","0","0","0"
"('LV', 'Casting of metals')","0","0","0"
"('LV', 'Manufacture of electrical machinery and apparatus n.e.c. (31)')","0","0","0"
"('LV', 'Manufacture of radio, television and communication equipment and apparatus (32)')","0","0","0"
"('LV', 'Manufacture of medical, precision and optical instruments, watches and clocks (33)')","0","0","0"
"('LV', 'Recycling of waste and scrap')","0","0","0"
"('LV', 'Recycling of bottles by direct reuse')","0","0","0"
"('LV', 'Production of electricity by coal')","0","0","0"
"('LV', 'Production of electricity by nuclear')","0","0","0"
"('LV', 'Production of electricity by petroleum and other oil derivatives')","0","0","0"
"('LV', 'Production of electricity by solar photovoltaic')","0","0","0"
"('LV', 'Production of electricity by solar thermal')","0","0","0"
"('LV', 'Production of electricity by tide, wave, ocean')","0","0","0"
"('LV', 'Production of electricity by Geothermal')","0","0","0"
"('LV', 'Production of electricity nec')","0","0","0"
"('LV', 'Re-processing of secondary construction material into aggregates')","0","0","0"
"('LV', 'Inland water transport')","0","0","0"
"('LV', 'Incineration of waste: Food')","0","0","0"
"('LV', 'Incineration of waste: Paper')","0","0","0"
"('LV', 'Incineration of waste: Plastic')","0","0","0"
"('LV', 'Incineration of waste: Metals and Inert materials')","0","0","0"
"('LV', 'Incineration of waste: Textiles')","0","0","0"
"('LV', 'Incineration of waste: Wood')","0","0","0"
"('LV', 'Incineration of waste: Oil/Hazardous waste')","0","0","0"
"('LV', 'Biogasification of food waste, incl. land application')","0","0","0"
"('LV', 'Biogasification of paper, incl. land application')","0","0","0"
"('LV', 'Biogasification of sewage slugde, incl. land application')","0","0","0"
"('LV', 'Composting of food waste, incl. land application')","0","0","0"
"('LV', 'Composting of paper and wood, incl. land application')","0","0","0"
"('LV', 'Waste water treatment, food')","0","0","0"
"('LV', 'Waste water treatment, other')","0","0","0"
"('LV', 'Landfill of waste: Food')","0","0","0"
"('LV', 'Landfill of waste: Paper')","0","0","0"
"('LV', 'Landfill of waste: Plastic')","0","0","0"
"('LV', 'Landfill of waste: Inert/metal/hazardous')","0","0","0"
"('LV', 'Landfill of waste: Textiles')","0","0","0"
"('LV', 'Landfill of waste: Wood')","0","0","0"
"('LV', 'Extra-territorial organizations and bodies')","0","0","0"
"('MT', 'Cultivation of paddy rice')","0","0","0"
"('MT', 'Cultivation of cereal grains nec')","0","0","0"
"('MT', 'Cultivation of oil seeds')","0","0","0"
"('MT', 'Cultivation of sugar cane, sugar beet')","0","0","0"
"('MT', 'Cultivation of plant-based fibers')","0","0","0"
"('MT', 'Cultivation of crops nec')","0","0","0"
"('MT', 'Cattle farming')","0","0","0"
"('MT', 'Animal products nec')","0","0","0"
"('MT', 'Wool, silk-worm cocoons')","0","0","0"
"('MT', 'Manure treatment (conventional), storage and land application')","0","0","0"
"('MT', 'Manure treatment (biogas), storage and land application')","0","0","0"
"('MT', 'Forestry, logging and related service activities (02)')","0","0","0"
"('MT', 'Mining of coal and lignite; extraction of peat (10)')","0","0","0"
"('MT', 'Extraction of crude petroleum and services related to crude oil extraction, excluding surveying')","0","0","0"
"('MT', 'Extraction of natural gas and services related to natural gas extraction, excluding surveying')","0","0","0"
"('MT', 'Extraction, liquefaction, and regasification of other petroleum and gaseous materials')","0","0","0"
"('MT', 'Mining of uranium and thorium ores (12)')","0","0","0"
"('MT', 'Mining of iron ores')","0","0","0"
"('MT', 'Mining of copper ores and concentrates')","0","0","0"
"('MT', 'Mining of nickel ores and concentrates')","0","0","0"
"('MT', 'Mining of aluminium ores and concentrates')","0","0","0"
"('MT', 'Mining of precious metal ores and concentrates')","0","0","0"
"('MT', 'Mining of lead, zinc and tin ores and concentrates')","0","0","0"
"('MT', 'Mining of other non-ferrous metal ores and concentrates')","0","0","0"
"('MT', 'Mining of chemical and fertilizer minerals, production of salt, other mining and quarrying n.e.c.')","0","0","0"
"('MT', 'Processing of meat cattle')","0","0","0"
"('MT', 'Processing of meat pigs')","0","0","0"
"('MT', 'Processing of meat poultry')","0","0","0"
"('MT', 'Production of meat products nec')","0","0","0"
"('MT', 'Processing vegetable oils and fats')","0","0","0"
"('MT', 'Processing of dairy products')","0","0","0"
"('MT', 'Processed rice')","0","0","0"
"('MT', 'Sugar refining')","0","0","0"
"('MT', 'Processing of Food products nec')","0","0","0"
"('MT', 'Manufacture of beverages')","0","0","0"
"('MT', 'Manufacture of fish products')","0","0","0"
"('MT', 'Manufacture of tobacco products (16)')","0","0","0"
"('MT', 'Manufacture of textiles (17)')","0","0","0"
"('MT', 'Manufacture of wearing apparel; dressing and dyeing of fur (18)')","0","0","0"
"('MT', 'Tanning and dressing of leather; manufacture of luggage, handbags, saddlery, harness and footwear (19)')","0","0","0"
"('MT', 'Manufacture of wood and of products of wood and cork, except furniture; manufacture of articles of straw and plaiting materials (20)')","0","0","0"
"('MT', 'Re-processing of secondary wood material into new wood material')","0","0","0"
"('MT', 'Pulp')","0","0","0"
"('MT', 'Re-processing of secondary paper into new pulp')","0","0","0"
"('MT', 'Paper')","0","0","0"
"('MT', 'Manufacture of coke oven products')","0","0","0"
"('MT', 'Processing of nuclear fuel')","0","0","0"
"('MT', 'Plastics, basic')","0","0","0"
"('MT', 'Re-processing of secondary plastic into new plastic')","0","0","0"
"('MT', 'N-fertiliser')","0","0","0"
"('MT', 'P- and other fertiliser')","0","0","0"
"('MT', 'Chemicals nec')","0","0","0"
"('MT', 'Manufacture of glass and glass products')","0","0","0"
"('MT', 'Re-processing of secondary glass into new glass')","0","0","0"
"('MT', 'Manufacture of ceramic goods')","0","0","0"
"('MT', 'Manufacture of bricks, tiles and construction products, in baked clay')","0","0","0"
"('MT', 'Manufacture of cement, lime and plaster')","0","0","0"
"('MT', 'Re-processing of ash into clinker')","0","0","0"
"('MT', 'Manufacture of other non-metallic mineral products n.e.c.')","0","0","0"
"('MT', 'Manufacture of basic iron and steel and of ferro-alloys and first products thereof')","0","0","0"
"('MT', 'Re-processing of secondary steel into new steel')","0","0","0"
"('MT', 'Precious metals production')","0","0","0"
"('MT', 'Re-processing of secondary preciuos metals into new preciuos metals')","0","0","0"
"('MT', 'Aluminium production')","0","0","0"
"('MT', 'Re-processing of secondary aluminium into new aluminium')","0","0","0"
"('MT', 'Lead, zinc and tin production')","0","0","0"
"('MT', 'Re-processing of secondary lead into new lead, zinc and tin')","0","0","0"
"('MT', 'Copper production')","0","0","0"
"('MT', 'Re-processing of secondary copper into new copper')","0","0","0"
"('MT', 'Other non-ferrous metal production')","0","0","0"
"('MT', 'Re-processing of secondary other non-ferrous metals into new other non-ferrous metals')","0","0","0"
"('MT', 'Casting of metals')","0","0","0"
"('MT', 'Manufacture of fabricated metal products, except machinery and equipment (28)')","0","0","0"
"('MT', 'Manufacture of machinery and equipment n.e.c. (29)')","0","0","0"
"('MT', 'Manufacture of office machinery and computers (30)')","0","0","0"
"('MT', 'Manufacture of electrical machinery and apparatus n.e.c. (31)')","0","0","0"
"('MT', 'Manufacture of radio, television and communication equipment and apparatus (32)')","0","0","0"
"('MT', 'Manufacture of medical, precision and optical instruments, watches and clocks (33)')","0","0","0"
"('MT', 'Manufacture of furniture; manufacturing n.e.c. (36)')","0","0","0"
"('MT', 'Recycling of waste and scrap')","0","0","0"
"('MT', 'Recycling of bottles by direct reuse')","0","0","0"
"('MT', 'Production of electricity by coal')","0","0","0"
"('MT', 'Production of electricity by nuclear')","0","0","0"
"('MT', 'Production of electricity by hydro')","0","0","0"
"('MT', 'Production of electricity by wind')","0","0","0"
"('MT', 'Production of electricity by petroleum and other oil derivatives')","0","0","0"
"('MT', 'Production of electricity by biomass and waste')","0","0","0"
"('MT', 'Production of electricity by solar thermal')","0","0","0"
"('MT', 'Production of electricity by tide, wave, ocean')","0","0","0"
"('MT', 'Production of electricity by Geothermal')","0","0","0"
"('MT', 'Production of electricity nec')","0","0","0"
"('MT', 'Manufacture of gas; distribution of gaseous fuels through mains')","0","0","0"
"('MT', 'Steam and hot water supply')","0","0","0"
"('MT', 'Collection, purification and distribution of water (41)')","0","0","0"
"('MT', 'Re-processing of secondary construction material into aggregates')","0","0","0"
"('MT', 'Other land transport')","0","0","0"
"('MT', 'Transport via pipelines')","0","0","0"
"('MT', 'Financial intermediation, except insurance and pension funding (65)')","0","0","0"
"('MT', 'Renting of machinery and equipment without operator and of personal and household goods (71)')","0","0","0"
"('MT', 'Research and development (73)')","0","0","0"
"('MT', 'Incineration of waste: Food')","0","0","0"
"('MT', 'Incineration of waste: Paper')","0","0","0"
"('MT', 'Incineration of waste: Plastic')","0","0","0"
"('MT', 'Incineration of waste: Metals and Inert materials')","0","0","0"
"('MT', 'Incineration of waste: Textiles')","0","0","0"
"('MT', 'Incineration of waste: Wood')","0","0","0"
"('MT', 'Incineration of waste: Oil/Hazardous waste')","0","0","0"
"('MT', 'Biogasification of food waste, incl. land application')","0","0","0"
"('MT', 'Biogasification of paper, incl. land application')","0","0","0"
"('MT', 'Biogasification of sewage slugde, incl. land application')","0","0","0"
"('MT', 'Composting of food waste, incl. land application')","0","0","0"
"('MT', 'Composting of paper and wood, incl. land application')","0","0","0"
"('MT', 'Waste water treatment, food')","0","0","0"
"('MT', 'Waste water treatment, other')","0","0","0"
"('MT', 'Landfill of waste: Food')","0","0","0"
"('MT', 'Landfill of waste: Paper')","0","0","0"
"('MT', 'Landfill of waste: Plastic')","0","0","0"
"('MT', 'Landfill of waste: Inert/metal/hazardous')","0","0","0"
"('MT', 'Landfill of waste: Textiles')","0","0","0"
"('MT', 'Landfill of waste: Wood')","0","0","0"
"('MT', 'Private households with employed persons (95)')","0","0","0"
"('MT', 'Extra-territorial organizations and bodies')","0","0","0"
"('NL', 'Cultivation of paddy rice')","0","0","0"
"('NL', 'Cultivation of oil seeds')","0","0","0"
"('NL', 'Cultivation of plant-based fibers')","0","0","0"
"('NL', 'Animal products nec')","0","0","0"
"('NL', 'Manure treatment (conventional), storage and land application')","0","0","0"
"('NL', 'Manure treatment (biogas), storage and land application')","0","0","0"
"('NL', 'Mining of coal and lignite; extraction of peat (10)')","0","0","0"
"('NL', 'Extraction, liquefaction, and regasification of other petroleum and gaseous materials')","0","0","0"
"('NL', 'Mining of uranium and thorium ores (12)')","0","0","0"
"('NL', 'Mining of iron ores')","0","0","0"
"('NL', 'Mining of copper ores and concentrates')","0","0","0"
"('NL', 'Mining of nickel ores and concentrates')","0","0","0"
"('NL', 'Mining of aluminium ores and concentrates')","0","0","0"
"('NL', 'Mining of precious metal ores and concentrates')","0","0","0"
"('NL', 'Mining of lead, zinc and tin ores and concentrates')","0","0","0"
"('NL', 'Mining of other non-ferrous metal ores and concentrates')","0","0","0"
"('NL', 'Re-processing of secondary wood material into new wood material')","0","0","0"
"('NL', 'Re-processing of secondary paper into new pulp')","0","0","0"
"('NL', 'Re-processing of secondary plastic into new plastic')","0","0","0"
"('NL', 'Re-processing of secondary glass into new glass')","0","0","0"
"('NL', 'Re-processing of ash into clinker')","0","0","0"
"('NL', 'Re-processing of secondary steel into new steel')","0","0","0"
"('NL', 'Re-processing of secondary preciuos metals into new preciuos metals')","0","0","0"
"('NL', 'Re-processing of secondary aluminium into new aluminium')","0","0","0"
"('NL', 'Re-processing of secondary lead into new lead, zinc and tin')","0","0","0"
"('NL', 'Re-processing of secondary copper into new copper')","0","0","0"
"('NL', 'Re-processing of secondary other non-ferrous metals into new other non-ferrous metals')","0","0","0"
"('NL', 'Manufacture of electrical machinery and apparatus n.e.c. (31)')","0","0","0"
"('NL', 'Manufacture of radio, television and communication equipment and apparatus (32)')","0","0","0"
"('NL', 'Manufacture of medical, precision and optical instruments, watches and clocks (33)')","0","0","0"
"('NL', 'Recycling of waste and scrap')","0","0","0"
"('NL', 'Recycling of bottles by direct reuse')","0","0","0"
"('NL', 'Production of electricity by hydro')","0","0","0"
"('NL', 'Production of electricity by solar thermal')","0","0","0"
"('NL', 'Production of electricity by tide, wave, ocean')","0","0","0"
"('NL', 'Production of electricity by Geothermal')","0","0","0"
"('NL', 'Re-processing of secondary construction material into aggregates')","0","0","0"
"('NL', 'Composting of paper and wood, incl. land application')","0","0","0"
"('NL', 'Extra-territorial organizations and bodies')","0","0","0"
"('PL', 'Cultivation of paddy rice')","0","0","0"
"('PL', 'Cultivation of plant-based fibers')","0","0","0"
"('PL', 'Wool, silk-worm cocoons')","0","0","0"
"('PL', 'Manure treatment (conventional), storage and land application')","0","0","0"
"('PL', 'Manure treatment (biogas), storage and land application')","0","0","0"
"('PL', 'Mining of uranium and thorium ores (12)')","0","0","0"
"('PL', 'Mining of iron ores')","0","0","0"
"('PL', 'Mining of aluminium ores and concentrates')","0","0","0"
"('PL', 'Mining of other non-ferrous metal ores and concentrates')","0","0","0"
"('PL', 'Mining of chemical and fertilizer minerals, production of salt, other mining and quarrying n.e.c.')","0","0","0"
"('PL', 'Re-processing of secondary wood material into new wood material')","0","0","0"
"('PL', 'Re-processing of secondary paper into new pulp')","0","0","0"
"('PL', 'Processing of nuclear fuel')","0","0","0"
"('PL', 'Re-processing of secondary plastic into new plastic')","0","0","0"
"('PL', 'Re-processing of secondary glass into new glass')","0","0","0"
"('PL', 'Re-processing of ash into clinker')","0","0","0"
"('PL', 'Re-processing of secondary preciuos metals into new preciuos metals')","0","0","0"
"('PL', 'Re-processing of secondary aluminium into new aluminium')","0","0","0"
"('PL', 'Re-processing of secondary lead into new lead, zinc and tin')","0","0","0"
"('PL', 'Re-processing of secondary copper into new copper')","0","0","0"
"('PL', 'Re-processing of secondary other non-ferrous metals into new other non-ferrous metals')","0","0","0"
"('PL', 'Manufacture of electrical machinery and apparatus n.e.c. (31)')","0","0","0"
"('PL', 'Manufacture of radio, television and communication equipment and apparatus (32)')","0","0","0"
"('PL', 'Manufacture of medical, precision and optical instruments, watches and clocks (33)')","0","0","0"
"('PL', 'Recycling of bottles by direct reuse')","0","0","0"
"('PL', 'Production of electricity by nuclear')","0","0","0"
"('PL', 'Production of electricity by solar thermal')","0","0","0"
"('PL', 'Production of electricity by tide, wave, ocean')","0","0","0"
"('PL', 'Production of electricity by Geothermal')","0","0","0"
"('PL', 'Production of electricity nec')","0","0","0"
"('PL', 'Re-processing of secondary construction material into aggregates')","0","0","0"
"('PL', 'Extra-territorial organizations and bodies')","0","0","0"
"('PT', 'Cultivation of sugar cane, sugar beet')","0","0","0"
"('PT', 'Cultivation of plant-based fibers')","0","0","0"
"('PT', 'Cultivation of crops nec')","0","0","0"
"('PT', 'Manure treatment (conventional), storage and land application')","0","0","0"
"('PT', 'Manure treatment (biogas), storage and land application')","0","0","0"
"('PT', 'Mining of coal and lignite; extraction of peat (10)')","0","0","0"
"('PT', 'Extraction of crude petroleum and services related to crude oil extraction, excluding surveying')","0","0","0"
"('PT', 'Extraction of natural gas and services related to natural gas extraction, excluding surveying')","0","0","0"
"('PT', 'Mining of uranium and thorium ores (12)')","0","0","0"
"('PT', 'Mining of iron ores')","0","0","0"
"('PT', 'Mining of nickel ores and concentrates')","0","0","0"
"('PT', 'Mining of aluminium ores and concentrates')","0","0","0"
"('PT', 'Sugar refining')","0","0","0"
"('PT', 'Re-processing of secondary wood material into new wood material')","0","0","0"
"('PT', 'Re-processing of secondary paper into new pulp')","0","0","0"
"('PT', 'Manufacture of coke oven products')","0","0","0"
"('PT', 'Processing of nuclear fuel')","0","0","0"
"('PT', 'Re-processing of secondary plastic into new plastic')","0","0","0"
"('PT', 'Re-processing of secondary glass into new glass')","0","0","0"
"('PT', 'Re-processing of ash into clinker')","0","0","0"
"('PT', 'Manufacture of basic iron and steel and of ferro-alloys and first products thereof')","0","0","0"
"('PT', 'Re-processing of secondary preciuos metals into new preciuos metals')","0","0","0"
"('PT', 'Re-processing of secondary aluminium into new aluminium')","0","0","0"
"('PT', 'Re-processing of secondary lead into new lead, zinc and tin')","0","0","0"
"('PT', 'Re-processing of secondary copper into new copper')","0","0","0"
"('PT', 'Re-processing of secondary other non-ferrous metals into new other non-ferrous metals')","0","0","0"
"('PT', 'Manufacture of electrical machinery and apparatus n.e.c. (31)')","0","0","0"
"('PT', 'Manufacture of radio, television and communication equipment and apparatus (32)')","0","0","0"
"('PT', 'Manufacture of medical, precision and optical instruments, watches and clocks (33)')","0","0","0"
"('PT', 'Recycling of bottles by direct reuse')","0","0","0"
"('PT', 'Production of electricity by nuclear')","0","0","0"
"('PT', 'Production of electricity by solar thermal')","0","0","0"
"('PT', 'Production of electricity by tide, wave, ocean')","0","0","0"
"('PT', 'Production of electricity nec')","0","0","0"
"('PT', 'Re-processing of secondary construction material into aggregates')","0","0","0"
"('PT', 'Biogasification of sewage slugde, incl. land application')","0","0","0"
"('PT', 'Extra-territorial organizations and bodies')","0","0","0"
"('RO', 'Cultivation of plant-based fibers')","0","0","0"
"('RO', 'Manure treatment (conventional), storage and land application')","0","0","0"
"('RO', 'Manure treatment (biogas), storage and land application')","0","0","0"
"('RO', 'Mining of uranium and thorium ores (12)')","0","0","0"
"('RO', 'Mining of iron ores')","0","0","0"
"('RO', 'Mining of copper ores and concentrates')","0","0","0"
"('RO', 'Mining of nickel ores and concentrates')","0","0","0"
"('RO', 'Mining of aluminium ores and concentrates')","0","0","0"
"('RO', 'Mining of precious metal ores and concentrates')","0","0","0"
"('RO', 'Mining of lead, zinc and tin ores and concentrates')","0","0","0"
"('RO', 'Mining of other non-ferrous metal ores and concentrates')","0","0","0"
"('RO', 'Quarrying of stone')","0","0","0"
"('RO', 'Quarrying of sand and clay')","0","0","0"
"('RO', 'Mining of chemical and fertilizer minerals, production of salt, other mining and quarrying n.e.c.')","0","0","0"
"('RO', 'Processed rice')","0","0","0"
"('RO', 'Re-processing of secondary wood material into new wood material')","0","0","0"
"('RO', 'Re-processing of secondary paper into new pulp')","0","0","0"
"('RO', 'Manufacture of coke oven products')","0","0","0"
"('RO', 'Processing of nuclear fuel')","0","0","0"
"('RO', 'Re-processing of secondary plastic into new plastic')","0","0","0"
"('RO', 'N-fertiliser')","0","0","0"
"('RO', 'Re-processing of secondary glass into new glass')","0","0","0"
"('RO', 'Re-processing of ash into clinker')","0","0","0"
"('RO', 'Precious metals production')","0","0","0"
"('RO', 'Re-processing of secondary preciuos metals into new preciuos metals')","0","0","0"
"('RO', 'Re-processing of secondary aluminium into new aluminium')","0","0","0"
"('RO', 'Re-processing of secondary lead into new lead, zinc and tin')","0","0","0"
"('RO', 'Re-processing of secondary copper into new copper')","0","0","0"
"('RO', 'Re-processing of secondary other non-ferrous metals into new other non-ferrous metals')","0","0","0"
"('RO', 'Manufacture of electrical machinery and apparatus n.e.c. (31)')","0","0","0"
"('RO', 'Manufacture of radio, television and communication equipment and apparatus (32)')","0","0","0"
"('RO', 'Manufacture of medical, precision and optical instruments, watches and clocks (33)')","0","0","0"
"('RO', 'Recycling of waste and scrap')","0","0","0"
"('RO', 'Recycling of bottles by direct reuse')","0","0","0"
"('RO', 'Production of electricity by solar thermal')","0","0","0"
"('RO', 'Production of electricity by tide, wave, ocean')","0","0","0"
"('RO', 'Production of electricity by Geothermal')","0","0","0"
"('RO', 'Production of electricity nec')","0","0","0"
"('RO', 'Re-processing of secondary construction material into aggregates')","0","0","0"
"('RO', 'Incineration of waste: Food')","0","0","0"
"('RO', 'Incineration of waste: Paper')","0","0","0"
"('RO', 'Incineration of waste: Plastic')","0","0","0"
"('RO', 'Incineration of waste: Textiles')","0","0","0"
"('RO', 'Incineration of waste: Wood')","0","0","0"
"('RO', 'Biogasification of food waste, incl. land application')","0","0","0"
"('RO', 'Biogasification of paper, incl. land application')","0","0","0"
"('RO', 'Biogasification of sewage slugde, incl. land application')","0","0","0"
"('RO', 'Composting of paper and wood, incl. land application')","0","0","0"
"('RO', 'Private households with employed persons (95)')","0","0","0"
"('RO', 'Extra-territorial organizations and bodies')","0","0","0"
"('SE', 'Cultivation of paddy rice')","0","0","0"
"('SE', 'Cultivation of plant-based fibers')","0","0","0"
"('SE', 'Wool, silk-worm cocoons')","0","0","0"
"('SE', 'Manure treatment (conventional), storage and land application')","0","0","0"
"('SE', 'Manure treatment (biogas), storage and land application')","0","0","0"
"('SE', 'Extraction of crude petroleum and services related to crude oil extraction, excluding surveying')","0","0","0"
"('SE', 'Mining of uranium and thorium ores (12)')","0","0","0"
"('SE', 'Mining of nickel ores and concentrates')","0","0","0"
"('SE', 'Mining of aluminium ores and concentrates')","0","0","0"
"('SE', 'Mining of other non-ferrous metal ores and concentrates')","0","0","0"
"('SE', 'Manufacture of tobacco products (16)')","0","0","0"
"('SE', 'Re-processing of secondary wood material into new wood material')","0","0","0"
"('SE', 'Re-processing of secondary paper into new pulp')","0","0","0"
"('SE', 'Re-processing of secondary plastic into new plastic')","0","0","0"
"('SE', 'N-fertiliser')","0","0","0"
"('SE', 'Re-processing of secondary glass into new glass')","0","0","0"
"('SE', 'Re-processing of ash into clinker')","0","0","0"
"('SE', 'Re-processing of secondary preciuos metals into new preciuos metals')","0","0","0"
"('SE', 'Re-processing of secondary aluminium into new aluminium')","0","0","0"
"('SE', 'Re-processing of secondary lead into new lead, zinc and tin')","0","0","0"
"('SE', 'Re-processing of secondary copper into new copper')","0","0","0"
"('SE', 'Re-processing of secondary other non-ferrous metals into new other non-ferrous metals')","0","0","0"
"('SE', 'Manufacture of electrical machinery and apparatus n.e.c. (31)')","0","0","0"
"('SE', 'Manufacture of radio, television and communication equipment and apparatus (32)')","0","0","0"
"('SE', 'Manufacture of medical, precision and optical instruments, watches and clocks (33)')","0","0","0"
"('SE', 'Recycling of bottles by direct reuse')","0","0","0"
"('SE', 'Production of electricity by coal')","0","0","0"
"('SE', 'Production of electricity by solar thermal')","0","0","0"
"('SE', 'Production of electricity by tide, wave, ocean')","0","0","0"
"('SE', 'Production of electricity by Geothermal')","0","0","0"
"('SE', 'Production of electricity nec')","0","0","0"
"('SE', 'Re-processing of secondary construction material into aggregates')","0","0","0"
"('SE', 'Composting of paper and wood, incl. land application')","0","0","0"
"('SE', 'Extra-territorial organizations and bodies')","0","0","0"
"('SI', 'Cultivation of paddy rice')","0","0","0"
"('SI', 'Cultivation of oil seeds')","0","0","0"
"('SI', 'Cultivation of sugar cane, sugar beet')","0","0","0"
"('SI', 'Cultivation of plant-based fibers')","0","0","0"
"('SI', 'Wool, silk-worm cocoons')","0","0","0"
"('SI', 'Manure treatment (conventional), storage and land application')","0","0","0"
"('SI', 'Manure treatment (biogas), storage and land application')","0","0","0"
"('SI', 'Extraction, liquefaction, and regasification of other petroleum and gaseous materials')","0","0","0"
"('SI', 'Mining of uranium and thorium ores (12)')","0","0","0"
"('SI', 'Mining of iron ores')","0","0","0"
"('SI', 'Mining of copper ores and concentrates')","0","0","0"
"('SI', 'Mining of nickel ores and concentrates')","0","0","0"
"('SI', 'Mining of aluminium ores and concentrates')","0","0","0"
"('SI', 'Mining of precious metal ores and concentrates')","0","0","0"
"('SI', 'Mining of lead, zinc and tin ores and concentrates')","0","0","0"
"('SI', 'Mining of other non-ferrous metal ores and concentrates')","0","0","0"
"('SI', 'Sugar refining')","0","0","0"
"('SI', 'Manufacture of tobacco products (16)')","0","0","0"
"('SI', 'Re-processing of secondary wood material into new wood material')","0","0","0"
"('SI', 'Re-processing of secondary paper into new pulp')","0","0","0"
"('SI', 'Manufacture of coke oven products')","0","0","0"
"('SI', 'Re-processing of secondary plastic into new plastic')","0","0","0"
"('SI', 'N-fertiliser')","0","0","0"
"('SI', 'Re-processing of secondary glass into new glass')","0","0","0"
"('SI', 'Re-processing of ash into clinker')","0","0","0"
"('SI', 'Manufacture of basic iron and steel and of ferro-alloys and first products thereof')","0","0","0"
"('SI', 'Re-processing of secondary preciuos metals into new preciuos metals')","0","0","0"
"('SI', 'Re-processing of secondary aluminium into new aluminium')","0","0","0"
"('SI', 'Re-processing of secondary lead into new lead, zinc and tin')","0","0","0"
"('SI', 'Re-processing of secondary copper into new copper')","0","0","0"
"('SI', 'Re-processing of secondary other non-ferrous metals into new other non-ferrous metals')","0","0","0"
"('SI', 'Manufacture of electrical machinery and apparatus n.e.c. (31)')","0","0","0"
"('SI', 'Manufacture of radio, television and communication equipment and apparatus (32)')","0","0","0"
"('SI', 'Manufacture of medical, precision and optical instruments, watches and clocks (33)')","0","0","0"
"('SI', 'Recycling of waste and scrap')","0","0","0"
"('SI', 'Recycling of bottles by direct reuse')","0","0","0"
"('SI', 'Production of electricity by wind')","0","0","0"
"('SI', 'Production of electricity by petroleum and other oil derivatives')","0","0","0"
"('SI', 'Production of electricity by solar thermal')","0","0","0"
"('SI', 'Production of electricity by tide, wave, ocean')","0","0","0"
"('SI', 'Production of electricity by Geothermal')","0","0","0"
"('SI', 'Production of electricity nec')","0","0","0"
"('SI', 'Re-processing of secondary construction material into aggregates')","0","0","0"
"('SI', 'Inland water transport')","0","0","0"
"('SI', 'Incineration of waste: Food')","0","0","0"
"('SI', 'Incineration of waste: Paper')","0","0","0"
"('SI', 'Incineration of waste: Plastic')","0","0","0"
"('SI', 'Incineration of waste: Textiles')","0","0","0"
"('SI', 'Incineration of waste: Wood')","0","0","0"
"('SI', 'Biogasification of food waste, incl. land application')","0","0","0"
"('SI', 'Biogasification of paper, incl. land application')","0","0","0"
"('SI', 'Composting of paper and wood, incl. land application')","0","0","0"
"('SI', 'Extra-territorial organizations and bodies')","0","0","0"
"('SK', 'Cultivation of paddy rice')","0","0","0"
"('SK', 'Cultivation of plant-based fibers')","0","0","0"
"('SK', 'Wool, silk-worm cocoons')","0","0","0"
"('SK', 'Manure treatment (conventional), storage and land application')","0","0","0"
"('SK', 'Manure treatment (biogas), storage and land application')","0","0","0"
"('SK', 'Mining of uranium and thorium ores (12)')","0","0","0"
"('SK', 'Mining of nickel ores and concentrates')","0","0","0"
"('SK', 'Mining of aluminium ores and concentrates')","0","0","0"
"('SK', 'Mining of other non-ferrous metal ores and concentrates')","0","0","0"
"('SK', 'Processed rice')","0","0","0"
"('SK', 'Re-processing of secondary wood material into new wood material')","0","0","0"
"('SK', 'Re-processing of secondary paper into new pulp')","0","0","0"
"('SK', 'Processing of nuclear fuel')","0","0","0"
"('SK', 'Re-processing of secondary plastic into new plastic')","0","0","0"
"('SK', 'N-fertiliser')","0","0","0"
"('SK', 'P- and other fertiliser')","0","0","0"
"('SK', 'Re-processing of secondary glass into new glass')","0","0","0"
"('SK', 'Re-processing of ash into clinker')","0","0","0"
"('SK', 'Re-processing of secondary preciuos metals into new preciuos metals')","0","0","0"
"('SK', 'Re-processing of secondary aluminium into new aluminium')","0","0","0"
"('SK', 'Re-processing of secondary lead into new lead, zinc and tin')","0","0","0"
"('SK', 'Re-processing of secondary copper into new copper')","0","0","0"
"('SK', 'Re-processing of secondary other non-ferrous metals into new other non-ferrous metals')","0","0","0"
"('SK', 'Manufacture of electrical machinery and apparatus n.e.c. (31)')","0","0","0"
"('SK', 'Manufacture of radio, television and communication equipment and apparatus (32)')","0","0","0"
"('SK', 'Manufacture of medical, precision and optical instruments, watches and clocks (33)')","0","0","0"
"('SK', 'Recycling of waste and scrap')","0","0","0"
"('SK', 'Recycling of bottles by direct reuse')","0","0","0"
"('SK', 'Production of electricity by wind')","0","0","0"
"('SK', 'Production of electricity by solar thermal')","0","0","0"
"('SK', 'Production of electricity by tide, wave, ocean')","0","0","0"
"('SK', 'Production of electricity by Geothermal')","0","0","0"
"('SK', 'Production of electricity nec')","0","0","0"
"('SK', 'Re-processing of secondary construction material into aggregates')","0","0","0"
"('SK', 'Inland water transport')","0","0","0"
"('SK', 'Real estate activities (70)')","0","0","0"
"('SK', 'Biogasification of food waste, incl. land application')","0","0","0"
"('SK', 'Biogasification of paper, incl. land application')","0","0","0"
"('SK', 'Composting of paper and wood, incl. land application')","0","0","0"
"('SK', 'Extra-territorial organizations and bodies')","0","0","0"
"('GB', 'Cultivation of paddy rice')","0","0","0"
"('GB', 'Cultivation of plant-based fibers')","0","0","0"
"('GB', 'Manure treatment (conventional), storage and land application')","0","0","0"
"('GB', 'Manure treatment (biogas), storage and land application')","0","0","0"
"('GB', 'Extraction, liquefaction, and regasification of other petroleum and gaseous materials')","0","0","0"
"('GB', 'Mining of uranium and thorium ores (12)')","0","0","0"
"('GB', 'Mining of iron ores')","0","0","0"
"('GB', 'Mining of copper ores and concentrates')","0","0","0"
"('GB', 'Mining of nickel ores and concentrates')","0","0","0"
"('GB', 'Mining of aluminium ores and concentrates')","0","0","0"
"('GB', 'Mining of precious metal ores and concentrates')","0","0","0"
"('GB', 'Mining of lead, zinc and tin ores and concentrates')","0","0","0"
"('GB', 'Mining of other non-ferrous metal ores and concentrates')","0","0","0"
"('GB', 'Quarrying of stone')","0","0","0"
"('GB', 'Quarrying of sand and clay')","0","0","0"
"('GB', 'Mining of chemical and fertilizer minerals, production of salt, other mining and quarrying n.e.c.')","0","0","0"
"('GB', 'Re-processing of secondary wood material into new wood material')","0","0","0"
"('GB', 'Re-processing of secondary paper into new pulp')","0","0","0"
"('GB', 'Re-processing of secondary plastic into new plastic')","0","0","0"
"('GB', 'N-fertiliser')","0","0","0"
"('GB', 'Re-processing of secondary glass into new glass')","0","0","0"
"('GB', 'Re-processing of ash into clinker')","0","0","0"
"('GB', 'Re-processing of secondary preciuos metals into new preciuos metals')","0","0","0"
"('GB', 'Re-processing of secondary aluminium into new aluminium')","0","0","0"
"('GB', 'Re-processing of secondary lead into new lead, zinc and tin')","0","0","0"
"('GB', 'Re-processing of secondary copper into new copper')","0","0","0"
"('GB', 'Re-processing of secondary other non-ferrous metals into new other non-ferrous metals')","0","0","0"
"('GB', 'Manufacture of radio, television and communication equipment and apparatus (32)')","0","0","0"
"('GB', 'Manufacture of medical, precision and optical instruments, watches and clocks (33)')","0","0","0"
"('GB', 'Recycling of waste and scrap')","0","0","0"
"('GB', 'Recycling of bottles by direct reuse')","0","0","0"
"('GB', 'Production of electricity by solar thermal')","0","0","0"
"('GB', 'Production of electricity by tide, wave, ocean')","0","0","0"
"('GB', 'Production of electricity by Geothermal')","0","0","0"
"('GB', 'Production of electricity nec')","0","0","0"
"('GB', 'Re-processing of secondary construction material into aggregates')","0","0","0"
"('GB', 'Composting of paper and wood, incl. land application')","0","0","0"
"('GB', 'Extra-territorial organizations and bodies')","0","0","0"
"('US', 'Manure treatment (conventional), storage and land application')","0","0","0"
"('US', 'Manure treatment (biogas), storage and land application')","0","0","0"
"('US', 'Mining of uranium and thorium ores (12)')","0","0","0"
"('US', 'Mining of nickel ores and concentrates')","0","0","0"
"('US', 'Mining of aluminium ores and concentrates')","0","0","0"
"('US', 'Re-processing of secondary wood material into new wood material')","0","0","0"
"('US', 'Re-processing of secondary paper into new pulp')","0","0","0"
"('US', 'Processing of nuclear fuel')","0","0","0"
"('US', 'Re-processing of secondary plastic into new plastic')","0","0","0"
"('US', 'Re-processing of secondary glass into new glass')","0","0","0"
"('US', 'Re-processing of ash into clinker')","0","0","0"
"('US', 'Re-processing of secondary preciuos metals into new preciuos metals')","0","0","0"
"('US', 'Re-processing of secondary aluminium into new aluminium')","0","0","0"
"('US', 'Re-processing of secondary lead into new lead, zinc and tin')","0","0","0"
"('US', 'Re-processing of secondary copper into new copper')","0","0","0"
"('US', 'Re-processing of secondary other non-ferrous metals into new other non-ferrous metals')","0","0","0"
"('US', 'Recycling of bottles by direct reuse')","0","0","0"
"('US', 'Production of electricity by tide, wave, ocean')","0","0","0"
"('US', 'Re-processing of secondary construction material into aggregates')","0","0","0"
"('US', 'Biogasification of food waste, incl. land application')","0","0","0"
"('US', 'Biogasification of paper, incl. land application')","0","0","0"
"('US', 'Extra-territorial organizations and bodies')","0","0","0"
"('JP', 'Cultivation of plant-based fibers')","0","0","0"
"('JP', 'Manure treatment (conventional), storage and land application')","0","0","0"
"('JP', 'Manure treatment (biogas), storage and land application')","0","0","0"
"('JP', 'Extraction, liquefaction, and regasification of other petroleum and gaseous materials')","0","0","0"
"('JP', 'Mining of uranium and thorium ores (12)')","0","0","0"
"('JP', 'Mining of copper ores and concentrates')","0","0","0"
"('JP', 'Mining of nickel ores and concentrates')","0","0","0"
"('JP', 'Mining of aluminium ores and concentrates')","0","0","0"
"('JP', 'Mining of lead, zinc and tin ores and concentrates')","0","0","0"
"('JP', 'Re-processing of secondary wood material into new wood material')","0","0","0"
"('JP', 'Re-processing of secondary paper into new pulp')","0","0","0"
"('JP', 'Re-processing of secondary plastic into new plastic')","0","0","0"
"('JP', 'Re-processing of secondary glass into new glass')","0","0","0"
"('JP', 'Re-processing of ash into clinker')","0","0","0"
"('JP', 'Re-processing of secondary preciuos metals into new preciuos metals')","0","0","0"
"('JP', 'Re-processing of secondary aluminium into new aluminium')","0","0","0"
"('JP', 'Re-processing of secondary lead into new lead, zinc and tin')","0","0","0"
"('JP', 'Re-processing of secondary copper into new copper')","0","0","0"
"('JP', 'Re-processing of secondary other non-ferrous metals into new other non-ferrous metals')","0","0","0"
"('JP', 'Recycling of waste and scrap')","0","0","0"
"('JP', 'Recycling of bottles by direct reuse')","0","0","0"
"('JP', 'Production of electricity by biomass and waste')","0","0","0"
"('JP', 'Production of electricity by solar thermal')","0","0","0"
"('JP', 'Production of electricity by tide, wave, ocean')","0","0","0"
"('JP', 'Collection, purification and distribution of water (41)')","0","0","0"
"('JP', 'Re-processing of secondary construction material into aggregates')","0","0","0"
"('JP', 'Renting of machinery and equipment without operator and of personal and household goods (71)')","0","0","0"
"('JP', 'Incineration of waste: Food')","0","0","0"
"('JP', 'Incineration of waste: Paper')","0","0","0"
"('JP', 'Incineration of waste: Plastic')","0","0","0"
"('JP', 'Incineration of waste: Metals and Inert materials')","0","0","0"
"('JP', 'Incineration of waste: Textiles')","0","0","0"
"('JP', 'Incineration of waste: Wood')","0","0","0"
"('JP', 'Incineration of waste: Oil/Hazardous waste')","0","0","0"
"('JP', 'Biogasification of food waste, incl. land application')","0","0","0"
"('JP', 'Biogasification of paper, incl. land application')","0","0","0"
"('JP', 'Biogasification of sewage slugde, incl. land application')","0","0","0"
"('JP', 'Composting of food waste, incl. land application')","0","0","0"
"('JP', 'Composting of paper and wood, incl. land application')","0","0","0"
"('JP', 'Waste water treatment, food')","0","0","0"
"('JP', 'Waste water treatment, other')","0","0","0"
"('JP', 'Landfill of waste: Food')","0","0","0"
"('JP', 'Landfill of waste: Paper')","0","0","0"
"('JP', 'Landfill of waste: Plastic')","0","0","0"
"('JP', 'Landfill of waste: Inert/metal/hazardous')","0","0","0"
"('JP', 'Landfill of waste: Textiles')","0","0","0"
"('JP', 'Landfill of waste: Wood')","0","0","0"
"('JP', 'Extra-territorial organizations and bodies')","0","0","0"
"('CN', 'Manure treatment (conventional), storage and land application')","0","0","0"
"('CN', 'Manure treatment (biogas), storage and land application')","0","0","0"
"('CN', 'Mining of uranium and thorium ores (12)')","0","0","0"
"('CN', 'Re-processing of secondary wood material into new wood material')","0","0","0"
"('CN', 'Re-processing of secondary paper into new pulp')","0","0","0"
"('CN', 'Processing of nuclear fuel')","0","0","0"
"('CN', 'Re-processing of secondary plastic into new plastic')","0","0","0"
"('CN', 'Re-processing of secondary glass into new glass')","0","0","0"
"('CN', 'Re-processing of ash into clinker')","0","0","0"
"('CN', 'Re-processing of secondary preciuos metals into new preciuos metals')","0","0","0"
"('CN', 'Re-processing of secondary aluminium into new aluminium')","0","0","0"
"('CN', 'Re-processing of secondary lead into new lead, zinc and tin')","0","0","0"
"('CN', 'Re-processing of secondary copper into new copper')","0","0","0"
"('CN', 'Re-processing of secondary other non-ferrous metals into new other non-ferrous metals')","0","0","0"
"('CN', 'Recycling of bottles by direct reuse')","0","0","0"
"('CN', 'Production of electricity by tide, wave, ocean')","0","0","0"
"('CN', 'Production of electricity nec')","0","0","0"
"('CN', 'Re-processing of secondary construction material into aggregates')","0","0","0"
"('CN', 'Incineration of waste: Food')","0","0","0"
"('CN', 'Incineration of waste: Paper')","0","0","0"
"('CN', 'Incineration of waste: Plastic')","0","0","0"
"('CN', 'Incineration of waste: Metals and Inert materials')","0","0","0"
"('CN', 'Incineration of waste: Textiles')","0","0","0"
"('CN', 'Incineration of waste: Wood')","0","0","0"
"('CN', 'Incineration of waste: Oil/Hazardous waste')","0","0","0"
"('CN', 'Biogasification of food waste, incl. land application')","0","0","0"
"('CN', 'Biogasification of paper, incl. land application')","0","0","0"
"('CN', 'Biogasification of sewage slugde, incl. land application')","0","0","0"
"('CN', 'Composting of food waste, incl. land application')","0","0","0"
"('CN', 'Composting of paper and wood, incl. land application')","0","0","0"
"('CN', 'Waste water treatment, food')","0","0","0"
"('CN', 'Landfill of waste: Textiles')","0","0","0"
"('CN', 'Landfill of waste: Wood')","0","0","0"
"('CN', 'Extra-territorial organizations and bodies')","0","0","0"
"('CA', 'Cultivation of paddy rice')","0","0","0"
"('CA', 'Manure treatment (conventional), storage and land application')","0","0","0"
"('CA', 'Manure treatment (biogas), storage and land application')","0","0","0"
"('CA', 'Mining of uranium and thorium ores (12)')","0","0","0"
"('CA', 'Mining of aluminium ores and concentrates')","0","0","0"
"('CA', 'Mining of precious metal ores and concentrates')","0","0","0"
"('CA', 'Processed rice')","0","0","0"
"('CA', 'Re-processing of secondary wood material into new wood material')","0","0","0"
"('CA', 'Re-processing of secondary paper into new pulp')","0","0","0"
"('CA', 'Re-processing of secondary plastic into new plastic')","0","0","0"
"('CA', 'Re-processing of secondary glass into new glass')","0","0","0"
"('CA', 'Re-processing of ash into clinker')","0","0","0"
"('CA', 'Re-processing of secondary preciuos metals into new preciuos metals')","0","0","0"
"('CA', 'Re-processing of secondary aluminium into new aluminium')","0","0","0"
"('CA', 'Re-processing of secondary lead into new lead, zinc and tin')","0","0","0"
"('CA', 'Re-processing of secondary copper into new copper')","0","0","0"
"('CA', 'Re-processing of secondary other non-ferrous metals into new other non-ferrous metals')","0","0","0"
"('CA', 'Manufacture of machinery and equipment n.e.c. (29)')","0","0","0"
"('CA', 'Recycling of waste and scrap')","0","0","0"
"('CA', 'Recycling of bottles by direct reuse')","0","0","0"
"('CA', 'Production of electricity by solar thermal')","0","0","0"
"('CA', 'Production of electricity by tide, wave, ocean')","0","0","0"
"('CA', 'Production of electricity by Geothermal')","0","0","0"
"('CA', 'Production of electricity nec')","0","0","0"
"('CA', 'Collection, purification and distribution of water (41)')","0","0","0"
"('CA', 'Re-processing of secondary construction material into aggregates')","0","0","0"
"('CA', 'Renting of machinery and equipment without operator and of personal and household goods (71)')","0","0","0"
"('CA', 'Incineration of waste: Food')","0","0","0"
"('CA', 'Incineration of waste: Paper')","0","0","0"
"('CA', 'Incineration of waste: Plastic')","0","0","0"
"('CA', 'Incineration of waste: Metals and Inert materials')","0","0","0"
"('CA', 'Incineration of waste: Textiles')","0","0","0"
"('CA', 'Incineration of waste: Wood')","0","0","0"
"('CA', 'Incineration of waste: Oil/Hazardous waste')","0","0","0"
"('CA', 'Biogasification of food waste, incl. land application')","0","0","0"
"('CA', 'Biogasification of paper, incl. land application')","0","0","0"
"('CA', 'Biogasification of sewage slugde, incl. land application')","0","0","0"
"('CA', 'Composting of food waste, incl. land application')","0","0","0"
"('CA', 'Composting of paper and wood, incl. land application')","0","0","0"
"('CA', 'Waste water treatment, food')","0","0","0"
"('CA', 'Waste water treatment, other')","0","0","0"
"('CA', 'Landfill of waste: Food')","0","0","0"
"('CA', 'Landfill of waste: Paper')","0","0","0"
"('CA', 'Landfill of waste: Plastic')","0","0","0"
"('CA', 'Landfill of waste: Inert/metal/hazardous')","0","0","0"
"('CA', 'Landfill of waste: Textiles')","0","0","0"
"('CA', 'Landfill of waste: Wood')","0","0","0"
"('CA', 'Extra-territorial organizations and bodies')","0","0","0"
"('KR', 'Cultivation of sugar cane, sugar beet')","0","0","0"
"('KR', 'Cultivation of plant-based fibers')","0","0","0"
"('KR', 'Manure treatment (conventional), storage and land application')","0","0","0"
"('KR', 'Manure treatment (biogas), storage and land application')","0","0","0"
"('KR', 'Extraction, liquefaction, and regasification of other petroleum and gaseous materials')","0","0","0"
"('KR', 'Mining of uranium and thorium ores (12)')","0","0","0"
"('KR', 'Mining of aluminium ores and concentrates')","0","0","0"
"('KR', 'Re-processing of secondary wood material into new wood material')","0","0","0"
"('KR', 'Re-processing of secondary paper into new pulp')","0","0","0"
"('KR', 'Processing of nuclear fuel')","0","0","0"
"('KR', 'Re-processing of secondary plastic into new plastic')","0","0","0"
"('KR', 'Re-processing of secondary glass into new glass')","0","0","0"
"('KR', 'Re-processing of ash into clinker')","0","0","0"
"('KR', 'Re-processing of secondary preciuos metals into new preciuos metals')","0","0","0"
"('KR', 'Re-processing of secondary aluminium into new aluminium')","0","0","0"
"('KR', 'Re-processing of secondary lead into new lead, zinc and tin')","0","0","0"
"('KR', 'Re-processing of secondary copper into new copper')","0","0","0"
"('KR', 'Re-processing of secondary other non-ferrous metals into new other non-ferrous metals')","0","0","0"
"('KR', 'Recycling of bottles by direct reuse')","0","0","0"
"('KR', 'Production of electricity by solar thermal')","0","0","0"
"('KR', 'Production of electricity by Geothermal')","0","0","0"
"('KR', 'Collection, purification and distribution of water (41)')","0","0","0"
"('KR', 'Re-processing of secondary construction material into aggregates')","0","0","0"
"('KR', 'Incineration of waste: Food')","0","0","0"
"('KR', 'Incineration of waste: Paper')","0","0","0"
"('KR', 'Incineration of waste: Plastic')","0","0","0"
"('KR', 'Incineration of waste: Metals and Inert materials')","0","0","0"
"('KR', 'Incineration of waste: Textiles')","0","0","0"
"('KR', 'Incineration of waste: Wood')","0","0","0"
"('KR', 'Incineration of waste: Oil/Hazardous waste')","0","0","0"
"('KR', 'Biogasification of food waste, incl. land application')","0","0","0"
"('KR', 'Biogasification of paper, incl. land application')","0","0","0"
"('KR', 'Biogasification of sewage slugde, incl. land application')","0","0","0"
"('KR', 'Composting of food waste, incl. land application')","0","0","0"
"('KR', 'Composting of paper and wood, incl. land application')","0","0","0"
"('KR', 'Waste water treatment, food')","0","0","0"
"('KR', 'Landfill of waste: Food')","0","0","0"
"('KR', 'Landfill of waste: Paper')","0","0","0"
"('KR', 'Landfill of waste: Plastic')","0","0","0"
"('KR', 'Landfill of waste: Inert/metal/hazardous')","0","0","0"
"('KR', 'Landfill of waste: Textiles')","0","0","0"
"('KR', 'Landfill of waste: Wood')","0","0","0"
"('KR', 'Extra-territorial organizations and bodies')","0","0","0"
"('BR', 'Manure treatment (conventional), storage and land application')","0","0","0"
"('BR', 'Manure treatment (biogas), storage and land application')","0","0","0"
"('BR', 'Mining of uranium and thorium ores (12)')","0","0","0"
"('BR', 'Mining of nickel ores and concentrates')","0","0","0"
"('BR', 'Mining of aluminium ores and concentrates')","0","0","0"
"('BR', 'Mining of lead, zinc and tin ores and concentrates')","0","0","0"
"('BR', 'Re-processing of secondary wood material into new wood material')","0","0","0"
"('BR', 'Re-processing of secondary paper into new pulp')","0","0","0"
"('BR', 'Processing of nuclear fuel')","0","0","0"
"('BR', 'Re-processing of secondary plastic into new plastic')","0","0","0"
"('BR', 'Re-processing of secondary glass into new glass')","0","0","0"
"('BR', 'Re-processing of ash into clinker')","0","0","0"
"('BR', 'Re-processing of secondary preciuos metals into new preciuos metals')","0","0","0"
"('BR', 'Re-processing of secondary aluminium into new aluminium')","0","0","0"
"('BR', 'Re-processing of secondary lead into new lead, zinc and tin')","0","0","0"
"('BR', 'Re-processing of secondary copper into new copper')","0","0","0"
"('BR', 'Re-processing of secondary other non-ferrous metals into new other non-ferrous metals')","0","0","0"
"('BR', 'Recycling of waste and scrap')","0","0","0"
"('BR', 'Recycling of bottles by direct reuse')","0","0","0"
"('BR', 'Production of electricity by solar thermal')","0","0","0"
"('BR', 'Production of electricity by tide, wave, ocean')","0","0","0"
"('BR', 'Production of electricity by Geothermal')","0","0","0"
"('BR', 'Production of electricity nec')","0","0","0"
"('BR', 'Steam and hot water supply')","0","0","0"
"('BR', 'Collection, purification and distribution of water (41)')","0","0","0"
"('BR', 'Re-processing of secondary construction material into aggregates')","0","0","0"
"('BR', 'Incineration of waste: Food')","0","0","0"
"('BR', 'Incineration of waste: Paper')","0","0","0"
"('BR', 'Incineration of waste: Plastic')","0","0","0"
"('BR', 'Incineration of waste: Metals and Inert materials')","0","0","0"
"('BR', 'Incineration of waste: Textiles')","0","0","0"
"('BR', 'Incineration of waste: Wood')","0","0","0"
"('BR', 'Incineration of waste: Oil/Hazardous waste')","0","0","0"
"('BR', 'Biogasification of food waste, incl. land application')","0","0","0"
"('BR', 'Biogasification of paper, incl. land application')","0","0","0"
"('BR', 'Biogasification of sewage slugde, incl. land application')","0","0","0"
"('BR', 'Composting of paper and wood, incl. land application')","0","0","0"
"('BR', 'Landfill of waste: Plastic')","0","0","0"
"('BR', 'Landfill of waste: Textiles')","0","0","0"
"('BR', 'Extra-territorial organizations and bodies')","0","0","0"
"('IN', 'Manure treatment (conventional), storage and land application')","0","0","0"
"('IN', 'Manure treatment (biogas), storage and land application')","0","0","0"
"('IN', 'Extraction, liquefaction, and regasification of other petroleum and gaseous materials')","0","0","0"
"('IN', 'Mining of nickel ores and concentrates')","0","0","0"
"('IN', 'Mining of aluminium ores and concentrates')","0","0","0"
"('IN', 'Re-processing of secondary wood material into new wood material')","0","0","0"
"('IN', 'Re-processing of secondary paper into new pulp')","0","0","0"
"('IN', 'Processing of nuclear fuel')","0","0","0"
"('IN', 'Re-processing of secondary plastic into new plastic')","0","0","0"
"('IN', 'Re-processing of secondary glass into new glass')","0","0","0"
"('IN', 'Re-processing of ash into clinker')","0","0","0"
"('IN', 'Re-processing of secondary preciuos metals into new preciuos metals')","0","0","0"
"('IN', 'Re-processing of secondary aluminium into new aluminium')","0","0","0"
"('IN', 'Re-processing of secondary lead into new lead, zinc and tin')","0","0","0"
"('IN', 'Re-processing of secondary copper into new copper')","0","0","0"
"('IN', 'Re-processing of secondary other non-ferrous metals into new other non-ferrous metals')","0","0","0"
"('IN', 'Recycling of waste and scrap')","0","0","0"
"('IN', 'Recycling of bottles by direct reuse')","0","0","0"
"('IN', 'Production of electricity by solar thermal')","0","0","0"
"('IN', 'Production of electricity by tide, wave, ocean')","0","0","0"
"('IN', 'Production of electricity by Geothermal')","0","0","0"
"('IN', 'Production of electricity nec')","0","0","0"
"('IN', 'Steam and hot water supply')","0","0","0"
"('IN', 'Collection, purification and distribution of water (41)')","0","0","0"
"('IN', 'Re-processing of secondary construction material into aggregates')","0","0","0"
"('IN', 'Renting of machinery and equipment without operator and of personal and household goods (71)')","0","0","0"
"('IN', 'Incineration of waste: Food')","0","0","0"
"('IN', 'Incineration of waste: Paper')","0","0","0"
"('IN', 'Incineration of waste: Plastic')","0","0","0"
"('IN', 'Incineration of waste: Metals and Inert materials')","0","0","0"
"('IN', 'Incineration of waste: Textiles')","0","0","0"
"('IN', 'Incineration of waste: Wood')","0","0","0"
"('IN', 'Incineration of waste: Oil/Hazardous waste')","0","0","0"
"('IN', 'Biogasification of food waste, incl. land application')","0","0","0"
"('IN', 'Biogasification of paper, incl. land application')","0","0","0"
"('IN', 'Biogasification of sewage slugde, incl. land application')","0","0","0"
"('IN', 'Composting of food waste, incl. land application')","0","0","0"
"('IN', 'Composting of paper and wood, incl. land application')","0","0","0"
"('IN', 'Waste water treatment, food')","0","0","0"
"('IN', 'Waste water treatment, other')","0","0","0"
"('IN', 'Landfill of waste: Food')","0","0","0"
"('IN', 'Landfill of waste: Paper')","0","0","0"
"('IN', 'Landfill of waste: Plastic')","0","0","0"
"('IN', 'Landfill of waste: Inert/metal/hazardous')","0","0","0"
"('IN', 'Landfill of waste: Textiles')","0","0","0"
"('IN', 'Landfill of waste: Wood')","0","0","0"
"('IN', 'Extra-territorial organizations and bodies')","0","0","0"
"('MX', 'Manure treatment (conventional), storage and land application')","0","0","0"
"('MX', 'Manure treatment (biogas), storage and land application')","0","0","0"
"('MX', 'Mining of uranium and thorium ores (12)')","0","0","0"
"('MX', 'Mining of nickel ores and concentrates')","0","0","0"
"('MX', 'Mining of aluminium ores and concentrates')","0","0","0"
"('MX', 'Mining of lead, zinc and tin ores and concentrates')","0","0","0"
"('MX', 'Quarrying of stone')","0","0","0"
"('MX', 'Quarrying of sand and clay')","0","0","0"
"('MX', 'Mining of chemical and fertilizer minerals, production of salt, other mining and quarrying n.e.c.')","0","0","0"
"('MX', 'Re-processing of secondary wood material into new wood material')","0","0","0"
"('MX', 'Re-processing of secondary paper into new pulp')","0","0","0"
"('MX', 'Processing of nuclear fuel')","0","0","0"
"('MX', 'Re-processing of secondary plastic into new plastic')","0","0","0"
"('MX', 'Re-processing of secondary glass into new glass')","0","0","0"
"('MX', 'Re-processing of ash into clinker')","0","0","0"
"('MX', 'Re-processing of secondary preciuos metals into new preciuos metals')","0","0","0"
"('MX', 'Re-processing of secondary aluminium into new aluminium')","0","0","0"
"('MX', 'Re-processing of secondary lead into new lead, zinc and tin')","0","0","0"
"('MX', 'Re-processing of secondary copper into new copper')","0","0","0"
"('MX', 'Re-processing of secondary other non-ferrous metals into new other non-ferrous metals')","0","0","0"
"('MX', 'Manufacture of machinery and equipment n.e.c. (29)')","0","0","0"
"('MX', 'Recycling of waste and scrap')","0","0","0"
"('MX', 'Recycling of bottles by direct reuse')","0","0","0"
"('MX', 'Production of electricity by solar thermal')","0","0","0"
"('MX', 'Production of electricity by tide, wave, ocean')","0","0","0"
"('MX', 'Production of electricity nec')","0","0","0"
"('MX', 'Steam and hot water supply')","0","0","0"
"('MX', 'Collection, purification and distribution of water (41)')","0","0","0"
"('MX', 'Re-processing of secondary construction material into aggregates')","0","0","0"
"('MX', 'Renting of machinery and equipment without operator and of personal and household goods (71)')","0","0","0"
"('MX', 'Incineration of waste: Food')","0","0","0"
"('MX', 'Incineration of waste: Paper')","0","0","0"
"('MX', 'Incineration of waste: Plastic')","0","0","0"
"('MX', 'Incineration of waste: Metals and Inert materials')","0","0","0"
"('MX', 'Incineration of waste: Textiles')","0","0","0"
"('MX', 'Incineration of waste: Wood')","0","0","0"
"('MX', 'Incineration of waste: Oil/Hazardous waste')","0","0","0"
"('MX', 'Biogasification of food waste, incl. land application')","0","0","0"
"('MX', 'Biogasification of paper, incl. land application')","0","0","0"
"('MX', 'Biogasification of sewage slugde, incl. land application')","0","0","0"
"('MX', 'Composting of food waste, incl. land application')","0","0","0"
"('MX', 'Composting of paper and wood, incl. land application')","0","0","0"
"('MX', 'Waste water treatment, food')","0","0","0"
"('MX', 'Waste water treatment, other')","0","0","0"
"('MX', 'Landfill of waste: Food')","0","0","0"
"('MX', 'Landfill of waste: Paper')","0","0","0"
"('MX', 'Landfill of waste: Plastic')","0","0","0"
"('MX', 'Landfill of waste: Inert/metal/hazardous')","0","0","0"
"('MX', 'Landfill of waste: Textiles')","0","0","0"
"('MX', 'Landfill of waste: Wood')","0","0","0"
"('MX', 'Extra-territorial organizations and bodies')","0","0","0"
"('RU', 'Manure treatment (conventional), storage and land application')","0","0","0"
"('RU', 'Manure treatment (biogas), storage and land application')","0","0","0"
"('RU', 'Extraction, liquefaction, and regasification of other petroleum and gaseous materials')","0","0","0"
"('RU', 'Mining of uranium and thorium ores (12)')","0","0","0"
"('RU', 'Mining of iron ores')","0","0","0"
"('RU', 'Mining of aluminium ores and concentrates')","0","0","0"
"('RU', 'Mining of lead, zinc and tin ores and concentrates')","0","0","0"
"('RU', 'Mining of other non-ferrous metal ores and concentrates')","0","0","0"
"('RU', 'Quarrying of stone')","0","0","0"
"('RU', 'Quarrying of sand and clay')","0","0","0"
"('RU', 'Mining of chemical and fertilizer minerals, production of salt, other mining and quarrying n.e.c.')","0","0","0"
"('RU', 'Re-processing of secondary wood material into new wood material')","0","0","0"
"('RU', 'Re-processing of secondary paper into new pulp')","0","0","0"
"('RU', 'Processing of nuclear fuel')","0","0","0"
"('RU', 'Re-processing of secondary plastic into new plastic')","0","0","0"
"('RU', 'Re-processing of secondary glass into new glass')","0","0","0"
"('RU', 'Re-processing of ash into clinker')","0","0","0"
"('RU', 'Re-processing of secondary preciuos metals into new preciuos metals')","0","0","0"
"('RU', 'Re-processing of secondary aluminium into new aluminium')","0","0","0"
"('RU', 'Re-processing of secondary lead into new lead, zinc and tin')","0","0","0"
"('RU', 'Re-processing of secondary copper into new copper')","0","0","0"
"('RU', 'Re-processing of secondary other non-ferrous metals into new other non-ferrous metals')","0","0","0"
"('RU', 'Manufacture of machinery and equipment n.e.c. (29)')","0","0","0"
"('RU', 'Recycling of waste and scrap')","0","0","0"
"('RU', 'Recycling of bottles by direct reuse')","0","0","0"
"('RU', 'Production of electricity by solar thermal')","0","0","0"
"('RU', 'Production of electricity by tide, wave, ocean')","0","0","0"
"('RU', 'Production of electricity nec')","0","0","0"
"('RU', 'Collection, purification and distribution of water (41)')","0","0","0"
"('RU', 'Re-processing of secondary construction material into aggregates')","0","0","0"
"('RU', 'Renting of machinery and equipment without operator and of personal and household goods (71)')","0","0","0"
"('RU', 'Incineration of waste: Food')","0","0","0"
"('RU', 'Incineration of waste: Paper')","0","0","0"
"('RU', 'Incineration of waste: Plastic')","0","0","0"
"('RU', 'Incineration of waste: Metals and Inert materials')","0","0","0"
"('RU', 'Incineration of waste: Textiles')","0","0","0"
"('RU', 'Incineration of waste: Wood')","0","0","0"
"('RU', 'Incineration of waste: Oil/Hazardous waste')","0","0","0"
"('RU', 'Biogasification of food waste, incl. land application')","0","0","0"
"('RU', 'Biogasification of paper, incl. land application')","0","0","0"
"('RU', 'Biogasification of sewage slugde, incl. land application')","0","0","0"
"('RU', 'Composting of food waste, incl. land application')","0","0","0"
"('RU', 'Composting of paper and wood, incl. land application')","0","0","0"
"('RU', 'Waste water treatment, food')","0","0","0"
"('RU', 'Waste water treatment, other')","0","0","0"
"('RU', 'Landfill of waste: Food')","0","0","0"
"('RU', 'Landfill of waste: Paper')","0","0","0"
"('RU', 'Landfill of waste: Plastic')","0","0","0"
"('RU', 'Landfill of waste: Inert/metal/hazardous')","0","0","0"
"('RU', 'Landfill of waste: Textiles')","0","0","0"
"('RU', 'Landfill of waste: Wood')","0","0","0"
"('RU', 'Extra-territorial organizations and bodies')","0","0","0"
"('AU', 'Manure treatment (conventional), storage and land application')","0","0","0"
"('AU', 'Manure treatment (biogas), storage and land application')","0","0","0"
"('AU', 'Extraction, liquefaction, and regasification of other petroleum and gaseous materials')","0","0","0"
"('AU', 'Re-processing of secondary wood material into new wood material')","0","0","0"
"('AU', 'Processing of nuclear fuel')","0","0","0"
"('AU', 'Re-processing of secondary plastic into new plastic')","0","0","0"
"('AU', 'Re-processing of secondary glass into new glass')","0","0","0"
"('AU', 'Re-processing of ash into clinker')","0","0","0"
"('AU', 'Re-processing of secondary preciuos metals into new preciuos metals')","0","0","0"
"('AU', 'Re-processing of secondary aluminium into new aluminium')","0","0","0"
"('AU', 'Re-processing of secondary lead into new lead, zinc and tin')","0","0","0"
"('AU', 'Re-processing of secondary copper into new copper')","0","0","0"
"('AU', 'Re-processing of secondary other non-ferrous metals into new other non-ferrous metals')","0","0","0"
"('AU', 'Manufacture of machinery and equipment n.e.c. (29)')","0","0","0"
"('AU', 'Recycling of waste and scrap')","0","0","0"
"('AU', 'Recycling of bottles by direct reuse')","0","0","0"
"('AU', 'Production of electricity by nuclear')","0","0","0"
"('AU', 'Production of electricity by solar thermal')","0","0","0"
"('AU', 'Production of electricity by tide, wave, ocean')","0","0","0"
"('AU', 'Production of electricity by Geothermal')","0","0","0"
"('AU', 'Steam and hot water supply')","0","0","0"
"('AU', 'Collection, purification and distribution of water (41)')","0","0","0"
"('AU', 'Re-processing of secondary construction material into aggregates')","0","0","0"
"('AU', 'Renting of machinery and equipment without operator and of personal and household goods (71)')","0","0","0"
"('AU', 'Incineration of waste: Food')","0","0","0"
"('AU', 'Incineration of waste: Paper')","0","0","0"
"('AU', 'Incineration of waste: Plastic')","0","0","0"
"('AU', 'Incineration of waste: Metals and Inert materials')","0","0","0"
"('AU', 'Incineration of waste: Textiles')","0","0","0"
"('AU', 'Incineration of waste: Wood')","0","0","0"
"('AU', 'Incineration of waste: Oil/Hazardous waste')","0","0","0"
"('AU', 'Biogasification of food waste, incl. land application')","0","0","0"
"('AU', 'Biogasification of paper, incl. land application')","0","0","0"
"('AU', 'Biogasification of sewage slugde, incl. land application')","0","0","0"
"('AU', 'Composting of food waste, incl. land application')","0","0","0"
"('AU', 'Composting of paper and wood, incl. land application')","0","0","0"
"('AU', 'Waste water treatment, food')","0","0","0"
"('AU', 'Landfill of waste: Food')","0","0","0"
"('AU', 'Landfill of waste: Plastic')","0","0","0"
"('AU', 'Landfill of waste: Inert/metal/hazardous')","0","0","0"
"('AU', 'Landfill of waste: Textiles')","0","0","0"
"('AU', 'Landfill of waste: Wood')","0","0","0"
"('AU', 'Extra-territorial organizations and bodies')","0","0","0"
"('CH', 'Cultivation of paddy rice')","0","0","0"
"('CH', 'Cultivation of wheat')","0","0","0"
"('CH', 'Cultivation of cereal grains nec')","0","0","0"
"('CH', 'Cultivation of vegetables, fruit, nuts')","0","0","0"
"('CH', 'Cultivation of oil seeds')","0","0","0"
"('CH', 'Cultivation of sugar cane, sugar beet')","0","0","0"
"('CH', 'Cultivation of plant-based fibers')","0","0","0"
"('CH', 'Cultivation of crops nec')","0","0","0"
"('CH', 'Cattle farming')","0","0","0"
"('CH', 'Pigs farming')","0","0","0"
"('CH', 'Poultry farming')","0","0","0"
"('CH', 'Meat animals nec')","0","0","0"
"('CH', 'Animal products nec')","0","0","0"
"('CH', 'Raw milk')","0","0","0"
"('CH', 'Wool, silk-worm cocoons')","0","0","0"
"('CH', 'Manure treatment (conventional), storage and land application')","0","0","0"
"('CH', 'Manure treatment (biogas), storage and land application')","0","0","0"
"('CH', 'Forestry, logging and related service activities (02)')","0","0","0"
"('CH', 'Mining of coal and lignite; extraction of peat (10)')","0","0","0"
"('CH', 'Extraction of crude petroleum and services related to crude oil extraction, excluding surveying')","0","0","0"
"('CH', 'Extraction, liquefaction, and regasification of other petroleum and gaseous materials')","0","0","0"
"('CH', 'Mining of uranium and thorium ores (12)')","0","0","0"
"('CH', 'Mining of iron ores')","0","0","0"
"('CH', 'Mining of copper ores and concentrates')","0","0","0"
"('CH', 'Mining of nickel ores and concentrates')","0","0","0"
"('CH', 'Mining of aluminium ores and concentrates')","0","0","0"
"('CH', 'Mining of precious metal ores and concentrates')","0","0","0"
"('CH', 'Mining of lead, zinc and tin ores and concentrates')","0","0","0"
"('CH', 'Mining of other non-ferrous metal ores and concentrates')","0","0","0"
"('CH', 'Re-processing of secondary wood material into new wood material')","0","0","0"
"('CH', 'Re-processing of secondary paper into new pulp')","0","0","0"
"('CH', 'Manufacture of coke oven products')","0","0","0"
"('CH', 'Re-processing of secondary plastic into new plastic')","0","0","0"
"('CH', 'Re-processing of secondary glass into new glass')","0","0","0"
"('CH', 'Re-processing of ash into clinker')","0","0","0"
"('CH', 'Manufacture of basic iron and steel and of ferro-alloys and first products thereof')","0","0","0"
"('CH', 'Re-processing of secondary preciuos metals into new preciuos metals')","0","0","0"
"('CH', 'Re-processing of secondary aluminium into new aluminium')","0","0","0"
"('CH', 'Re-processing of secondary lead into new lead, zinc and tin')","0","0","0"
"('CH', 'Re-processing of secondary copper into new copper')","0","0","0"
"('CH', 'Re-processing of secondary other non-ferrous metals into new other non-ferrous metals')","0","0","0"
"('CH', 'Manufacture of machinery and equipment n.e.c. (29)')","0","0","0"
"('CH', 'Manufacture of electrical machinery and apparatus n.e.c. (31)')","0","0","0"
"('CH', 'Manufacture of radio, television and communication equipment and apparatus (32)')","0","0","0"
"('CH', 'Manufacture of medical, precision and optical instruments, watches and clocks (33)')","0","0","0"
"('CH', 'Recycling of bottles by direct reuse')","0","0","0"
"('CH', 'Production of electricity by coal')","0","0","0"
"('CH', 'Production of electricity by petroleum and other oil derivatives')","0","0","0"
"('CH', 'Production of electricity by solar thermal')","0","0","0"
"('CH', 'Production of electricity by tide, wave, ocean')","0","0","0"
"('CH', 'Production of electricity by Geothermal')","0","0","0"
"('CH', 'Production of electricity nec')","0","0","0"
"('CH', 'Re-processing of secondary construction material into aggregates')","0","0","0"
"('CH', 'Incineration of waste: Plastic')","0","0","0"
"('CH', 'Incineration of waste: Metals and Inert materials')","0","0","0"
"('CH', 'Incineration of waste: Textiles')","0","0","0"
"('CH', 'Incineration of waste: Wood')","0","0","0"
"('CH', 'Incineration of waste: Oil/Hazardous waste')","0","0","0"
"('CH', 'Biogasification of food waste, incl. land application')","0","0","0"
"('CH', 'Biogasification of paper, incl. land application')","0","0","0"
"('CH', 'Biogasification of sewage slugde, incl. land application')","0","0","0"
"('CH', 'Composting of food waste, incl. land application')","0","0","0"
"('CH', 'Composting of paper and wood, incl. land application')","0","0","0"
"('CH', 'Waste water treatment, food')","0","0","0"
"('CH', 'Waste water treatment, other')","0","0","0"
"('CH', 'Landfill of waste: Food')","0","0","0"
"('CH', 'Landfill of waste: Paper')","0","0","0"
"('CH', 'Landfill of waste: Plastic')","0","0","0"
"('CH', 'Landfill of waste: Inert/metal/hazardous')","0","0","0"
"('CH', 'Landfill of waste: Textiles')","0","0","0"
"('CH', 'Landfill of waste: Wood')","0","0","0"
"('CH', 'Extra-territorial organizations and bodies')","0","0","0"
"('TR', 'Pigs farming')","0","0","0"
"('TR', 'Manure treatment (conventional), storage and land application')","0","0","0"
"('TR', 'Manure treatment (biogas), storage and land application')","0","0","0"
"('TR', 'Mining of uranium and thorium ores (12)')","0","0","0"
"('TR', 'Processing of meat pigs')","0","0","0"
"('TR', 'Re-processing of secondary wood material into new wood material')","0","0","0"
"('TR', 'Re-processing of secondary paper into new pulp')","0","0","0"
"('TR', 'Processing of nuclear fuel')","0","0","0"
"('TR', 'Re-processing of secondary plastic into new plastic')","0","0","0"
"('TR', 'Re-processing of secondary glass into new glass')","0","0","0"
"('TR', 'Re-processing of ash into clinker')","0","0","0"
"('TR', 'Re-processing of secondary preciuos metals into new preciuos metals')","0","0","0"
"('TR', 'Re-processing of secondary aluminium into new aluminium')","0","0","0"
"('TR', 'Re-processing of secondary lead into new lead, zinc and tin')","0","0","0"
"('TR', 'Re-processing of secondary copper into new copper')","0","0","0"
"('TR', 'Re-processing of secondary other non-ferrous metals into new other non-ferrous metals')","0","0","0"
"('TR', 'Recycling of waste and scrap')","0","0","0"
"('TR', 'Recycling of bottles by direct reuse')","0","0","0"
"('TR', 'Production of electricity by nuclear')","0","0","0"
"('TR', 'Production of electricity by solar thermal')","0","0","0"
"('TR', 'Production of electricity by tide, wave, ocean')","0","0","0"
"('TR', 'Collection, purification and distribution of water (41)')","0","0","0"
"('TR', 'Re-processing of secondary construction material into aggregates')","0","0","0"
"('TR', 'Renting of machinery and equipment without operator and of personal and household goods (71)')","0","0","0"
"('TR', 'Incineration of waste: Food')","0","0","0"
"('TR', 'Incineration of waste: Paper')","0","0","0"
"('TR', 'Incineration of waste: Plastic')","0","0","0"
"('TR', 'Incineration of waste: Metals and Inert materials')","0","0","0"
"('TR', 'Incineration of waste: Textiles')","0","0","0"
"('TR', 'Incineration of waste: Wood')","0","0","0"
"('TR', 'Incineration of waste: Oil/Hazardous waste')","0","0","0"
"('TR', 'Biogasification of food waste, incl. land application')","0","0","0"
"('TR', 'Biogasification of paper, incl. land application')","0","0","0"
"('TR', 'Biogasification of sewage slugde, incl. land application')","0","0","0"
"('TR', 'Composting of food waste, incl. land application')","0","0","0"
"('TR', 'Composting of paper and wood, incl. land application')","0","0","0"
"('TR', 'Waste water treatment, food')","0","0","0"
"('TR', 'Waste water treatment, other')","0","0","0"
"('TR', 'Landfill of waste: Food')","0","0","0"
"('TR', 'Landfill of waste: Paper')","0","0","0"
"('TR', 'Landfill of waste: Plastic')","0","0","0"
"('TR', 'Landfill of waste: Inert/metal/hazardous')","0","0","0"
"('TR', 'Landfill of waste: Textiles')","0","0","0"
"('TR', 'Landfill of waste: Wood')","0","0","0"
"('TR', 'Extra-territorial organizations and bodies')","0","0","0"
"('TW', 'Wool, silk-worm cocoons')","0","0","0"
"('TW', 'Manure treatment (conventional), storage and land application')","0","0","0"
"('TW', 'Manure treatment (biogas), storage and land application')","0","0","0"
"('TW', 'Mining of coal and lignite; extraction of peat (10)')","0","0","0"
"('TW', 'Extraction, liquefaction, and regasification of other petroleum and gaseous materials')","0","0","0"
"('TW', 'Mining of uranium and thorium ores (12)')","0","0","0"
"('TW', 'Mining of nickel ores and concentrates')","0","0","0"
"('TW', 'Re-processing of secondary wood material into new wood material')","0","0","0"
"('TW', 'Re-processing of secondary paper into new pulp')","0","0","0"
"('TW', 'Processing of nuclear fuel')","0","0","0"
"('TW', 'Re-processing of secondary plastic into new plastic')","0","0","0"
"('TW', 'Re-processing of secondary glass into new glass')","0","0","0"
"('TW', 'Re-processing of ash into clinker')","0","0","0"
"('TW', 'Re-processing of secondary preciuos metals into new preciuos metals')","0","0","0"
"('TW', 'Re-processing of secondary aluminium into new aluminium')","0","0","0"
"('TW', 'Re-processing of secondary lead into new lead, zinc and tin')","0","0","0"
"('TW', 'Re-processing of secondary copper into new copper')","0","0","0"
"('TW', 'Re-processing of secondary other non-ferrous metals into new other non-ferrous metals')","0","0","0"
"('TW', 'Recycling of waste and scrap')","0","0","0"
"('TW', 'Recycling of bottles by direct reuse')","0","0","0"
"('TW', 'Production of electricity by biomass and waste')","0","0","0"
"('TW', 'Production of electricity by solar thermal')","0","0","0"
"('TW', 'Production of electricity by tide, wave, ocean')","0","0","0"
"('TW', 'Production of electricity by Geothermal')","0","0","0"
"('TW', 'Production of electricity nec')","0","0","0"
"('TW', 'Collection, purification and distribution of water (41)')","0","0","0"
"('TW', 'Re-processing of secondary construction material into aggregates')","0","0","0"
"('TW', 'Renting of machinery and equipment without operator and of personal and household goods (71)')","0","0","0"
"('TW', 'Incineration of waste: Food')","0","0","0"
"('TW', 'Incineration of waste: Paper')","0","0","0"
"('TW', 'Incineration of waste: Plastic')","0","0","0"
"('TW', 'Incineration of waste: Metals and Inert materials')","0","0","0"
"('TW', 'Incineration of waste: Textiles')","0","0","0"
"('TW', 'Incineration of waste: Wood')","0","0","0"
"('TW', 'Incineration of waste: Oil/Hazardous waste')","0","0","0"
"('TW', 'Biogasification of food waste, incl. land application')","0","0","0"
"('TW', 'Biogasification of paper, incl. land application')","0","0","0"
"('TW', 'Biogasification of sewage slugde, incl. land application')","0","0","0"
"('TW', 'Composting of food waste, incl. land application')","0","0","0"
"('TW', 'Composting of paper and wood, incl. land application')","0","0","0"
"('TW', 'Waste water treatment, food')","0","0","0"
"('TW', 'Waste water treatment, other')","0","0","0"
"('TW', 'Landfill of waste: Food')","0","0","0"
"('TW', 'Landfill of waste: Paper')","0","0","0"
"('TW', 'Landfill of waste: Plastic')","0","0","0"
"('TW', 'Landfill of waste: Inert/metal/hazardous')","0","0","0"
"('TW', 'Landfill of waste: Textiles')","0","0","0"
"('TW', 'Landfill of waste: Wood')","0","0","0"
"('TW', 'Extra-territorial organizations and bodies')","0","0","0"
"('NO', 'Cultivation of paddy rice')","0","0","0"
"('NO', 'Cultivation of sugar cane, sugar beet')","0","0","0"
"('NO', 'Cultivation of plant-based fibers')","0","0","0"
"('NO', 'Manure treatment (conventional), storage and land application')","0","0","0"
"('NO', 'Manure treatment (biogas), storage and land application')","0","0","0"
"('NO', 'Extraction, liquefaction, and regasification of other petroleum and gaseous materials')","0","0","0"
"('NO', 'Mining of uranium and thorium ores (12)')","0","0","0"
"('NO', 'Mining of copper ores and concentrates')","0","0","0"
"('NO', 'Mining of aluminium ores and concentrates')","0","0","0"
"('NO', 'Mining of precious metal ores and concentrates')","0","0","0"
"('NO', 'Mining of lead, zinc and tin ores and concentrates')","0","0","0"
"('NO', 'Quarrying of stone')","0","0","0"
"('NO', 'Mining of chemical and fertilizer minerals, production of salt, other mining and quarrying n.e.c.')","0","0","0"
"('NO', 'Processed rice')","0","0","0"
"('NO', 'Re-processing of secondary wood material into new wood material')","0","0","0"
"('NO', 'Re-processing of secondary paper into new pulp')","0","0","0"
"('NO', 'Manufacture of coke oven products')","0","0","0"
"('NO', 'Processing of nuclear fuel')","0","0","0"
"('NO', 'Re-processing of secondary plastic into new plastic')","0","0","0"
"('NO', 'Re-processing of secondary glass into new glass')","0","0","0"
"('NO', 'Re-processing of ash into clinker')","0","0","0"
"('NO', 'Manufacture of basic iron and steel and of ferro-alloys and first products thereof')","0","0","0"
"('NO', 'Re-processing of secondary preciuos metals into new preciuos metals')","0","0","0"
"('NO', 'Re-processing of secondary aluminium into new aluminium')","0","0","0"
"('NO', 'Re-processing of secondary lead into new lead, zinc and tin')","0","0","0"
"('NO', 'Re-processing of secondary copper into new copper')","0","0","0"
"('NO', 'Re-processing of secondary other non-ferrous metals into new other non-ferrous metals')","0","0","0"
"('NO', 'Manufacture of electrical machinery and apparatus n.e.c. (31)')","0","0","0"
"('NO', 'Manufacture of radio, television and communication equipment and apparatus (32)')","0","0","0"
"('NO', 'Manufacture of medical, precision and optical instruments, watches and clocks (33)')","0","0","0"
"('NO', 'Recycling of bottles by direct reuse')","0","0","0"
"('NO', 'Production of electricity by nuclear')","0","0","0"
"('NO', 'Production of electricity by biomass and waste')","0","0","0"
"('NO', 'Production of electricity by solar photovoltaic')","0","0","0"
"('NO', 'Production of electricity by solar thermal')","0","0","0"
"('NO', 'Production of electricity by tide, wave, ocean')","0","0","0"
"('NO', 'Production of electricity by Geothermal')","0","0","0"
"('NO', 'Production of electricity nec')","0","0","0"
"('NO', 'Re-processing of secondary construction material into aggregates')","0","0","0"
"('NO', 'Biogasification of food waste, incl. land application')","0","0","0"
"('NO', 'Biogasification of paper, incl. land application')","0","0","0"
"('NO', 'Biogasification of sewage slugde, incl. land application')","0","0","0"
"('NO', 'Composting of paper and wood, incl. land application')","0","0","0"
"('NO', 'Extra-territorial organizations and bodies')","0","0","0"
"('ID', 'Cultivation of wheat')","0","0","0"
"('ID', 'Manure treatment (conventional), storage and land application')","0","0","0"
"('ID', 'Manure treatment (biogas), storage and land application')","0","0","0"
"('ID', 'Extraction, liquefaction, and regasification of other petroleum and gaseous materials')","0","0","0"
"('ID', 'Mining of uranium and thorium ores (12)')","0","0","0"
"('ID', 'Mining of iron ores')","0","0","0"
"('ID', 'Quarrying of stone')","0","0","0"
"('ID', 'Mining of chemical and fertilizer minerals, production of salt, other mining and quarrying n.e.c.')","0","0","0"
"('ID', 'Re-processing of secondary wood material into new wood material')","0","0","0"
"('ID', 'Re-processing of secondary paper into new pulp')","0","0","0"
"('ID', 'Manufacture of coke oven products')","0","0","0"
"('ID', 'Processing of nuclear fuel')","0","0","0"
"('ID', 'Re-processing of secondary plastic into new plastic')","0","0","0"
"('ID', 'Re-processing of secondary glass into new glass')","0","0","0"
"('ID', 'Re-processing of ash into clinker')","0","0","0"
"('ID', 'Re-processing of secondary preciuos metals into new preciuos metals')","0","0","0"
"('ID', 'Re-processing of secondary aluminium into new aluminium')","0","0","0"
"('ID', 'Re-processing of secondary lead into new lead, zinc and tin')","0","0","0"
"('ID', 'Re-processing of secondary copper into new copper')","0","0","0"
"('ID', 'Re-processing of secondary other non-ferrous metals into new other non-ferrous metals')","0","0","0"
"('ID', 'Manufacture of machinery and equipment n.e.c. (29)')","0","0","0"
"('ID', 'Recycling of waste and scrap')","0","0","0"
"('ID', 'Recycling of bottles by direct reuse')","0","0","0"
"('ID', 'Production of electricity by nuclear')","0","0","0"
"('ID', 'Production of electricity by solar thermal')","0","0","0"
"('ID', 'Production of electricity by tide, wave, ocean')","0","0","0"
"('ID', 'Production of electricity nec')","0","0","0"
"('ID', 'Steam and hot water supply')","0","0","0"
"('ID', 'Collection, purification and distribution of water (41)')","0","0","0"
"('ID', 'Re-processing of secondary construction material into aggregates')","0","0","0"
"('ID', 'Renting of machinery and equipment without operator and of personal and household goods (71)')","0","0","0"
"('ID', 'Incineration of waste: Food')","0","0","0"
"('ID', 'Incineration of waste: Paper')","0","0","0"
"('ID', 'Incineration of waste: Plastic')","0","0","0"
"('ID', 'Incineration of waste: Metals and Inert materials')","0","0","0"
"('ID', 'Incineration of waste: Textiles')","0","0","0"
"('ID', 'Incineration of waste: Wood')","0","0","0"
"('ID', 'Incineration of waste: Oil/Hazardous waste')","0","0","0"
"('ID', 'Biogasification of food waste, incl. land application')","0","0","0"
"('ID', 'Biogasification of paper, incl. land application')","0","0","0"
"('ID', 'Biogasification of sewage slugde, incl. land application')","0","0","0"
"('ID', 'Composting of food waste, incl. land application')","0","0","0"
"('ID', 'Composting of paper and wood, incl. land application')","0","0","0"
"('ID', 'Waste water treatment, food')","0","0","0"
"('ID', 'Waste water treatment, other')","0","0","0"
"('ID', 'Landfill of waste: Food')","0","0","0"
"('ID', 'Landfill of waste: Paper')","0","0","0"
"('ID', 'Landfill of waste: Plastic')","0","0","0"
"('ID', 'Landfill of waste: Inert/metal/hazardous')","0","0","0"
"('ID', 'Landfill of waste: Textiles')","0","0","0"
"('ID', 'Landfill of waste: Wood')","0","0","0"
"('ID', 'Extra-territorial organizations and bodies')","0","0","0"
"('ZA', 'Cultivation of paddy rice')","0","0","0"
"('ZA', 'Manure treatment (conventional), storage and land application')","0","0","0"
"('ZA', 'Manure treatment (biogas), storage and land application')","0","0","0"
"('ZA', 'Mining of uranium and thorium ores (12)')","0","0","0"
"('ZA', 'Mining of nickel ores and concentrates')","0","0","0"
"('ZA', 'Mining of aluminium ores and concentrates')","0","0","0"
"('ZA', 'Mining of lead, zinc and tin ores and concentrates')","0","0","0"
"('ZA', 'Quarrying of stone')","0","0","0"
"('ZA', 'Quarrying of sand and clay')","0","0","0"
"('ZA', 'Mining of chemical and fertilizer minerals, production of salt, other mining and quarrying n.e.c.')","0","0","0"
"('ZA', 'Re-processing of secondary wood material into new wood material')","0","0","0"
"('ZA', 'Re-processing of secondary paper into new pulp')","0","0","0"
"('ZA', 'Processing of nuclear fuel')","0","0","0"
"('ZA', 'Re-processing of secondary plastic into new plastic')","0","0","0"
"('ZA', 'Re-processing of secondary glass into new glass')","0","0","0"
"('ZA', 'Re-processing of ash into clinker')","0","0","0"
"('ZA', 'Re-processing of secondary preciuos metals into new preciuos metals')","0","0","0"
"('ZA', 'Re-processing of secondary aluminium into new aluminium')","0","0","0"
"('ZA', 'Re-processing of secondary lead into new lead, zinc and tin')","0","0","0"
"('ZA', 'Re-processing of secondary copper into new copper')","0","0","0"
"('ZA', 'Re-processing of secondary other non-ferrous metals into new other non-ferrous metals')","0","0","0"
"('ZA', 'Manufacture of machinery and equipment n.e.c. (29)')","0","0","0"
"('ZA', 'Recycling of waste and scrap')","0","0","0"
"('ZA', 'Recycling of bottles by direct reuse')","0","0","0"
"('ZA', 'Production of electricity by gas')","0","0","0"
"('ZA', 'Production of electricity by biomass and waste')","0","0","0"
"('ZA', 'Production of electricity by tide, wave, ocean')","0","0","0"
"('ZA', 'Production of electricity by Geothermal')","0","0","0"
"('ZA', 'Production of electricity nec')","0","0","0"
"('ZA', 'Steam and hot water supply')","0","0","0"
"('ZA', 'Collection, purification and distribution of water (41)')","0","0","0"
"('ZA', 'Re-processing of secondary construction material into aggregates')","0","0","0"
"('ZA', 'Renting of machinery and equipment without operator and of personal and household goods (71)')","0","0","0"
"('ZA', 'Incineration of waste: Food')","0","0","0"
"('ZA', 'Incineration of waste: Paper')","0","0","0"
"('ZA', 'Incineration of waste: Plastic')","0","0","0"
"('ZA', 'Incineration of waste: Metals and Inert materials')","0","0","0"
"('ZA', 'Incineration of waste: Textiles')","0","0","0"
"('ZA', 'Incineration of waste: Wood')","0","0","0"
"('ZA', 'Incineration of waste: Oil/Hazardous waste')","0","0","0"
"('ZA', 'Biogasification of food waste, incl. land application')","0","0","0"
"('ZA', 'Biogasification of paper, incl. land application')","0","0","0"
"('ZA', 'Biogasification of sewage slugde, incl. land application')","0","0","0"
"('ZA', 'Composting of food waste, incl. land application')","0","0","0"
"('ZA', 'Composting of paper and wood, incl. land application')","0","0","0"
"('ZA', 'Waste water treatment, food')","0","0","0"
"('ZA', 'Waste water treatment, other')","0","0","0"
"('ZA', 'Landfill of waste: Food')","0","0","0"
"('ZA', 'Landfill of waste: Paper')","0","0","0"
"('ZA', 'Landfill of waste: Plastic')","0","0","0"
"('ZA', 'Landfill of waste: Inert/metal/hazardous')","0","0","0"
"('ZA', 'Landfill of waste: Textiles')","0","0","0"
"('ZA', 'Landfill of waste: Wood')","0","0","0"
"('ZA', 'Extra-territorial organizations and bodies')","0","0","0"
"('WA', 'Manure treatment (conventional), storage and land application')","0","0","0"
"('WA', 'Manure treatment (biogas), storage and land application')","0","0","0"
"('WA', 'Mining of uranium and thorium ores (12)')","0","0","0"
"('WA', 'Mining of iron ores')","0","0","0"
"('WA', 'Mining of copper ores and concentrates')","0","0","0"
"('WA', 'Mining of nickel ores and concentrates')","0","0","0"
"('WA', 'Mining of aluminium ores and concentrates')","0","0","0"
"('WA', 'Mining of precious metal ores and concentrates')","0","0","0"
"('WA', 'Mining of lead, zinc and tin ores and concentrates')","0","0","0"
"('WA', 'Mining of other non-ferrous metal ores and concentrates')","0","0","0"
"('WA', 'Quarrying of stone')","0","0","0"
"('WA', 'Quarrying of sand and clay')","0","0","0"
"('WA', 'Mining of chemical and fertilizer minerals, production of salt, other mining and quarrying n.e.c.')","0","0","0"
"('WA', 'Re-processing of secondary wood material into new wood material')","0","0","0"
"('WA', 'Re-processing of secondary paper into new pulp')","0","0","0"
"('WA', 'Processing of nuclear fuel')","0","0","0"
"('WA', 'Re-processing of secondary plastic into new plastic')","0","0","0"
"('WA', 'Re-processing of secondary glass into new glass')","0","0","0"
"('WA', 'Re-processing of ash into clinker')","0","0","0"
"('WA', 'Re-processing of secondary steel into new steel')","0","0","0"
"('WA', 'Re-processing of secondary preciuos metals into new preciuos metals')","0","0","0"
"('WA', 'Re-processing of secondary aluminium into new aluminium')","0","0","0"
"('WA', 'Re-processing of secondary lead into new lead, zinc and tin')","0","0","0"
"('WA', 'Re-processing of secondary copper into new copper')","0","0","0"
"('WA', 'Re-processing of secondary other non-ferrous metals into new other non-ferrous metals')","0","0","0"
"('WA', 'Manufacture of machinery and equipment n.e.c. (29)')","0","0","0"
"('WA', 'Recycling of waste and scrap')","0","0","0"
"('WA', 'Recycling of bottles by direct reuse')","0","0","0"
"('WA', 'Production of electricity by solar thermal')","0","0","0"
"('WA', 'Production of electricity by tide, wave, ocean')","0","0","0"
"('WA', 'Production of electricity nec')","0","0","0"
"('WA', 'Collection, purification and distribution of water (41)')","0","0","0"
"('WA', 'Re-processing of secondary construction material into aggregates')","0","0","0"
"('WA', 'Renting of machinery and equipment without operator and of personal and household goods (71)')","0","0","0"
"('WA', 'Incineration of waste: Food')","0","0","0"
"('WA', 'Incineration of waste: Paper')","0","0","0"
"('WA', 'Incineration of waste: Plastic')","0","0","0"
"('WA', 'Incineration of waste: Metals and Inert materials')","0","0","0"
"('WA', 'Incineration of waste: Textiles')","0","0","0"
"('WA', 'Incineration of waste: Wood')","0","0","0"
"('WA', 'Incineration of waste: Oil/Hazardous waste')","0","0","0"
"('WA', 'Biogasification of food waste, incl. land application')","0","0","0"
"('WA', 'Biogasification of paper, incl. land application')","0","0","0"
"('WA', 'Biogasification of sewage slugde, incl. land application')","0","0","0"
"('WA', 'Composting of food waste, incl. land application')","0","0","0"
"('WA', 'Composting of paper and wood, incl. land application')","0","0","0"
"('WA', 'Waste water treatment, food')","0","0","0"
"('WA', 'Waste water treatment, other')","0","0","0"
"('WA', 'Landfill of waste: Food')","0","0","0"
"('WA', 'Landfill of waste: Paper')","0","0","0"
"('WA', 'Landfill of waste: Plastic')","0","0","0"
"('WA', 'Landfill of waste: Inert/metal/hazardous')","0","0","0"
"('WA', 'Landfill of waste: Textiles')","0","0","0"
"('WA', 'Landfill of waste: Wood')","0","0","0"
"('WA', 'Extra-territorial organizations and bodies')","0","0","0"
"('WL', 'Manure treatment (conventional), storage and land application')","0","0","0"
"('WL', 'Manure treatment (biogas), storage and land application')","0","0","0"
"('WL', 'Extraction, liquefaction, and regasification of other petroleum and gaseous materials')","0","0","0"
"('WL', 'Mining of uranium and thorium ores (12)')","0","0","0"
"('WL', 'Mining of aluminium ores and concentrates')","0","0","0"
"('WL', 'Mining of precious metal ores and concentrates')","0","0","0"
"('WL', 'Quarrying of stone')","0","0","0"
"('WL', 'Quarrying of sand and clay')","0","0","0"
"('WL', 'Mining of chemical and fertilizer minerals, production of salt, other mining and quarrying n.e.c.')","0","0","0"
"('WL', 'Re-processing of secondary wood material into new wood material')","0","0","0"
"('WL', 'Re-processing of secondary paper into new pulp')","0","0","0"
"('WL', 'Processing of nuclear fuel')","0","0","0"
"('WL', 'Re-processing of secondary plastic into new plastic')","0","0","0"
"('WL', 'Re-processing of secondary glass into new glass')","0","0","0"
"('WL', 'Re-processing of ash into clinker')","0","0","0"
"('WL', 'Re-processing of secondary steel into new steel')","0","0","0"
"('WL', 'Re-processing of secondary preciuos metals into new preciuos metals')","0","0","0"
"('WL', 'Re-processing of secondary aluminium into new aluminium')","0","0","0"
"('WL', 'Re-processing of secondary lead into new lead, zinc and tin')","0","0","0"
"('WL', 'Re-processing of secondary copper into new copper')","0","0","0"
"('WL', 'Re-processing of secondary other non-ferrous metals into new other non-ferrous metals')","0","0","0"
"('WL', 'Manufacture of machinery and equipment n.e.c. (29)')","0","0","0"
"('WL', 'Recycling of waste and scrap')","0","0","0"
"('WL', 'Recycling of bottles by direct reuse')","0","0","0"
"('WL', 'Production of electricity by solar thermal')","0","0","0"
"('WL', 'Production of electricity by tide, wave, ocean')","0","0","0"
"('WL', 'Production of electricity nec')","0","0","0"
"('WL', 'Steam and hot water supply')","0","0","0"
"('WL', 'Collection, purification and distribution of water (41)')","0","0","0"
"('WL', 'Re-processing of secondary construction material into aggregates')","0","0","0"
"('WL', 'Renting of machinery and equipment without operator and of personal and household goods (71)')","0","0","0"
"('WL', 'Incineration of waste: Food')","0","0","0"
"('WL', 'Incineration of waste: Paper')","0","0","0"
"('WL', 'Incineration of waste: Plastic')","0","0","0"
"('WL', 'Incineration of waste: Metals and Inert materials')","0","0","0"
"('WL', 'Incineration of waste: Textiles')","0","0","0"
"('WL', 'Incineration of waste: Wood')","0","0","0"
"('WL', 'Incineration of waste: Oil/Hazardous waste')","0","0","0"
"('WL', 'Biogasification of food waste, incl. land application')","0","0","0"
"('WL', 'Biogasification of paper, incl. land application')","0","0","0"
"('WL', 'Biogasification of sewage slugde, incl. land application')","0","0","0"
"('WL', 'Composting of food waste, incl. land application')","0","0","0"
"('WL', 'Composting of paper and wood, incl. land application')","0","0","0"
"('WL', 'Waste water treatment, food')","0","0","0"
"('WL', 'Waste water treatment, other')","0","0","0"
"('WL', 'Landfill of waste: Food')","0","0","0"
"('WL', 'Landfill of waste: Paper')","0","0","0"
"('WL', 'Landfill of waste: Plastic')","0","0","0"
"('WL', 'Landfill of waste: Inert/metal/hazardous')","0","0","0"
"('WL', 'Landfill of waste: Textiles')","0","0","0"
"('WL', 'Landfill of waste: Wood')","0","0","0"
"('WL', 'Extra-territorial organizations and bodies')","0","0","0"
"('WE', 'Manure treatment (conventional), storage and land application')","0","0","0"
"('WE', 'Manure treatment (biogas), storage and land application')","0","0","0"
"('WE', 'Mining of uranium and thorium ores (12)')","0","0","0"
"('WE', 'Mining of aluminium ores and concentrates')","0","0","0"
"('WE', 'Mining of precious metal ores and concentrates')","0","0","0"
"('WE', 'Mining of chemical and fertilizer minerals, production of salt, other mining and quarrying n.e.c.')","0","0","0"
"('WE', 'Re-processing of secondary wood material into new wood material')","0","0","0"
"('WE', 'Re-processing of secondary paper into new pulp')","0","0","0"
"('WE', 'Processing of nuclear fuel')","0","0","0"
"('WE', 'Re-processing of secondary plastic into new plastic')","0","0","0"
"('WE', 'Re-processing of secondary glass into new glass')","0","0","0"
"('WE', 'Re-processing of ash into clinker')","0","0","0"
"('WE', 'Re-processing of secondary steel into new steel')","0","0","0"
"('WE', 'Re-processing of secondary preciuos metals into new preciuos metals')","0","0","0"
"('WE', 'Re-processing of secondary aluminium into new aluminium')","0","0","0"
"('WE', 'Re-processing of secondary lead into new lead, zinc and tin')","0","0","0"
"('WE', 'Re-processing of secondary copper into new copper')","0","0","0"
"('WE', 'Re-processing of secondary other non-ferrous metals into new other non-ferrous metals')","0","0","0"
"('WE', 'Manufacture of machinery and equipment n.e.c. (29)')","0","0","0"
"('WE', 'Recycling of waste and scrap')","0","0","0"
"('WE', 'Recycling of bottles by direct reuse')","0","0","0"
"('WE', 'Production of electricity by solar thermal')","0","0","0"
"('WE', 'Production of electricity by tide, wave, ocean')","0","0","0"
"('WE', 'Production of electricity nec')","0","0","0"
"('WE', 'Collection, purification and distribution of water (41)')","0","0","0"
"('WE', 'Re-processing of secondary construction material into aggregates')","0","0","0"
"('WE', 'Renting of machinery and equipment without operator and of personal and household goods (71)')","0","0","0"
"('WE', 'Incineration of waste: Food')","0","0","0"
"('WE', 'Incineration of waste: Paper')","0","0","0"
"('WE', 'Incineration of waste: Plastic')","0","0","0"
"('WE', 'Incineration of waste: Metals and Inert materials')","0","0","0"
"('WE', 'Incineration of waste: Textiles')","0","0","0"
"('WE', 'Incineration of waste: Wood')","0","0","0"
"('WE', 'Incineration of waste: Oil/Hazardous waste')","0","0","0"
"('WE', 'Biogasification of food waste, incl. land application')","0","0","0"
"('WE', 'Biogasification of paper, incl. land application')","0","0","0"
"('WE', 'Biogasification of sewage slugde, incl. land application')","0","0","0"
"('WE', 'Composting of food waste, incl. land application')","0","0","0"
"('WE', 'Composting of paper and wood, incl. land application')","0","0","0"
"('WE', 'Waste water treatment, food')","0","0","0"
"('WE', 'Waste water treatment, other')","0","0","0"
"('WE', 'Landfill of waste: Food')","0","0","0"
"('WE', 'Landfill of waste: Paper')","0","0","0"
"('WE', 'Landfill of waste: Plastic')","0","0","0"
"('WE', 'Landfill of waste: Inert/metal/hazardous')","0","0","0"
"('WE', 'Landfill of waste: Textiles')","0","0","0"
"('WE', 'Landfill of waste: Wood')","0","0","0"
"('WE', 'Extra-territorial organizations and bodies')","0","0","0"
"('WF', 'Manure treatment (conventional), storage and land application')","0","0","0"
"('WF', 'Manure treatment (biogas), storage and land application')","0","0","0"
"('WF', 'Mining of iron ores')","0","0","0"
"('WF', 'Mining of copper ores and concentrates')","0","0","0"
"('WF', 'Quarrying of stone')","0","0","0"
"('WF', 'Mining of chemical and fertilizer minerals, production of salt, other mining and quarrying n.e.c.')","0","0","0"
"('WF', 'Re-processing of secondary wood material into new wood material')","0","0","0"
"('WF', 'Re-processing of secondary paper into new pulp')","0","0","0"
"('WF', 'Processing of nuclear fuel')","0","0","0"
"('WF', 'Re-processing of secondary plastic into new plastic')","0","0","0"
"('WF', 'Re-processing of secondary glass into new glass')","0","0","0"
"('WF', 'Re-processing of ash into clinker')","0","0","0"
"('WF', 'Re-processing of secondary preciuos metals into new preciuos metals')","0","0","0"
"('WF', 'Re-processing of secondary aluminium into new aluminium')","0","0","0"
"('WF', 'Re-processing of secondary lead into new lead, zinc and tin')","0","0","0"
"('WF', 'Re-processing of secondary copper into new copper')","0","0","0"
"('WF', 'Re-processing of secondary other non-ferrous metals into new other non-ferrous metals')","0","0","0"
"('WF', 'Manufacture of machinery and equipment n.e.c. (29)')","0","0","0"
"('WF', 'Recycling of waste and scrap')","0","0","0"
"('WF', 'Recycling of bottles by direct reuse')","0","0","0"
"('WF', 'Production of electricity by nuclear')","0","0","0"
"('WF', 'Production of electricity by tide, wave, ocean')","0","0","0"
"('WF', 'Production of electricity nec')","0","0","0"
"('WF', 'Steam and hot water supply')","0","0","0"
"('WF', 'Collection, purification and distribution of water (41)')","0","0","0"
"('WF', 'Re-processing of secondary construction material into aggregates')","0","0","0"
"('WF', 'Renting of machinery and equipment without operator and of personal and household goods (71)')","0","0","0"
"('WF', 'Incineration of waste: Food')","0","0","0"
"('WF', 'Incineration of waste: Paper')","0","0","0"
"('WF', 'Incineration of waste: Plastic')","0","0","0"
"('WF', 'Incineration of waste: Metals and Inert materials')","0","0","0"
"('WF', 'Incineration of waste: Textiles')","0","0","0"
"('WF', 'Incineration of waste: Wood')","0","0","0"
"('WF', 'Incineration of waste: Oil/Hazardous waste')","0","0","0"
"('WF', 'Biogasification of food waste, incl. land application')","0","0","0"
"('WF', 'Biogasification of paper, incl. land application')","0","0","0"
"('WF', 'Biogasification of sewage slugde, incl. land application')","0","0","0"
"('WF', 'Composting of food waste, incl. land application')","0","0","0"
"('WF', 'Composting of paper and wood, incl. land application')","0","0","0"
"('WF', 'Waste water treatment, food')","0","0","0"
"('WF', 'Waste water treatment, other')","0","0","0"
"('WF', 'Landfill of waste: Food')","0","0","0"
"('WF', 'Landfill of waste: Paper')","0","0","0"
"('WF', 'Landfill of waste: Plastic')","0","0","0"
"('WF', 'Landfill of waste: Inert/metal/hazardous')","0","0","0"
"('WF', 'Landfill of waste: Textiles')","0","0","0"
"('WF', 'Landfill of waste: Wood')","0","0","0"
"('WF', 'Extra-territorial organizations and bodies')","0","0","0"
"('WM', 'Manure treatment (conventional), storage and land application')","0","0","0"
"('WM', 'Manure treatment (biogas), storage and land application')","0","0","0"
"('WM', 'Mining of uranium and thorium ores (12)')","0","0","0"
"('WM', 'Mining of iron ores')","0","0","0"
"('WM', 'Mining of nickel ores and concentrates')","0","0","0"
"('WM', 'Mining of aluminium ores and concentrates')","0","0","0"
"('WM', 'Mining of precious metal ores and concentrates')","0","0","0"
"('WM', 'Mining of lead, zinc and tin ores and concentrates')","0","0","0"
"('WM', 'Mining of other non-ferrous metal ores and concentrates')","0","0","0"
"('WM', 'Quarrying of stone')","0","0","0"
"('WM', 'Mining of chemical and fertilizer minerals, production of salt, other mining and quarrying n.e.c.')","0","0","0"
"('WM', 'Re-processing of secondary wood material into new wood material')","0","0","0"
"('WM', 'Re-processing of secondary paper into new pulp')","0","0","0"
"('WM', 'Processing of nuclear fuel')","0","0","0"
"('WM', 'Re-processing of secondary plastic into new plastic')","0","0","0"
"('WM', 'Re-processing of secondary glass into new glass')","0","0","0"
"('WM', 'Re-processing of ash into clinker')","0","0","0"
"('WM', 'Re-processing of secondary preciuos metals into new preciuos metals')","0","0","0"
"('WM', 'Re-processing of secondary aluminium into new aluminium')","0","0","0"
"('WM', 'Re-processing of secondary lead into new lead, zinc and tin')","0","0","0"
"('WM', 'Re-processing of secondary copper into new copper')","0","0","0"
"('WM', 'Re-processing of secondary other non-ferrous metals into new other non-ferrous metals')","0","0","0"
"('WM', 'Recycling of waste and scrap')","0","0","0"
"('WM', 'Recycling of bottles by direct reuse')","0","0","0"
"('WM', 'Production of electricity by tide, wave, ocean')","0","0","0"
"('WM', 'Production of electricity by Geothermal')","0","0","0"
"('WM', 'Production of electricity nec')","0","0","0"
"('WM', 'Steam and hot water supply')","0","0","0"
"('WM', 'Re-processing of secondary construction material into aggregates')","0","0","0"
"('WM', 'Incineration of waste: Food')","0","0","0"
"('WM', 'Incineration of waste: Paper')","0","0","0"
"('WM', 'Incineration of waste: Plastic')","0","0","0"
"('WM', 'Incineration of waste: Metals and Inert materials')","0","0","0"
"('WM', 'Incineration of waste: Textiles')","0","0","0"
"('WM', 'Incineration of waste: Wood')","0","0","0"
"('WM', 'Incineration of waste: Oil/Hazardous waste')","0","0","0"
"('WM', 'Biogasification of food waste, incl. land application')","0","0","0"
"('WM', 'Biogasification of paper, incl. land application')","0","0","0"
"('WM', 'Biogasification of sewage slugde, incl. land application')","0","0","0"
"('WM', 'Composting of food waste, incl. land application')","0","0","0"
"('WM', 'Composting of paper and wood, incl. land application')","0","0","0"
"('WM', 'Waste water treatment, food')","0","0","0"
"('WM', 'Waste water treatment, other')","0","0","0"
"('WM', 'Landfill of waste: Textiles')","0","0","0"
"('WM', 'Landfill of waste: Wood')","0","0","0"
"('WM', 'Extra-territorial organizations and bodies')","0","0","0"
