"country_sector_vec","ESRI_weight_1","ESRI_d_weight_1","ESRI_u_weight_1"
"('CN', 'Mining of coal and lignite; extraction of peat (10)')","0.259785257939772","0.258573752401241","0.0121262947459867"
"('CN', 'Manufacture of glass and glass products')","0.258862029353443","0.258664631870091","0.0094126290502366"
"('CN', 'Other non-ferrous metal production')","0.258652492968222","0.25859647011791","0.00192014592452682"
"('CN', 'Manufacture of ceramic goods')","0.259020065767603","0.25859750086132","0.0109817423998537"
"('CN', 'Aluminium production')","0.258935443954385","0.258605786036283","0.00713353269132556"
"('CN', 'Manufacture of coke oven products')","0.258667387806341","0.25864219755914","0.003322086505322"
"('CN', 'Steam and hot water supply')","0.258703370483666","0.258699857473439","0.000852843875850315"
"('CN', 'Manufacture of furniture; manufacturing n.e.c. (36)')","0.0128364856319773","0.00591256872621463","0.0123699769666341"
"('CN', 'Production of electricity by coal')","0.260515473561578","0.260186209410198","0.00812897506295612"
"('CN', 'Manufacture of basic iron and steel and of ferro-alloys and first products thereof')","0.260052380878754","0.258643363813101","0.0273165590969843"
"('CN', 'Manufacture of other non-metallic mineral products n.e.c.')","0.258715857817132","0.258595959731931","0.0072225200307877"
"('CN', 'Lead, zinc and tin production')","0.258686048767903","0.258677757897858","0.00128446022737906"
"('CN', 'Research and development (73)')","0.00884193828132515","0.00528612065449174","0.00883019763709309"
"('CN', 'Production of electricity by hydro')","0.201025813810377","0.201020322485171","0.00121873727532179"
"('CN', 'Transmission of electricity')","0.187063302856833","0.187054246727435","0.0031430768650124"
"('CN', 'Production of electricity by solar photovoltaic')","0.196011440788412","0.196010947935133","0.000236090882835158"
"('CN', 'Manufacture of rubber and plastic products (25)')","0.119194452672224","0.117089060048224","0.0224922256733013"
"('CN', 'Production of electricity by wind')","0.162554505225374","0.162553094080236","0.00041868908003077"
"('CN', 'Plastics, basic')","0.150975533024289","0.149813386562851","0.0111062361281074"
"('CN', 'Transport via railways')","0.146538876250068","0.146225287043529","0.0043785019786093"
"('CN', 'Retail sale of automotive fuel')","0.000770729781515562","0.000411322373915198","0.000741597636979127"
"('US', 'Activities auxiliary to financial intermediation (67)')","0.0676772733514993","0.0676722692697613","0.00892181460378666"
"('CN', 'Precious metals production')","0.114795352754551","0.114772673087217","0.00103160154252476"
"('US', 'Real estate activities (70)')","0.0323163127970916","0.0237483458838534","0.0313371451933667"
"('CN', 'Retail trade, except of motor vehicles and motorcycles; repair of personal and household goods (52)')","0.0152018003393665","0.0113234792954138","0.0128557940832719"
"('CN', 'Inland water transport')","0.0928455669948613","0.0928396973555494","0.000390380900693433"
"('US', 'Insurance and pension funding, except compulsory social security (66)')","0.0517815554017572","0.0510592723993825","0.0170805399283634"
"('CN', 'Financial intermediation, except insurance and pension funding (65)')","0.0677870713930795","0.0675790754516235","0.0126104687565203"
"('CN', 'Casting of metals')","0.113122712350051","0.113087898383863","0.00279447018548224"
"('CN', 'Distribution and trade of electricity')","0.0991159672883466","0.099014127084132","0.00383281884043026"
"('CN', 'Hotels and restaurants (55)')","0.038918528982171","0.0364722980047222","0.0124025971470671"
"('CN', 'Manufacture of wood and of products of wood and cork, except furniture; manufacture of articles of straw and plaiting materials (20)')","0.0155102871977491","0.014806041255379","0.00490110748939693"
"('CN', 'Petroleum Refinery')","0.0981338032262326","0.0920484235598493","0.0225556026964873"
"('CN', 'Sea and coastal water transport')","0.0805122921645521","0.0801552251076648","0.00408567144772495"
"('CN', 'Manufacture of other transport equipment (35)')","0.0591039367695966","0.0586420308980865","0.00501030821803448"
"('US', 'Post and telecommunications (64)')","0.0669782143804565","0.0668254131092483","0.0127892719185283"
"('CN', 'Manufacture of cement, lime and plaster')","0.0965537327141311","0.0962470031797662","0.00540613196555349"
"('CN', 'Wholesale trade and commission trade, except of motor vehicles and motorcycles (51)')","0.0860271983160445","0.0846313259339246","0.0194058223569201"
"('CN', 'Recycling of waste and scrap')","0.0740742446659855","0.0740742370774063","2.12513927371462e-05"
"('CN', 'Real estate activities (70)')","0.0122983041753434","0.00970833094024873","0.0121959292835776"
"('CN', 'Air transport (62)')","0.0246607788444591","0.0241781685409648","0.00452469727890252"
"('CN', 'Re-processing of secondary steel into new steel')","0.0659973174362856","0.0657462438499088","0.00533470001545555"
"('CN', 'Copper production')","0.0474393295841005","0.0472665163134894","0.00227587387391557"
"('CN', 'Manufacture of bricks, tiles and construction products, in baked clay')","0.0635208302622797","0.0635167105720441","0.000360641273284948"
"('CN', 'Production of electricity by nuclear')","0.0556205741064579","0.0556191079932148","0.000311445218124178"
"('US', 'Financial intermediation, except insurance and pension funding (65)')","0.0406105432482592","0.0402210158727683","0.0144291738263718"
"('CN', 'Construction (45)')","0.0787172700500286","0.0156365868732216","0.077041791377483"
"('CN', 'Other land transport')","0.0605962453994221","0.0597818159564176","0.0121174026170574"
"('CN', 'Public administration and defence; compulsory social security (75)')","0.0214927837788178","0.0183629193268763","0.00941230547869768"
"('CN', 'Manufacture of medical, precision and optical instruments, watches and clocks (33)')","0.00120634855861641","0.000704436950838499","0.00108938903990159"
"('IE', 'Renting of machinery and equipment without operator and of personal and household goods (71)')","0.00934485572084137","0.00922448665348679","0.00128104999710456"
"('US', 'Hotels and restaurants (55)')","0.0215333140164339","0.0190414038332163","0.0103626134515509"
"('CN', 'Insurance and pension funding, except compulsory social security (66)')","0.0267533285320264","0.0263221464674524","0.00492985836614529"
"('US', 'Supporting and auxiliary transport activities; activities of travel agencies (63)')","0.0112804280656739","0.0108613158234314","0.00759580794967175"
"('CN', 'Post and telecommunications (64)')","0.0236231711705681","0.023195513052293","0.00667264780619643"
"('US', 'Wholesale trade and commission trade, except of motor vehicles and motorcycles (51)')","0.0864605977566412","0.0828891462269442","0.0192972334419315"
"('US', 'Manufacture of gas; distribution of gaseous fuels through mains')","0.0330657550931115","0.0330482734612212","0.00184728410239475"
"('US', 'Other land transport')","0.0524291481206498","0.0518856416281989","0.010467339710063"
"('CN', 'Chemicals nec')","0.0382344663310263","0.034519434352237","0.0141843733451095"
"('CN', 'Manufacture of fish products')","0.0858878535545689","0.0827217028598886","0.0118711193130735"
"('CN', 'Fishing, operating of fish hatcheries and fish farms; service activities incidental to fishing (05)')","0.084970688716644","0.0848924265938204","0.00367765228518734"
"('US', 'Construction (45)')","0.0235272370634746","0.0158167013985228","0.0175272298240337"
"('CN', 'Transport via pipelines')","0.103393599408067","0.103383178274925","0.000906929713065413"
"('US', 'Production of electricity by gas')","0.0244831358733919","0.0244470961617414","0.00102903731120126"
"('CN', 'Sale, maintenance, repair of motor vehicles, motor vehicles parts, motorcycles, motor cycles parts and accessoiries')","0.0124093998863902","0.0117821773214643","0.00404608644213687"
"('US', 'Production of electricity by nuclear')","0.0232631730593798","0.0232615402238989","0.000265968542633351"
"('CN', 'Computer and related activities (72)')","0.00645060372863893","0.00321238658197938","0.00611638806115654"
"('CN', 'Production of meat products nec')","0.0718279252722889","0.0717960572317214","0.00146018699948183"
"('CN', 'Pigs farming')","0.0622014416099246","0.0620437300516582","0.00447693415114707"
"('US', 'Sale, maintenance, repair of motor vehicles, motor vehicles parts, motorcycles, motor cycles parts and accessoiries')","0.0106504410652817","0.0103264543360889","0.00291512140638335"
"('CN', 'Processing of Food products nec')","0.0568987987430657","0.0550740795873713","0.0172702112851596"
"('CN', 'Manufacture of electrical machinery and apparatus n.e.c. (31)')","0.0347504812389578","0.0286992489912971","0.0235196416578356"
"('AU', 'Mining of nickel ores and concentrates')","0.0293813781899619","0.0293780896729013","3.33603164141075e-05"
"('CN', 'Production of electricity by gas')","0.0262672402436922","0.0261632355707737","0.00067000723080211"
"('CN', 'Cultivation of vegetables, fruit, nuts')","0.0595334614434433","0.0587976144976077","0.00667513623781743"
"('US', 'Distribution and trade of electricity')","0.0224127857275294","0.0224044150446817","0.00126330675047949"
"('US', 'Air transport (62)')","0.00615330305025313","0.00513499049649745","0.00348388639526371"
"('CN', 'Supporting and auxiliary transport activities; activities of travel agencies (63)')","0.00808454933926943","0.00534349391723775","0.00629528468353212"
"('CN', 'Paper')","0.0475712750513575","0.0455636104819299","0.0107427149273801"
"('CN', 'Cultivation of sugar cane, sugar beet')","0.0582700845405575","0.05826732851462","0.00050760338094251"
"('US', 'Computer and related activities (72)')","0.00934434880325422","0.00849168573744501","0.00816105589157943"
"('US', 'Petroleum Refinery')","0.0309795293274156","0.0245973576903404","0.0163513398331183"
"('CN', 'Meat animals nec')","0.0525909259416631","0.0525801951709572","0.000443432649753284"
"('US', 'Renting of machinery and equipment without operator and of personal and household goods (71)')","0.0235813861551898","0.0235749572499972","0.00117876058536522"
"('CN', 'Activities auxiliary to financial intermediation (67)')","0.00742176258356876","0.00732275696227956","0.00209455085241374"
"('US', 'Retail sale of automotive fuel')","0.0140417679651695","0.0135470295420959","0.00109127611611625"
"('CN', 'Manufacture of motor vehicles, trailers and semi-trailers (34)')","0.0289969975328047","0.0149847716129902","0.0268657469856727"
"('CN', 'Extraction, liquefaction, and regasification of other petroleum and gaseous materials')","0.0208096801089862","0.0208086414376224","0.000154770875715366"
"('CN', 'Processing of meat pigs')","0.0479966840049997","0.0470998337422075","0.00518439697616476"
"('CN', 'Cultivation of paddy rice')","0.0467901676452718","0.0467851173271434","0.00140243394882558"
"('US', 'Extraction of crude petroleum and services related to crude oil extraction, excluding surveying')","0.0240838324667003","0.0233763368273225","0.0116706779827261"
"('CN', 'Manufacture of wearing apparel; dressing and dyeing of fur (18)')","0.0289936369943608","0.0251185195986703","0.0143845431213603"
"('CN', 'Manufacture of textiles (17)')","0.0290080503200865","0.0255496823248408","0.0183498887279664"
"('CN', 'Processed rice')","0.0454420664945861","0.0449528222931831","0.00159329946880108"
"('CN', 'Manufacture of fabricated metal products, except machinery and equipment (28)')","0.175234910962547","0.173564592874429","0.025088176799005"
"('WM', 'Production of electricity by petroleum and other oil derivatives')","0.0241069530310994","0.0240775837850836","0.00026085893394162"
"('US', 'Manufacture of other transport equipment (35)')","0.00238512319356343","0.00106382576487671","0.00233247183589872"
"('US', 'Production of electricity by wind')","0.0123584736757273","0.012358318077932","0.000117698843809561"
"('US', 'Transmission of electricity')","0.0143996132925818","0.014398739822179","0.000291775122883932"
"('WA', 'N-fertiliser')","0.0140665115981694","0.0140393709013302","0.000186918250663975"
"('US', 'Other business activities (74)')","0.0321532988175658","0.0316550626979214","0.023721896852098"
"('CN', 'Manufacture of gas; distribution of gaseous fuels through mains')","0.0202453973866137","0.0201041049621005","0.00108357041435736"
"('US', 'Retail trade, except of motor vehicles and motorcycles; repair of personal and household goods (52)')","0.0100620628272328","0.00254580243427154","0.0100587051857938"
"('CN', 'Tanning and dressing of leather; manufacture of luggage, handbags, saddlery, harness and footwear (19)')","0.0268382227682045","0.0256106979633631","0.00561518667011358"
"('CN', 'Wool, silk-worm cocoons')","0.0255737575499262","0.0255677514837598","9.92020509050384e-05"
"('CN', 'Manufacture of office machinery and computers (30)')","0.0243118682871618","0.0185376760942194","0.0213423056136679"
"('US', 'Inland water transport')","0.00393448475388361","0.00381390099796564","0.000323604392351275"
"('US', 'Production of electricity by solar thermal')","8.36936324558133e-07","8.34013229354364e-07","8.36936324558133e-07"
"('US', 'Production of electricity by Geothermal')","0.0040251978534745","0.00402470707039026","4.78022124893034e-06"
"('ES', 'Mining of copper ores and concentrates')","0.0150299665497013","0.01500694547763","7.09079780043394e-05"
"('BE', 'Mining of chemical and fertilizer minerals, production of salt, other mining and quarrying n.e.c.')","0.0212341589691773","0.0212140844192003","8.55473486217176e-05"
"('WA', 'Processing vegetable oils and fats')","0.0474693527847223","0.047202066180409","0.0012074929935425"
"('DE', 'Production of electricity by biomass and waste')","0.0128200757256605","0.0128175692014683","3.78521849742358e-05"
"('AU', 'Mining of precious metal ores and concentrates')","0.0136027291534679","0.0135074904623122","0.000194038323729971"
"('US', 'Research and development (73)')","0.0134459667972799","0.0026205924124287","0.0134349428945522"
"('WA', 'Extraction of natural gas and services related to natural gas extraction, excluding surveying')","0.0186093208750203","0.0185547214781282","0.00119293969601306"
"('US', 'Health and social work (85)')","0.0206703139505329","0.000828410515564765","0.0206703139505217"
"('WM', 'Extraction of crude petroleum and services related to crude oil extraction, excluding surveying')","0.00996721790788144","0.00959896962360328","0.00586809026713137"
"('CN', 'Other business activities (74)')","0.0204661886673949","0.016990604120119","0.0189590664430299"
"('CN', 'P- and other fertiliser')","0.0730227289102657","0.0720142675528685","0.00677636306199962"
"('CN', 'Animal products nec')","0.0299060641641626","0.0299054979287964","0.000190611150231022"
"('CN', 'Extraction of crude petroleum and services related to crude oil extraction, excluding surveying')","0.00789316846757761","0.00613431679871058","0.00670258048795828"
"('CN', 'Extraction of natural gas and services related to natural gas extraction, excluding surveying')","0.0129715551118363","0.0127357095629469","0.00185081382994535"
"('CN', 'Processing of meat poultry')","0.0354763712019926","0.0351453952570648","0.00269385898629377"
"('WA', 'Production of meat products nec')","0.0251257419701449","0.0246925876972664","0.00135068947693442"
"('CN', 'Cultivation of wheat')","0.0192591666608661","0.019160037035652","0.000863935679205803"
"('WM', 'N-fertiliser')","0.0119259345727956","0.0119179574166407","7.86558505939189e-05"
"('US', 'Transport via railways')","0.0110526031327501","0.0110349183360704","0.000777266844216177"
"('US', 'Production of electricity by solar photovoltaic')","0.00597487083352257","0.00597484387237228","3.94795210143266e-05"
"('CN', 'Education (80)')","0.00519110286250062","0.00101587256070665","0.00518893619260741"
"('CN', 'Poultry farming')","0.0319544016478775","0.0317224026353542","0.00419747081039388"
"('JP', 'Production of electricity nec')","0.0140392763210642","0.0140384528349982","8.6862940435099e-06"
"('US', 'Extraction of natural gas and services related to natural gas extraction, excluding surveying')","0.00951182354802595","0.00936636772088788","0.00148632286126096"
"('KR', 'Plastics, basic')","0.0077523993825987","0.00749043147975187","0.00128813647333057"
"('CN', 'N-fertiliser')","0.0089484229886466","0.00894655156467974","8.13895191192391e-05"
"('CN', 'Cultivation of oil seeds')","0.0167153190011497","0.0165641564867438","0.00138476487455884"
"('DE', 'Construction (45)')","0.00605031830115212","0.00321543521456466","0.00501598663978077"
"('US', 'Manufacture of rubber and plastic products (25)')","0.00881268338521825","0.00640247156302962","0.00640598634010513"
"('CN', 'Cultivation of cereal grains nec')","0.0188744975774523","0.0187109692837224","0.00165291941544236"
"('US', 'Chemicals nec')","0.00852156912103716","0.00592282142450208","0.00631526504175677"
"('WA', 'Construction (45)')","0.00686357896279679","0.00178985571379025","0.00656069484765623"
"('US', 'Production of electricity by coal')","0.00513002189834387","0.00497705390531738","0.000515841669146617"
"('FR', 'Production of electricity by nuclear')","0.00568798271810475","0.00550158930337592","0.000532324298892486"
"('US', 'Manufacture of motor vehicles, trailers and semi-trailers (34)')","0.00944045306283464","0.00280445974604992","0.00938639039963113"
"('TR', 'Quarrying of stone')","0.00730733305361054","0.00726959948973354","0.000114218270818612"
"('US', 'Manufacture of bricks, tiles and construction products, in baked clay')","0.00577208854241765","0.00576467876528025","0.000235173893621612"
"('US', 'Plastics, basic')","0.00687796184100716","0.00585052454358167","0.00311738075323103"
"('US', 'Production of electricity nec')","5.34899549577514e-07","5.30427158094e-07","5.30842309876034e-07"
"('WA', 'Wholesale trade and commission trade, except of motor vehicles and motorcycles (51)')","0.00619484632055247","0.00561240728169224","0.00467782727713457"
"('CN', 'Cultivation of crops nec')","0.0125205610008015","0.0125016419999316","0.000553300452541034"
"('GB', 'Landfill of waste: Textiles')","0.0050370516785719","0.00502378703075542","8.38093330951388e-05"
"('CN', 'Health and social work (85)')","0.00878056992262437","0.00237545969379033","0.0087728510416233"
"('US', 'Public administration and defence; compulsory social security (75)')","0.00658929066085056","0.00364941406483501","0.00541927841601301"
"('WA', 'Sea and coastal water transport')","0.00324018771645437","0.00319020213735338","0.000827876743915995"
"('WM', 'Extraction of natural gas and services related to natural gas extraction, excluding surveying')","0.00750137276798085","0.00745432251449505","0.00118811192433933"
"('DE', 'Renting of machinery and equipment without operator and of personal and household goods (71)')","0.00451830027356827","0.00449233402095572","0.00122547647296712"
"('US', 'Processing of Food products nec')","0.00910791457062639","0.0061490971831974","0.00717576033130402"
"('FI', 'Mining of nickel ores and concentrates')","0.00587098313859467","0.00586270403762164","2.42144110006195e-05"
"('CN', 'Manufacture of tobacco products (16)')","0.0151016780256518","0.0148298426250933","0.000600647642879883"
"('US', 'Incineration of waste: Plastic')","0.00710101218601634","0.00710071346227597","4.95624902907182e-05"
"('JP', 'Manufacture of medical, precision and optical instruments, watches and clocks (33)')","0.00018808417789211","0.000168558503217991","0.000175913659404234"
"('US', 'Manufacture of fabricated metal products, except machinery and equipment (28)')","0.01282934179305","0.0111569678178392","0.0075366648590967"
"('JP', 'Construction (45)')","0.00716814850141803","0.00146879525541766","0.00713941274037707"
"('US', 'N-fertiliser')","0.000992577579435771","0.000987781998788371","4.46793572332551e-05"
"('TR', 'Mining of precious metal ores and concentrates')","0.00439001581813091","0.00436385616268496","8.84876939595984e-05"
"('US', 'Education (80)')","0.00711758982251172","0.000574431057353022","0.00711758928777849"
"('WA', 'Sale, maintenance, repair of motor vehicles, motor vehicles parts, motorcycles, motor cycles parts and accessoiries')","0.00209753935487762","0.00137892410094532","0.00171436893128425"
"('IN', 'Petroleum Refinery')","0.00717796829077965","0.00407779735934185","0.00608226338041245"
"('CN', 'Manufacture of radio, television and communication equipment and apparatus (32)')","0.00689810016587362","0.00357822738891667","0.00614825213033297"
"('WA', 'Production of electricity by Geothermal')","0.00777984038766922","0.00777983568981125","5.71282148272958e-06"
"('IN', 'Construction (45)')","0.00694642288574359","0.00152668718594009","0.00688206497939151"
"('AU', 'Mining of coal and lignite; extraction of peat (10)')","0.00569933204378766","0.00537714295346444","0.00165637049057534"
"('DE', 'Supporting and auxiliary transport activities; activities of travel agencies (63)')","0.00398379119574005","0.00302156850520772","0.00377549827529298"
"('JP', 'Retail trade, except of motor vehicles and motorcycles; repair of personal and household goods (52)')","0.00340987258890922","0.00241094716529519","0.00339855560892734"
"('IT', 'Production of electricity by biomass and waste')","0.00442841427635976","0.00442503746966804","4.21599304938092e-05"
"('WA', 'Air transport (62)')","0.0019768856280326","0.00088372878257649","0.00183094945352071"
"('DE', 'Manufacture of motor vehicles, trailers and semi-trailers (34)')","0.00565995064863254","0.00256572539302281","0.00559026103926119"
"('JP', 'Mining of other non-ferrous metal ores and concentrates')","0.00540911969896389","0.00525804438265824","0.000354575115298337"
"('GB', 'Collection, purification and distribution of water (41)')","0.00280095308931575","0.00278631889495812","0.000163747309212237"
"('IE', 'Air transport (62)')","0.00145924692466988","0.000682831412628769","0.00132804224092082"
"('WA', 'Inland water transport')","0.00228228841922683","0.00225463889026662","0.000110443665772367"
"('JP', 'Sale, maintenance, repair of motor vehicles, motor vehicles parts, motorcycles, motor cycles parts and accessoiries')","0.00227486399158516","0.0011110194246595","0.00214807383237929"
"('WA', 'Public administration and defence; compulsory social security (75)')","0.00220182848984725","0.000366626301368209","0.00215168913347849"
"('US', 'Production of electricity by petroleum and other oil derivatives')","0.00147889797913552","0.00146971573943048","3.04793586089032e-05"
"('CN', 'Production of electricity by petroleum and other oil derivatives')","0.00458053474364564","0.00458003436586623","1.9454484899998e-05"
"('DE', 'Public administration and defence; compulsory social security (75)')","0.00217609714870693","0.00146065240663305","0.00153148617732524"
"('US', 'Steam and hot water supply')","0.00195403970190422","0.00194066343039781","5.40849784238249e-05"
"('WA', 'Manufacture of furniture; manufacturing n.e.c. (36)')","0.00224624983786224","0.000562909042603143","0.00224489040428963"
"('TR', 'Mining of chemical and fertilizer minerals, production of salt, other mining and quarrying n.e.c.')","0.00427348411976538","0.00427208212274157","1.72905760226236e-05"
"('WA', 'Petroleum Refinery')","0.00591434375386745","0.00409685336825217","0.00442356227789593"
"('DE', 'Collection, purification and distribution of water (41)')","0.00249297370386081","0.00246731643528281","0.000139013169478667"
"('CN', 'Raw milk')","0.00869167656210984","0.00866432658190555","0.000706231930208455"
"('DE', 'Incineration of waste: Plastic')","0.00527672536008154","0.00522901118629792","0.000206006035000909"
"('US', 'Production of electricity by hydro')","0.00269470225307044","0.00269454324529012","9.74723664633014e-05"
"('JP', 'Wholesale trade and commission trade, except of motor vehicles and motorcycles (51)')","0.0048058700424772","0.00425056130088513","0.00420731543015616"
"('ID', 'Processing vegetable oils and fats')","0.00842011226997472","0.00819887586671231","0.000505098322002541"
"('DE', 'Manufacture of machinery and equipment n.e.c. (29)')","0.0707299121902077","0.0700541004959442","0.00443860480833544"
"('WA', 'Cultivation of crops nec')","0.0118333395363974","0.0117604226814687","0.000597775285691241"
"('WA', 'Plastics, basic')","0.00276664795393772","0.00252866315543916","0.000946391005086416"
"('US', 'Paper')","0.00593604556606636","0.00462389737766635","0.00403932482227222"
"('CA', 'Production of electricity by hydro')","0.00237443700660034","0.00236331504978354","0.000130969121105643"
"('US', 'Manufacture of wood and of products of wood and cork, except furniture; manufacture of articles of straw and plaiting materials (20)')","0.0040439321011269","0.00324187539837752","0.00252599239658946"
"('US', 'Casting of metals')","0.00202052682838737","0.00168721700777226","0.00107247563795441"
"('KR', 'Petroleum Refinery')","0.00520406754542673","0.00349751512958859","0.00390675718986102"
"('CN', 'Other service activities (93)')","0.00533951619777328","0.00308907255013226","0.00477372683597054"
"('GB', 'Financial intermediation, except insurance and pension funding (65)')","0.00321888934297655","0.00273394541132508","0.0026396323739781"
"('US', 'Production of electricity by biomass and waste')","2.80629380104696e-06","2.10698627724655e-06","2.79352247230635e-06"
"('AU', 'Manufacture of gas; distribution of gaseous fuels through mains')","0.00413187067350516","0.00405099737388061","0.000769246278934659"
"('AU', 'Extraction of natural gas and services related to natural gas extraction, excluding surveying')","0.00531560717901947","0.0051166376403397","0.00140453026286308"
"('JP', 'Sea and coastal water transport')","0.00170440774794486","0.00131903803377289","0.00106278249264134"
"('JP', 'Manufacture of motor vehicles, trailers and semi-trailers (34)')","0.00478352827316236","0.00280523765239516","0.00474124302258901"
"('WM', 'Production of electricity by gas')","0.00431492371469477","0.00413501083291863","0.000693993975489332"
"('DE', 'Production of electricity by wind')","0.00264211902095215","0.00263455316967077","0.000118129761410291"
"('US', 'Processing of dairy products')","0.00940734113402445","0.00889937139309955","0.00243001031601282"
"('CN', 'Manufacture of beverages')","0.00823694211868639","0.0080004267823999","0.00173569657036264"
"('WA', 'Sugar refining')","0.00811168592244532","0.00803572885552507","0.000198129879417946"
"('DE', 'Computer and related activities (72)')","0.00191256106692952","0.00169917834499172","0.00188327621087315"
"('CN', 'Publishing, printing and reproduction of recorded media (22)')","0.00492299750298152","0.00240142874923562","0.00490706541876348"
"('WA', 'Financial intermediation, except insurance and pension funding (65)')","0.00245413261337401","0.00199073034594607","0.002037701956326"
"('WA', 'Retail trade, except of motor vehicles and motorcycles; repair of personal and household goods (52)')","0.00200661537211919","0.00136440855036252","0.0020021173381871"
"('WA', 'Production of electricity by gas')","0.00375187827103533","0.00366060840840575","0.000384676962885208"
"('AU', 'Construction (45)')","0.00307801222430111","0.00173058264586084","0.00300661561470077"
"('CN', 'Mining of copper ores and concentrates')","0.00190683118404284","0.00190565950983962","1.67541943390723e-05"
"('JP', 'Manufacture of rubber and plastic products (25)')","0.00352013524112312","0.00228020894008993","0.00293872030296973"
"('WA', 'Transport via railways')","0.00347919274421946","0.00330220438728509","0.000612048950094675"
"('US', 'Cultivation of cereal grains nec')","0.00498023655699608","0.00442895144595104","0.00164986551964173"
"('DE', 'Wholesale trade and commission trade, except of motor vehicles and motorcycles (51)')","0.00512802087597969","0.00367382331417909","0.00377464327540588"
"('US', 'Manufacture of cement, lime and plaster')","0.00666432510451202","0.00642013666763686","0.00183648991164294"
"('WA', 'Transport via pipelines')","0.00453727386349442","0.00452014568522128","0.00017758762592862"
"('WM', 'Re-processing of secondary steel into new steel')","0.00138579390094453","0.00134771501378123","0.000630378048817506"
"('US', 'Publishing, printing and reproduction of recorded media (22)')","0.00423365588107538","0.002914459216661","0.00421675067584869"
"('GB', 'Construction (45)')","0.00341147113221681","0.00211264806878643","0.00328431370357713"
"('JP', 'Petroleum Refinery')","0.0041323359845107","0.00257484518558696","0.00356455781155522"
"('JP', 'Mining of chemical and fertilizer minerals, production of salt, other mining and quarrying n.e.c.')","0.00290344576474216","0.00288553305318194","5.00820932016612e-05"
"('JP', 'Health and social work (85)')","0.00413039844936925","0.00315710456732681","0.00396747084450888"
"('DE', 'Incineration of waste: Paper')","0.00358204230548498","0.00352743997029699","0.000200086651111808"
"('JP', 'Real estate activities (70)')","0.00300166760882816","0.0019055657841938","0.00299859284892006"
"('WA', 'Extraction of crude petroleum and services related to crude oil extraction, excluding surveying')","0.00384890747001226","0.003557959379663","0.00271499189954222"
"('WA', 'Manufacture of medical, precision and optical instruments, watches and clocks (33)')","0.000319032289105659","0.000141872284692697","0.00031569289180649"
"('IN', 'N-fertiliser')","0.004985169917443","0.00496535451092714","0.000267294762122657"
"('WM', 'Construction (45)')","0.00373520920628333","0.000885700226852127","0.00366603537441069"
"('WA', 'Manufacture of office machinery and computers (30)')","0.00379183898841031","0.00141284704387875","0.00373884201855534"
"('CN', 'Mining of iron ores')","0.000350123790278277","0.000348588191323315","6.0157017631054e-06"
"('JP', 'Manufacture of basic iron and steel and of ferro-alloys and first products thereof')","0.00327291203034263","0.00240192275553859","0.0028722732575041"
"('US', 'Re-processing of secondary steel into new steel')","0.00340502686966525","0.00274581346868364","0.00233165303011256"
"('WA', 'Manufacture of basic iron and steel and of ferro-alloys and first products thereof')","0.00258128971889966","0.00182303352618734","0.00230683284192461"
"('FR', 'Renting of machinery and equipment without operator and of personal and household goods (71)')","0.00238671489086628","0.0023186876788246","0.00107231462541435"
"('WA', 'Other land transport')","0.00374148277074981","0.00344609471638153","0.00182268530552774"
"('CH', 'Chemicals nec')","0.00324464426419954","0.00199766097424614","0.00286357214678025"
"('WA', 'Hotels and restaurants (55)')","0.00245940406584964","0.000997873183648678","0.00240041439824457"
"('WA', 'Real estate activities (70)')","0.00162744656520592","0.000832730552826032","0.00162327729801448"
"('RU', 'Petroleum Refinery')","0.00334599492189861","0.0021856658847033","0.00243988591227015"
"('WM', 'P- and other fertiliser')","0.0174025511891737","0.0172110303200838","0.00122608406871922"
"('RU', 'Extraction of crude petroleum and services related to crude oil extraction, excluding surveying')","0.00371164014914641","0.00360123948607192","0.0023503479033869"
"('WA', 'Supporting and auxiliary transport activities; activities of travel agencies (63)')","0.0012256052231484","0.000924262788308689","0.00118895710904094"
"('US', 'Manufacture of furniture; manufacturing n.e.c. (36)')","0.000612981827220191","0.000303659617891269","0.000612397598171913"
"('CN', 'Cattle farming')","0.00360235548391507","0.00316862153857292","0.00121006288226558"
"('DE', 'Other business activities (74)')","0.00342129743446651","0.00299377637662876","0.00339168950257861"
"('ES', 'Mining of lead, zinc and tin ores and concentrates')","0.0034827444240933","0.00347875293503042","8.76742076215779e-06"
"('DK', 'Sea and coastal water transport')","0.00137550058129479","0.000851091944486655","0.000998465729956858"
"('NL', 'Renting of machinery and equipment without operator and of personal and household goods (71)')","0.00245971502108506","0.00224988876274079","0.000808078493384022"
"('KR', 'Construction (45)')","0.00338290780036729","0.000137266996314207","0.00338274136966617"
"('FR', 'Other business activities (74)')","0.00333568493683706","0.00285614457044461","0.00331554726132826"
"('US', 'Landfill of waste: Textiles')","0.00157258049567809","0.00157224848812685","3.25004712926294e-06"
"('DE', 'Incineration of waste: Food')","0.00293309222193629","0.00289688030864677","0.000138831628299618"
"('WM', 'Petroleum Refinery')","0.00331132355119793","0.00290122880202374","0.00212610118401656"
"('US', 'Processing of meat cattle')","0.00637798237842897","0.00558531610319782","0.00149936593559072"
"('DE', 'Manufacture of other transport equipment (35)')","0.000954332317252944","0.000437523632461089","0.00094485573970326"
"('TW', 'Construction (45)')","0.00322986117003444","0.000273591753522579","0.00321186097221252"
"('CN', 'Manufacture of machinery and equipment n.e.c. (29)')","0.0207598480479199","0.0204006538508965","0.00344928562130867"
"('JP', 'Post and telecommunications (64)')","0.00226301443906581","0.00144753416545327","0.00214895624821991"
"('JP', 'Processing of Food products nec')","0.00360532515385712","0.00199479895337317","0.00296881702884498"
"('JP', 'Financial intermediation, except insurance and pension funding (65)')","0.00234131053541192","0.0020258154584394","0.00209879059343197"
"('JP', 'Plastics, basic')","0.00268238556153172","0.00197589355075684","0.00181264323502353"
"('US', 'Incineration of waste: Paper')","0.00303148603692943","0.0030313411642933","2.60029932862324e-05"
"('WL', 'Construction (45)')","0.00314146601170696","0.000554494331349226","0.00314003815879343"
"('JP', 'Production of electricity by gas')","0.00220443543962018","0.00210499236869905","0.000348757822975955"
"('JP', 'Production of electricity by solar photovoltaic')","0.00205679525267669","0.00205535174969685","4.7488072899695e-05"
"('DE', 'Manufacture of rubber and plastic products (25)')","0.00244402813606672","0.00177538128687567","0.00207595788903857"
"('GB', 'Insurance and pension funding, except compulsory social security (66)')","0.00147410620421291","0.00106567608963327","0.0012602350813048"
"('WA', 'Post and telecommunications (64)')","0.00177345946527564","0.00139704047337176","0.00144969174112416"
"('US', 'Precious metals production')","0.00280232042035997","0.00270437233193","0.000419804026444191"
"('JP', 'Manufacture of furniture; manufacturing n.e.c. (36)')","0.00204285977996821","0.000516300938637222","0.00204281868958821"
"('IN', 'Other land transport')","0.00323139673831938","0.00195304246582756","0.00263379862442128"
"('US', 'Manufacture of beverages')","0.00443717628227789","0.00349268684575201","0.00227384284837646"
"('WF', 'Construction (45)')","0.00299401917436224","0.0004937795416237","0.00299098708283321"
"('JP', 'Other business activities (74)')","0.00298886828891191","0.00247404377528586","0.00297098534533165"
"('FR', 'Manufacture of other transport equipment (35)')","0.000960088336443792","0.00055623803222339","0.000943798100651118"
"('WA', 'Processing of meat cattle')","0.00411096020222049","0.00345148058638854","0.000931923145181863"
"('FR', 'Manufacture of gas; distribution of gaseous fuels through mains')","0.00219479645415991","0.00198411592607329","0.000962466486807191"
"('DE', 'Production of electricity by solar photovoltaic')","0.00146431138626035","0.00146103757526565","4.11725679061512e-05"
"('WA', 'Activities auxiliary to financial intermediation (67)')","0.000982952354753172","0.000861601512939863","0.000846180604900953"
"('JP', 'Quarrying of sand and clay')","0.0025839699340367","0.00249271261065043","0.000430131160759743"
"('US', 'Cultivation of oil seeds')","0.00359617125376868","0.00334925258231752","0.000734776483846131"
"('DE', 'Plastics, basic')","0.00184551864099155","0.00146161381009272","0.00127676993409597"
"('FR', 'Wholesale trade and commission trade, except of motor vehicles and motorcycles (51)')","0.00283841687357518","0.00184668880060428","0.0027034173981605"
"('DE', 'Financial intermediation, except insurance and pension funding (65)')","0.0022446413870787","0.00178130915864499","0.00197610704493358"
"('DE', 'Air transport (62)')","0.00101340129497799","0.000525689217405238","0.000951888853127119"
"('JP', 'Hotels and restaurants (55)')","0.00245408869355015","0.000540759374501083","0.00241754741854264"
"('DE', 'Sea and coastal water transport')","0.00104338617459139","0.000759616108438919","0.00074713610610801"
"('WL', 'Petroleum Refinery')","0.00271110815093049","0.00109305523118272","0.00254166976436297"
"('FR', 'Collection, purification and distribution of water (41)')","0.00117766922662972","0.00111479090538161","0.000172640672076821"
"('KR', 'Mining of other non-ferrous metal ores and concentrates')","0.00194347734260093","0.00194109396729313","1.5040645647971e-05"
"('DE', 'Sale, maintenance, repair of motor vehicles, motor vehicles parts, motorcycles, motor cycles parts and accessoiries')","0.000854389964925326","0.000627156501223224","0.00076782797120433"
"('GB', 'Waste water treatment, food')","0.00213344160634319","0.00210375795713333","0.000153084084222293"
"('IT', 'Production of electricity by Geothermal')","0.00187633391581933","0.00187556232416491","1.27554469857156e-05"
"('JP', 'Manufacture of gas; distribution of gaseous fuels through mains')","0.00202958222514983","0.00195593435114425","0.000559882798766933"
"('FR', 'Supporting and auxiliary transport activities; activities of travel agencies (63)')","0.00180128315392993","0.00146906158726463","0.00178320851408802"
"('DE', 'Manufacture of fabricated metal products, except machinery and equipment (28)')","0.0035052756054665","0.00285693503705396","0.0026941044456377"
"('DE', 'Transport via railways')","0.00191531125953311","0.00168622888388745","0.000754352070229251"
"('KR', 'Processing of Food products nec')","0.00273638964840953","0.00151891757689234","0.00267483222759178"
"('DE', 'Other land transport')","0.00238374643929287","0.00185620671890863","0.00193632062328288"
"('US', 'Forestry, logging and related service activities (02)')","0.00206897329744835","0.00201514426552198","0.000681547509232898"
"('WL', 'Retail sale of automotive fuel')","0.000100035338393194","6.96824795572204e-05","7.38599356070874e-05"
"('US', 'Processing of meat poultry')","0.00629507242000475","0.00586684785043813","0.00110260217044147"
"('FR', 'Construction (45)')","0.00254802851506157","0.000906600957237453","0.00249428122960236"
"('CA', 'Extraction of crude petroleum and services related to crude oil extraction, excluding surveying')","0.00264933853203847","0.00249385749794251","0.00242160934731028"
"('WF', 'Extraction of crude petroleum and services related to crude oil extraction, excluding surveying')","0.00251405137736813","0.00230016484679492","0.00218926243350337"
"('DE', 'Post and telecommunications (64)')","0.00164294168208972","0.00130957627199707","0.00145352835332909"
"('CA', 'Construction (45)')","0.00256904224902","0.000603624597191275","0.00256346099007641"
"('WA', 'Research and development (73)')","0.00145737749563253","0.000808513580134187","0.00145403201368768"
"('WA', 'Production of electricity by hydro')","0.00202342512785985","0.00200844429105291","0.000111406032067532"
"('WL', 'Extraction of crude petroleum and services related to crude oil extraction, excluding surveying')","0.00251307663191035","0.00209319838558319","0.00240537095174984"
"('ID', 'Construction (45)')","0.00250931649161936","0.000169253506158166","0.00250931645112735"
"('JP', 'Chemicals nec')","0.00210051743480962","0.00140058040070202","0.00184830508957204"
"('DE', 'Manufacture of gas; distribution of gaseous fuels through mains')","0.00177465346340015","0.00164094849935476","0.000573499490090909"
"('IT', 'Wholesale trade and commission trade, except of motor vehicles and motorcycles (51)')","0.00251687085966058","0.00144359243687359","0.00245015783810692"
"('JP', 'Manufacture of fabricated metal products, except machinery and equipment (28)')","0.00293845440018063","0.00206104435290775","0.00246821088890212"
"('US', 'P- and other fertiliser')","0.00592227605194797","0.00571301357681103","0.00128698806404942"
"('DE', 'Retail trade, except of motor vehicles and motorcycles; repair of personal and household goods (52)')","0.00181998719506532","0.000837169314326258","0.00181958787094012"
"('GB', 'Renting of machinery and equipment without operator and of personal and household goods (71)')","0.00157905731870603","0.00147900015298694","0.000679138212438927"
"('US', 'Processing of meat pigs')","0.00525766607637357","0.00500831655925727","0.000716701969819834"
"('WA', 'Meat animals nec')","0.00336582684874114","0.00319429310965948","0.000372599126915474"
"('CN', 'Processing of dairy products')","0.00351881766275008","0.00316585476921319","0.000748151537250581"
"('JP', 'Other land transport')","0.00226571097529215","0.00171645793566595","0.00177945905659501"
"('GB', 'Other business activities (74)')","0.00235806314152441","0.00189960148066159","0.00234795741742028"
"('BR', 'Extraction of crude petroleum and services related to crude oil extraction, excluding surveying')","0.00226692939232816","0.00197500768720407","0.0021017549136049"
"('IN', 'P- and other fertiliser')","0.00822572529263572","0.00793807955274986","0.00154944431987847"
"('DE', 'Insurance and pension funding, except compulsory social security (66)')","0.0014273808548244","0.000791007657370534","0.00125264436268414"
"('WA', 'Insurance and pension funding, except compulsory social security (66)')","0.00106635650580477","0.000749718398493026","0.000910782444950921"
"('GB', 'Wholesale trade and commission trade, except of motor vehicles and motorcycles (51)')","0.00227663419188113","0.00109868166701878","0.00225649394313934"
"('IT', 'Incineration of waste: Plastic')","0.00292617888577194","0.00290084231589675","0.000187063106351216"
"('CN', 'Mining of other non-ferrous metal ores and concentrates')","0.000331440879354692","0.000327995271410356","7.50945190223089e-06"
"('DE', 'Quarrying of sand and clay')","0.00247078046022095","0.00240909271164336","0.000391414555779258"
"('DE', 'Distribution and trade of electricity')","0.00149699966900671","0.00135379767456119","0.000527450620797758"
"('CN', 'Recreational, cultural and sporting activities (92)')","0.00231187482823007","0.00114759707869057","0.00182199840122754"
"('GB', 'Landfill of waste: Food')","0.00405296717617201","0.00395564736104988","0.000460210680193602"
"('IN', 'Re-processing of secondary steel into new steel')","0.00222814079454572","0.00133655307535377","0.00175809648390069"
"('KR', 'Chemicals nec')","0.00137688120333881","0.000725710335748325","0.00133098830869924"
"('KR', 'Manufacture of motor vehicles, trailers and semi-trailers (34)')","0.00218371866070971","0.00104352136232279","0.00217685081926145"
"('KR', 'Manufacture of rubber and plastic products (25)')","0.00186988878740077","0.00137940974507001","0.00159013032146602"
"('JP', 'Manufacture of radio, television and communication equipment and apparatus (32)')","0.00207606448582439","0.00121697122371173","0.0019344321458126"
"('IT', 'Manufacture of machinery and equipment n.e.c. (29)')","0.00379633531679344","0.00249672693834351","0.00218058276145658"
"('US', 'Manufacture of glass and glass products')","0.00120815646377517","0.00103519746045059","0.000703034113804549"
"('IN', 'Wholesale trade and commission trade, except of motor vehicles and motorcycles (51)')","0.00199238752616885","0.00187783064151076","0.0017804302510695"
"('DE', 'Transmission of electricity')","0.00132653006992122","0.00129352051440454","0.000190541268904836"
"('KR', 'Re-processing of secondary steel into new steel')","0.00133356257482788","0.000953966731011814","0.00104492316185434"
"('KR', 'Mining of nickel ores and concentrates')","0.0019278798162446","0.00191437099230091","7.25790087233595e-05"
"('KR', 'Manufacture of basic iron and steel and of ferro-alloys and first products thereof')","0.00179341669135151","0.00123625910851067","0.00164964097510147"
"('AU', 'Hotels and restaurants (55)')","0.00108735989452693","0.000578679930080549","0.00104795462463086"
"('DE', 'Real estate activities (70)')","0.00154800013014243","0.00105969281512971","0.00154720834389899"
"('TW', 'Petroleum Refinery')","0.00207719838816718","0.00167821789389104","0.00198676698884505"
"('CH', 'Wholesale trade and commission trade, except of motor vehicles and motorcycles (51)')","0.00197258146392815","0.00154995678544546","0.00192435859808674"
"('DE', 'Retail sale of automotive fuel')","0.000255997430696029","0.000220709303742425","0.000103543023431166"
"('NO', 'Extraction of natural gas and services related to natural gas extraction, excluding surveying')","0.00167199309613008","0.00150448601395608","0.000856566530986269"
"('IT', 'Supporting and auxiliary transport activities; activities of travel agencies (63)')","0.00169428255195859","0.00111096904726441","0.00168927469959461"
"('WA', 'Manufacture of other transport equipment (35)')","0.00060402005804101","0.000300233953666356","0.000601369496600815"
"('IN', 'Mining of coal and lignite; extraction of peat (10)')","0.00210916475890554","0.00181028318175984","0.00147231599514342"
"('GB', 'Supporting and auxiliary transport activities; activities of travel agencies (63)')","0.0013869114686615","0.00103372920681146","0.00137783780157741"
"('WL', 'Copper production')","0.00207792519313008","0.00183407278137616","0.000690000523147375"
"('WA', 'Other business activities (74)')","0.00202207110532847","0.00154870956847258","0.00201515322878666"
"('FR', 'Financial intermediation, except insurance and pension funding (65)')","0.0017359107127128","0.0014246974368955","0.00162971710598806"
"('IT', 'Other land transport')","0.00194206067232994","0.00144172286773407","0.00177108901326449"
"('ES', 'Collection, purification and distribution of water (41)')","0.00113882096171013","0.00111388323022774","0.000135000217540008"
"('WL', 'Insurance and pension funding, except compulsory social security (66)')","0.000981657441060444","0.00088999986554272","0.000733904400207327"
"('ES', 'Construction (45)')","0.00161151151969782","0.000713339958674606","0.00160499976312556"
"('JP', 'Manufacture of other transport equipment (35)')","0.000723707573502034","0.00043954192873547","0.000665166990976511"
"('WA', 'Chemicals nec')","0.00169926734592716","0.000785867119302381","0.00158798259533235"
"('KR', 'Manufacture of fabricated metal products, except machinery and equipment (28)')","0.00215650263445513","0.00143402458301987","0.00194432533270038"
"('WL', 'Production of electricity by petroleum and other oil derivatives')","0.00150088786813786","0.00148870770419954","8.6677542055332e-05"
"('US', 'Raw milk')","0.00243910345526592","0.00218067979752197","0.000963526137781316"
"('US', 'Aluminium production')","0.00192827327424234","0.00160037445264064","0.00118795607871587"
"('WL', 'Production of electricity by hydro')","0.00134226262866512","0.00133259075488287","0.000223012158984445"
"('AU', 'Wholesale trade and commission trade, except of motor vehicles and motorcycles (51)')","0.0015170052974515","0.00096468836378319","0.00144667425989358"
"('US', 'Waste water treatment, other')","0.0032561893274399","0.00325616847488531","2.56291250259194e-05"
"('GB', 'Production of electricity by wind')","0.000953341261828213","0.000943099969171044","8.45075382954425e-05"
"('WA', 'Steam and hot water supply')","0.00142233867974289","0.00139917522480182","7.03582644467257e-05"
"('GB', 'Retail trade, except of motor vehicles and motorcycles; repair of personal and household goods (52)')","0.00145245166411339","0.000844168441634133","0.00145227276613216"
"('WA', 'Distribution and trade of electricity')","0.00169299376315833","0.00164395487955888","0.000289579170131443"
"('IE', 'Supporting and auxiliary transport activities; activities of travel agencies (63)')","0.000776173081280732","0.000541884175572905","0.000773253386749056"
"('NL', 'Other business activities (74)')","0.00187927279035079","0.00155918462483423","0.00186114948652977"
"('CA', 'Petroleum Refinery')","0.0017663375005976","0.00093769655869013","0.00161921416618432"
"('JP', 'Other non-ferrous metal production')","0.0017513206009205","0.00139188905257745","0.00065091214520549"
"('AU', 'Financial intermediation, except insurance and pension funding (65)')","0.00140917948764363","0.0012366256885388","0.0013097810657944"
"('IT', 'Construction (45)')","0.00179041761697317","0.000711916246991481","0.00178689829218198"
"('KR', 'Wholesale trade and commission trade, except of motor vehicles and motorcycles (51)')","0.00167653625489861","0.0012728685779035","0.00162135567344047"
"('WM', 'Wholesale trade and commission trade, except of motor vehicles and motorcycles (51)')","0.00145439540787614","0.00127405775517049","0.00132394323711516"
"('GB', 'Other land transport')","0.00160631997371221","0.00125103529923149","0.00141465618026984"
"('GB', 'Computer and related activities (72)')","0.00149936728181561","0.00134157206802907","0.00146952091260189"
"('IT', 'Recycling of waste and scrap')","0.00103134583870503","0.00102985915844618","1.65756826125917e-05"
"('CN', 'Sugar refining')","0.00297701214356794","0.00292156384470828","0.000110644325052964"
"('WA', 'Manufacture of wearing apparel; dressing and dyeing of fur (18)')","0.00180145511791323","0.000332013536238543","0.0017854708450831"
"('GB', 'Real estate activities (70)')","0.00129129830828","0.000725360464167229","0.00129003194406666"
"('WA', 'Production of electricity by petroleum and other oil derivatives')","0.00150834700143178","0.00150397240671483","3.14051425969952e-05"
"('WA', 'Cultivation of wheat')","0.00269139583866011","0.00258224057304095","0.00034073951967466"
"('BE', 'Incineration of waste: Metals and Inert materials')","0.00181006973148915","0.00179437576930018","7.87765029649458e-05"
"('RU', 'Construction (45)')","0.00173841437000977","0.000649766969991967","0.00171485759162749"
"('FR', 'Other land transport')","0.00166538324120604","0.00134676914953069","0.0014055135031184"
"('WA', 'Manufacture of fabricated metal products, except machinery and equipment (28)')","0.00214060983104476","0.00141310689431494","0.00177213089378826"
"('IN', 'Manufacture of textiles (17)')","0.00177687081588143","0.000998755743838844","0.00176998685061542"
"('CN', 'Processing of meat cattle')","0.00308006257378245","0.002292933918236","0.00137588291256959"
"('AU', 'Mining of iron ores')","0.00180417810882843","0.00180063112234679","1.61156907917887e-05"
"('IT', 'Hotels and restaurants (55)')","0.0016208960000378","0.00052709208201022","0.00160782861343322"
"('GB', 'Manufacture of gas; distribution of gaseous fuels through mains')","0.00128713092585109","0.000928144187370598","0.000728483040380918"
"('DE', 'Chemicals nec')","0.00149167480972462","0.000649792725596081","0.00144802456912544"
"('LU', 'Financial intermediation, except insurance and pension funding (65)')","0.00156736272416595","0.000725800709900072","0.00150367219437935"
"('FR', 'Incineration of waste: Food')","0.00200938795587734","0.00195345860913568","0.000211189721699465"
"('IT', 'Petroleum Refinery')","0.00175077854711072","0.000651806065287028","0.0016951218307402"
"('US', 'Transport via pipelines')","0.000632056271825312","0.000609936210419598","5.80120206662298e-05"
"('IN', 'Manufacture of furniture; manufacturing n.e.c. (36)')","0.000935745971343755","0.00031763706574447","0.000935312752308636"
"('IN', 'Cultivation of plant-based fibers')","0.00180929810143528","0.00178043097047568","0.000321693531324958"
"('WA', 'Cultivation of vegetables, fruit, nuts')","0.00186911013584169","0.00139425385348663","0.00114713605794451"
"('RU', 'Research and development (73)')","0.000486363477823631","0.00022172848106034","0.000486346906579543"
"('WA', 'Cattle farming')","0.0021932155214022","0.00204621236354142","0.000618072876992197"
"('WA', 'Transmission of electricity')","0.00150177980872163","0.0014903808622612","9.51063895327835e-05"
"('JP', 'Re-processing of secondary steel into new steel')","0.00168673654813825","0.00117148374226646","0.00133504312401785"
"('ID', 'Petroleum Refinery')","0.00170855653753328","0.000885136249370835","0.00166447447929887"
"('IN', 'Cultivation of paddy rice')","0.0018534267705664","0.00130640743620003","0.00116463414085467"
"('WA', 'Manufacture of motor vehicles, trailers and semi-trailers (34)')","0.00167682021884988","0.000580075728379763","0.00167434676744964"
"('WM', 'Plastics, basic')","0.00142125707601029","0.0013257667288727","0.000585180414507034"
"('KR', 'Manufacture of textiles (17)')","0.0016831959769505","0.00119455627166796","0.00167937245558445"
"('JP', 'Publishing, printing and reproduction of recorded media (22)')","0.00168216447055259","0.000895797146294629","0.00168197415348897"
"('GB', 'Air transport (62)')","0.000746274215198627","0.000387032412639177","0.000713814369085221"
"('US', 'Manufacture of textiles (17)')","0.00166602244034473","0.00108018203384583","0.00166185624491344"
"('GB', 'Public administration and defence; compulsory social security (75)')","0.00149960022862558","0.000403653918216272","0.00141243355986026"
"('JP', 'Manufacture of other non-metallic mineral products n.e.c.')","0.00161240691105154","0.00119960764423493","0.00110980049684335"
"('BR', 'Petroleum Refinery')","0.00164314296108537","0.000737585669491243","0.0016019400706222"
"('US', 'Sea and coastal water transport')","0.000574688765367165","0.000390696984720589","0.000381719945236337"
"('WM', 'Manufacture of furniture; manufacturing n.e.c. (36)')","0.000627478230266247","0.00025732112424343","0.000627111637365638"
"('IN', 'Financial intermediation, except insurance and pension funding (65)')","0.0014602066576885","0.00122213633991056","0.00121572519442044"
"('WA', 'Production of electricity by coal')","0.00127517900884952","0.00110821970996335","0.000327469274996438"
"('FR', 'Hotels and restaurants (55)')","0.00130611032311638","0.000633794277230633","0.00126906032492579"
"('IN', 'Chemicals nec')","0.0015319920378084","0.00114936478945798","0.00133355607178137"
"('US', 'Cattle farming')","0.00196777930821608","0.00164179337342326","0.00115098401980287"
"('TW', 'Mining of iron ores')","0.00157891418619747","0.00154196531960673","0.000241236470779789"
"('IN', 'Production of electricity by coal')","0.00138393890816838","0.0011248017327001","0.000540898890328829"
"('IT', 'Collection, purification and distribution of water (41)')","0.000977567372260644","0.000944942223292583","0.000112085110462425"
"('IT', 'Manufacture of fabricated metal products, except machinery and equipment (28)')","0.00172729655455456","0.00129813843385237","0.00158075160484161"
"('WA', 'Pigs farming')","0.0018071292354795","0.00172036341614542","0.0010211283074201"
"('WF', 'Wholesale trade and commission trade, except of motor vehicles and motorcycles (51)')","0.00151892748081316","0.00122009372210658","0.00149557564730606"
"('IT', 'Production of electricity by gas')","0.00115535966643904","0.000964968243792952","0.000408407131286252"
"('WA', 'Manufacture of glass and glass products')","0.00137917698685848","0.00120481751772334","0.000695127623930448"
"('FR', 'Activities auxiliary to financial intermediation (67)')","0.000988843437064564","0.000834580256589795","0.000934960031845223"
"('US', 'Manufacture of tobacco products (16)')","0.00517742870826039","0.00512209784777839","0.000427681896500469"
"('KR', 'Financial intermediation, except insurance and pension funding (65)')","0.00125833658912676","0.00112142346799815","0.00109464894016185"
"('RU', 'Wholesale trade and commission trade, except of motor vehicles and motorcycles (51)')","0.0014806986279587","0.00110328167450054","0.00141826397104132"
"('KR', 'Sea and coastal water transport')","0.000781273725919057","0.000483289580926465","0.00064003681205612"
"('JP', 'Copper production')","0.00135870649470954","0.00125422703370309","0.00042309262923473"
"('GB', 'Hotels and restaurants (55)')","0.00130130813212037","0.000495319827334941","0.0012756274491752"
"('GB', 'Distribution and trade of electricity')","0.00108615755007945","0.000939270711986432","0.000541131639006926"
"('WA', 'Manufacture of textiles (17)')","0.00152024126514751","0.000845776698564866","0.00150979581680522"
"('IN', 'Manufacture of motor vehicles, trailers and semi-trailers (34)')","0.00151496551462389","0.000282781139976616","0.00151489847799079"
"('FR', 'Manufacture of motor vehicles, trailers and semi-trailers (34)')","0.00150765820415916","0.000404672118919771","0.00150428448669375"
"('DE', 'Petroleum Refinery')","0.00148381086072207","0.000679790918210704","0.00139118181100089"
"('JP', 'Research and development (73)')","0.00149482179751697","0.000127235136259966","0.00149482095567443"
"('GB', 'Sale, maintenance, repair of motor vehicles, motor vehicles parts, motorcycles, motor cycles parts and accessoiries')","0.000706029937429993","0.000403292452067016","0.000672993694480605"
"('CH', 'Recycling of waste and scrap')","0.0001686551653418","0.000162747547055862","2.97411582146232e-05"
"('NO', 'Extraction of crude petroleum and services related to crude oil extraction, excluding surveying')","0.00146560199929689","0.00130539098823978","0.00138863049648502"
"('KR', 'Air transport (62)')","0.000903818263946817","0.000316766183000764","0.000889027007306531"
"('FR', 'Incineration of waste: Paper')","0.00168382551353215","0.00162450909845002","0.000219697835029169"
"('IT', 'Other business activities (74)')","0.0014567682080039","0.0012101023117397","0.00145407515984812"
"('US', 'Waste water treatment, food')","0.00248958606331902","0.00248899475396365","2.94558426324598e-05"
"('BE', 'Quarrying of sand and clay')","0.00138236906241613","0.00131732386712587","0.000179347734763651"
"('IN', 'Manufacture of rubber and plastic products (25)')","0.0015924353799971","0.000926603781314702","0.00139897108902453"
"('KR', 'Health and social work (85)')","0.00144604059735259","0.000447473791081392","0.00144602451169901"
"('WA', 'Cultivation of sugar cane, sugar beet')","0.00253988984862332","0.00252953052117702","0.000108810067299928"
"('KR', 'Inland water transport')","0.000374127894259396","0.000356433914461121","6.46344698409046e-05"
"('BE', 'Construction (45)')","0.00110717555295042","0.000519450327905842","0.00109557155885058"
"('IT', 'Production of electricity by solar photovoltaic')","0.000948888291152986","0.000935666120771906","6.01937987160522e-05"
"('GB', 'Post and telecommunications (64)')","0.000923417870004513","0.000844351388527475","0.000803026609006359"
"('IE', 'Computer and related activities (72)')","0.00125357381483627","0.000594263900888822","0.00124686471248385"
"('IE', 'Activities auxiliary to financial intermediation (67)')","0.000528262623872664","0.000305428166342127","0.000501406171209007"
"('AU', 'Real estate activities (70)')","0.00131044436857412","0.000569825864137731","0.00131044436550315"
"('JP', 'Paper')","0.00141495347142294","0.00103815566631229","0.00131473088383898"
"('ES', 'Supporting and auxiliary transport activities; activities of travel agencies (63)')","0.000927330187455873","0.000693910397607972","0.000920886812803751"
"('CA', 'Sale, maintenance, repair of motor vehicles, motor vehicles parts, motorcycles, motor cycles parts and accessoiries')","0.000795846356298749","0.000494440742185976","0.000776027916795008"
"('GB', 'Production of electricity by gas')","0.000763760403902612","0.000625724948288424","0.000282432242100457"
"('DE', 'Processing of Food products nec')","0.00139732661057074","0.000511808868513069","0.00138096789918195"
"('WM', 'Sea and coastal water transport')","0.000799647863998376","0.00073500234019894","0.000350764368365989"
"('JP', 'Transport via railways')","0.00103536239574044","0.000992892799391454","0.000293879524340548"
"('WL', 'Post and telecommunications (64)')","0.00104567120568409","0.000959262176213894","0.000969467672410265"
"('JP', 'Other service activities (93)')","0.00137307762084902","0.0002770002084193","0.0013705740925173"
"('IN', 'Processed rice')","0.00189287042285679","0.00162717731872458","0.000430895106401373"
"('BE', 'Other business activities (74)')","0.00137068419871867","0.0011297372968843","0.00136800122853427"
"('TR', 'Petroleum Refinery')","0.00133039221879738","0.000798875070282187","0.00121480689765247"
"('KR', 'Other land transport')","0.00132372055061165","0.000800729573885842","0.00117619987681669"
"('KR', 'Post and telecommunications (64)')","0.000964897907893232","0.000616472954776854","0.00093293240897453"
"('DE', 'Manufacture of furniture; manufacturing n.e.c. (36)')","0.000645958030130785","0.00020351165736997","0.000645909921595737"
"('IT', 'Renting of machinery and equipment without operator and of personal and household goods (71)')","0.00624680713350205","0.00616766513582811","0.000543809008304247"
"('JP', 'Supporting and auxiliary transport activities; activities of travel agencies (63)')","0.000905184045626914","0.000527719266355584","0.00089128220419658"
"('JP', 'Manufacture of wearing apparel; dressing and dyeing of fur (18)')","0.00134032657709073","0.000374853874773175","0.00133817368710949"
"('KR', 'Mining of chemical and fertilizer minerals, production of salt, other mining and quarrying n.e.c.')","0.000885507586300091","0.000879447886777472","1.85191429771666e-05"
"('WA', 'Health and social work (85)')","0.0013198189714301","0.000190895750312701","0.0013197539186611"
"('WL', 'Retail trade, except of motor vehicles and motorcycles; repair of personal and household goods (52)')","0.00104952569243528","0.000670146128984041","0.00104950621557841"
"('IT', 'Landfill of waste: Textiles')","0.00148483416593811","0.00148093573677449","3.03623697150659e-05"
"('ID', 'Wholesale trade and commission trade, except of motor vehicles and motorcycles (51)')","0.00132346466800859","0.000979774018877559","0.0012544516865547"
"('IT', 'Incineration of waste: Paper')","0.00162899594950952","0.00160590801474237","0.000133595171723266"
"('GB', 'Composting of food waste, incl. land application')","0.00673304472278169","0.00649678961092301","0.00103583628299089"
"('TW', 'Mining of lead, zinc and tin ores and concentrates')","0.00126676109465987","0.0012637357439979","2.44114132585202e-05"
"('FR', 'Retail trade, except of motor vehicles and motorcycles; repair of personal and household goods (52)')","0.00113828348144181","0.000440659727280404","0.00113820733326555"
"('NL', 'Wholesale trade and commission trade, except of motor vehicles and motorcycles (51)')","0.00119934092409373","0.000853708023215281","0.0011833828252712"
"('KR', 'Retail trade, except of motor vehicles and motorcycles; repair of personal and household goods (52)')","0.0010375809922373","0.000702564079833758","0.0010375343438475"
"('WM', 'Retail trade, except of motor vehicles and motorcycles; repair of personal and household goods (52)')","0.000777814501825868","0.000611591643225534","0.000777813541828392"
"('ES', 'Wholesale trade and commission trade, except of motor vehicles and motorcycles (51)')","0.0012647195628678","0.000855349193059336","0.0012485742522375"
"('WL', 'Production of electricity by Geothermal')","0.00142204159175602","0.00142141707066658","2.51124932648925e-06"
"('US', 'Recreational, cultural and sporting activities (92)')","0.00134192460251592","0.000991056401041506","0.00117250053583452"
"('WM', 'Research and development (73)')","0.000799306793460079","0.000386525484993026","0.000794153606629544"
"('GB', 'Manufacture of other transport equipment (35)')","0.000516470575804171","0.000253248273345112","0.000507794873456221"
"('GB', 'Transmission of electricity')","0.000769094938762987","0.000732976252293997","0.000204766893719819"
"('WL', 'Processing of meat cattle')","0.00171974987703957","0.00139045618067336","0.000533852180859075"
"('IT', 'Retail trade, except of motor vehicles and motorcycles; repair of personal and household goods (52)')","0.00120233468940321","0.000362803374039907","0.00120233468904502"
"('GB', 'Activities auxiliary to financial intermediation (67)')","0.000897340348111491","0.000741818659947201","0.000783046348589653"
"('GB', 'Petroleum Refinery')","0.00124698659423989","0.000365799700309182","0.00123091811339837"
"('KR', 'Manufacture of office machinery and computers (30)')","0.00121857590450671","0.000863300514961688","0.00119815256157599"
"('IT', 'Manufacture of rubber and plastic products (25)')","0.00121042617561292","0.000619241859111347","0.00118234123466416"
"('KR', 'Hotels and restaurants (55)')","0.00115012451438481","0.000166824281570812","0.00114924845358348"
"('JP', 'Activities auxiliary to financial intermediation (67)')","0.000597812824179208","0.000503411765992885","0.000510365276402236"
"('RU', 'Real estate activities (70)')","0.00110860353632992","0.000830768199303229","0.00110860241689104"
"('JP', 'Production of electricity by coal')","0.000887017432167993","0.000750370225120157","0.000263628335444893"
"('JP', 'Manufacture of textiles (17)')","0.00121661708691683","0.000729745560276398","0.00121385458312384"
"('AU', 'Petroleum Refinery')","0.00120943107186771","0.000505401755883627","0.00117077675858139"
"('PL', 'Construction (45)')","0.00120483008501688","0.000550088966367807","0.0012047320692224"
"('CA', 'Wholesale trade and commission trade, except of motor vehicles and motorcycles (51)')","0.00118547293145775","0.00082042432037769","0.00116413631205413"
"('GB', 'Manufacture of motor vehicles, trailers and semi-trailers (34)')","0.0012070753508685","0.00029335844036613","0.00120670188019377"
"('IN', 'Extraction of crude petroleum and services related to crude oil extraction, excluding surveying')","0.00120062071627764","0.000947298370930139","0.00114875157797216"
"('IT', 'Processing of Food products nec')","0.00122030954453834","0.000627201200172813","0.00119177662944982"
"('WA', 'Computer and related activities (72)')","0.000906328144241454","0.000483605983156349","0.000893928645763755"
"('KR', 'Manufacture of radio, television and communication equipment and apparatus (32)')","0.00117035798530119","0.000791009394843638","0.00110037128003016"
"('IT', 'Financial intermediation, except insurance and pension funding (65)')","0.00110381099417118","0.000864002347648968","0.00101181217898215"
"('FR', 'Insurance and pension funding, except compulsory social security (66)')","0.000988647661053789","0.000355421349786444","0.000967925944087419"
"('US', 'Activities of membership organisation n.e.c. (91)')","0.00125155191442702","0.000365124995344837","0.00118028468560629"
"('TW', 'Manufacture of other non-metallic mineral products n.e.c.')","0.0011912443329901","0.000579131146761701","0.00113937122293786"
"('KR', 'Manufacture of other transport equipment (35)')","0.000694702176206642","0.000231165964361969","0.000686307390290505"
"('FR', 'Processing of Food products nec')","0.00121074264752706","0.000604285740107261","0.00111618781793825"
"('TW', 'Manufacture of basic iron and steel and of ferro-alloys and first products thereof')","0.00116872127589108","0.000588116919962002","0.00116241748295234"
"('WM', 'Post and telecommunications (64)')","0.000790525889432938","0.000659672104416096","0.000742092970162096"
"('CH', 'Sea and coastal water transport')","0.00053833952592318","0.000437805790940151","0.000453055850912246"
"('DE', 'Production of electricity by gas')","0.000676108708736773","0.000598812960562479","0.00016166755591591"
"('NL', 'Construction (45)')","0.00109459144347754","0.000554852181864284","0.00109120263503487"
"('AU', 'Other business activities (74)')","0.00115138271777398","0.000908213474255522","0.00115128083628081"
"('FR', 'Transport via railways')","0.000818710182002993","0.000674485738269608","0.000444130358491265"
"('IN', 'Processing of Food products nec')","0.00115426981998115","0.000268963486356404","0.00112395424211915"
"('MX', 'Extraction of crude petroleum and services related to crude oil extraction, excluding surveying')","0.00113556032936574","0.00110349256980434","0.00108058984412262"
"('WM', 'Transport via pipelines')","0.00118705765852572","0.00116100263418538","0.000102877143918478"
"('KR', 'Manufacture of furniture; manufacturing n.e.c. (36)')","0.000690719875745271","0.000263494882238973","0.000690701720384304"
"('DE', 'Production of electricity by nuclear')","0.000654093476871205","0.000648190262128891","5.54746236724518e-05"
"('BR', 'Cultivation of oil seeds')","0.00137004267086985","0.00125106597761416","0.000388022563934482"
"('DE', 'Manufacture of basic iron and steel and of ferro-alloys and first products thereof')","0.00106710341703347","0.000701794655516552","0.000966555434283658"
"('IN', 'Retail trade, except of motor vehicles and motorcycles; repair of personal and household goods (52)')","0.000723954679383273","0.000593837723402825","0.000722423560637004"
"('JP', 'Public administration and defence; compulsory social security (75)')","0.00109969662759793","9.11205593329251e-05","0.00109847853839085"
"('FR', 'Real estate activities (70)')","0.000920429594921226","0.00067728465922734","0.000920368063774814"
"('WA', 'Manufacture of rubber and plastic products (25)')","0.00118166354573523","0.00104368061435198","0.000839750266755159"
"('RU', 'Production of electricity by gas')","0.000849020852860503","0.000808989443732926","0.000237800725000034"
"('FR', 'Manufacture of fabricated metal products, except machinery and equipment (28)')","0.00120859838358691","0.000901731570909241","0.00109934633356105"
"('TW', 'Processing of Food products nec')","0.00110572024788957","0.000732897574547148","0.00109751196909262"
"('WF', 'Petroleum Refinery')","0.00109657816225848","0.000436310977287639","0.00106265004347602"
"('RU', 'Transport via railways')","0.00109569531483412","0.00104921318230918","0.000199136739416247"
"('IT', 'Manufacture of gas; distribution of gaseous fuels through mains')","0.000953272547400594","0.000836914911577379","0.000505868038727672"
"('IN', 'Manufacture of basic iron and steel and of ferro-alloys and first products thereof')","0.00109326073501695","0.000522932637672085","0.00106754360402317"
"('IN', 'Manufacture of cement, lime and plaster')","0.000989682081051054","0.000666639653603602","0.000869095382101123"
"('IN', 'Cultivation of vegetables, fruit, nuts')","0.00112334149569185","0.00108362456080739","0.000930524599678344"
"('GB', 'Sea and coastal water transport')","0.000435504508816587","0.000306302162849136","0.000360999868303627"
"('WL', 'N-fertiliser')","0.000573526704697738","0.000550092021752347","7.16373966101534e-05"
"('US', 'Copper production')","0.00101563141768599","0.00079324947638297","0.000604592447966066"
"('NL', 'Petroleum Refinery')","0.00106775962435105","0.000324589365687899","0.00105441217288212"
"('WL', 'Wholesale trade and commission trade, except of motor vehicles and motorcycles (51)')","0.00101992519176189","0.000722584427479713","0.00100043014354503"
"('MX', 'Wholesale trade and commission trade, except of motor vehicles and motorcycles (51)')","0.00102539222131178","0.000944756374776002","0.000999465984063868"
"('IN', 'Processing vegetable oils and fats')","0.00145946102361052","0.00123368584259778","0.000370134440657542"
"('AU', 'Mining of copper ores and concentrates')","0.00115925001466261","0.0011511169519692","2.83525986286258e-05"
"('ES', 'Other land transport')","0.000980668223201074","0.000717717845466771","0.000810742452553366"
"('BR', 'Construction (45)')","0.00105149413491573","0.000216504775845722","0.00105149275929705"
"('ES', 'Manufacture of gas; distribution of gaseous fuels through mains')","0.000848232592158516","0.000539414907501355","0.000540200064628212"
"('DE', 'Research and development (73)')","0.000907605425841805","0.000390060591416054","0.000906364720036407"
"('JP', 'Processed rice')","0.00189858811960309","0.00146389601147327","0.000637345686958854"
"('WA', 'Retail sale of automotive fuel')","0.000179308843775616","0.000156804663803999","5.73441626230487e-05"
"('WM', 'Hotels and restaurants (55)')","0.000596673004745631","0.000349402031568164","0.000566708176968572"
"('WM', 'Other business activities (74)')","0.00104277486132699","0.000885213281936946","0.00104200710288158"
"('IN', 'Other business activities (74)')","0.00104173924328622","0.000872444215853021","0.00104042642277391"
"('WA', 'Mining of coal and lignite; extraction of peat (10)')","0.00058759819262245","0.000424556569356163","0.000466063268024207"
"('US', 'Manufacture of basic iron and steel and of ferro-alloys and first products thereof')","0.00101999482686299","0.000642146213584341","0.000951799768923247"
"('ES', 'Hotels and restaurants (55)')","0.000919031654578668","0.000366149321520479","0.000904394830324441"
"('JP', 'Computer and related activities (72)')","0.00089574357268584","0.000540359451324472","0.000887753940491807"
"('MX', 'Manufacture of motor vehicles, trailers and semi-trailers (34)')","0.00102527072695599","0.000247065671787747","0.00102476384207366"
"('DE', 'Incineration of waste: Metals and Inert materials')","0.00282801288127258","0.00275700511055537","0.000218010930381365"
"('JP', 'Manufacture of beverages')","0.00124524250540735","0.000722830553782689","0.00093790321593142"
"('US', 'Other service activities (93)')","0.00099289511512696","0.000391660624806736","0.000969675661018128"
"('IT', 'Manufacture of motor vehicles, trailers and semi-trailers (34)')","0.00102083078252325","0.000346830404990011","0.00102023051137013"
"('WA', 'Processing of meat pigs')","0.00117120658384551","0.000561634072272995","0.00068675010457376"
"('AU', 'Post and telecommunications (64)')","0.000823852681456213","0.000600311147552421","0.000802261567083108"
"('JP', 'Manufacture of electrical machinery and apparatus n.e.c. (31)')","0.000959839760859882","0.000696980072959954","0.000863562259562212"
"('WF', 'Extraction of natural gas and services related to natural gas extraction, excluding surveying')","0.00103339636671548","0.000998280122646121","0.000440368807280938"
"('IT', 'Plastics, basic')","0.000845227255665649","0.000568603444732076","0.000739699658522208"
"('DE', 'Waste water treatment, other')","0.00206421191432413","0.00203863510497432","0.000109805472364042"
"('IN', 'Post and telecommunications (64)')","0.000850373567711572","0.000496747653374366","0.000830856610506926"
"('ID', 'Mining of coal and lignite; extraction of peat (10)')","0.000928072107523342","0.000827877417475416","0.000590536293729641"
"('GB', 'Extraction of crude petroleum and services related to crude oil extraction, excluding surveying')","0.00100128676529164","0.000790374864030493","0.000991592364037737"
"('JP', 'Production of electricity by petroleum and other oil derivatives')","0.000968023981300062","0.000957425901817716","3.21530437050753e-05"
"('TW', 'Plastics, basic')","0.000977848782589585","0.000877910691945438","0.000824113363330875"
"('RU', 'Production of electricity by nuclear')","0.000724296703904099","0.000721200389347158","7.64380460215874e-05"
"('WM', 'Manufacture of fabricated metal products, except machinery and equipment (28)')","0.00113624234087192","0.000644214128259673","0.000989428048947532"
"('WA', 'Other service activities (93)')","0.000967230856581036","0.000390329634685274","0.000953632665139546"
"('TR', 'Processing of Food products nec')","0.00100978883270946","0.000605199336829861","0.000968360924141988"
"('FR', 'Processing of dairy products')","0.00107876200297113","0.000651490420831677","0.000729775555058918"
"('TW', 'Mining of aluminium ores and concentrates')","0.000957253779034667","0.000956340257626267","3.9600602735251e-06"
"('FR', 'Computer and related activities (72)')","0.000813726020387445","0.000504341967254599","0.000812098945182783"
"('CA', 'Retail trade, except of motor vehicles and motorcycles; repair of personal and household goods (52)')","0.000853592863658881","0.000491822323750784","0.000852645892329431"
"('KR', 'Manufacture of cement, lime and plaster')","0.000556577372799701","0.000321558143376175","0.0005494732429234"
"('KR', 'Paper')","0.000981518502249103","0.000600137420617862","0.000905498970465251"
"('KR', 'Supporting and auxiliary transport activities; activities of travel agencies (63)')","0.000707966924482235","0.000430528706873401","0.000701453588416546"
"('TW', 'Manufacture of fabricated metal products, except machinery and equipment (28)')","0.000982573732270701","0.000429441863015796","0.000970272619181381"
"('DE', 'Quarrying of stone')","0.00106931965021738","0.00104633623979848","0.000144419281282777"
"('CN', 'Cultivation of plant-based fibers')","0.000965630206674582","0.00068424061257141","0.000965630206674582"
"('US', 'Mining of coal and lignite; extraction of peat (10)')","0.0010647016146444","0.000986123187794985","0.000488294644355429"
"('WL', 'Public administration and defence; compulsory social security (75)')","0.000945048096853858","0.000108170849150652","0.000936920143652223"
"('WL', 'Processing of Food products nec')","0.000969991881332788","0.0004334257403335","0.000945604652463891"
"('IN', 'Manufacture of fabricated metal products, except machinery and equipment (28)')","0.0010495107819013","0.000622568772430837","0.000959741222394474"
"('IN', 'Casting of metals')","0.00135611153693246","0.00094452949599881","0.000864353677485863"
"('WM', 'Other land transport')","0.000979535333127515","0.000889990197852857","0.000636584601834538"
"('KR', 'Production of electricity by nuclear')","0.000620679039207171","0.000616135821841625","4.95333799258977e-05"
"('IN', 'Sea and coastal water transport')","0.000573091401953257","0.000441801660242157","0.000440665729411038"
"('IN', 'Manufacture of electrical machinery and apparatus n.e.c. (31)')","0.000946200056045155","0.000351430002437156","0.000944304181321485"
"('DE', 'Production of electricity by coal')","0.000578719950325152","0.000484246062564194","0.000218660325583137"
"('WM', 'Distribution and trade of electricity')","0.000896581740209136","0.000857763848094959","0.00024861725416344"
"('ES', 'Manufacture of motor vehicles, trailers and semi-trailers (34)')","0.000935989467594662","0.000379732951041594","0.000934151023466516"
"('IN', 'Supporting and auxiliary transport activities; activities of travel agencies (63)')","0.000728711643218063","0.000468409168026593","0.000724938863553022"
"('WA', 'Manufacture of wood and of products of wood and cork, except furniture; manufacture of articles of straw and plaiting materials (20)')","0.000881629168020918","0.000614426620070207","0.000731034205286023"
"('IE', 'Wholesale trade and commission trade, except of motor vehicles and motorcycles (51)')","0.000732541447670679","0.000441560500405111","0.000719182304218304"
"('WL', 'Hotels and restaurants (55)')","0.000857596255558557","0.000287164183613113","0.00085136852275356"
"('DE', 'Education (80)')","0.000722722421064269","0.000388982426605136","0.000721606725188831"
"('DE', 'Hotels and restaurants (55)')","0.000855434969683665","0.000291407602402847","0.000839107898622723"
"('IT', 'Real estate activities (70)')","0.000804090768301188","0.000624952952732623","0.000803854511206873"
"('GB', 'Health and social work (85)')","0.00092898787187072","0.000263077600161886","0.000928940585255501"
"('CH', 'Construction (45)')","0.000922466360881284","0.000243578582156084","0.000915403320696842"
"('BR', 'Wholesale trade and commission trade, except of motor vehicles and motorcycles (51)')","0.000914504689896513","0.000784431353226127","0.000893785711338984"
"('TW', 'Wholesale trade and commission trade, except of motor vehicles and motorcycles (51)')","0.000833423280425571","0.000769801477154647","0.00078383111835814"
"('FR', 'Manufacture of machinery and equipment n.e.c. (29)')","0.00137412010405724","0.000982202913272556","0.00091670371009216"
"('WF', 'Cultivation of crops nec')","0.00128807898007807","0.00125671851569427","0.000249134331047161"
"('RU', 'Other land transport')","0.000924324982696116","0.000808353607909307","0.000733432069498881"
"('NL', 'Processing of Food products nec')","0.000923227123140934","0.000367704988739541","0.000913308959923936"
"('FR', 'Petroleum Refinery')","0.000910147875538821","0.000389486154551795","0.000890166403050741"
"('GB', 'Research and development (73)')","0.000798476523989063","0.00055834515477147","0.000786493759127055"
"('MX', 'Processing of Food products nec')","0.000920544263107179","0.000419879093873407","0.000907757610690777"
"('WA', 'Cultivation of paddy rice')","0.00103633372724359","0.000893169914273575","0.000480109916503178"
"('IT', 'Incineration of waste: Food')","0.00113129446351227","0.00111566889759183","8.59009850868874e-05"
"('AU', 'Retail trade, except of motor vehicles and motorcycles; repair of personal and household goods (52)')","0.000668237511687253","0.000390149078750907","0.000667901242762736"
"('GB', 'Transport via railways')","0.000645596792772235","0.000572332131900058","0.000329677552357741"
"('WF', 'Retail trade, except of motor vehicles and motorcycles; repair of personal and household goods (52)')","0.000828092688429105","0.000458477603533947","0.000828075297485294"
"('FR', 'Incineration of waste: Plastic')","0.00108220865141316","0.00105959914715452","0.000107782734617516"
"('ID', 'Other land transport')","0.000920714080457732","0.000526833096412008","0.000878023793487535"
"('GB', 'Education (80)')","0.000863228414827931","0.000472914628097766","0.000860356641254584"
"('US', 'Poultry farming')","0.00254541124844512","0.00244782604200007","0.000743197843650576"
"('WL', 'Other business activities (74)')","0.000901465814244995","0.000679856528002173","0.000901358235454024"
"('AU', 'Activities auxiliary to financial intermediation (67)')","0.000600918423517728","0.000526506504103776","0.000578033298586369"
"('DE', 'Processing of dairy products')","0.000967075458791239","0.000527163723340462","0.000683979125467027"
"('WL', 'Chemicals nec')","0.00088854420127633","0.000292489652298295","0.000887574266253716"
"('IE', 'Research and development (73)')","0.00081667480473501","0.000406657623052721","0.000816565714779215"
"('ZA', 'Mining of coal and lignite; extraction of peat (10)')","0.000875992534166389","0.000763970635652071","0.00055300747840926"
"('KR', 'Other business activities (74)')","0.0008861363961554","0.000673229668513412","0.000885941499571806"
"('FR', 'Manufacture of beverages')","0.000980591857253916","0.000624712902421129","0.000613869823450935"
"('BE', 'Supporting and auxiliary transport activities; activities of travel agencies (63)')","0.000691401020417683","0.000394494218658376","0.000691012705089173"
"('WM', 'Processing of Food products nec')","0.000881286594650158","0.000312583876322219","0.000873333234959026"
"('AU', 'Public administration and defence; compulsory social security (75)')","0.000870219301769636","4.10978282730756e-05","0.000869996197481359"
"('BE', 'Wholesale trade and commission trade, except of motor vehicles and motorcycles (51)')","0.000798273327944626","0.000546362258991745","0.000792546722919036"
"('KR', 'Insurance and pension funding, except compulsory social security (66)')","0.000634942536659351","0.000426218425927698","0.000514189566322585"
"('WM', 'Public administration and defence; compulsory social security (75)')","0.000772193848560569","0.000109456462097144","0.000765308868992584"
"('US', 'Incineration of waste: Metals and Inert materials')","0.00172849354016274","0.00172788659625697","2.29757023158353e-05"
"('DE', 'Activities auxiliary to financial intermediation (67)')","0.000679492119556651","0.000571872155876274","0.00064552377070335"
"('PL', 'Manufacture of motor vehicles, trailers and semi-trailers (34)')","0.000865282189656592","0.000277428319551353","0.000865043866544717"
"('BR', 'Other land transport')","0.000884647413029256","0.000455315356329223","0.000838996710672348"
"('AU', 'Other land transport')","0.00087021449821669","0.000586701389507177","0.000735359142008091"
"('IT', 'Activities auxiliary to financial intermediation (67)')","0.000594559583444135","0.000504300566372442","0.000573238809316151"
"('TW', 'Manufacture of textiles (17)')","0.000859302589096811","0.000713962602801921","0.000857772390400232"
"('CA', 'Other business activities (74)')","0.000858325535840425","0.000665654393514226","0.000858302321213298"
"('IE', 'Processing of nuclear fuel')","0.000323412110518193","0.000290439587606133","0.000320749975773458"
"('CA', 'Health and social work (85)')","0.000857175954006276","0.000445695141156509","0.000857171650137783"
"('WA', 'Manufacture of radio, television and communication equipment and apparatus (32)')","0.000861804771220865","0.000548257461354893","0.000843636132006628"
"('NL', 'Other land transport')","0.000784822838273082","0.000598265855495868","0.000705944295908782"
"('TW', 'Re-processing of secondary steel into new steel')","0.000849986884088387","0.000439336084152709","0.000800575129670081"
"('DE', 'Re-processing of secondary steel into new steel')","0.000747005497763162","0.000493831446660806","0.000603560543545477"
"('IT', 'Re-processing of secondary steel into new steel')","0.000794206348583632","0.000506976418806744","0.000710699126085701"
"('BG', 'Mining of copper ores and concentrates')","0.00082271033414987","0.000817522777236319","2.14278467601524e-05"
"('CA', 'Other land transport')","0.000858747185488456","0.00062931764369171","0.000778056361135549"
"('MX', 'Construction (45)')","0.000847128343657219","6.4504569101642e-05","0.000847128183630708"
"('RU', 'Manufacture of coke oven products')","0.000643837493716319","0.000602139744595219","8.70981538058952e-05"
"('DE', 'Paper')","0.000843747937932983","0.00040550301719518","0.000797910475465035"
"('DE', 'Recycling of waste and scrap')","0.000274660155963539","0.000266043272090758","1.3308668344808e-05"
"('ES', 'Petroleum Refinery')","0.000811731984351703","0.000360880544203657","0.000750838418016003"
"('FR', 'Post and telecommunications (64)')","0.000586772096279056","0.000533219907936771","0.000515649267838101"
"('KR', 'Publishing, printing and reproduction of recorded media (22)')","0.000837398464192421","0.00031389612590003","0.000837397975375164"
"('BR', 'Raw milk')","0.000976639692899608","0.00092399209565612","0.000134359034456038"
"('US', 'Extraction, liquefaction, and regasification of other petroleum and gaseous materials')","0.00150690916184384","0.00150051808687011","5.71867203471173e-05"
"('WA', 'Precious metals production')","0.000724571489112753","0.000509835569206636","0.000392015985512985"
"('US', 'Manufacture of other non-metallic mineral products n.e.c.')","0.0014497506603812","0.00133212599231559","0.000479770580611566"
"('WF', 'Hotels and restaurants (55)')","0.000790612133269916","0.00025082425215327","0.000787287483768203"
"('IT', 'Manufacture of furniture; manufacturing n.e.c. (36)')","0.000395375325849832","0.00019004796224186","0.000395327447369474"
"('IN', 'Manufacture of fish products')","0.000872015601317488","0.000204160770464028","0.000765535572675119"
"('CH', 'Retail trade, except of motor vehicles and motorcycles; repair of personal and household goods (52)')","0.000665338427528807","0.000387825875252786","0.000665224415137811"
"('WM', 'Financial intermediation, except insurance and pension funding (65)')","0.000710262551755808","0.000620537908314191","0.000628933171013119"
"('DE', 'Waste water treatment, food')","0.00145316255077925","0.00144169633532601","5.38976938602534e-05"
"('GB', 'Manufacture of furniture; manufacturing n.e.c. (36)')","0.000245351563533351","0.000147298299915166","0.000245324686996651"
"('TW', 'Mining of copper ores and concentrates')","0.000805405751942132","0.000792584769659664","8.09778887127934e-05"
"('TR', 'Wholesale trade and commission trade, except of motor vehicles and motorcycles (51)')","0.000757611726599455","0.000512476262371945","0.000754792537825704"
"('CA', 'Extraction of natural gas and services related to natural gas extraction, excluding surveying')","0.000550568624178733","0.000407792999088648","0.000289276184049552"
"('DE', 'Manufacture of office machinery and computers (30)')","0.000812975913579683","0.000435780707236018","0.000812224677074996"
"('CA', 'Manufacture of other non-metallic mineral products n.e.c.')","0.000533572452662889","0.000399339735972674","0.000398266213347476"
"('CA', 'Chemicals nec')","0.000733897622771256","0.000354533445291776","0.000726810036838502"
"('IN', 'Computer and related activities (72)')","0.00056721054790721","0.000450590516130928","0.000559879730084587"
"('CZ', 'Manufacture of motor vehicles, trailers and semi-trailers (34)')","0.000809393109362776","0.000329901850391989","0.000808542966174198"
"('MX', 'Manufacture of fabricated metal products, except machinery and equipment (28)')","0.000821376367034882","0.00035342465153849","0.000806854689357469"
"('KR', 'Real estate activities (70)')","0.000653004984266452","0.000398539427041363","0.000653004983443973"
"('JP', 'Manufacture of office machinery and computers (30)')","0.000805880701441883","0.00013503798580144","0.000805862115274094"
"('KR', 'Public administration and defence; compulsory social security (75)')","0.000793191284325543","0.000100364136544232","0.000786062825496172"
"('CA', 'Financial intermediation, except insurance and pension funding (65)')","0.000726629882423617","0.000644314409635564","0.000698378664436118"
"('US', 'Cultivation of plant-based fibers')","0.000826360813560894","0.000776776877595798","0.000148839519630792"
"('JP', 'Retail sale of automotive fuel')","0.000194579764213894","0.000167632503533754","6.85730912120082e-05"
"('DE', 'Manufacture of beverages')","0.000863127775919418","0.000527048808514186","0.000516775298833067"
"('WF', 'Public administration and defence; compulsory social security (75)')","0.000784140957341057","7.1536262266302e-05","0.000783882754623073"
"('FR', 'Manufacture of rubber and plastic products (25)')","0.000783015492538372","0.000479017849666371","0.000752924267986985"
"('WA', 'Cultivation of oil seeds')","0.00108029098977659","0.000995607204385669","0.000297819929265572"
"('WF', 'Other land transport')","0.000806330372393202","0.000604322138308294","0.000746840346904057"
"('TW', 'Manufacture of rubber and plastic products (25)')","0.000790829871571143","0.000336100878635572","0.000782821645272096"
"('LU', 'Activities auxiliary to financial intermediation (67)')","0.00072810968766289","0.000633754922350428","0.000699995246875465"
"('BE', 'Plastics, basic')","0.000532119022720792","0.000309941962817936","0.000493790758570816"
"('CA', 'Public administration and defence; compulsory social security (75)')","0.000769348221614085","6.24038047068029e-05","0.000768849596981907"
"('WM', 'Supporting and auxiliary transport activities; activities of travel agencies (63)')","0.000506405916631991","0.000388215323043738","0.000505477253280843"
"('US', 'Cultivation of vegetables, fruit, nuts')","0.00101802916550964","0.000795303009922616","0.000610918427681107"
"('FR', 'Air transport (62)')","0.000519689147138482","0.000163561928507976","0.000513632146995806"
"('ES', 'Real estate activities (70)')","0.000592664420878693","0.00046488271571108","0.000592166173077111"
"('WL', 'Cultivation of oil seeds')","0.000870433421584784","0.00080789907336367","0.000290493849193968"
"('IT', 'Retail sale of automotive fuel')","0.000157121953431471","0.000122779253143204","9.00956601839203e-05"
"('FR', 'Sea and coastal water transport')","0.000411225407874783","0.000200471388998151","0.000374468897127694"
"('DE', 'Manufacture of cement, lime and plaster')","0.000750035890944758","0.000566295013595543","0.000537340172235583"
"('PL', 'Manufacture of rubber and plastic products (25)')","0.000759273929541177","0.000376947371438769","0.000749127419422406"
"('US', 'Cultivation of wheat')","0.000869254195680406","0.000736612099916537","0.00028503666110083"
"('WA', 'P- and other fertiliser')","0.00167030190635911","0.00147005204366105","0.000607583775902495"
"('CA', 'Manufacture of motor vehicles, trailers and semi-trailers (34)')","0.000769635717979895","0.000194465149591419","0.000769616226745691"
"('CA', 'Processing of Food products nec')","0.000781253722877242","0.000400348452144236","0.000765889397104924"
"('IN', 'Distribution and trade of electricity')","0.000756367682452692","0.000711978581766432","0.000272715363716686"
"('BR', 'Other business activities (74)')","0.000763469757361499","0.00066832747169822","0.000763139592623068"
"('IT', 'Computer and related activities (72)')","0.000687869409389884","0.000469735615911715","0.000686400755874127"
"('GB', 'Production of electricity by nuclear')","0.000377629408119742","0.00036309351780289","6.31835097121923e-05"
"('TR', 'Manufacture of textiles (17)')","0.000761477065383446","0.00043633051094255","0.000760341786872389"
"('KR', 'Copper production')","0.000786639696850427","0.000619914007066606","0.000410218611950828"
"('IT', 'Production of electricity by petroleum and other oil derivatives')","0.000443144279526611","0.000430929334710455","3.30914913382764e-05"
"('CH', 'Insurance and pension funding, except compulsory social security (66)')","0.000504849811384353","0.000438970095010216","0.000415959107526878"
"('ES', 'Processing of Food products nec')","0.000764118522666767","0.00034472866937747","0.000740851682117742"
"('WA', 'Production of electricity by solar photovoltaic')","0.00078929502561676","0.000785021259807973","2.01474720056174e-05"
"('WL', 'Other land transport')","0.000765467711958196","0.000458063389722473","0.000696688196105595"
"('TR', 'Quarrying of sand and clay')","0.000903924382273092","0.000894256102783436","4.89309973386693e-05"
"('ES', 'Plastics, basic')","0.000489738957061336","0.000358434660269686","0.000444193292142838"
"('CA', 'Real estate activities (70)')","0.000678110089207556","0.000434014955702462","0.000678026554327299"
"('MX', 'Manufacture of rubber and plastic products (25)')","0.000740803056624245","0.000317598625809406","0.000732286583266997"
"('FR', 'Research and development (73)')","0.000680291052861398","0.000300353437314331","0.000679444279318787"
"('BR', 'Financial intermediation, except insurance and pension funding (65)')","0.000727201503205781","0.000505080919686559","0.00069667282850751"
"('GB', 'Waste water treatment, other')","0.00146814565780109","0.00140346171899196","0.000227931916572145"
"('SE', 'Construction (45)')","0.000723935514068358","0.000324672560807036","0.000723887257034918"
"('WM', 'Real estate activities (70)')","0.000613130338729616","0.000320170339903484","0.000613103350610497"
"('IN', 'Transport via railways')","0.000807444544879449","0.000770722377678758","0.000271809108311895"
"('GB', 'Chemicals nec')","0.000718005948760508","0.000364369823353309","0.000709579657106065"
"('WA', 'Education (80)')","0.000706847632549657","0.000274137052131541","0.00070444008776519"
"('TR', 'Construction (45)')","0.000670987469364599","0.000250695306384863","0.000668398039052104"
"('WF', 'Post and telecommunications (64)')","0.000648631818529453","0.00050163909008678","0.000631024567078853"
"('BR', 'Production of electricity by hydro')","0.000595937280098043","0.000570093107379268","0.000165433330910439"
"('US', 'Pulp')","0.000835499444482448","0.000669232281210424","0.000306103795625894"
"('SE', 'Incineration of waste: Metals and Inert materials')","0.00106127213168121","0.00103665584303393","0.000102541198029277"
"('DE', 'Casting of metals')","0.000882644539604151","0.00067427716833712","0.00052384072100533"
"('DE', 'Health and social work (85)')","0.00072168789899469","0.000116309162611422","0.000721687891931089"
"('ES', 'Other business activities (74)')","0.000717777906457459","0.00063885576092056","0.000717145834613173"
"('WA', 'Other non-ferrous metal production')","0.000719919061709702","0.000651560597070133","0.00021423137790176"
"('CN', 'Activities of membership organisation n.e.c. (91)')","0.00195539660315966","0.00171132047330213","0.000814391987300335"
"('MX', 'Chemicals nec')","0.000708092783382145","0.000354591020807613","0.000697210936836864"
"('IN', 'Hotels and restaurants (55)')","0.000568504133250845","0.00028474413301669","0.000563852953436721"
"('IT', 'Distribution and trade of electricity')","0.000639136431722779","0.000471831080419705","0.000387867295325896"
"('DE', 'Aluminium production')","0.000595168411075163","0.000403591153672091","0.000426463648355899"
"('GB', 'Incineration of waste: Food')","0.00108247514366003","0.00105456776445308","0.000127573190693843"
"('SE', 'Supporting and auxiliary transport activities; activities of travel agencies (63)')","0.000692107263146992","0.000402221081808462","0.000690409684097325"
"('WF', 'Production of electricity by petroleum and other oil derivatives')","0.000451170376467662","0.000435130591697335","4.87238057636779e-05"
"('MX', 'Retail trade, except of motor vehicles and motorcycles; repair of personal and household goods (52)')","0.000629263377988367","0.000468460797370466","0.000629056699233503"
"('NL', 'Manufacture of machinery and equipment n.e.c. (29)')","0.000887387499986379","0.000524903209142863","0.000703383325600325"
"('AU', 'Health and social work (85)')","0.000704489603841349","0.000386467928270158","0.000704341338936932"
"('WL', 'Production of electricity by gas')","0.000524009940155831","0.000475068969425205","0.000166387572353225"
"('IN', 'Manufacture of other non-metallic mineral products n.e.c.')","0.000691680065136538","0.000497615987059821","0.000516625242543906"
"('WE', 'Construction (45)')","0.000700082750951152","0.000137782776576969","0.000700082668486727"
"('JP', 'Pulp')","0.000774372804850398","0.000572836642960183","0.000374428445044012"
"('AU', 'Extraction of crude petroleum and services related to crude oil extraction, excluding surveying')","0.000700828320137611","0.000553779166110714","0.000685631768369797"
"('AU', 'Mining of lead, zinc and tin ores and concentrates')","0.00127480357870201","0.00126978088677476","8.80038296595711e-06"
"('AT', 'Construction (45)')","0.000692944421277836","0.000360092109929014","0.000692906383152585"
"('RU', 'Public administration and defence; compulsory social security (75)')","0.000673778478539858","0.000120813703154379","0.000660216174458444"
"('IN', 'Transmission of electricity')","0.000629512884405731","0.000617664414623853","0.000103818599856872"
"('WA', 'Paper')","0.000751359596098419","0.000506477704997881","0.000557932130401029"
"('KR', 'Manufacture of beverages')","0.000706033824699056","0.000287664869341739","0.000667703671239664"
"('WA', 'Manufacture of other non-metallic mineral products n.e.c.')","0.000999011377139408","0.000851967516902541","0.000469706034002151"
"('JP', 'Aluminium production')","0.000653833252100933","0.000506401740012824","0.000442095250671498"
"('IT', 'Waste water treatment, food')","0.0018629758127189","0.00184899198585636","9.73121465067535e-05"
"('GB', 'Processing of Food products nec')","0.000702586654350538","0.000394094597887258","0.000654334045338139"
"('FR', 'Biogasification of food waste, incl. land application')","0.00119603052845868","0.00119146491848316","3.54018487102992e-05"
"('DK', 'Supporting and auxiliary transport activities; activities of travel agencies (63)')","0.000628629361538545","0.000473104621194715","0.00062778395511114"
"('ES', 'Production of electricity by solar thermal')","0.000620089506178496","0.0006198938540335","2.43648139631091e-06"
"('CH', 'Education (80)')","0.000642310272005897","0.000481332858686938","0.000642211959844516"
"('IT', 'Manufacture of beverages')","0.000731544569505365","0.000428123691093587","0.000556075661415459"
"('JP', 'Precious metals production')","0.000601456125722881","0.000336717331034674","0.000421356664584185"
"('TW', 'Manufacture of motor vehicles, trailers and semi-trailers (34)')","0.000671641818776718","0.000268043143703468","0.000671320784646921"
"('TR', 'Re-processing of secondary steel into new steel')","0.000667047995688463","0.000295711968403988","0.000624899661173906"
"('NL', 'Real estate activities (70)')","0.000634349720298764","0.000379752698320785","0.00063434645213583"
"('GB', 'Manufacture of rubber and plastic products (25)')","0.000638204650707437","0.000381381089550627","0.000620697391130873"
"('WL', 'Cattle farming')","0.000711180398172445","0.000632445588180022","0.000467643410613576"
"('FR', 'Public administration and defence; compulsory social security (75)')","0.000660892449294992","2.19918127843912e-05","0.000659803379161117"
"('IN', 'Publishing, printing and reproduction of recorded media (22)')","0.000664179454236164","0.000274788024973141","0.000664140124014257"
"('CA', 'Activities auxiliary to financial intermediation (67)')","0.000470596472797623","0.000345528050980647","0.000443153869805777"
"('WL', 'Air transport (62)')","0.000548190808465857","0.000114690391395833","0.00054783299385446"
"('JP', 'Manufacture of wood and of products of wood and cork, except furniture; manufacture of articles of straw and plaiting materials (20)')","0.000671653496601386","0.000460358193188953","0.000624637357319823"
"('DE', 'Manufacture of wood and of products of wood and cork, except furniture; manufacture of articles of straw and plaiting materials (20)')","0.000688022541626432","0.000393857381704097","0.000627500345393238"
"('FR', 'Processing of nuclear fuel')","9.48618528083551e-05","4.48879907474568e-06","9.48555547392621e-05"
"('AU', 'Sale, maintenance, repair of motor vehicles, motor vehicles parts, motorcycles, motor cycles parts and accessoiries')","0.000496469570382224","0.000170478129485286","0.000495170639465992"
"('AU', 'Insurance and pension funding, except compulsory social security (66)')","0.00053557479561775","0.000208569271843518","0.000530654176484543"
"('IE', 'Construction (45)')","0.000527210649050493","0.000132528927193442","0.000526396110233809"
"('MX', 'Petroleum Refinery')","0.000654350045923856","0.000466055156236144","0.000640581308950133"
"('KR', 'Manufacture of other non-metallic mineral products n.e.c.')","0.000588040001335388","0.000378391389341963","0.000520741405855554"
"('ID', 'Extraction of crude petroleum and services related to crude oil extraction, excluding surveying')","0.000650792580998027","0.000617899188535705","0.000643704431173865"
"('WL', 'Manufacture of furniture; manufacturing n.e.c. (36)')","0.000506076430807319","0.000152866565085872","0.000506076348997172"
"('ES', 'Manufacture of fabricated metal products, except machinery and equipment (28)')","0.000667350176156296","0.000463561787958339","0.000637859870943194"
"('PL', 'Wholesale trade and commission trade, except of motor vehicles and motorcycles (51)')","0.000646914546226688","0.000446146060750469","0.000645954302683926"
"('ES', 'Biogasification of food waste, incl. land application')","0.00360892180677445","0.00359231490166276","0.000133968863525112"
"('KR', 'Computer and related activities (72)')","0.000530602461607757","0.000227525819743309","0.000529920744996386"
"('WL', 'Research and development (73)')","0.000633229979034952","0.000193167208220542","0.000633224632581668"
"('IN', 'Manufacture of coke oven products')","0.000657699231786523","0.000528891351702314","0.000285690734724956"
"('TR', 'Other land transport')","0.000621852035027785","0.000478955607113746","0.000527912189656451"
"('RU', 'Extraction of natural gas and services related to natural gas extraction, excluding surveying')","0.000614549964767164","0.000582240303848164","0.000314393332000076"
"('KR', 'Research and development (73)')","0.00051473392503023","0.000192806897860656","0.00051473392503023"
"('ES', 'Financial intermediation, except insurance and pension funding (65)')","0.000567800814778304","0.000512024128141236","0.0005474880765789"
"('NL', 'Financial intermediation, except insurance and pension funding (65)')","0.000605174575068291","0.000486513512066324","0.000588896559391024"
"('WE', 'Petroleum Refinery')","0.000635278974505135","0.000226656805274244","0.000631107314958746"
"('TW', 'Other land transport')","0.000640563448853534","0.000369193202147957","0.000547064870115695"
"('WA', 'Copper production')","0.0006364190122792","0.000474555759699969","0.000358598279545705"
"('DE', 'Incineration of waste: Textiles')","0.00208703192130595","0.00207979034929838","3.35256358849539e-05"
"('IT', 'Chemicals nec')","0.000594176128916885","0.000333095117467737","0.000584871695044735"
"('PL', 'Manufacture of fabricated metal products, except machinery and equipment (28)')","0.000641978906369633","0.000394645990367358","0.000630722042483277"
"('TR', 'Retail trade, except of motor vehicles and motorcycles; repair of personal and household goods (52)')","0.000512015710005821","0.000299453952432421","0.00051200988729181"
"('JP', 'Air transport (62)')","0.000404981698991551","0.00014707042804351","0.000390552325727658"
"('DE', 'Copper production')","0.000578765781388321","0.000383350041086368","0.000426644706452563"
"('WF', 'Plastics, basic')","0.000551184219950641","0.000539797242043676","0.000413981984912999"
"('WF', 'Cattle farming')","0.000660188963133936","0.000544378250004134","0.000536457767240206"
"('JP', 'Manufacture of coke oven products')","0.000564419833287501","0.000508649684475137","0.000174613103626489"
"('BR', 'Cattle farming')","0.00116178987176632","0.00110854515786824","0.000178094537042643"
"('ES', 'Retail trade, except of motor vehicles and motorcycles; repair of personal and household goods (52)')","0.00052886192194317","0.000383139463169195","0.000528579157563876"
"('WA', 'Processing of meat poultry')","0.000831202817374306","0.000619388093606517","0.000284120052766136"
"('DE', 'Transport via pipelines')","0.000332755864989693","0.000313818038076431","7.63627899237179e-05"
"('NL', 'Computer and related activities (72)')","0.000596157196204059","0.000386241593774924","0.00059586152068864"
"('WL', 'Manufacture of fabricated metal products, except machinery and equipment (28)')","0.000662638388298713","0.000437312772687554","0.00061890948282757"
"('SE', 'Manufacture of motor vehicles, trailers and semi-trailers (34)')","0.000617592565332805","0.000211473066862392","0.000617464397443533"
"('WA', 'Publishing, printing and reproduction of recorded media (22)')","0.000617485896005455","0.000299566401341874","0.000617398337503027"
"('IT', 'Production of electricity by hydro')","0.000427898275245466","0.000393965625718527","0.000115965184508849"
"('IT', 'Waste water treatment, other')","0.00188498601926581","0.00186488173851172","0.000133551225671862"
"('DE', 'Mining of uranium and thorium ores (12)')","0.00317161066302592","0.00317158392756812","1.98979785472525e-06"
"('FR', 'Chemicals nec')","0.000588609411200632","0.000275475440126133","0.000577412148684989"
"('WL', 'Financial intermediation, except insurance and pension funding (65)')","0.000572144813273066","0.000398990181424499","0.000548186065052243"
"('GB', 'Manufacture of machinery and equipment n.e.c. (29)')","0.000877342103115238","0.000655660402439837","0.000607823664437124"
"('CA', 'Hotels and restaurants (55)')","0.000606170015999645","0.00016508774835355","0.000605448015030374"
"('GB', 'Manufacture of fabricated metal products, except machinery and equipment (28)')","0.000649816964381736","0.000484026513107528","0.000607036982673469"
"('SE', 'Other business activities (74)')","0.00060746071031729","0.000525600228589333","0.00060702002926367"
"('WA', 'Manufacture of electrical machinery and apparatus n.e.c. (31)')","0.000600599554896206","0.000375172318413036","0.000581929313641962"
"('WM', 'Manufacture of other transport equipment (35)')","0.00022633169265321","0.000145505151793082","0.000214026007203609"
"('ID', 'Hotels and restaurants (55)')","0.000589691312267894","0.000257215965219379","0.00058802495488332"
"('RU', 'Other business activities (74)')","0.000600575930184939","0.000501129703931225","0.000600335206115767"
"('IN', 'Paper')","0.000610422588033153","0.000352418025903728","0.000566495086644711"
"('BR', 'Retail trade, except of motor vehicles and motorcycles; repair of personal and household goods (52)')","0.000526879751677497","0.000384290449985581","0.00052685456038125"
"('GB', 'Biogasification of sewage slugde, incl. land application')","0.00290164917567017","0.0027834343831922","0.00048576626892098"
"('IN', 'Cultivation of crops nec')","0.000674926084294576","0.000660438841321054","0.000220424521225968"
"('BE', 'Renting of machinery and equipment without operator and of personal and household goods (71)')","0.000349100038593912","0.000263325283912199","0.000283384071777356"
"('AU', 'Computer and related activities (72)')","0.000570402346731415","0.000384719197366818","0.000568721752820176"
"('DE', 'Pulp')","0.000602134132071065","0.000410084455719989","0.000403950911897379"
"('WM', 'Manufacture of textiles (17)')","0.000595164090674942","0.000468966267055226","0.000591716283566838"
"('WM', 'Air transport (62)')","0.000304582281813971","0.000167222848654303","0.000284616239198086"
"('WA', 'Manufacture of cement, lime and plaster')","0.000798179167105891","0.000667942263793642","0.000442638947917831"
"('TW', 'Quarrying of sand and clay')","0.000626837421536433","0.000595193915112969","0.000221460257346799"
"('RU', 'Supporting and auxiliary transport activities; activities of travel agencies (63)')","0.000487288447791658","0.000376367801256039","0.000483789433268474"
"('ES', 'Manufacture of beverages')","0.000643605645788408","0.000442262554499134","0.000488481384588668"
"('TR', 'Manufacture of rubber and plastic products (25)')","0.000526780770786414","0.000321640931572921","0.000507527247545714"
"('TW', 'Manufacture of furniture; manufacturing n.e.c. (36)')","0.000549304473499602","0.000155075605979212","0.000549304473414923"
"('DK', 'Wholesale trade and commission trade, except of motor vehicles and motorcycles (51)')","0.000588641100578295","0.000294527627441776","0.00058834469303668"
"('WA', 'Lead, zinc and tin production')","0.000595890351725588","0.000515325089521836","0.000187444268565941"
"('FR', 'Plastics, basic')","0.000582598501549024","0.000190405607923889","0.000572546062268132"
"('CN', 'Pulp')","0.000633168762783301","0.000510715428560711","0.000246581722662143"
"('RU', 'Production of electricity by hydro')","0.000437538561719086","0.000431360035894322","7.87054861129634e-05"
"('ID', 'Post and telecommunications (64)')","0.000547549065182823","0.000437757609684306","0.000538471113865656"
"('WA', 'Aluminium production')","0.000581603043997208","0.000437184734580772","0.000403711299730645"
"('RU', 'Transport via pipelines')","0.000603655077189883","0.000590819827796901","4.92056749833222e-05"
"('FR', 'Distribution and trade of electricity')","0.000432703529291082","0.000279904335686792","0.000281738172211851"
"('WM', 'Computer and related activities (72)')","0.000419013249033335","0.000297278963062107","0.000417126562060765"
"('NL', 'Plastics, basic')","0.000571628147121549","0.000373414789874407","0.00048841258201601"
"('ID', 'Manufacture of rubber and plastic products (25)')","0.000588641366430842","0.000300371661713298","0.000578213842875007"
"('WL', 'Manufacture of textiles (17)')","0.000580079135558738","0.00044381609805823","0.000579122569809231"
"('IN', 'Manufacture of ceramic goods')","0.000641965209787096","0.00053194878622222","0.000457879245921851"
"('NL', 'Processing of dairy products')","0.000779925026075164","0.000561605358804139","0.000348944265806048"
"('IN', 'Retail sale of automotive fuel')","0.000127321593125152","0.000122089264284616","4.99145163155128e-05"
"('KR', 'Processing of dairy products')","0.000670863320772154","0.000536734444172384","0.00033646273808948"
"('FR', 'Waste water treatment, other')","0.00109524365365751","0.00105919515884651","0.000133564194987795"
"('WA', 'Pulp')","0.000815970174947277","0.000755934736781928","0.000138922494971742"
"('AU', 'Supporting and auxiliary transport activities; activities of travel agencies (63)')","0.000462773125785882","0.000320774551402532","0.000461205627758777"
"('DE', 'Steam and hot water supply')","0.000297977841097904","0.000283364859772581","3.31927734161486e-05"
"('IN', 'Fishing, operating of fish hatcheries and fish farms; service activities incidental to fishing (05)')","0.000572556502571598","0.000537275275249136","0.000552830726048325"
"('JP', 'Production of electricity by hydro')","0.000375381120735506","0.000369655680955606","4.02897715098623e-05"
"('WA', 'Tanning and dressing of leather; manufacture of luggage, handbags, saddlery, harness and footwear (19)')","0.00056886861629381","0.000347661542359862","0.000488897265034709"
"('IT', 'Insurance and pension funding, except compulsory social security (66)')","0.000398759590819592","0.000185363822807146","0.000386854786661529"
"('CN', 'Private households with employed persons (95)')","0.000564899466770931","0.000314025169204388","0.000564899466770931"
"('TW', 'Manufacture of beverages')","0.000564484782612723","3.37307294808996e-05","0.000564069280120265"
"('RU', 'Financial intermediation, except insurance and pension funding (65)')","0.00051058563593344","0.000457701118364935","0.000488474917647836"
"('CH', 'Public administration and defence; compulsory social security (75)')","0.000473555016434969","0.000286919581157113","0.000431862270555763"
"('ES', 'Manufacture of rubber and plastic products (25)')","0.000443400322624579","0.000294605623544806","0.000431255251966024"
"('IN', 'Manufacture of other transport equipment (35)')","0.000420899687648754","0.000132704723234936","0.000420549079374562"
"('GB', 'Landfill of waste: Wood')","0.00402064426254932","0.00399318675778258","0.000145854859642482"
"('WL', 'Manufacture of wearing apparel; dressing and dyeing of fur (18)')","0.000558931034577234","7.36777492133084e-05","0.000558893430914759"
"('IT', 'Landfill of waste: Food')","0.00210558450746505","0.0020546115634251","0.000214766770527438"
"('CA', 'Insurance and pension funding, except compulsory social security (66)')","0.000413414234973624","0.000323821603270727","0.000398568275827367"
"('WL', 'Sea and coastal water transport')","0.000317579430751624","0.000212239216115549","0.000264170230686021"
"('WF', 'Production of electricity by gas')","0.000435379830709704","0.000356558667167701","0.000184170779163934"
"('GB', 'Incineration of waste: Paper')","0.000861045120059634","0.000832457865916269","0.000127710077315243"
"('PL', 'Other land transport')","0.00055051685163266","0.000461048785848869","0.000514276823744802"
"('WL', 'Extraction of natural gas and services related to natural gas extraction, excluding surveying')","0.000571430897651418","0.000552097700123503","0.000208721770213965"
"('CA', 'Post and telecommunications (64)')","0.000458480007384884","0.000376345410918917","0.000441807441660343"
"('RO', 'Construction (45)')","0.000546642937519707","0.00019471684802752","0.000546576351850321"
"('CA', 'Research and development (73)')","0.000476638922426662","0.000281464624627781","0.00047622589569047"
"('AU', 'Sea and coastal water transport')","0.000351577477992189","0.000279509636841932","0.000263563919810427"
"('MX', 'Manufacture of furniture; manufacturing n.e.c. (36)')","0.000348149085853398","0.000129772040424595","0.000348138997975786"
"('IN', 'Manufacture of radio, television and communication equipment and apparatus (32)')","0.000544214525821211","0.00022369044955065","0.000542760295370676"
"('BR', 'Hotels and restaurants (55)')","0.000479409988333224","0.000293378502993788","0.000477706537056916"
"('MX', 'Manufacture of office machinery and computers (30)')","0.000542092404833316","0.000136271742073164","0.000542073625186282"
"('WM', 'Manufacture of motor vehicles, trailers and semi-trailers (34)')","0.000538969579467866","0.000242419347377147","0.000538616553161299"
"('BE', 'Manufacture of motor vehicles, trailers and semi-trailers (34)')","0.000541696642245342","0.000199294982318302","0.000541484027592627"
"('WM', 'Manufacture of wearing apparel; dressing and dyeing of fur (18)')","0.000539328338128207","8.91793382565522e-05","0.000539001971624192"
"('WL', 'Supporting and auxiliary transport activities; activities of travel agencies (63)')","0.00043080349427506","0.000301148693804248","0.000427798302324191"
"('IN', 'Cultivation of wheat')","0.000595014706539518","0.000472327360042054","0.000304482516920876"
"('WL', 'Cultivation of vegetables, fruit, nuts')","0.000589075441093832","0.000450429180867844","0.00043113630237429"
"('FR', 'Production of electricity by wind')","0.000260583280275465","0.000248171786391272","3.86658554262843e-05"
"('KR', 'Manufacture of electrical machinery and apparatus n.e.c. (31)')","0.000525411153597915","0.000337919621469774","0.000508387459529206"
"('IT', 'Health and social work (85)')","0.000535437484396608","0.000206980751151815","0.000535437484386763"
"('WL', 'Sale, maintenance, repair of motor vehicles, motor vehicles parts, motorcycles, motor cycles parts and accessoiries')","0.00050680557010638","7.90447513561048e-05","0.000506801423012666"
"('FR', 'Incineration of waste: Textiles')","0.00226473255724429","0.00225487575761676","6.09828780147837e-05"
"('WL', 'Transport via pipelines')","0.000582318502467057","0.000554050057643004","0.000128302664782365"
"('US', 'Manufacture of fish products')","0.000825517104614602","0.00075175025475164","0.000306204299121374"
"('FR', 'Incineration of waste: Metals and Inert materials')","0.00159337671267902","0.00154729170493023","0.000231933782055106"
"('TW', 'Chemicals nec')","0.000527140442341788","0.00028891335792832","0.000524878041392186"
"('KR', 'Manufacture of medical, precision and optical instruments, watches and clocks (33)')","0.000118325214196337","8.80708303918409e-05","0.000116667203774871"
"('SE', 'Other land transport')","0.000518064854041078","0.000414131965563952","0.000507691512599545"
"('WF', 'Supporting and auxiliary transport activities; activities of travel agencies (63)')","0.000443488473210107","0.000326963233478264","0.000443261990887196"
"('WL', 'Manufacture of rubber and plastic products (25)')","0.000547342075057194","0.000361526464315803","0.000516829855686153"
"('DE', 'Biogasification of food waste, incl. land application')","0.000961048213747897","0.000955511364739201","2.21163424474556e-05"
"('AU', 'Education (80)')","0.000526750079203167","6.65188181490403e-05","0.000526750079180147"
"('TR', 'Hotels and restaurants (55)')","0.000389454739284972","0.000203348641131742","0.00038547513617717"
"('WL', 'Cultivation of crops nec')","0.000591378448193511","0.000565219374260084","0.000166898841651998"
"('NL', 'Manufacture of office machinery and computers (30)')","0.000526717859227436","0.000313078492050244","0.000524238757680423"
"('IN', 'Activities auxiliary to financial intermediation (67)')","0.000273786861781956","0.000271822107396722","0.000253029394956529"
"('RU', 'Pulp')","0.000684907836614836","0.000594578351661562","0.000136572864697085"
"('WM', 'Cultivation of vegetables, fruit, nuts')","0.000541048367529513","0.000411082968970579","0.00046059128357551"
"('ID', 'Retail trade, except of motor vehicles and motorcycles; repair of personal and household goods (52)')","0.000498749833737642","0.000186406634238802","0.000498749676137776"
"('IT', 'Quarrying of stone')","0.00054179136229431","0.000470116255414584","0.00010126946294208"
"('AU', 'Research and development (73)')","0.00052102928537763","0.000158175062671945","0.000520958268454172"
"('WF', 'Other business activities (74)')","0.000520574623891793","0.000429812879431254","0.000520570693570196"
"('BR', 'Cultivation of crops nec')","0.000611409686880014","0.000571670747556916","0.00020329038858083"
"('IN', 'Manufacture of beverages')","0.000529960682041377","8.92376841939435e-05","0.00050329138014344"
"('IN', 'Animal products nec')","0.000590004520094951","0.00051640750165946","0.000129903333587282"
"('BR', 'Processing of meat cattle')","0.00068205513570692","0.000554077383794344","0.000202564903207182"
"('CA', 'Manufacture of wood and of products of wood and cork, except furniture; manufacture of articles of straw and plaiting materials (20)')","0.000482429916116464","0.000224377861491492","0.000469570071873444"
"('FR', 'Education (80)')","0.000510935166209899","0.000366593600893698","0.000510616507266033"
"('IT', 'Quarrying of sand and clay')","0.00176875065693998","0.00170745961516075","0.000194571433842133"
"('TW', 'Real estate activities (70)')","0.000454703208722999","0.000224261129880022","0.000454055752256555"
"('IE', 'Other business activities (74)')","0.000508486501773108","0.000282165891837415","0.000508258970372575"
"('WM', 'Transmission of electricity')","0.000534111246151201","0.000519812965153389","7.12502428873844e-05"
"('WA', 'Manufacture of ceramic goods')","0.000554861761618848","0.000379248292755165","0.000435770151606431"
"('RU', 'Manufacture of basic iron and steel and of ferro-alloys and first products thereof')","0.000503805775936973","0.000352205856625959","0.000478027117634417"
"('IT', 'Sale, maintenance, repair of motor vehicles, motor vehicles parts, motorcycles, motor cycles parts and accessoiries')","0.000414888567556849","0.000163904259352985","0.000410111677511042"
"('BE', 'Other land transport')","0.000503924127387476","0.000352059579852849","0.000433798555617452"
"('IN', 'Manufacture of wearing apparel; dressing and dyeing of fur (18)')","0.000504697844099967","0.000215933469510868","0.000499090307228741"
"('TW', 'Paper')","0.000504314235730441","0.000311447494070011","0.000499615636004456"
"('WM', 'Chemicals nec')","0.000444684203583222","0.000185393867753326","0.00043814344283523"
"('CH', 'Real estate activities (70)')","0.000459750415285061","0.000390354486597722","0.000459649509331988"
"('KR', 'Transport via railways')","0.000427077853528996","0.000312881748171444","0.000238743519559832"
"('FI', 'Construction (45)')","0.000464807243777605","0.000153664617441489","0.000464802319870917"
"('CA', 'Other service activities (93)')","0.000492570719957213","0.000227834591227221","0.000492323868418155"
"('TR', 'Manufacture of motor vehicles, trailers and semi-trailers (34)')","0.000497821678822467","0.000125924962391486","0.000497721031331203"
"('CA', 'Manufacture of furniture; manufacturing n.e.c. (36)')","0.000391569232824779","9.74651419033758e-05","0.000391568137028466"
"('IE', 'Post and telecommunications (64)')","0.000254829467816756","0.000158638277918795","0.000248270645305061"
"('IE', 'Inland water transport')","1.1359341460163e-05","8.78827156994207e-06","1.13472597757852e-05"
"('TW', 'Public administration and defence; compulsory social security (75)')","0.000408951521444285","0.000117853465684076","0.000397027234431315"
"('MX', 'Other land transport')","0.000494668528866769","0.00031884767366648","0.000476351145670871"
"('IT', 'Manufacture of other transport equipment (35)')","0.000282155880877153","0.000131161403460059","0.000281425154084858"
"('CZ', 'Manufacture of machinery and equipment n.e.c. (29)')","0.000493998806929736","0.000101602646921905","0.000493228333371019"
"('KR', 'Manufacture of fish products')","0.000506378031109181","0.000249502818856386","0.000420118750086674"
"('WF', 'Cultivation of vegetables, fruit, nuts')","0.000502535591515644","0.000363905224987789","0.000446509248072304"
"('ID', 'Production of electricity by Geothermal')","7.03409982302833e-05","7.03409982302833e-05","4.15662957115578e-06"
"('IN', 'Precious metals production')","0.00054276525145995","0.000292258054497436","0.000462407077192692"
"('JP', 'Casting of metals')","0.000714259211326554","0.000540650760010411","0.000420509404505471"
"('AU', 'Manufacture of beverages')","0.000606471397819191","0.000509909118042609","0.000318412025358709"
"('BR', 'Manufacture of rubber and plastic products (25)')","0.000495096830314377","0.000241406367383664","0.000485532434977213"
"('WL', 'Manufacture of motor vehicles, trailers and semi-trailers (34)')","0.000484319064316133","0.000352493414218366","0.000482709840240983"
"('AU', 'Air transport (62)')","0.000413628803334094","7.4851866215415e-05","0.000413476572482323"
"('IN', 'Transport via pipelines')","0.00077565576225746","0.000767366811065885","0.00010581681370891"
"('WL', 'Real estate activities (70)')","0.000464047731590362","0.000218901524572677","0.000464037560861073"
"('JP', 'Mining of precious metal ores and concentrates')","0.000483735658563731","0.000364517815993155","0.000261367825758957"
"('WA', 'Private households with employed persons (95)')","0.000481501764379014","0.000451528746888809","0.000481501764379014"
"('JP', 'Education (80)')","0.000481099175461876","2.09482608906605e-05","0.000481099175461876"
"('ID', 'Financial intermediation, except insurance and pension funding (65)')","0.000446799135794795","0.000334440578634063","0.000436393698244903"
"('PL', 'Manufacture of machinery and equipment n.e.c. (29)')","0.000483538290692871","0.000223074763956077","0.000477255131212843"
"('CA', 'Production of electricity by nuclear')","0.000222089623111617","0.000220264624198295","2.61632004866811e-05"
"('CA', 'Manufacture of rubber and plastic products (25)')","0.000464250622844554","0.000297239207205807","0.000456014938303666"
"('BR', 'Public administration and defence; compulsory social security (75)')","0.00044782737895611","0.000109081689645923","0.000444598095334927"
"('RU', 'Manufacture of furniture; manufacturing n.e.c. (36)')","0.00038699720736269","0.000120880796996376","0.000386994977656072"
"('IT', 'Manufacture of textiles (17)')","0.000474855509573876","0.000274888703174022","0.000473936829812798"
"('ZA', 'Petroleum Refinery')","0.000474876500354159","0.000211292301083592","0.000473108617001289"
"('NL', 'Public administration and defence; compulsory social security (75)')","0.00038885027632083","0.000141302167202177","0.000364266525070337"
"('ES', 'Manufacture of machinery and equipment n.e.c. (29)')","0.000477094194516501","0.000197271658426605","0.000472075210177207"
"('FR', 'Health and social work (85)')","0.000472611892324695","8.26655713286566e-05","0.000472611888808564"
"('CA', 'Manufacture of fabricated metal products, except machinery and equipment (28)')","0.000488534394575043","0.000280857671401327","0.000472264422867915"
"('ES', 'Renting of machinery and equipment without operator and of personal and household goods (71)')","0.000380094188600885","0.000349705093928379","0.000253696694313359"
"('ID', 'Re-processing of secondary steel into new steel')","0.00031525704162853","0.000186767459845001","0.000286106474605482"
"('NL', 'Sea and coastal water transport')","0.000338888273946893","0.000158399377884893","0.000322609038933102"
"('IT', 'Paper')","0.000471391916395726","0.000237468498637459","0.000442506231573612"
"('IN', 'Copper production')","0.000451848770964309","0.000291979275264253","0.000358180884358035"
"('CH', 'Processing of Food products nec')","0.000469011035976288","0.00020536457677728","0.000466488075197635"
"('CH', 'Inland water transport')","0.000107505407643587","8.56505181926187e-05","5.77165208713622e-05"
"('WA', 'Recreational, cultural and sporting activities (92)')","0.000483611002393196","0.00028758092410685","0.00043809893253492"
"('SE', 'Computer and related activities (72)')","0.000438268756495218","0.000317807031951726","0.000437509891792139"
"('JP', 'Insurance and pension funding, except compulsory social security (66)')","0.000425291443436482","8.6241799532623e-05","0.000417953224734654"
"('WL', 'Manufacture of fish products')","0.00051705154961846","0.000324745815461339","0.000345754991659786"
"('IT', 'Tanning and dressing of leather; manufacture of luggage, handbags, saddlery, harness and footwear (19)')","0.000464386046789801","0.000259021589352","0.000439685242644926"
"('WL', 'Paper')","0.00046662135607719","0.000315598871791884","0.000437568218419252"
"('ES', 'Chemicals nec')","0.000453626816426217","0.000214225317224987","0.000450508733386518"
"('GB', 'Manufacture of office machinery and computers (30)')","0.000461094704053355","0.000266905976149142","0.000460915015968323"
"('JP', 'Processing of dairy products')","0.000629755403002","0.000454701243642563","0.000386138469456312"
"('DE', 'Manufacture of glass and glass products')","0.000462140544826105","0.000358643819210345","0.00031452747306324"
"('IE', 'Retail trade, except of motor vehicles and motorcycles; repair of personal and household goods (52)')","0.000243119373059179","0.000117599533415753","0.000243103848104401"
"('TR', 'Mining of copper ores and concentrates')","0.000469169081470154","0.000466095402861488","1.70813500988771e-05"
"('KR', 'Education (80)')","0.000458216017865609","9.9248758012014e-05","0.000458216010725165"
"('IT', 'Sea and coastal water transport')","0.000317711558664878","0.000220995494488599","0.000265169364116957"
"('CA', 'Paper')","0.000461613337259789","0.000229182561901122","0.000449313181816723"
"('RU', 'Mining of coal and lignite; extraction of peat (10)')","0.000417240450082404","0.000333298690930661","0.000240562697144899"
"('WM', 'Manufacture of rubber and plastic products (25)')","0.000480365760929682","0.000470178438432579","0.000376907802416944"
"('PL', 'Other business activities (74)')","0.000457210316132692","0.000383384000711318","0.000457015856451278"
"('WL', 'Distribution and trade of electricity')","0.000388471153009307","0.000355781947714807","0.000175633990097404"
"('IT', 'Public administration and defence; compulsory social security (75)')","0.000364105773617265","0.000130917281275572","0.000343231455735622"
"('WL', 'Poultry farming')","0.00047978236552928","0.00042209441651197","0.000348969470151306"
"('RU', 'Manufacture of other transport equipment (35)')","0.000206638291704764","0.000130667076757098","0.000200436914055194"
"('KR', 'Production of electricity by gas')","0.000305251342697515","0.00028999249311004","7.1874698585119e-05"
"('BE', 'Petroleum Refinery')","0.000447929406548527","0.000295935635326211","0.000384526341060789"
"('ES', 'Landfill of waste: Textiles')","0.000502469826377481","0.000497213272837004","3.43228458331606e-05"
"('ID', 'Manufacture of fabricated metal products, except machinery and equipment (28)')","0.000456054274759496","0.000251497034379303","0.000450901188411481"
"('BR', 'Chemicals nec')","0.000450264126558276","0.000195633769334514","0.000442404171231191"
"('WL', 'Processing of meat poultry')","0.000478148605426806","0.00015099197922126","0.000418903717788275"
"('IE', 'Other land transport')","0.00031600830374939","0.000181817358547791","0.000306571493106493"
"('CZ', 'Construction (45)')","0.000443352116050426","0.000272878947697819","0.000442866681602696"
"('JP', 'Recreational, cultural and sporting activities (92)')","0.000449524631838702","0.000223130751472978","0.000432414724200158"
"('ID', 'Chemicals nec')","0.000445077414110174","0.000227106678615212","0.000440550784689263"
"('WF', 'Sea and coastal water transport')","0.000231726429809544","0.000200223637895831","0.000163581913536067"
"('JP', 'Quarrying of stone')","0.000638860633813987","0.000572628520780915","0.00017698780946327"
"('JP', 'Manufacture of glass and glass products')","0.000448264113404594","0.000308859801336597","0.000350389248873437"
"('WL', 'Cultivation of cereal grains nec')","0.000469896613819726","0.000401181571497599","0.000263790796807888"
"('IN', 'Raw milk')","0.000465778759562477","0.000326424187011784","0.000433654982661877"
"('FR', 'Landfill of waste: Food')","0.000830391291183142","0.000795211665115823","0.000132298766029481"
"('WF', 'Air transport (62)')","0.000359569112359167","0.000106533702839716","0.000358478998573888"
"('WF', 'Financial intermediation, except insurance and pension funding (65)')","0.000417355686288124","0.000305322813303916","0.000406793998732798"
"('GB', 'Processing of nuclear fuel')","1.33954671762831e-05","5.32170157742509e-06","1.33889558514562e-05"
"('ID', 'Extraction of natural gas and services related to natural gas extraction, excluding surveying')","0.000373923613698291","0.000369272698087348","0.000215274368991113"
"('TW', 'Other service activities (93)')","0.000440519827665256","2.69557479822381e-05","0.000440486386706639"
"('RU', 'Steam and hot water supply')","0.000360360407241019","0.000353843803382223","3.58474266219014e-05"
"('WM', 'Activities auxiliary to financial intermediation (67)')","0.000263059976068436","0.000192414508010687","0.000258370458847136"
"('ID', 'Public administration and defence; compulsory social security (75)')","0.000438764793488746","7.36841700529451e-06","0.000438764793487829"
"('US', 'Manufacture of office machinery and computers (30)')","0.000437499821835732","0.000280357893367225","0.00043692766981858"
"('TW', 'Publishing, printing and reproduction of recorded media (22)')","0.000436173433724717","0.000260274536664419","0.000436124211046737"
"('WM', 'Transport via railways')","0.000426326216890796","0.000369969907581938","0.00015489501755825"
"('CH', 'Hotels and restaurants (55)')","0.000411911444285608","0.000164648726000823","0.000410121582654006"
"('LT', 'Petroleum Refinery')","0.000433472884605532","0.000294866377604153","0.000429345734779099"
"('NO', 'Construction (45)')","0.000422886467849086","0.000238453148056045","0.000422833612434407"
"('WL', 'Manufacture of other transport equipment (35)')","0.00030347608413388","0.000160611388831908","0.000299698299416472"
"('FR', 'Steam and hot water supply')","0.000192436154311605","0.000165810926287789","5.02241740772595e-05"
"('WM', 'Health and social work (85)')","0.000430796450045085","4.23750569103593e-05","0.000430795945634575"
"('TR', 'Financial intermediation, except insurance and pension funding (65)')","0.00037032159181406","0.000297980181890705","0.000363573173671945"
"('JP', 'Cultivation of paddy rice')","0.000488049308223115","0.000394450920056369","0.000358997249944664"
"('WM', 'Manufacture of office machinery and computers (30)')","0.000429062560158413","0.000192931093851799","0.000428301246077177"
"('RU', 'Retail trade, except of motor vehicles and motorcycles; repair of personal and household goods (52)')","0.000414748796086591","0.000115638176446344","0.000414745709082884"
"('ID', 'Processed rice')","0.000450412466509759","9.59588596192238e-05","0.00041323041308424"
"('ID', 'Manufacture of textiles (17)')","0.000427299492602014","0.000291658529168027","0.000426062107871053"
"('SE', 'Mining of iron ores')","0.000453394893346177","0.000453286514532007","2.7160253630277e-06"
"('TW', 'Air transport (62)')","0.000359370428320469","8.03858221968027e-05","0.00035651969322978"
"('IN', 'Sale, maintenance, repair of motor vehicles, motor vehicles parts, motorcycles, motor cycles parts and accessoiries')","0.00025377067906606","0.000242530520226865","0.000216981822781916"
"('ES', 'Production of electricity by wind')","0.000289755885392701","0.000285500735534537","3.70969780565832e-05"
"('BE', 'Activities auxiliary to financial intermediation (67)')","0.000303901465602071","0.000188528843740825","0.000303043578160255"
"('KR', 'Cultivation of paddy rice')","0.000427839043011194","0.000396673365631921","0.000231831311167621"
"('TW', 'Manufacture of wearing apparel; dressing and dyeing of fur (18)')","0.000424501573071351","2.01700239735294e-05","0.000424501573071351"
"('RU', 'Processing of Food products nec')","0.000425853349466908","0.000172011649915088","0.000421520439174484"
"('WA', 'Processed rice')","0.000657021871934473","0.00062635444308404","6.54328859528173e-05"
"('NL', 'Manufacture of fabricated metal products, except machinery and equipment (28)')","0.00043140293055106","0.000275587081156448","0.000422565492667569"
"('WF', 'Processing of meat cattle')","0.000426796542580744","5.91501257198244e-05","0.000412732940937477"
"('SK', 'Manufacture of motor vehicles, trailers and semi-trailers (34)')","0.000420907067867229","0.000191971959828721","0.000420819983170463"
"('RU', 'Post and telecommunications (64)')","0.000361437965045444","0.00026466093669674","0.000352199442406186"
"('SE', 'Real estate activities (70)')","0.000416075837431506","0.000229968467850952","0.000416074631847355"
"('TW', 'Manufacture of other transport equipment (35)')","0.000378592841235301","0.000192995815498427","0.000378592841024311"
"('IT', 'Production of electricity by wind')","0.000284249276601244","0.000271882793728733","4.24544266540768e-05"
"('BR', 'P- and other fertiliser')","0.000429159796461944","0.000127171874783461","0.000391670705253475"
"('KR', 'Manufacture of glass and glass products')","0.000406838468863861","0.000279477524188119","0.000356298483784147"
"('WM', 'Education (80)')","0.00041644757834738","3.902407484312e-05","0.000416445877859138"
"('WF', 'Manufacture of textiles (17)')","0.000416219572253071","0.00019006307527938","0.000416018278157783"
"('CZ', 'Wholesale trade and commission trade, except of motor vehicles and motorcycles (51)')","0.000415342124541795","0.00024551343272335","0.000415199718607512"
"('IT', 'Processing of dairy products')","0.000460445426383369","0.000280701371360862","0.00037595490202808"
"('NL', 'Retail trade, except of motor vehicles and motorcycles; repair of personal and household goods (52)')","0.000397664069672354","0.000181549711780089","0.000397662842887745"
"('ID', 'Cultivation of oil seeds')","0.000466646260583839","0.000405348263378503","0.000243315376514743"
"('WM', 'Manufacture of medical, precision and optical instruments, watches and clocks (33)')","0.000147292338652707","8.82095961934077e-05","0.000145559053139029"
"('ID', 'Real estate activities (70)')","0.000408918789852453","0.00023096071838165","0.000408918789844249"
"('US', 'Pigs farming')","0.000451238100944695","0.000386338544072271","0.000283343023918618"
"('DK', 'Other land transport')","0.000409470378021493","0.00024582926105709","0.000405243024395882"
"('RU', 'Manufacture of motor vehicles, trailers and semi-trailers (34)')","0.000409899859768451","0.00016298813392142","0.000409524481398413"
"('CA', 'Sea and coastal water transport')","0.000334815170199923","0.000180599910280932","0.000319349200316406"
"('CA', 'Air transport (62)')","0.000340219945519826","0.000128806331361267","0.000340219826532905"
"('BR', 'Processing of Food products nec')","0.000410998314123907","0.000114240552519277","0.000407225501489024"
"('NL', 'Hotels and restaurants (55)')","0.000386156008585878","0.000156977472038178","0.000384421192220277"
"('WM', 'Manufacture of cement, lime and plaster')","0.00063593115393185","0.000586092137589302","0.000315951045579831"
"('RU', 'Hotels and restaurants (55)')","0.000371154364756031","0.000133173553896235","0.000368966985107435"
"('TR', 'Chemicals nec')","0.000399198134903953","0.000227749066249054","0.000394132211621659"
"('IN', 'Production of electricity by solar photovoltaic')","0.000366647701004841","0.000365912202929955","1.40824197602129e-05"
"('WM', 'Insurance and pension funding, except compulsory social security (66)')","0.000311950128780574","0.0002307881517166","0.000243314767726356"
"('IT', 'Manufacture of wearing apparel; dressing and dyeing of fur (18)')","0.00040386706667209","0.000130351756386422","0.000402244496850496"
"('GB', 'Production of electricity by biomass and waste')","0.000178172027159784","0.000175691533067853","1.03840470833028e-05"
"('NL', 'Supporting and auxiliary transport activities; activities of travel agencies (63)')","0.000354013417554139","0.000252599046556983","0.000353446018871861"
"('ID', 'Insurance and pension funding, except compulsory social security (66)')","0.000295400029725309","0.000216560000272672","0.000289920052337692"
"('WF', 'Real estate activities (70)')","0.000397468037707246","0.0001405187058899","0.00039745793258249"
"('WM', 'Poultry farming')","0.00042176134203315","0.000282264198095703","0.000351561798324226"
"('SE', 'Wholesale trade and commission trade, except of motor vehicles and motorcycles (51)')","0.000397714869530677","0.000249940364085781","0.000396964249925656"
"('WL', 'Publishing, printing and reproduction of recorded media (22)')","0.000400055631617455","0.000251887164731087","0.000400003128033189"
"('PL', 'Retail trade, except of motor vehicles and motorcycles; repair of personal and household goods (52)')","0.000393579319969748","0.00022484443119791","0.000393579157944517"
"('NL', 'Manufacture of motor vehicles, trailers and semi-trailers (34)')","0.000395133143295267","0.000118334443198701","0.000395113953213676"
"('BR', 'Manufacture of motor vehicles, trailers and semi-trailers (34)')","0.000397979508559639","8.37917873140356e-05","0.000397979508539046"
"('KR', 'Other service activities (93)')","0.000396521003236776","9.35251946904885e-05","0.000396521003236774"
"('KR', 'Activities auxiliary to financial intermediation (67)')","0.000244264978575228","0.000183505483620947","0.000235568119931881"
"('MX', 'Other business activities (74)')","0.000396870953094903","0.000373041125188038","0.000396742761174443"
"('KR', 'Tanning and dressing of leather; manufacture of luggage, handbags, saddlery, harness and footwear (19)')","0.000396348235150811","0.000203973223220698","0.000390896594780142"
"('WA', 'Manufacture of coke oven products')","0.000378903418683654","0.000364866733962534","3.74664026355421e-05"
"('AT', 'Manufacture of fabricated metal products, except machinery and equipment (28)')","0.000397278574089957","0.000210479563632843","0.000394629039538982"
"('CA', 'Education (80)')","0.000393460236602856","7.51830937662614e-05","0.000393457356886577"
"('GB', 'Landfill of waste: Paper')","0.00421481104867729","0.00414508083898576","0.000379730522296177"
"('ID', 'Sea and coastal water transport')","0.000288945815519789","0.000193847618092916","0.000267657402398125"
"('GB', 'Plastics, basic')","0.000303674924463087","0.000243411321833438","0.000279925350233021"
"('FR', 'Manufacture of basic iron and steel and of ferro-alloys and first products thereof')","0.000386012726061716","0.000235447515135376","0.00038061633463338"
"('TR', 'Paper')","0.000390391366930573","0.000243717758805769","0.000380543951475233"
"('GB', 'Landfill of waste: Inert/metal/hazardous')","0.00205934580441574","0.00195689525529997","0.000389844714045922"
"('BR', 'Processing of meat poultry')","0.000494248778667672","0.000261364660766489","0.000310308233777204"
"('WM', 'Precious metals production')","0.000346049730144218","0.000238268446013305","0.00020948848826356"
"('CA', 'Extraction, liquefaction, and regasification of other petroleum and gaseous materials')","0.000982839031094051","0.000863629591994688","0.000387468201760541"
"('FR', 'Production of electricity by hydro')","0.000207779099988847","0.000186622040910266","6.40459599368053e-05"
"('IN', 'Cultivation of sugar cane, sugar beet')","0.000445947446331083","0.000432100300172901","0.000141315002683973"
"('CH', 'Research and development (73)')","0.000358302825250141","0.000264303267084885","0.00035761759799236"
"('HU', 'Manufacture of machinery and equipment n.e.c. (29)')","0.000385295881906533","0.000149102619897699","0.000385189054085613"
"('WL', 'Manufacture of medical, precision and optical instruments, watches and clocks (33)')","0.000232355140419485","0.000138068488842541","0.000228867379973834"
"('BR', 'Transport via pipelines')","0.00015236848017336","0.000139544128598504","5.17106039388978e-05"
"('IN', 'Cultivation of cereal grains nec')","0.000417931887897396","0.000390741034834532","0.000236439163996111"
"('TR', 'Real estate activities (70)')","0.000369043294388108","0.000185800476441155","0.000369043294388092"
"('MX', 'Re-processing of secondary steel into new steel')","0.000376832102636228","0.000247714198596058","0.000348688086594793"
"('DE', 'Manufacture of textiles (17)')","0.000380042712899711","0.000224254660916254","0.00037828340834498"
"('PL', 'Processing of Food products nec')","0.000380380921199171","0.000180369422068815","0.0003788525882327"
"('AT', 'Other land transport')","0.000378700118384679","0.000266939410709267","0.000367523250116507"
"('FR', 'Manufacture of cement, lime and plaster')","0.00040135591455582","0.000261808636357159","0.000377555059429319"
"('WM', 'Paper')","0.000378151745208255","0.000253299706410193","0.000364125232907195"
"('WF', 'Cultivation of oil seeds')","0.000419459462527157","0.000404308594267105","0.000204591114380606"
"('BE', 'Chemicals nec')","0.000364443491517792","0.000215982080967297","0.00035884323886769"
"('ID', 'Cultivation of paddy rice')","0.000380088128814938","0.000347225007070666","0.000329813962696571"
"('ES', 'Distribution and trade of electricity')","0.000562604991821083","0.000527294743811193","0.000234633481674886"
"('BR', 'Real estate activities (70)')","0.000360212092639355","0.000260765882060612","0.000360212042648671"
"('WL', 'Processing of dairy products')","0.00039561909242835","0.000240838287228248","0.000293170086732017"
"('ZA', 'Wholesale trade and commission trade, except of motor vehicles and motorcycles (51)')","0.000373485209632799","0.000277797535069868","0.000372749048374476"
"('ES', 'Health and social work (85)')","0.000373702326477612","0.000118627622476338","0.000373701653594709"
"('WA', 'Raw milk')","0.000435408771490753","0.000325260704137329","0.000217386786713907"
"('JP', 'Manufacture of fish products')","0.000451178387118992","0.000219421781836925","0.000355906591024242"
"('PL', 'Petroleum Refinery')","0.000370911324024036","0.000191534871210771","0.000367962714743538"
"('BE', 'Processing of Food products nec')","0.000371564725635186","0.000159596277641858","0.000370742614851732"
"('ES', 'Manufacture of other transport equipment (35)')","0.000202981919466219","7.75701054384437e-05","0.000202714119182848"
"('RU', 'Manufacture of fish products')","0.000382286563169072","0.000138391754888721","0.000348961631601947"
"('WL', 'Cultivation of sugar cane, sugar beet')","0.000406998254810666","0.000371036050233113","0.000106757475659317"
"('NL', 'Research and development (73)')","0.000364086685849729","0.000142251197004591","0.000363827038556286"
"('GB', 'Manufacture of wood and of products of wood and cork, except furniture; manufacture of articles of straw and plaiting materials (20)')","0.000368361707227432","0.00017712832180518","0.000340234465540353"
"('TW', 'Research and development (73)')","0.000336097830970133","0.000225953142723937","0.000332828986967308"
"('KR', 'P- and other fertiliser')","0.000753859287100755","0.000625402253353597","0.000299844767720967"
"('MX', 'Hotels and restaurants (55)')","0.000351747146659693","0.000128970292598892","0.000350390830221786"
"('WA', 'Fishing, operating of fish hatcheries and fish farms; service activities incidental to fishing (05)')","0.000367787872398652","0.000193985376658049","0.000349737378913922"
"('GB', 'Recreational, cultural and sporting activities (92)')","0.000367624811652136","0.000217075163826314","0.000360332277013589"
"('IT', 'Landfill of waste: Wood')","0.00156387727950428","0.00155574044355249","5.19570032885766e-05"
"('CA', 'Aluminium production')","0.000360976276111356","0.000201352422221149","0.000314085113793177"
"('WF', 'Manufacture of furniture; manufacturing n.e.c. (36)')","0.000299369858351678","0.000100682488766197","0.000299367403450352"
"('TW', 'Hotels and restaurants (55)')","0.000344764413213228","0.000159122818508164","0.000340696949298764"
"('FR', 'Quarrying of sand and clay')","0.000331996291483151","0.00023904167828864","0.000139891608303104"
"('WL', 'Health and social work (85)')","0.000364068934536258","7.5901400403834e-05","0.000364067488111289"
"('IN', 'Cultivation of oil seeds')","0.000385180442031511","0.000326295739850923","0.000276903823644126"
"('BR', 'Health and social work (85)')","0.0003632239986495","0.000112666170444229","0.0003632239986495"
"('RU', 'Distribution and trade of electricity')","0.000343597677588511","0.000314788702566155","0.000159108391059502"
"('AU', 'Other service activities (93)')","0.000361853344474538","0.000113681096085774","0.000361853344467571"
"('FR', 'Transmission of electricity')","0.000226335879621158","0.00018070452692681","8.71676862702102e-05"
"('IN', 'Manufacture of office machinery and computers (30)')","0.000362046355496617","2.98647132358634e-05","0.000362046352723643"
"('BE', 'Real estate activities (70)')","0.000287453688968604","0.00019452420499425","0.000287442560710167"
"('WF', 'Production of electricity by hydro')","0.000260591876858683","0.000256807028071514","6.33044978107694e-05"
"('BR', 'Manufacture of basic iron and steel and of ferro-alloys and first products thereof')","0.00035896464399327","0.000256325522429801","0.000349867171804196"
"('TW', 'Manufacture of office machinery and computers (30)')","0.000359128212750198","0.000223403437632334","0.000359128048902078"
"('WL', 'Transmission of electricity')","0.000285263484388646","0.000271719377997877","6.3769668948205e-05"
"('WA', 'Cultivation of cereal grains nec')","0.000466438135849861","0.000412697137223714","0.000150864581932826"
"('CA', 'Fishing, operating of fish hatcheries and fish farms; service activities incidental to fishing (05)')","0.000398592327727864","0.00036940361144423","8.84826867115305e-05"
"('WM', 'Cattle farming')","0.000373198487610473","0.000285631741407038","0.000281753103501608"
"('KR', 'Production of electricity by coal')","0.000265717484991809","0.000204100549139979","0.000108226551986633"
"('ES', 'Quarrying of stone')","0.00075349307849223","0.000735929924816372","0.000117711284022269"
"('RU', 'Chemicals nec')","0.000350225419327022","0.000188449524109145","0.000342357474698184"
"('FR', 'Landfill of waste: Inert/metal/hazardous')","0.00276729308623121","0.00270490094099471","0.000353201802184997"
"('BR', 'Post and telecommunications (64)')","0.000326144138321187","0.000233767451693882","0.000319159171275895"
"('TW', 'Other business activities (74)')","0.000352977382391742","0.00021447199178489","0.000352942708005899"
"('DE', 'Incineration of waste: Wood')","0.00565618559833086","0.00562690194187229","0.000121823654812668"
"('ZA', 'Real estate activities (70)')","0.000352642063534511","0.000175645182030771","0.000352642063534511"
"('WF', 'Processing vegetable oils and fats')","0.000461094916789418","0.000373556571107554","0.000164024117809385"
"('WM', 'Aluminium production')","0.000351680950646087","0.000273479040995748","0.000258234521021716"
"('WL', 'Other service activities (93)')","0.000351841039138382","8.82591830779061e-05","0.000351440863895292"
"('WL', 'Activities auxiliary to financial intermediation (67)')","0.000260729410471017","0.000191886072146497","0.000252524016410188"
"('WL', 'Computer and related activities (72)')","0.000328768495436481","0.00022479786491459","0.000327600728729118"
"('GB', 'Retail sale of automotive fuel')","5.9513649299926e-05","4.60018434635508e-05","3.70859671052888e-05"
"('IE', 'Insurance and pension funding, except compulsory social security (66)')","0.000308373211278103","0.000177665219182179","0.000303426230839322"
"('WA', 'Manufacture of fish products')","0.000460727024328425","0.000388181281568716","0.000161021588019837"
"('CZ', 'Other land transport')","0.00035000317790858","0.000226881259054039","0.000348048407111519"
"('WF', 'Sale, maintenance, repair of motor vehicles, motor vehicles parts, motorcycles, motor cycles parts and accessoiries')","0.000284969334940618","0.000139067526741345","0.000283697520597547"
"('CH', 'Manufacture of gas; distribution of gaseous fuels through mains')","0.000332925746185212","0.000209525633465515","0.000259902084475035"
"('WF', 'Education (80)')","0.000347239813476918","2.80388136613945e-05","0.000347239813476917"
"('TW', 'Post and telecommunications (64)')","0.000296946598184398","0.000185014787938247","0.00029150501436596"
"('IN', 'Manufacture of glass and glass products')","0.000358888636761183","0.000248626788481854","0.000282204985594738"
"('BE', 'Copper production')","0.000330724874023916","0.000216790290707194","0.000253796709517753"
"('TW', 'Financial intermediation, except insurance and pension funding (65)')","0.000324795889518467","0.000246609200519803","0.000318283117283027"
"('DE', 'Publishing, printing and reproduction of recorded media (22)')","0.000346082295061942","0.000244004027269437","0.000345931028796575"
"('SE', 'Manufacture of machinery and equipment n.e.c. (29)')","0.000438399144640354","0.000282458371911434","0.000345224275078383"
"('CH', 'Manufacture of fabricated metal products, except machinery and equipment (28)')","0.000352989752729949","0.000264188961341657","0.000345367360905502"
"('AU', 'Production of electricity by coal')","0.000258824412742876","0.000208370373791561","0.000138543352330293"
"('DE', 'Recreational, cultural and sporting activities (92)')","0.000350075278836104","0.00023281024531037","0.000337888239140274"
"('NL', 'Sale, maintenance, repair of motor vehicles, motor vehicles parts, motorcycles, motor cycles parts and accessoiries')","0.000242870480271593","0.000155580044571439","0.000236432765354651"
"('WA', 'Processing of Food products nec')","0.000361796602216082","0.000224477383964704","0.000303239554666322"
"('DE', 'Raw milk')","0.000345930604440887","0.000242333018276702","0.000305450552907974"
"('WL', 'Manufacture of basic iron and steel and of ferro-alloys and first products thereof')","0.000342202761774023","0.000273159370131383","0.000335496965023797"
"('ID', 'Air transport (62)')","0.000301907233966366","0.000123079933894464","0.000301859082563718"
"('KR', 'Manufacture of wood and of products of wood and cork, except furniture; manufacture of articles of straw and plaiting materials (20)')","0.000340878400199785","0.000230220827385143","0.000338070016832968"
"('FR', 'Raw milk')","0.000345124935125221","0.000260615825847828","0.000284204359070463"
"('WF', 'Cultivation of cereal grains nec')","0.000354699402921227","0.00030857756970982","0.000273747817201522"
"('WM', 'Retail sale of automotive fuel')","5.57667840746442e-05","4.45268558630582e-05","3.38929125237429e-05"
"('WM', 'Publishing, printing and reproduction of recorded media (22)')","0.000340763446289153","0.000215193650245043","0.000340698136118286"
"('BG', 'Wholesale trade and commission trade, except of motor vehicles and motorcycles (51)')","0.000336629328096786","0.000196713537201524","0.000329776204774104"
"('CA', 'Cultivation of wheat')","0.000353033575901445","0.000295711032717549","0.000168226110322102"
"('IT', 'Manufacture of office machinery and computers (30)')","0.000338471227771361","0.000124461838622164","0.000338457746182273"
"('MX', 'Public administration and defence; compulsory social security (75)')","0.000337793607711533","1.79880524688597e-05","0.000337793607383899"
"('RU', 'Transmission of electricity')","0.000280629114833977","0.000266702019637449","6.67856633249271e-05"
"('WM', 'Sale, maintenance, repair of motor vehicles, motor vehicles parts, motorcycles, motor cycles parts and accessoiries')","0.000175778237311605","0.000105153207603236","0.000168699146916433"
"('FR', 'Recreational, cultural and sporting activities (92)')","0.000339268384619773","0.000216451170886855","0.000333957700713266"
"('BE', 'Computer and related activities (72)')","0.000330344415878503","0.000224774194246591","0.000330164939428576"
"('FR', 'Cultivation of wheat')","0.000385726007761012","0.000300473894977329","0.000196606702086117"
"('IN', 'Aluminium production')","0.00033924506375171","0.00018368442178672","0.000292501005830874"
"('CA', 'Cultivation of oil seeds')","0.000373836987036725","0.000274826925008076","0.00023615603819886"
"('MX', 'Cultivation of cereal grains nec')","0.000334086873017651","0.000204089609086267","0.000301193434169218"
"('PL', 'Plastics, basic')","0.000327109262398474","0.000180247610216219","0.000321160410311411"
"('TR', 'Other business activities (74)')","0.000333025756351545","0.000303952168078119","0.000333023444617671"
"('JP', 'Processing of meat pigs')","0.000441469793238613","0.000282761250550348","0.000257796321814546"
"('TR', 'Manufacture of fabricated metal products, except machinery and equipment (28)')","0.000337158695644387","0.000196702348422209","0.000332281037466462"
"('ES', 'Re-processing of secondary steel into new steel')","0.000323121536023261","0.00019784507484964","0.000306088042544799"
"('ES', 'Manufacture of textiles (17)')","0.000330926778125591","0.000180818806077553","0.000330399711473852"
"('CZ', 'Supporting and auxiliary transport activities; activities of travel agencies (63)')","0.000326224279744071","0.000184526730257519","0.000326219651878833"
"('CZ', 'Manufacture of fabricated metal products, except machinery and equipment (28)')","0.000332637139978651","0.000245084865011628","0.000330233044503682"
"('AT', 'Wholesale trade and commission trade, except of motor vehicles and motorcycles (51)')","0.000329285258855174","0.000207256479116101","0.000329092994141297"
"('MX', 'Paper')","0.000330817782664205","0.000184909183825039","0.000322531270632177"
"('NL', 'Post and telecommunications (64)')","0.000283941269551637","0.000220539443284093","0.000274692112316057"
"('TR', 'Cultivation of vegetables, fruit, nuts')","0.000332176690595843","0.000151249332010691","0.000311089966799517"
"('CA', 'Processing of dairy products')","0.000334203060791835","0.000123543816772302","0.000323254187445738"
"('AU', 'Processing of dairy products')","0.00037452872202091","0.000250832095793531","0.000213553750507732"
"('AU', 'Processing of Food products nec')","0.000330845133240813","0.000156454134657326","0.000325156096097694"
"('KR', 'Manufacture of coke oven products')","0.000317873176435622","0.000293060053753231","5.22782852718799e-05"
"('IN', 'Production of electricity by hydro')","0.000246368025004123","0.000243470449586559","4.19683055221626e-05"
"('IN', 'Extraction of natural gas and services related to natural gas extraction, excluding surveying')","0.000406935054067897","0.000382109417764554","0.000205847196433357"
"('BE', 'Hotels and restaurants (55)')","0.000318729734612945","0.000125719563825074","0.000318003528021506"
"('BR', 'Sea and coastal water transport')","0.000246083647187617","0.000183168251779787","0.000229728344509189"
"('BE', 'Manufacture of fabricated metal products, except machinery and equipment (28)')","0.000326834585289973","0.00015085005921532","0.000324695485475703"
"('MX', 'Cattle farming')","0.000341365438719778","0.000275179652291664","0.000199956456517563"
"('WL', 'Manufacture of wood and of products of wood and cork, except furniture; manufacture of articles of straw and plaiting materials (20)')","0.000310743169907323","0.000270077754389428","0.000282420314414191"
"('IN', 'Sugar refining')","0.000488836003628466","0.000438917676651758","9.08030276734415e-05"
"('AT', 'Computer and related activities (72)')","0.000320873277575035","0.000251814685211594","0.000320756744686457"
"('IT', 'Post and telecommunications (64)')","0.000259625443808005","0.000226373463181858","0.000242616606266308"
"('IN', 'Air transport (62)')","0.000266640910117473","0.000126405230160958","0.000237928543340462"
"('TW', 'Manufacture of radio, television and communication equipment and apparatus (32)')","0.000322029581512714","0.000162696708341334","0.000321756697762075"
"('BR', 'Supporting and auxiliary transport activities; activities of travel agencies (63)')","0.000305115529788495","0.00017370038607507","0.000304192855261669"
"('NL', 'Air transport (62)')","0.000191081009032568","8.85408309361099e-05","0.000187513362359661"
"('BR', 'Cultivation of cereal grains nec')","0.000344548620679997","0.000304035256756038","0.000203231350943809"
"('KR', 'Lead, zinc and tin production')","0.000326039885540832","0.000295153984104258","0.000101272815421606"
"('CA', 'Manufacture of gas; distribution of gaseous fuels through mains')","0.000281448242204641","0.00022469719248816","0.000184971672048147"
"('FR', 'Sale, maintenance, repair of motor vehicles, motor vehicles parts, motorcycles, motor cycles parts and accessoiries')","0.000268148605543209","0.00011207938222202","0.000266584362406478"
"('WM', 'Raw milk')","0.000334323413061432","0.000247583161512674","0.000262671972609455"
"('TW', 'Quarrying of stone')","0.000363761535893117","0.000288112611823859","0.000170639878505735"
"('FR', 'Manufacture of wood and of products of wood and cork, except furniture; manufacture of articles of straw and plaiting materials (20)')","0.000325013569450649","0.000176692165721094","0.000309795609485364"
"('WL', 'Manufacture of beverages')","0.000332143276828032","0.000181163248555285","0.000265511812839856"
"('ES', 'Computer and related activities (72)')","0.00030369699545606","0.000244891354120313","0.000302994702226371"
"('WM', 'Processing of dairy products')","0.00032559421405298","0.000130470022540238","0.000303378203515148"
"('SE', 'Petroleum Refinery')","0.000316312684101027","0.000117278655837436","0.000314109780761236"
"('CZ', 'Manufacture of office machinery and computers (30)')","0.000313856250348837","0.000193071390189752","0.00031374680864845"
"('PT', 'Construction (45)')","0.00031366848808429","0.000128209141835263","0.000313665728686521"
"('CA', 'Supporting and auxiliary transport activities; activities of travel agencies (63)')","0.00026373419608463","0.000161129499366228","0.000262714857156545"
"('MX', 'Plastics, basic')","0.000304409171121822","0.000177705736401768","0.000292065644481029"
"('RU', 'Re-processing of secondary steel into new steel')","0.000309849400105096","0.000174060843799027","0.000299259063242577"
"('RO', 'Manufacture of gas; distribution of gaseous fuels through mains')","0.000305789160444215","0.000264013974919938","0.000270294262187616"
"('AT', 'Real estate activities (70)')","0.000306668418930867","0.000245546383013643","0.000306668418929609"
"('RU', 'Raw milk')","0.000318262238967188","0.000181364343957614","0.000300134780267174"
"('WL', 'Raw milk')","0.000331440156971769","0.000287293276678453","0.000216442106344753"
"('WF', 'Health and social work (85)')","0.000311233132606358","2.54704433610436e-05","0.000311233065120679"
"('WM', 'Manufacture of beverages')","0.000320225007850317","0.000123031910130113","0.000296573294334152"
"('WM', 'Manufacture of radio, television and communication equipment and apparatus (32)')","0.000312037435052646","0.00021019096900118","0.000310473492052276"
"('RU', 'Manufacture of cement, lime and plaster')","0.000393969234855967","0.000313370873414213","0.000302477683629184"
"('CZ', 'Other business activities (74)')","0.000309536303351449","0.00023378505448255","0.000309532939695651"
"('NL', 'Manufacture of other transport equipment (35)')","0.000203136803331655","9.92117635086507e-05","0.000201798685705516"
"('TR', 'Supporting and auxiliary transport activities; activities of travel agencies (63)')","0.000246841613522222","0.000173877305881842","0.000245837065310919"
"('WE', 'Extraction of crude petroleum and services related to crude oil extraction, excluding surveying')","0.000308135962563185","0.00018627838560968","0.000308006860198068"
"('WM', 'Manufacture of electrical machinery and apparatus n.e.c. (31)')","0.000307915553040699","0.000193664837016195","0.000306409823585542"
"('TR', 'Manufacture of wearing apparel; dressing and dyeing of fur (18)')","0.000307216032311393","9.83114698100717e-05","0.000304596765241847"
"('DE', 'Incineration of waste: Oil/Hazardous waste')","0.00294580744231549","0.00290176160889097","0.0001613488909588"
"('IN', 'Public administration and defence; compulsory social security (75)')","0.000303923290642463","1.90924084758237e-05","0.000303923290642463"
"('US', 'Other non-ferrous metal production')","0.000291444780050948","0.000240377622145641","0.000147091936746399"
"('WA', 'Casting of metals')","0.000350499539628398","0.00028626426442077","0.000191396291804686"
"('BG', 'Education (80)')","0.000304439177095293","0.000183710568313347","0.000304439177095293"
"('TR', 'Post and telecommunications (64)')","0.000259369364441719","0.000152948454445064","0.000259346923283896"
"('BE', 'Transport via railways')","0.000281985583665436","0.000241565991695893","0.000163067152668855"
"('MX', 'Manufacture of wearing apparel; dressing and dyeing of fur (18)')","0.000303109029314581","3.41469689948793e-05","0.000303109028390856"
"('TW', 'Sale, maintenance, repair of motor vehicles, motor vehicles parts, motorcycles, motor cycles parts and accessoiries')","0.000203630208056979","0.000151929468086848","0.000192395836651106"
"('BE', 'Financial intermediation, except insurance and pension funding (65)')","0.000281167859735899","0.000219108368784021","0.000276988590288097"
"('MX', 'Manufacture of radio, television and communication equipment and apparatus (32)')","0.000299234743946239","0.000126340986630911","0.000299057228896395"
"('ES', 'Landfill of waste: Food')","0.000876666231937503","0.00084670022560168","0.000182025689354743"
"('IT', 'Manufacture of cement, lime and plaster')","0.000292285852915106","0.000205733387798609","0.000261553574802941"
"('CA', 'Manufacture of beverages')","0.000316831171224952","0.000170203023329172","0.000282229851712062"
"('CA', 'Re-processing of secondary steel into new steel')","0.000294186179549697","0.000134579197494591","0.000290160879638231"
"('BR', 'Production of electricity by wind')","0.000214778316433058","0.000210049074123048","2.70943696193878e-05"
"('CA', 'Transport via railways')","0.000269303941130199","0.000229572949074786","0.000163621676586978"
"('RU', 'Manufacture of fabricated metal products, except machinery and equipment (28)')","0.000309213234469804","0.000199897008293261","0.000294736983430286"
"('WL', 'Education (80)')","0.000293526100586976","4.01600034190232e-05","0.000293496480417351"
"('FR', 'Paper')","0.000294611824901546","0.000154761506255814","0.000286008465729359"
"('WL', 'P- and other fertiliser')","0.000307101488892827","0.000145955962277351","0.000275097743074345"
"('ES', 'Production of electricity by nuclear')","0.000207066407179848","0.000201595016815763","3.94356014527053e-05"
"('WL', 'Mining of coal and lignite; extraction of peat (10)')","0.000279750056894181","0.000252388722337721","0.000166509058384526"
"('ES', 'Manufacture of cement, lime and plaster')","0.000184401546682176","0.000128351164717047","0.000172502047885334"
"('BR', 'Sale, maintenance, repair of motor vehicles, motor vehicles parts, motorcycles, motor cycles parts and accessoiries')","0.000224994243341216","0.000160415564669504","0.000219809501817802"
"('WM', 'Manufacture of glass and glass products')","0.000290922978744569","0.000249292833868525","0.000173919352071197"
"('KR', 'Sale, maintenance, repair of motor vehicles, motor vehicles parts, motorcycles, motor cycles parts and accessoiries')","0.000289049124710439","6.79960986099969e-05","0.000289049124710439"
"('BR', 'Research and development (73)')","0.000291688893273059","2.64143902213299e-05","0.00029168074825081"
"('ID', 'Manufacture of wearing apparel; dressing and dyeing of fur (18)')","0.000291011597099031","5.07433491229844e-05","0.000291002067070672"
"('MX', 'Manufacture of textiles (17)')","0.000289648431366021","0.000135698744732193","0.000289350291034826"
"('WL', 'Transport via railways')","0.000260130519339786","0.000144281447959761","0.000197401005965498"
"('US', 'Biogasification of sewage slugde, incl. land application')","0.0199240668381205","0.019923470175278","0.000103593618901441"
"('RO', 'Wholesale trade and commission trade, except of motor vehicles and motorcycles (51)')","0.000286446283328397","0.000233060781235894","0.000286194720298646"
"('RU', 'Manufacture of rubber and plastic products (25)')","0.000274153843701522","0.000161019548700187","0.000265361865313866"
"('RU', 'Computer and related activities (72)')","0.000262193576572368","0.000194456483432735","0.000261781918479284"
"('BR', 'Manufacture of fabricated metal products, except machinery and equipment (28)')","0.000292831207606657","0.000187608685578304","0.000285551884265666"
"('WF', 'Chemicals nec')","0.000286069773803441","6.30798351461248e-05","0.000285411818703901"
"('CH', 'Air transport (62)')","0.000249487921735335","7.81455066343148e-05","0.000249436322069723"
"('FR', 'Incineration of waste: Oil/Hazardous waste')","0.00228854835581721","0.00224809801360295","0.00022076414808605"
"('US', 'Manufacture of ceramic goods')","0.000188913482629329","0.000143559431622094","0.000131604361758424"
"('ZA', 'Construction (45)')","0.000284507005070497","2.97652894935475e-05","0.00028450698797233"
"('CZ', 'Manufacture of rubber and plastic products (25)')","0.000283885134527659","0.00016100025796098","0.000281931061686112"
"('BE', 'Manufacture of rubber and plastic products (25)')","0.000262216803209518","0.000125193132973173","0.000259508812343398"
"('DE', 'Mining of chemical and fertilizer minerals, production of salt, other mining and quarrying n.e.c.')","0.000299482329078585","0.000281292265690704","5.27878677895936e-05"
"('WM', 'Copper production')","0.000282837061646948","0.000234803256402427","0.000177367116964176"
"('WM', 'Other service activities (93)')","0.000283456664085482","5.92974160739429e-05","0.000283314363234248"
"('TW', 'Mining of chemical and fertilizer minerals, production of salt, other mining and quarrying n.e.c.')","0.000249855787838685","0.000240542219742578","4.36454157521242e-05"
"('MX', 'Cultivation of vegetables, fruit, nuts')","0.000299103402782028","0.00017941943413881","0.000255333397632158"
"('US', 'Manufacture of wearing apparel; dressing and dyeing of fur (18)')","0.000282173974353533","6.25061959469918e-05","0.00028214408154538"
"('JP', 'Manufacture of ceramic goods')","0.000297631931042345","0.000203293183088693","0.000224038974700845"
"('FI', 'Wholesale trade and commission trade, except of motor vehicles and motorcycles (51)')","0.000273890939963732","0.000139487845740395","0.000273832275437156"
"('NL', 'Insurance and pension funding, except compulsory social security (66)')","0.000265767411698601","7.38074820970122e-05","0.000263748013306083"
"('JP', 'Processing of meat cattle')","0.000362923990898871","0.000184281143260742","0.000260951908351514"
"('WM', 'Manufacture of wood and of products of wood and cork, except furniture; manufacture of articles of straw and plaiting materials (20)')","0.00027104533920257","0.000199789106593543","0.000262466473465574"
"('HU', 'Manufacture of motor vehicles, trailers and semi-trailers (34)')","0.00027964654984509","0.000112549144180398","0.000279642186843746"
"('WF', 'P- and other fertiliser')","0.000498181406745252","0.000422178199531569","0.000247466615024066"
"('FR', 'Manufacture of furniture; manufacturing n.e.c. (36)')","0.000232124949281498","8.15750089742556e-05","0.000232089533746831"
"('WF', 'Production of meat products nec')","0.000296741571246058","0.000167377618378708","0.000211320753853048"
"('IT', 'Pulp')","0.000281704851303582","0.000210910173085661","0.000186758842267848"
"('WM', 'Processing of meat poultry')","0.000283370897402028","4.43908567346207e-05","0.000272447163397797"
"('WF', 'Other service activities (93)')","0.000277340410804945","3.83152951000063e-05","0.000277340410804943"
"('NO', 'Production of electricity by hydro')","0.000218422224841932","0.000213329931253139","7.75107872570617e-05"
"('TR', 'Mining of lead, zinc and tin ores and concentrates')","0.000759316123299948","0.000759097463845428","2.38369516693288e-06"
"('TR', 'Health and social work (85)')","0.000276630226506643","0.000149448291595493","0.000276620557432976"
"('NL', 'Manufacture of rubber and plastic products (25)')","0.000276637244911242","0.00013985438133562","0.000274133300384465"
"('US', 'Composting of paper and wood, incl. land application')","0.0714444925866319","0.0714444916891157","4.65410189131305e-05"
"('WM', 'Other non-ferrous metal production')","0.000279522583067197","0.000260648662091857","9.02687613443271e-05"
"('TR', 'Publishing, printing and reproduction of recorded media (22)')","0.000273510696412263","5.31220406260706e-05","0.000273510696412263"
"('CH', 'Other business activities (74)')","0.000273302972268633","0.000200876648814017","0.00027329632877923"
"('WL', 'Manufacture of office machinery and computers (30)')","0.000272200521187331","9.03963032558567e-05","0.000272199591397802"
"('TW', 'Sea and coastal water transport')","0.000243071151571","0.000113492033525332","0.000233298156484532"
"('IN', 'Health and social work (85)')","0.000271443968340902","0.000150850636429747","0.000271441898863312"
"('RU', 'Manufacture of wood and of products of wood and cork, except furniture; manufacture of articles of straw and plaiting materials (20)')","0.000212803383355975","0.000165901048922822","0.000191232861689829"
"('FR', 'Manufacture of textiles (17)')","0.000271102621071763","0.000171571067364846","0.000270223882743989"
"('CA', 'Recreational, cultural and sporting activities (92)')","0.000271437288220366","0.000194290582168114","0.000260950018883458"
"('ES', 'Air transport (62)')","0.0002199896092514","9.17855117330069e-05","0.000219691607657004"
"('CA', 'Pulp')","0.000299669307519479","0.000222355390973425","0.000150555762961058"
"('AT', 'Manufacture of wood and of products of wood and cork, except furniture; manufacture of articles of straw and plaiting materials (20)')","0.000276790027162394","0.000163300267918911","0.00026784628303644"
"('US', 'Sugar refining')","0.000917395473031636","0.00089843397426286","4.35274054995314e-05"
"('IT', 'Transport via railways')","0.000230202147187237","0.000186796890946372","0.000140485994651761"
"('AT', 'Hotels and restaurants (55)')","0.000243934615072948","0.000139940980788993","0.000241683210884478"
"('ID', 'Publishing, printing and reproduction of recorded media (22)')","0.000267868946696072","0.000150341891829655","0.000267863130865726"
"('ZA', 'Financial intermediation, except insurance and pension funding (65)')","0.000263310798605311","0.000186352860090789","0.000262168101559964"
"('AT', 'Supporting and auxiliary transport activities; activities of travel agencies (63)')","0.000259317122689188","0.00017561992929639","0.000259123862219411"
"('AU', 'Processing of meat cattle')","0.000372734325233811","0.000236793271820456","0.000195110315429954"
"('DE', 'Other service activities (93)')","0.000261327351593543","0.000126031933074638","0.00026132733032879"
"('RU', 'P- and other fertiliser')","0.00106665748275416","0.000947705579192055","0.000240537367052577"
"('WA', 'Manufacture of bricks, tiles and construction products, in baked clay')","0.000279222568478811","0.000261370858884643","4.41339578052482e-05"
"('CA', 'Computer and related activities (72)')","0.000261684695510443","0.000104348149477962","0.000261025429928382"
"('TW', 'Manufacture of wood and of products of wood and cork, except furniture; manufacture of articles of straw and plaiting materials (20)')","0.000268597223284103","0.000189962099980656","0.000264195087759967"
"('BE', 'Sea and coastal water transport')","0.000221220070553868","0.000134360846337383","0.000179415784419425"
"('ID', 'Processing of Food products nec')","0.000265101532910017","0.000124134793232735","0.000260161462705847"
"('US', 'Incineration of waste: Textiles')","0.000281361822716534","0.000281150590838606","1.34239866752682e-06"
"('WM', 'Cultivation of wheat')","0.000274754282484877","0.000219048882574558","0.000202811873659936"
"('AU', 'Manufacture of rubber and plastic products (25)')","0.000250992996993056","0.000139289461668581","0.000248546528522805"
"('CN', 'Processing vegetable oils and fats')","0.000326796086758793","0.000282166498930908","8.6516900626848e-05"
"('AU', 'Recreational, cultural and sporting activities (92)')","0.000260563295158722","0.000136029713908875","0.000257410880119271"
"('ES', 'Activities auxiliary to financial intermediation (67)')","0.000210537142078358","0.00017637875333967","0.000204876388668228"
"('RU', 'Other non-ferrous metal production')","0.000246407956534569","0.00021063634878276","0.000129209248384636"
"('WF', 'Re-processing of secondary steel into new steel')","0.000257995369575351","0.000220424190227285","0.000251316963535454"
"('HU', 'Wholesale trade and commission trade, except of motor vehicles and motorcycles (51)')","0.000259788791911391","0.000129055297939163","0.000259788634540675"
"('WE', 'Wholesale trade and commission trade, except of motor vehicles and motorcycles (51)')","0.000259676267184924","0.00016008415908445","0.000259628165902382"
"('DE', 'Manufacture of wearing apparel; dressing and dyeing of fur (18)')","0.00025963137564856","3.97858731118619e-05","0.00025937041205355"
"('IN', 'Production of electricity by wind')","0.000222969175219339","0.000221903323841349","1.63705284471709e-05"
"('CA', 'Forestry, logging and related service activities (02)')","0.000256998369107319","0.000207179511618358","0.000222511658973295"
"('WM', 'Manufacture of fish products')","0.000266362973631239","0.000127051344747193","0.000226105248722744"
"('WM', 'Manufacture of ceramic goods')","0.000263843648332066","0.00022979769961415","0.000142882571466709"
"('TR', 'Sea and coastal water transport')","0.000220045389201333","0.000167965065062209","0.000150882119391218"
"('DK', 'Construction (45)')","0.000257149022704574","1.99529530784421e-05","0.000257149022703586"
"('FR', 'Landfill of waste: Textiles')","0.000142765145649648","0.000140401460410477","1.22167339983691e-05"
"('ID', 'Health and social work (85)')","0.000256839963574747","5.35157793998358e-05","0.000256839963574432"
"('DK', 'Manufacture of machinery and equipment n.e.c. (29)')","0.000309665348055471","0.00021209855029445","0.000255415006971052"
"('PT', 'Wholesale trade and commission trade, except of motor vehicles and motorcycles (51)')","0.000255692253876638","0.000168109259549943","0.000255572806460352"
"('ID', 'Other service activities (93)')","0.000255349584501713","0.000118913368737176","0.000255349584501713"
"('WM', 'Production of meat products nec')","0.00030577585826493","0.000206834514950577","0.000193139787438957"
"('KR', 'Cultivation of vegetables, fruit, nuts')","0.000258416638286502","0.000169030751092048","0.000222605898707397"
"('IN', 'Insurance and pension funding, except compulsory social security (66)')","0.000173059662774206","0.00015390929294733","0.000128143559902363"
"('AT', 'Manufacture of gas; distribution of gaseous fuels through mains')","0.0002562624123392","0.000140066951373379","0.00023216473486453"
"('DK', 'Other business activities (74)')","0.000253468822856332","0.000230141201593397","0.000253353131529682"
"('NO', 'Wholesale trade and commission trade, except of motor vehicles and motorcycles (51)')","0.000250173212093999","0.000174763545198464","0.000249632611632079"
"('ES', 'Quarrying of sand and clay')","0.000334654552558919","0.000292158035311012","0.00012866495889115"
"('IT', 'Cultivation of vegetables, fruit, nuts')","0.000257588073402685","0.000123131127212763","0.000244220310019448"
"('WF', 'Manufacture of fabricated metal products, except machinery and equipment (28)')","0.00025578372610313","0.000141443715252213","0.000252174002392971"
"('RU', 'Cultivation of wheat')","0.000260976982801975","0.000217312325394708","0.000173039294167155"
"('ID', 'Production of electricity by coal')","0.000216597327494802","0.000136763151932559","0.000162474501136124"
"('WL', 'Manufacture of radio, television and communication equipment and apparatus (32)')","0.000251996904252172","0.000200363062800713","0.00025070314423681"
"('SE', 'Manufacture of wood and of products of wood and cork, except furniture; manufacture of articles of straw and plaiting materials (20)')","0.000250439507231881","0.000141764867735941","0.000243995669415839"
"('FR', 'Biogasification of sewage slugde, incl. land application')","0.00143254918625311","0.00137499254007454","0.000211903208628973"
"('BR', 'Activities auxiliary to financial intermediation (67)')","0.000199797352269285","0.000172674799770643","0.000196171020624154"
"('PL', 'Processing of dairy products')","0.000255437980449976","8.76170365817837e-05","0.000237471306499405"
"('ES', 'Waste water treatment, other')","0.00048628726390792","0.000466607587030614","0.000111737490116366"
"('KR', 'Precious metals production')","0.000253109422130572","0.000177967237267824","0.000149351840418823"
"('ES', 'Processing of meat pigs')","0.000297385291372809","0.000166634490121347","0.000204136463499062"
"('JP', 'Cultivation of vegetables, fruit, nuts')","0.000253963371477774","0.000153529148300416","0.000235415863499514"
"('FR', 'Cultivation of vegetables, fruit, nuts')","0.000259715176911774","0.000197515339716127","0.000229523405185731"
"('PL', 'Financial intermediation, except insurance and pension funding (65)')","0.000242946219344706","0.000163189311818147","0.000241244692278326"
"('BE', 'Sale, maintenance, repair of motor vehicles, motor vehicles parts, motorcycles, motor cycles parts and accessoiries')","0.000226733668566889","8.53071806259993e-05","0.000226339389865398"
"('KR', 'Sugar refining')","0.000354749962300147","0.00034579315304101","5.61219578400568e-05"
"('MX', 'Manufacture of glass and glass products')","0.000251682316181003","0.000176597495427498","0.000214875493058955"
"('FR', 'Landfill of waste: Wood')","0.000622004638727856","0.000608961601847576","5.11227740947161e-05"
"('IT', 'Incineration of waste: Textiles')","0.00083436585228636","0.000832426709551618","1.87861476350164e-05"
"('AU', 'Cattle farming')","0.00024853749625409","0.000205128965987641","0.000221924562498301"
"('CH', 'Supporting and auxiliary transport activities; activities of travel agencies (63)')","0.000229842912384063","0.000121126874358713","0.000229658096793165"
"('MX', 'Real estate activities (70)')","0.000230476788030092","0.000192894786052055","0.000230476782981667"
"('TR', 'Air transport (62)')","0.000216028030544261","4.6623855339646e-05","0.000215970584475744"
"('ZA', 'Retail trade, except of motor vehicles and motorcycles; repair of personal and household goods (52)')","0.000241600476186895","0.000145751830012197","0.00024160021739345"
"('FR', 'Waste water treatment, food')","0.000706527131459367","0.000685934561569176","7.51134523105064e-05"
"('BR', 'Cultivation of plant-based fibers')","0.000248993745366446","0.000232173748722641","6.58587337995435e-05"
"('AU', 'Cultivation of plant-based fibers')","0.000245136465335284","0.000223355705002294","0.000113232097268381"
"('DE', 'Manufacture of other non-metallic mineral products n.e.c.')","0.000268143987696604","0.0002021421274172","0.000168529968473658"
"('KR', 'Recreational, cultural and sporting activities (92)')","0.000241823022789635","0.000114771753540665","0.000239909834831524"
"('RU', 'Manufacture of textiles (17)')","0.000241560855489485","0.000125557203001334","0.000241461142747514"
"('IT', 'Extraction of crude petroleum and services related to crude oil extraction, excluding surveying')","0.000240522877664814","0.000186374547609137","0.000236804166555954"
"('ES', 'Insurance and pension funding, except compulsory social security (66)')","0.000208311732293225","0.00010508852165506","0.000204358713471124"
"('RU', 'Air transport (62)')","0.000215869863621625","4.63787708903239e-05","0.000215345181644815"
"('ES', 'Post and telecommunications (64)')","0.000198053013415884","0.000170693520758285","0.000190205324000332"
"('GB', 'Manufacture of beverages')","0.000254377318111813","0.000141000958002535","0.000199484337691576"
"('SK', 'Manufacture of office machinery and computers (30)')","0.000240146241067134","8.30173744755021e-05","0.000240133219639902"
"('RU', 'Processing of dairy products')","0.000242363595573784","6.93549424564697e-05","0.000235035558677584"
"('CH', 'Sale, maintenance, repair of motor vehicles, motor vehicles parts, motorcycles, motor cycles parts and accessoiries')","0.000205267185131966","8.52438309341492e-05","0.000203538551278148"
"('WF', 'Transport via railways')","0.000229828787706874","0.000141659851662678","0.000179317070945858"
"('RU', 'Health and social work (85)')","0.000239701581316989","5.14787594994544e-05","0.000239701581316975"
"('CH', 'Petroleum Refinery')","0.000239285511182963","5.99036665052843e-05","0.000238966470727302"
"('ZA', 'Other business activities (74)')","0.000238745910643538","0.000185921958088983","0.000238744738821631"
"('SE', 'Manufacture of fabricated metal products, except machinery and equipment (28)')","0.000239386239369071","0.000163517334049635","0.000238102573751983"
"('TR', 'Manufacture of basic iron and steel and of ferro-alloys and first products thereof')","0.00023769342051262","0.000102681946526291","0.00023665112808997"
"('BE', 'Retail trade, except of motor vehicles and motorcycles; repair of personal and household goods (52)')","0.000233721501228686","7.1850110853685e-05","0.000233721498267997"
"('WF', 'Research and development (73)')","0.00023376936868322","0.000105971138955469","0.000233755735106984"
"('PT', 'Other business activities (74)')","0.000235706045818499","0.00021217646947566","0.000235681387219033"
"('NO', 'Real estate activities (70)')","0.000230108249844235","0.000161222714194199","0.00023010824984394"
"('FI', 'Manufacture of machinery and equipment n.e.c. (29)')","0.00023660943866571","0.000106896522148988","0.00023542703998087"
"('WF', 'Manufacture of motor vehicles, trailers and semi-trailers (34)')","0.000235283968896548","0.000128494328616172","0.000235249899899596"
"('BE', 'Precious metals production')","0.000179886264114624","0.000145442464609394","9.34412050788468e-05"
"('AU', 'Cultivation of vegetables, fruit, nuts')","0.00024317751268068","0.000163273816946587","0.000223826793578523"
"('AU', 'Inland water transport')","0.000121828933728888","0.000107970786159291","3.03738860411445e-05"
"('IN', 'Real estate activities (70)')","0.00022896890361155","7.15734409227978e-05","0.000228963487423499"
"('ID', 'Sale, maintenance, repair of motor vehicles, motor vehicles parts, motorcycles, motor cycles parts and accessoiries')","0.000218198496140904","0.00011415127984852","0.000215197932874798"
"('CA', 'P- and other fertiliser')","0.000411927035887539","0.000367866548544309","0.000181790232378167"
"('IN', 'Plastics, basic')","0.000253428171959715","0.00020627462009941","0.000206714008366736"
"('WM', 'Manufacture of other non-metallic mineral products n.e.c.')","0.000302593608563505","0.000261358080657985","0.000173863820432844"
"('RU', 'Insurance and pension funding, except compulsory social security (66)')","0.000170446250738756","0.000118630850781431","0.000166280859064857"
"('NL', 'Extraction of natural gas and services related to natural gas extraction, excluding surveying')","0.00022540007634806","0.00017600474730934","0.000200622822954555"
"('CA', 'Processing of meat cattle')","0.00026055533681048","0.000117113940153932","0.000216110103120568"
"('CH', 'Manufacture of rubber and plastic products (25)')","0.00022912349502559","0.000107808594289566","0.000228105356520384"
"('PL', 'Computer and related activities (72)')","0.000228324175421195","0.000195131239383052","0.000228154404102487"
"('IT', 'Transport via pipelines')","0.000172640252487936","0.000157554833748896","6.80616428321888e-05"
"('CA', 'Distribution and trade of electricity')","0.000193949089242359","0.000182812774688471","9.32165048883571e-05"
"('ID', 'Pulp')","0.000269356056609912","0.000228148602509573","0.000106589426928156"
"('WF', 'Manufacture of rubber and plastic products (25)')","0.000234641182801822","0.000148932608955829","0.000227660190283816"
"('AU', 'Manufacture of cement, lime and plaster')","0.000314567458474128","0.000255639522354496","0.000228013010150844"
"('BE', 'Insurance and pension funding, except compulsory social security (66)')","0.000185632985624045","6.3028563240181e-05","0.000183292290908001"
"('CA', 'Cattle farming')","0.000229158414742115","0.000122591887958642","0.000222431278977389"
"('BR', 'Manufacture of beverages')","0.000238466816531288","0.000115497232992612","0.000225282580476508"
"('ES', 'Sale, maintenance, repair of motor vehicles, motor vehicles parts, motorcycles, motor cycles parts and accessoiries')","0.000205121057796445","8.48312235784995e-05","0.000204738720815221"
"('CZ', 'Retail trade, except of motor vehicles and motorcycles; repair of personal and household goods (52)')","0.000224615231562576","0.000131810097088967","0.000224610961468398"
"('NO', 'Sea and coastal water transport')","0.000177203937269555","0.000116345323806377","0.000156868089721035"
"('PL', 'Renting of machinery and equipment without operator and of personal and household goods (71)')","0.000196176018197187","0.00017399255772177","0.000163091855159762"
"('DK', 'Computer and related activities (72)')","0.000225318624745738","0.000151424341536727","0.000225294074192733"
"('WL', 'Inland water transport')","9.1735449083538e-05","7.04966757002429e-05","3.63573130754889e-05"
"('AT', 'Other business activities (74)')","0.000226009242907563","0.000166346466461833","0.000225996985467088"
"('WM', 'Processing of meat cattle')","0.000230518882307074","4.54740528135885e-05","0.000218227458842646"
"('NL', 'Inland water transport')","7.70961123524924e-05","4.4308571967725e-05","4.72188095581213e-05"
"('BR', 'Manufacture of furniture; manufacturing n.e.c. (36)')","0.000208200999544518","6.8077924253683e-05","0.00020819973605074"
"('FI', 'Other business activities (74)')","0.000225464437120076","0.000200841181146228","0.000225434244090871"
"('IT', 'Manufacture of wood and of products of wood and cork, except furniture; manufacture of articles of straw and plaiting materials (20)')","0.000229592468308454","0.000100483725701862","0.000225053841575154"
"('IE', 'Mining of lead, zinc and tin ores and concentrates')","0.000552990634060108","0.000552990634060108","4.4562301929146e-06"
"('NL', 'Activities auxiliary to financial intermediation (67)')","0.000184243043580836","0.000150869559374078","0.000183721713227206"
"('BR', 'Poultry farming')","0.000229068973136499","0.000183729640152848","0.000212076366116476"
"('GB', 'Paper')","0.000224910975102825","0.00010277409476142","0.000219947320315676"
"('BE', 'Manufacture of machinery and equipment n.e.c. (29)')","0.000229488603751528","0.00013437485355788","0.000222837897762848"
"('PL', 'Manufacture of basic iron and steel and of ferro-alloys and first products thereof')","0.000223059059329135","0.00012479956478696","0.000222648231967893"
"('ID', 'Cultivation of crops nec')","0.000299218842712604","0.000265957156355244","0.000135285331326986"
"('BR', 'Computer and related activities (72)')","0.000219807949872876","0.000141647238983157","0.000219302317208394"
"('JP', 'Transport via pipelines')","0.000172095663399703","0.000157078176684782","7.94671821429535e-05"
"('IE', 'Chemicals nec')","0.000211752919560691","0.000192166287786988","0.000207868706665664"
"('SE', 'Paper')","0.000222872708396453","0.000131619825315598","0.000217496195060833"
"('IT', 'Aluminium production')","0.000212962830711453","0.000126679505551265","0.000194550520589752"
"('ES', 'Landfill of waste: Inert/metal/hazardous')","0.000865293085631561","0.000822617217368799","0.000222173394476159"
"('FR', 'Casting of metals')","0.000203550164185298","0.000126725192588973","0.000184510348587338"
"('ES', 'Cultivation of vegetables, fruit, nuts')","0.000231805631714241","0.000178022296928077","0.000208951986511605"
"('ID', 'Manufacture of furniture; manufacturing n.e.c. (36)')","0.000211313516087617","4.84590028517087e-05","0.000211311381619845"
"('IT', 'Air transport (62)')","0.000207370399894876","5.52184183947058e-05","0.000207339778097182"
"('WM', 'Cultivation of cereal grains nec')","0.000228988592184388","0.00019093032884803","0.000185831196676913"
"('ZA', 'Health and social work (85)')","0.000220773167468232","3.95108709449944e-05","0.000220773167468227"
"('ID', 'Manufacture of motor vehicles, trailers and semi-trailers (34)')","0.00022015143643231","0.000142781937283702","0.000220150055551794"
"('WF', 'Transport via pipelines')","0.000196649279344821","0.000178515475342601","6.85142698163945e-05"
"('IN', 'Tanning and dressing of leather; manufacture of luggage, handbags, saddlery, harness and footwear (19)')","0.000220352542052607","0.00016621835533431","0.000186222406643935"
"('AT', 'Petroleum Refinery')","0.000220283719218966","8.61902423209985e-05","0.000219432002193141"
"('ZA', 'Education (80)')","0.00022007909316248","5.84873333213805e-06","0.00022007909316248"
"('AU', 'Manufacture of motor vehicles, trailers and semi-trailers (34)')","0.000220072646210764","8.3802760163284e-05","0.0002200725802733"
"('WF', 'Insurance and pension funding, except compulsory social security (66)')","0.000209537508206204","6.20058157562222e-05","0.000209252513159485"
"('WA', 'Poultry farming')","0.000261096281302931","0.000198115430924997","0.000148303020503793"
"('ID', 'Cultivation of vegetables, fruit, nuts')","0.000224317210572513","0.00018585862103379","0.000216039404292879"
"('JP', 'Production of electricity by nuclear')","0.000222651535927057","0.000215052867778743","2.7190236189839e-05"
"('IN', 'Manufacture of tobacco products (16)')","0.000275271137050476","0.000193519534925674","0.000118826793405557"
"('IT', 'Recreational, cultural and sporting activities (92)')","0.000218779395425589","0.000159343161457288","0.000216226649967231"
"('IN', 'Other service activities (93)')","0.0002178097927574","0.000111205270360296","0.000217110008164758"
"('ES', 'Incineration of waste: Food')","0.000323665852123462","0.000311396294830967","6.3401326094411e-05"
"('DE', 'Biogasification of sewage slugde, incl. land application')","0.00232548723855084","0.00226734464182117","0.000174980582816593"
"('SE', 'Public administration and defence; compulsory social security (75)')","0.000214022465833071","8.30316312354405e-05","0.000207447569139159"
"('WF', 'Publishing, printing and reproduction of recorded media (22)')","0.000216490435042157","0.000126357690348747","0.000216471801035319"
"('CZ', 'Real estate activities (70)')","0.000215120739430755","0.000119985586626346","0.000215120739417029"
"('RU', 'Production of electricity by coal')","0.000177386971912119","0.000167031747977288","6.66286871044492e-05"
"('NL', 'Raw milk')","0.000217868589818093","0.000167391431373392","0.000196167302939779"
"('PL', 'Real estate activities (70)')","0.000214228412138128","0.000106884285439051","0.000214228411598348"
"('BE', 'Research and development (73)')","0.000214984327513143","7.91510567649151e-05","0.000214951279505257"
"('CA', 'Manufacture of basic iron and steel and of ferro-alloys and first products thereof')","0.000213923955084536","0.00012490765468185","0.000212426697644087"
"('WL', 'Plastics, basic')","0.000203400622268471","0.000108928559735498","0.000186040312024024"
"('MX', 'Publishing, printing and reproduction of recorded media (22)')","0.000214340496901371","8.28372724031163e-05","0.000214339051029201"
"('FR', 'Production of electricity by gas')","0.000131619950229016","9.15682595369075e-05","6.33237428366318e-05"
"('JP', 'Cattle farming')","0.00023281962052508","0.000182344677388412","0.000197128632971048"
"('WF', 'Processing of Food products nec')","0.000215037698416878","0.000117795560627182","0.000210047825409943"
"('WL', 'Manufacture of cement, lime and plaster')","0.000255225364158738","0.000196542754976235","0.000204989174567304"
"('DE', 'Cultivation of vegetables, fruit, nuts')","0.000213369759590356","0.000126712247056815","0.000207128313866537"
"('CA', 'Publishing, printing and reproduction of recorded media (22)')","0.000212166242042144","0.000124604732232926","0.000212164554018421"
"('ES', 'Waste water treatment, food')","0.000531849980575611","0.000519635193066064","7.43892082421468e-05"
"('AU', 'Other non-ferrous metal production')","0.000211377891107557","0.000143398061355995","0.000119946087304355"
"('GB', 'Processing of dairy products')","0.000222491882097822","9.88493225638728e-05","0.000201964381229833"
"('BE', 'Manufacture of textiles (17)')","0.000211137372533887","9.73851010540325e-05","0.000211106564016345"
"('DE', 'Activities of membership organisation n.e.c. (91)')","0.000218581708562464","0.000110100987955259","0.000210999972903336"
"('AU', 'Manufacture of fabricated metal products, except machinery and equipment (28)')","0.000218234435765558","0.000115533408347122","0.000210900925388239"
"('PL', 'Paper')","0.000210903065817453","9.9098660279087e-05","0.00020768835795982"
"('TR', 'Research and development (73)')","0.00020738819643714","0.000142754943120136","0.00020738819643714"
"('AT', 'Production of electricity by hydro')","0.000118239166663261","0.00011004038390704","3.8849730389036e-05"
"('TR', 'Manufacture of wood and of products of wood and cork, except furniture; manufacture of articles of straw and plaiting materials (20)')","0.000211955059140916","8.60278167342034e-05","0.000209454950281566"
"('FI', 'Petroleum Refinery')","0.000210615542336141","0.000113319629873081","0.000201348912731361"
"('GB', 'Manufacture of basic iron and steel and of ferro-alloys and first products thereof')","0.000207844108892161","0.000130381856707297","0.00020536852569357"
"('CH', 'Health and social work (85)')","0.000209924424326878","0.000107954992227346","0.000209920034734315"
"('WF', 'Distribution and trade of electricity')","0.000183312556389178","0.000168352014523106","0.000103422175159847"
"('WE', 'Manufacture of basic iron and steel and of ferro-alloys and first products thereof')","0.000208853465680361","0.000104775177173974","0.000207849414169215"
"('NL', 'Incineration of waste: Paper')","0.000538323363046717","0.00052644091346467","5.65452815061474e-05"
"('LU', 'Construction (45)')","0.00020375317621473","0.000125681693859407","0.000203750608745513"
"('CA', 'Manufacture of textiles (17)')","0.000208547295929727","0.000125377933674485","0.000208539118766535"
"('ES', 'Manufacture of wearing apparel; dressing and dyeing of fur (18)')","0.000208438528706105","6.26391273621035e-05","0.000208133150378619"
"('MX', 'Copper production')","0.000204637971580327","0.000142377328730897","0.0001697049938477"
"('KR', 'Quarrying of stone')","0.000214016001058576","0.000199819214651871","4.83505997547932e-05"
"('GR', 'Petroleum Refinery')","0.000206562978903903","6.73132324403847e-05","0.000205770944881325"
"('NL', 'Composting of food waste, incl. land application')","0.0114888578089567","0.011450842767193","0.000200114043848431"
"('BR', 'Other service activities (93)')","0.000206207047151806","5.486988550076e-05","0.000206207047149141"
"('AT', 'Education (80)')","0.000206145787616491","2.54745113660107e-05","0.000206145787616218"
"('PL', 'Mining of coal and lignite; extraction of peat (10)')","0.000208899257246984","0.000130662891567263","0.000202890965362598"
"('NO', 'Financial intermediation, except insurance and pension funding (65)')","0.000200517121152315","0.000141942354243161","0.000200096633663203"
"('IT', 'Incineration of waste: Metals and Inert materials')","0.000620576995672947","0.000604964100576223","8.14630834472693e-05"
"('WF', 'Poultry farming')","0.000216666907384064","0.000199750612972137","0.000168723873653799"
"('ES', 'Paper')","0.000205952216806676","0.000116851488662109","0.000202574718435319"
"('TR', 'Plastics, basic')","0.000205979254697998","6.60253899511113e-05","0.000202753995570349"
"('NO', 'Renting of machinery and equipment without operator and of personal and household goods (71)')","0.000175090329053519","0.000138238025549206","0.000163215854263992"
"('US', 'Manufacture of machinery and equipment n.e.c. (29)')","0.000520065944267111","0.000456539339119258","0.000236475204827048"
"('WL', 'Manufacture of glass and glass products')","0.000208264365907601","0.000154276131504529","0.000171583476512702"
"('TW', 'Manufacture of medical, precision and optical instruments, watches and clocks (33)')","0.000174575098074193","7.56338422474641e-05","0.000174454490395338"
"('SE', 'Hotels and restaurants (55)')","0.000199634255076598","7.90076573299325e-05","0.000199565830677678"
"('SE', 'Renting of machinery and equipment without operator and of personal and household goods (71)')","0.000191185362220893","0.000148870822197573","0.000168229767609722"
"('TR', 'Sale, maintenance, repair of motor vehicles, motor vehicles parts, motorcycles, motor cycles parts and accessoiries')","0.000127592140538376","7.49567802175262e-05","0.000126694039307976"
"('MX', 'Manufacture of wood and of products of wood and cork, except furniture; manufacture of articles of straw and plaiting materials (20)')","0.000203985003185395","0.000108454391919029","0.000202514631674263"
"('IE', 'Sea and coastal water transport')","0.000139375997005631","6.73497184086944e-05","0.000136638952787982"
"('AU', 'Cultivation of wheat')","0.00021080055283977","0.00017219199371878","0.00011584057620919"
"('HU', 'Construction (45)')","0.000203403949162603","7.51185773533925e-05","0.000203403949148971"
"('IN', 'Processing of dairy products')","0.000219612403243434","0.000144463670573172","0.000157360999116504"
"('IE', 'Petroleum Refinery')","0.000202122250563921","6.63527199165412e-05","0.000200936804888849"
"('JP', 'Distribution and trade of electricity')","0.000216189678238346","0.000196320227891022","9.38803447332506e-05"
"('CH', 'Other land transport')","0.000201620512123623","0.000129424617897941","0.000194028779860446"
"('ES', 'Incineration of waste: Paper')","0.000291595538817714","0.000279040281524836","6.74267468379102e-05"
"('WF', 'Activities auxiliary to financial intermediation (67)')","0.000175219936117924","0.00010806880682298","0.00017361394599291"
"('RU', 'Aluminium production')","0.000203124719233078","0.000159730109524826","0.000166098337635773"
"('AT', 'Retail trade, except of motor vehicles and motorcycles; repair of personal and household goods (52)')","0.000200457072353503","8.07506845130889e-05","0.000200457072125145"
"('CA', 'Manufacture of wearing apparel; dressing and dyeing of fur (18)')","0.000200619748991506","2.79001823904682e-05","0.000200619693939655"
"('MX', 'Post and telecommunications (64)')","0.000190683146440561","0.000117745119968283","0.000189175945479133"
"('CH', 'Computer and related activities (72)')","0.000191280583759849","0.000111941899081681","0.000191151385705248"
"('KR', 'Aluminium production')","0.000201179775551187","0.000113760415779663","0.000180469511840645"
"('JP', 'Private households with employed persons (95)')","0.000199695808598848","0.000171583730445433","0.000199695808598848"
"('WL', 'Tanning and dressing of leather; manufacture of luggage, handbags, saddlery, harness and footwear (19)')","0.000199569034804412","8.40087703431511e-05","0.000197869540020437"
"('RU', 'Paper')","0.000201157450774462","0.000128965296554719","0.000191688872913201"
"('FI', 'Supporting and auxiliary transport activities; activities of travel agencies (63)')","0.0001976108484105","0.000156912991601836","0.000197399933457021"
"('FR', 'Cattle farming')","0.000200710303562366","0.000122416898343646","0.000178411022283753"
"('DE', 'Other non-ferrous metal production')","0.00017781832153806","0.00013617939289329","8.31150666109767e-05"
"('KR', 'Distribution and trade of electricity')","0.000182196952191383","0.000171606126839617","8.24036361011333e-05"
"('CH', 'Manufacture of wood and of products of wood and cork, except furniture; manufacture of articles of straw and plaiting materials (20)')","0.000197020100618285","0.000130147493527929","0.000194033761031021"
"('GB', 'Landfill of waste: Plastic')","0.00388225285991501","0.00383140549814037","0.000212264463480617"
"('TW', 'Private households with employed persons (95)')","0.000198605229603501","0.000113677367375316","0.000198605229603501"
"('WE', 'Poultry farming')","0.000201237247936947","0.000137610127075859","0.000197923558303768"
"('IT', 'Research and development (73)')","0.000182770317356633","0.000107635354484535","0.000182744753823021"
"('MX', 'Processing of meat cattle')","0.000227526900461635","9.19987227466902e-05","0.000181678070037762"
"('GB', 'Other service activities (93)')","0.000193850478728081","0.000123893651584972","0.000192874270973685"
"('PL', 'Transport via railways')","0.000181752823958447","0.000165258415075119","0.000124888167173372"
"('GR', 'Wholesale trade and commission trade, except of motor vehicles and motorcycles (51)')","0.000196936170148706","0.000106873958017633","0.000196663826556958"
"('WF', 'Meat animals nec')","0.000227501676350272","0.000200144196926442","8.11235157781815e-05"
"('NO', 'Retail trade, except of motor vehicles and motorcycles; repair of personal and household goods (52)')","0.000186170702094552","0.000131706663594739","0.00018616565514697"
"('LU', 'Wholesale trade and commission trade, except of motor vehicles and motorcycles (51)')","0.000195143874140341","0.000110168381373983","0.000195092725288965"
"('FR', 'Processing of meat cattle')","0.000213089795177348","7.27633109576822e-05","0.000184043989046792"
"('FI', 'Manufacture of fabricated metal products, except machinery and equipment (28)')","0.000196594156511382","0.00012597778427845","0.000196025745633722"
"('IT', 'Publishing, printing and reproduction of recorded media (22)')","0.000196061570681467","0.000132195108420578","0.000196046260630281"
"('ZA', 'Post and telecommunications (64)')","0.000194409969567517","0.000136401703222626","0.00019436993392619"
"('HU', 'Other land transport')","0.000195278121742056","0.000123712817534165","0.000193866624091577"
"('MX', 'Manufacture of electrical machinery and apparatus n.e.c. (31)')","0.000195998378331895","9.07787738805392e-05","0.000195732776061989"
"('SE', 'Financial intermediation, except insurance and pension funding (65)')","0.00018971972054131","0.000154806803992797","0.000189164158514929"
"('RU', 'Sale, maintenance, repair of motor vehicles, motor vehicles parts, motorcycles, motor cycles parts and accessoiries')","0.000168157040039369","6.41952336613403e-05","0.000168009698696206"
"('FR', 'Manufacture of office machinery and computers (30)')","0.000194724402729428","1.67779388982964e-05","0.000194724278684272"
"('IT', 'Precious metals production')","0.000154579253336535","9.27389602458333e-05","0.000127628914341649"
"('US', 'Manufacture of electrical machinery and apparatus n.e.c. (31)')","0.000193625454285413","0.000131250214582578","0.000192326096407881"
"('BR', 'Manufacture of office machinery and computers (30)')","0.000194160861575382","1.88130771922406e-05","0.000194160861574203"
"('WM', 'Meat animals nec')","0.00021702600575346","0.000133944704230743","0.000122293835070219"
"('SK', 'Manufacture of machinery and equipment n.e.c. (29)')","0.000192904202063742","6.13798435709865e-05","0.000192902991752375"
"('NO', 'Petroleum Refinery')","0.000191433223783621","6.16162093640901e-05","0.000186456681151312"
"('WL', 'Manufacture of electrical machinery and apparatus n.e.c. (31)')","0.000192704475937165","0.000153454533546196","0.000192426373790387"
"('NO', 'Other business activities (74)')","0.000191762244535344","0.000170333995321018","0.000191713876160506"
"('DK', 'Financial intermediation, except insurance and pension funding (65)')","0.000184069544627524","0.000133163334930898","0.000183212654703714"
"('WF', 'Paper')","0.000191296941231147","0.000134987560623032","0.000186182336014556"
"('MX', 'Manufacture of beverages')","0.00019383152554268","6.38037757376069e-05","0.000190007043206855"
"('HR', 'Construction (45)')","0.000189907855564978","8.10408235256584e-05","0.000189329275057783"
"('DK', 'Real estate activities (70)')","0.000183052242665871","9.70196176864848e-05","0.000183052242662455"
"('WL', 'Fishing, operating of fish hatcheries and fish farms; service activities incidental to fishing (05)')","0.000190405190170464","0.000143960752273808","0.000176062137943857"
"('ZA', 'Manufacture of motor vehicles, trailers and semi-trailers (34)')","0.00018936891202777","6.48036094924154e-05","0.000189367672586261"
"('BR', 'Plastics, basic')","0.000184797567744404","6.29111298971341e-05","0.000182517333832585"
"('RU', 'Education (80)')","0.000188161576616913","4.20985781250847e-05","0.000188161576616913"
"('NO', 'Chemicals nec')","0.000188125217419046","6.04834826554046e-05","0.000188022959461696"
"('GB', 'Manufacture of cement, lime and plaster')","0.000214214276236612","0.000159920756080552","0.000181569703772013"
"('TR', 'Extraction of crude petroleum and services related to crude oil extraction, excluding surveying')","0.000187890695886475","0.000139512467659382","0.000187635839503605"
"('TW', 'Supporting and auxiliary transport activities; activities of travel agencies (63)')","0.000160623868673845","0.000123995431279475","0.000159839118796309"
"('IN', 'Research and development (73)')","0.000186498362627589","5.65867128206278e-05","0.000186296601854455"
"('TW', 'Tanning and dressing of leather; manufacture of luggage, handbags, saddlery, harness and footwear (19)')","0.000186840344809997","3.51680798278613e-05","0.000186833264063251"
"('MT', 'Education (80)')","0.000186410400749329","0.00011401790062002","0.000186281649722486"
"('CA', 'Processing of meat pigs')","0.000231461195870762","0.000139187936131159","0.000161452574708755"
"('IT', 'Manufacture of basic iron and steel and of ferro-alloys and first products thereof')","0.000183593082375012","0.000104374510438835","0.000183465736926889"
"('WL', 'Manufacture of other non-metallic mineral products n.e.c.')","0.000207748104989353","0.000158627451619355","0.000162728903783521"
"('SK', 'Wholesale trade and commission trade, except of motor vehicles and motorcycles (51)')","0.000185776415980654","0.000116178945469821","0.000185776412289045"
"('ZA', 'Processing of Food products nec')","0.000185539530620301","6.25928053383219e-05","0.000185354837994055"
"('NL', 'Incineration of waste: Food')","0.000320239405476728","0.000308768169717479","5.09174073235427e-05"
"('TW', 'Manufacture of cement, lime and plaster')","0.000186938003450884","9.16173180768236e-05","0.000184377324421149"
"('WL', 'Processing of meat pigs')","0.000209706433001239","0.000138854075454012","0.000126150979925771"
"('WE', 'Other land transport')","0.00018538913331525","0.000104229013203225","0.000183073524278199"
"('RO', 'Manufacture of motor vehicles, trailers and semi-trailers (34)')","0.000184259578143553","0.000120311498069791","0.00018403266705928"
"('CA', 'Raw milk')","0.000184158348695674","0.000121467927181221","0.000180463575474726"
"('WE', 'Retail trade, except of motor vehicles and motorcycles; repair of personal and household goods (52)')","0.000183434548253715","9.86551917491114e-05","0.000183434547876997"
"('ID', 'Supporting and auxiliary transport activities; activities of travel agencies (63)')","0.000182664779336759","7.20267271500075e-05","0.000182262844709095"
"('NL', 'Pigs farming')","0.000184043920398548","0.00011868760061179","0.000180262680287374"
"('GB', 'Incineration of waste: Metals and Inert materials')","0.000570364974569466","0.000532831014391406","0.000132494551279294"
"('WF', 'Computer and related activities (72)')","0.000181817968912368","9.1953147054138e-05","0.000181639150277032"
"('PL', 'Hotels and restaurants (55)')","0.000178054551976931","9.08023855163561e-05","0.000177596846735466"
"('ID', 'Education (80)')","0.000183248678771509","5.28797120348728e-06","0.000183248678771509"
"('RU', 'Copper production')","0.000187028490471721","0.000171525782278791","0.000123311532517434"
"('FR', 'Re-processing of secondary steel into new steel')","0.00017869178698785","9.36956908927129e-05","0.000175086372344088"
"('IT', 'Education (80)')","0.000181314180654271","8.78652632978587e-05","0.000181314180654271"
"('GB', 'Manufacture of textiles (17)')","0.000182709296486693","8.48954086889685e-05","0.000182680353637621"
"('RO', 'Computer and related activities (72)')","0.000182299762167524","0.000122886010955819","0.000182207408851101"
"('RO', 'Other business activities (74)')","0.000182113899064765","0.000142752322267195","0.000182105914584373"
"('WF', 'Manufacture of wearing apparel; dressing and dyeing of fur (18)')","0.000181806034132971","3.29896859207614e-05","0.000181740792542824"
"('JP', 'Extraction of natural gas and services related to natural gas extraction, excluding surveying')","0.00016390449964668","9.12459971470614e-05","0.000134934925225622"
"('ES', 'Production of electricity by gas')","0.000145818515495195","0.000121267140960058","7.4669282446376e-05"
"('AT', 'Plastics, basic')","0.000177721129318006","0.000121150491755286","0.000172719817363749"
"('AU', 'Production of electricity by gas')","0.000130887394018136","0.00010505101650995","6.32629452738687e-05"
"('WM', 'Production of electricity by solar photovoltaic')","0.000261377797460406","0.00026118129081164","9.1762009819989e-06"
"('ZA', 'Extraction, liquefaction, and regasification of other petroleum and gaseous materials')","0.000181403221692374","0.000108163213406347","0.000146664163035285"
"('AT', 'Manufacture of rubber and plastic products (25)')","0.000177954366689276","0.000117365932808954","0.000176207755135186"
"('LT', 'Construction (45)')","0.000179343224058744","3.62679105253977e-05","0.000179343005575452"
"('AU', 'Publishing, printing and reproduction of recorded media (22)')","0.000180437149476839","0.000126400776820963","0.000180414594590723"
"('IN', 'Education (80)')","0.000180263910820526","3.37698393840825e-05","0.000180258870155277"
"('JP', 'Manufacture of cement, lime and plaster')","0.00017090074436564","0.000129513535213092","0.000121226403825576"
"('SE', 'Mining of copper ores and concentrates')","0.00025570721785812","0.000246203429051815","5.89037694056312e-05"
"('IT', 'Copper production')","0.000172797278706903","0.000100703059442364","0.000152407579189086"
"('AT', 'Distribution and trade of electricity')","0.000175506908835739","0.000138228082834806","0.000147118830354016"
"('GB', 'Pulp')","0.000182561162322521","0.000127251602539091","0.000140099040627256"
"('DE', 'Processing of meat pigs')","0.000201233879513536","0.000114458000725429","0.000134160984413685"
"('IN', 'Manufacture of wood and of products of wood and cork, except furniture; manufacture of articles of straw and plaiting materials (20)')","0.000184027310732757","0.00011074982603563","0.000173249438854425"
"('JP', 'Fishing, operating of fish hatcheries and fish farms; service activities incidental to fishing (05)')","0.000178873160549328","9.20669917061108e-05","0.000177616728903747"
"('AT', 'Processing of Food products nec')","0.000178825328985025","0.000109693628323826","0.000178247925349739"
"('PL', 'Manufacture of gas; distribution of gaseous fuels through mains')","0.000183516498363404","0.000154209754023015","0.000129040881522183"
"('FR', 'Manufacture of fish products')","0.000189214875924787","0.000102007461635589","0.000159062019638117"
"('BR', 'Processing of dairy products')","0.000181980827437237","4.15895641526684e-05","0.000173995137371087"
"('LU', 'Other business activities (74)')","0.000177965404791854","0.000136664722087478","0.000177848710612952"
"('AU', 'Production of electricity by solar photovoltaic')","0.000136176022534209","0.000135467314873588","8.21279136267752e-06"
"('RU', 'Retail sale of automotive fuel')","5.63487944299806e-05","4.38200864866561e-05","3.54335610458646e-05"
"('PT', 'Manufacture of motor vehicles, trailers and semi-trailers (34)')","0.000176835162319815","5.09712426294537e-05","0.000176833220922609"
"('CA', 'Other non-ferrous metal production')","0.0001710155964582","0.000135906055409797","9.57740482178428e-05"
"('BR', 'Publishing, printing and reproduction of recorded media (22)')","0.000176776459878448","0.000108823383684841","0.000176753901791696"
"('BE', 'Health and social work (85)')","0.000176686901217823","3.28035175888311e-05","0.000176686839988961"
"('FI', 'Public administration and defence; compulsory social security (75)')","0.000175283854523395","4.79626130934976e-05","0.000175281490889091"
"('BR', 'Manufacture of textiles (17)')","0.000176199305643341","0.000114467107939039","0.000175992549053339"
"('JP', 'Processing vegetable oils and fats')","0.000304829163487381","0.000251178689067117","0.000115358937935304"
"('KR', 'Processing of meat pigs')","0.000178842377663187","6.66277538520814e-05","0.000168309015964789"
"('ID', 'Other business activities (74)')","0.000175868581818304","0.000109228254299479","0.000175868253359615"
"('CA', 'Transmission of electricity')","0.000140213670290364","0.000137526280042192","3.17010218951491e-05"
"('ID', 'Paper')","0.000177079465910136","0.000135082408884472","0.000169254411187334"
"('WE', 'Manufacture of wearing apparel; dressing and dyeing of fur (18)')","0.000175351587487055","4.26980970620978e-05","0.000175193759296069"
"('TW', 'Health and social work (85)')","0.000174632698454938","2.1740259397803e-05","0.00017462518573476"
"('FR', 'Publishing, printing and reproduction of recorded media (22)')","0.000174490567570955","0.000129764778411157","0.00017448143578707"
"('MX', 'Manufacture of cement, lime and plaster')","0.00019149839097928","0.000145042534692429","0.000165936977445507"
"('HU', 'Manufacture of office machinery and computers (30)')","0.000173821199881509","0.00013893634771498","0.000173686535191108"
"('FI', 'Real estate activities (70)')","0.000168594981846573","0.000107709237873289","0.00016858970120496"
"('MX', 'Production of electricity by gas')","0.000143805938219004","9.85475944922762e-05","7.7060166351455e-05"
"('WM', 'Processing vegetable oils and fats')","0.000199087837072033","0.000178520071311233","7.32161106351259e-05"
"('LU', 'Computer and related activities (72)')","0.000172204963624126","6.1676045539842e-05","0.000172204637630766"
"('GB', 'Transport via pipelines')","0.000136922935957687","0.000128050071464288","3.83213992389012e-05"
"('LU', 'Renting of machinery and equipment without operator and of personal and household goods (71)')","0.000106523704519649","8.01949334374597e-05","9.56761060731814e-05"
"('MX', 'Health and social work (85)')","0.000171758286379446","6.20259803553353e-05","0.000171758270558898"
"('WA', 'Cultivation of plant-based fibers')","0.000205274483922754","0.000178108361584518","8.3041059664317e-05"
"('MX', 'Air transport (62)')","0.000170465856083359","1.4907170184085e-05","0.000170465091774139"
"('ZA', 'Manufacture of furniture; manufacturing n.e.c. (36)')","0.000125318051241103","6.65647668751307e-05","0.000125300791712507"
"('GB', 'Casting of metals')","0.000166734167087373","8.85370704521823e-05","0.000156829287998825"
"('DE', 'Mining of coal and lignite; extraction of peat (10)')","0.000169646756692404","0.000103220920120443","0.00015571403655571"
"('WF', 'Raw milk')","0.000176141028576417","0.00010363144198427","0.000159772033376031"
"('ZA', 'Production of electricity by coal')","0.000160772511434606","7.94892772600933e-05","0.000147492566438449"
"('RO', 'Other land transport')","0.000170601870211697","8.76865639938351e-05","0.00016996188720149"
"('BR', 'Manufacture of electrical machinery and apparatus n.e.c. (31)')","0.000169951395680536","0.000137640651656541","0.00016961546862897"
"('NO', 'Air transport (62)')","0.000149723857919414","6.65898684034879e-05","0.000149723638653401"
"('ZA', 'Public administration and defence; compulsory social security (75)')","0.000169571927252816","3.09493534618006e-05","0.000169571885077951"
"('NL', 'Manufacture of textiles (17)')","0.000169324634033522","7.5800307015783e-05","0.000169271695135498"
"('AU', 'Precious metals production')","0.000189688595881996","8.8993536996403e-05","0.000159025696830304"
"('BE', 'Manufacture of wood and of products of wood and cork, except furniture; manufacture of articles of straw and plaiting materials (20)')","0.000170743069338054","7.97824308771364e-05","0.000166061120921571"
"('GR', 'Quarrying of stone')","0.000163715092294553","0.000160426384550841","8.89031357644404e-06"
"('BR', 'Paper')","0.000168769069280797","0.000110922550986367","0.000162535313002018"
"('NO', 'Incineration of waste: Metals and Inert materials')","0.000162599657925467","0.000135480490050015","5.92985255788657e-05"
"('IE', 'Processing of meat cattle')","0.000238142549501964","0.000218928630570741","9.26831341967886e-05"
"('CH', 'Manufacture of office machinery and computers (30)')","0.00016754389786898","3.18428132052516e-05","0.000167542630852901"
"('WE', 'Processing of Food products nec')","0.000167746506616119","8.85105628860078e-05","0.000167372939745015"
"('KR', 'Transport via pipelines')","0.000168463403752779","0.000155666751280342","7.37432178579311e-05"
"('PL', 'Manufacture of office machinery and computers (30)')","0.00016739421641534","6.43522707958144e-05","0.000167330766006663"
"('CH', 'Manufacture of furniture; manufacturing n.e.c. (36)')","0.000152144596661825","4.38919632932964e-05","0.000152142702151569"
"('BE', 'Processing of dairy products')","0.000173238743367035","9.58459569522746e-05","0.000162151814551863"
"('WE', 'Extraction of natural gas and services related to natural gas extraction, excluding surveying')","0.000166919367594216","0.000124239663283398","0.000163318885527094"
"('FI', 'Paper')","0.000166081614455324","0.000100827177638566","0.000164062458646331"
"('HU', 'Other business activities (74)')","0.000165859658378335","0.000115475707154475","0.000165859464649614"
"('RU', 'Publishing, printing and reproduction of recorded media (22)')","0.00016570420845571","0.000122553948178649","0.000165695515654977"
"('WM', 'Recreational, cultural and sporting activities (92)')","0.000166080178712026","8.99804328574496e-05","0.000164160087428391"
"('ID', 'Inland water transport')","7.54460711738467e-05","5.89341455544504e-05","3.75871237890928e-05"
"('ES', 'Pigs farming')","0.00016533595863387","9.79753373976818e-05","0.000163388717635327"
"('JP', 'P- and other fertiliser')","0.000234730698265422","0.000155837129992057","0.000163743280098755"
"('DK', 'Petroleum Refinery')","0.000164705743869378","4.66236877085182e-05","0.000164399889826904"
"('CA', 'Manufacture of other transport equipment (35)')","0.000125017762691529","4.76387200420848e-05","0.000125015313306087"
"('RU', 'Plastics, basic')","0.000159284970740707","9.97687510164221e-05","0.000135050741754122"
"('BR', 'Aluminium production')","0.000163631222437628","5.92234905046142e-05","0.000160806394816451"
"('ID', 'Manufacture of other transport equipment (35)')","0.000154632900330097","6.37175170236961e-05","0.00015461588645861"
"('IT', 'Composting of food waste, incl. land application')","0.00103132837593936","0.000998241568500226","0.000153753904627584"
"('FI', 'Other land transport')","0.000163048995983866","0.000144556629507916","0.000156850023276896"
"('NL', 'Transport via railways')","0.000128254761852004","0.000103869575579114","9.48127761459181e-05"
"('FR', 'Cultivation of cereal grains nec')","0.000183509585349864","0.000149626243914768","0.000126593983745867"
"('BR', 'Education (80)')","0.000162019450373321","1.15884537123532e-05","0.000162019450373293"
"('ID', 'Animal products nec')","0.000220606647068995","0.00021845195272711","1.43142167776861e-05"
"('CZ', 'Financial intermediation, except insurance and pension funding (65)')","0.000160078635582665","0.000118717850096545","0.000159587829350053"
"('TW', 'Processed rice')","0.000171662175963514","0.000111152102845288","0.000112106295937509"
"('RU', 'Sea and coastal water transport')","0.00013195012789501","9.19462566292053e-05","0.000101905795107304"
"('CA', 'Manufacture of office machinery and computers (30)')","0.000161233977599807","1.31342035471673e-05","0.0001612309410691"
"('BE', 'Air transport (62)')","0.000155671122385481","5.26229418151689e-05","0.000155642768661225"
"('RU', 'Pigs farming')","0.000163977500396054","0.000140387765846325","0.000148894560948551"
"('BG', 'Other land transport')","0.000159736823318309","7.39997476170686e-05","0.000158492318666665"
"('WE', 'Hotels and restaurants (55)')","0.000158979062361434","6.92439697374577e-05","0.000158854747432479"
"('TW', 'Processing of dairy products')","0.000160893519588235","5.08462743503558e-05","0.00015913012815755"
"('GB', 'Extraction of natural gas and services related to natural gas extraction, excluding surveying')","0.000184794489674152","0.000145234908959323","0.000140515685631291"
"('AU', 'Paper')","0.000159545199701496","7.48397043847789e-05","0.000156893912133624"
"('SE', 'Post and telecommunications (64)')","0.000150841710821671","0.000133206994563523","0.0001483865692501"
"('TR', 'Precious metals production')","0.000156069973194665","8.4069168329782e-05","0.000130819800438685"
"('DK', 'Processing of Food products nec')","0.000158886029788369","7.24699423570703e-05","0.000158515259806496"
"('PT', 'Petroleum Refinery')","0.000158652731953403","6.28030392182446e-05","0.000158213250834136"
"('WL', 'Recreational, cultural and sporting activities (92)')","0.000159815414427193","0.000109335462805447","0.00015622252852467"
"('IN', 'Inland water transport')","7.44991125387155e-05","6.09995781467104e-05","3.46336422363417e-05"
"('ZA', 'Insurance and pension funding, except compulsory social security (66)')","0.000151662766754318","7.48641949630603e-05","0.000150664454976491"
"('PL', 'Manufacture of beverages')","0.000161467418875266","9.43668378226259e-05","0.000149830097915406"
"('NL', 'Chemicals nec')","0.000153501408048963","7.45394703847848e-05","0.000153329538243987"
"('MX', 'Supporting and auxiliary transport activities; activities of travel agencies (63)')","0.000150526621741129","8.62888910984443e-05","0.000150431319850349"
"('RU', 'Manufacture of electrical machinery and apparatus n.e.c. (31)')","0.000157728815439912","0.000112786710723424","0.000157630243212025"
"('ID', 'Processing of meat cattle')","0.000163022893709285","2.87560613994869e-05","0.000157560796073463"
"('DK', 'Chemicals nec')","0.000154938132835547","9.7031966086646e-05","0.000153239439791268"
"('WL', 'Meat animals nec')","0.000179822930956431","0.000167252765999321","3.39455139712445e-05"
"('ZA', 'Chemicals nec')","0.000156915296805105","8.25694534974314e-05","0.000155970607481694"
"('GB', 'Publishing, printing and reproduction of recorded media (22)')","0.000157021806360917","0.000110335112442231","0.000156980243876108"
"('MX', 'Production of electricity by petroleum and other oil derivatives')","0.000140334718730657","0.000123619282020014","3.82241954507696e-05"
"('SE', 'Education (80)')","0.000156486444064965","3.00239778682636e-05","0.000156486444064965"
"('IT', 'Incineration of waste: Oil/Hazardous waste')","0.00122466996322504","0.00119965221283431","0.000112308306078205"
"('FI', 'Computer and related activities (72)')","0.000154430189087969","0.00011667564961951","0.000154377810494002"
"('PL', 'Production of electricity by coal')","0.000155101180023052","0.000108591940021792","0.000105725414806237"
"('ES', 'Landfill of waste: Paper')","0.000596911520557772","0.000559538067579156","0.000154410655325939"
"('WE', 'Other business activities (74)')","0.000153848314362584","0.000144988330798111","0.000153835059570649"
"('FR', 'Pulp')","0.000153906066300569","5.02812089841574e-05","0.000148095598310543"
"('WL', 'Cultivation of wheat')","0.000163337642594181","0.000129731798666319","0.000102200406140994"
"('BR', 'Air transport (62)')","0.00013472970160544","5.37121853372763e-05","0.00013166573136586"
"('ES', 'Manufacture of fish products')","0.000162847709289817","9.81854632468289e-05","0.000141907264912323"
"('GB', 'Incineration of waste: Textiles')","0.000799347380251305","0.000794805068905509","2.88149700812003e-05"
"('DK', 'Extraction of crude petroleum and services related to crude oil extraction, excluding surveying')","0.00015262350756267","0.000121205421225519","0.000152395044729428"
"('DE', 'Pigs farming')","0.000152300597545933","0.00011428751608714","0.000144226252684367"
"('WM', 'Fishing, operating of fish hatcheries and fish farms; service activities incidental to fishing (05)')","0.000152200902446282","0.000120861805177928","0.000149660713169268"
"('MX', 'Financial intermediation, except insurance and pension funding (65)')","0.000148982140532047","9.8292540605711e-05","0.000146874498491236"
"('GB', 'Production of electricity by solar photovoltaic')","0.000149857179436991","0.000148264828721171","1.51051254096964e-05"
"('WE', 'Manufacture of rubber and plastic products (25)')","0.000153820188048262","0.000114025143102339","0.000150931542982861"
"('IE', 'Financial intermediation, except insurance and pension funding (65)')","0.000141616664996639","7.32428190782731e-05","0.000139132800663298"
"('AT', 'Manufacture of cement, lime and plaster')","0.000153465599452669","0.00010953788600042","0.000151371823955588"
"('NL', 'Health and social work (85)')","0.000150539484639137","5.18840120180559e-05","0.000150536488998843"
"('GB', 'Aluminium production')","0.000148949475461364","9.84925281860992e-05","0.000139034216392364"
"('BR', 'Manufacture of other non-metallic mineral products n.e.c.')","0.000188820684697723","0.000153255291017103","0.000141345218723072"
"('WF', 'Transmission of electricity')","0.000109937375901628","0.000100857058971314","3.8241801675785e-05"
"('PL', 'Re-processing of secondary steel into new steel')","0.000148157603896683","8.31058083244197e-05","0.000146938799135062"
"('NO', 'Fishing, operating of fish hatcheries and fish farms; service activities incidental to fishing (05)')","0.000150423355704378","0.000108130331798603","0.000143300215120142"
"('GB', 'Inland water transport')","2.78872610594901e-05","2.57766053555934e-05","1.01922079619356e-05"
"('MX', 'Precious metals production')","0.000148111115231091","0.000117995437846716","0.000103319771307543"
"('AT', 'Copper production')","0.000143921090360449","8.80526252647408e-05","0.000136037244139359"
"('IE', 'Processing of dairy products')","0.000161165452218094","0.000113036815225464","0.000124060170397074"
"('MX', 'Manufacture of other transport equipment (35)')","0.000148610080944353","1.22874514949628e-05","0.000148608902862765"
"('HU', 'Manufacture of rubber and plastic products (25)')","0.000148089039097253","7.09162350145477e-05","0.000147729767138654"
"('US', 'Incineration of waste: Food')","0.000169253552130024","0.000168901343135377","3.49640285650184e-06"
"('BR', 'Manufacture of wearing apparel; dressing and dyeing of fur (18)')","0.000147796092795818","1.07171791551977e-05","0.000147796092790657"
"('AU', 'Aluminium production')","0.000148578226018436","7.02348941097432e-05","0.000138309913295111"
"('WF', 'Fishing, operating of fish hatcheries and fish farms; service activities incidental to fishing (05)')","0.000147753455986712","0.000122285248122017","0.000145298777796135"
"('ID', 'Manufacture of cement, lime and plaster')","0.000150250309294468","0.000110085861701044","0.000144692994035956"
"('ZA', 'Research and development (73)')","0.000147429085223058","6.15008793078783e-06","0.000147429085223058"
"('TW', 'Processing of meat pigs')","0.000149767028924675","2.75104042099668e-05","0.000146924183971313"
"('DE', 'Forestry, logging and related service activities (02)')","0.000147398026251249","0.000104177951938369","0.000128844565895661"
"('NL', 'Cultivation of vegetables, fruit, nuts')","0.000148234606789559","8.70116627260096e-05","0.000144199597220082"
"('IT', 'Other service activities (93)')","0.000146955039856947","4.40051629028316e-05","0.000146796456621124"
"('SK', 'Construction (45)')","0.000146215511557506","8.27751447446836e-05","0.000146210280588225"
"('NO', 'Retail sale of automotive fuel')","8.36180986248181e-05","5.89254175031915e-05","7.61456624228658e-05"
"('FR', 'Aluminium production')","0.000145537841435452","8.0920968681583e-05","0.000137315877019461"
"('SE', 'Sea and coastal water transport')","0.000139488935835345","4.61352062445662e-05","0.000137827791157495"
"('NL', 'Manufacture of furniture; manufacturing n.e.c. (36)')","0.000113200630967426","4.99365501144668e-05","0.000113200452041714"
"('ES', 'Composting of food waste, incl. land application')","0.00040092380139503","0.00036986334103626","0.000143122781640373"
"('CA', 'Copper production')","0.000144618961785275","7.14644757364194e-05","0.000136119283506912"
"('BG', 'Copper production')","0.000137795695551779","8.35402796830107e-05","0.000115330830523368"
"('WA', 'Activities of membership organisation n.e.c. (91)')","0.000194582147286457","8.22124101707158e-05","0.000180945418863206"
"('WA', 'Wool, silk-worm cocoons')","0.000145125518541739","0.000141947457006291","1.07062413103395e-05"
"('KR', 'Cattle farming')","0.000144433119552889","6.96296630170645e-05","0.000140878936645572"
"('BG', 'Retail trade, except of motor vehicles and motorcycles; repair of personal and household goods (52)')","0.000141714441439686","7.86061452932453e-05","0.000141714343050467"
"('ID', 'Activities auxiliary to financial intermediation (67)')","0.000124499337649385","7.55868688365548e-05","0.000124185382961474"
"('WL', 'Pulp')","0.000152853314431744","0.000116846282799957","8.91955271828703e-05"
"('NL', 'Copper production')","0.000134999328108784","6.22727133762839e-05","0.000120412110552794"
"('ES', 'Public administration and defence; compulsory social security (75)')","0.000139578065526081","3.1978984262183e-05","0.000138835869384687"
"('TR', 'Manufacture of glass and glass products')","0.000141493823820601","8.16872380938857e-05","0.000123039411036349"
"('PL', 'Sale, maintenance, repair of motor vehicles, motor vehicles parts, motorcycles, motor cycles parts and accessoiries')","0.000119294835834948","8.47605647470166e-05","0.000119232098784751"
"('WF', 'Manufacture of other transport equipment (35)')","0.000100126571596488","6.64777916908499e-05","9.96934858554094e-05"
"('BR', 'Transport via railways')","0.000140294740687106","0.000118833142202716","9.58129960940219e-05"
"('CH', 'Plastics, basic')","0.000141532124542456","7.11199567873056e-05","0.000138738247561276"
"('BE', 'Incineration of waste: Plastic')","0.000156420786304451","0.000152900261919497","2.73300815156077e-05"
"('NL', 'Production of electricity by gas')","0.000105316460407916","9.25557259957343e-05","3.67773925298015e-05"
"('SI', 'Manufacture of motor vehicles, trailers and semi-trailers (34)')","0.000141832152202391","4.91586802460033e-05","0.000141825408129379"
"('PT', 'Processing of Food products nec')","0.000141902808440781","3.89814138500477e-05","0.000141872107392397"
"('FI', 'Manufacture of wood and of products of wood and cork, except furniture; manufacture of articles of straw and plaiting materials (20)')","0.000142307697330915","8.38548511078463e-05","0.000140044967609614"
"('HU', 'Supporting and auxiliary transport activities; activities of travel agencies (63)')","0.000140349411957019","0.000109404173052005","0.000140312738556018"
"('PL', 'Manufacture of wood and of products of wood and cork, except furniture; manufacture of articles of straw and plaiting materials (20)')","0.000142792138255966","8.33716813197989e-05","0.000141316741193097"
"('FR', 'Quarrying of stone')","0.000218344659792917","0.000146565720915957","0.000113232418175114"
"('CZ', 'Casting of metals')","0.00014856643419356","8.52808903492647e-05","0.000140722091226725"
"('PT', 'Hotels and restaurants (55)')","0.000140675686318553","4.29312768767682e-05","0.000140630148757616"
"('WF', 'Manufacture of fish products')","0.000149019942375796","0.000107935368963995","0.000112871131796824"
"('IT', 'Raw milk')","0.000141764676724023","0.000102474962657603","0.000130176413227387"
"('FR', 'Composting of food waste, incl. land application')","0.00058673127825425","0.000546781544954102","0.000137550548590664"
"('IE', 'Real estate activities (70)')","0.000137158232904029","0.000102374252800564","0.000137103405087736"
"('ID', 'Manufacture of wood and of products of wood and cork, except furniture; manufacture of articles of straw and plaiting materials (20)')","0.000138899210823096","9.51947696559935e-05","0.00013630447459912"
"('JP', 'Activities of membership organisation n.e.c. (91)')","0.000149246962980746","6.57337527874346e-05","0.000139365878960877"
"('SK', 'Manufacture of fabricated metal products, except machinery and equipment (28)')","0.000139330644409398","6.19286850254932e-05","0.000139246601203553"
"('WL', 'Aluminium production')","0.00014106322459087","9.88066857739678e-05","0.000127619038801186"
"('GR', 'Research and development (73)')","0.000138958331022391","9.4948882378248e-05","0.000138958331022391"
"('WF', 'Pigs farming')","0.000145047999015323","0.000139901701546572","0.000120614220288705"
"('MX', 'Insurance and pension funding, except compulsory social security (66)')","0.000134814652195004","3.82269043853259e-05","0.000134421708885798"
"('WE', 'Manufacture of fabricated metal products, except machinery and equipment (28)')","0.000140415197962659","9.25804818788689e-05","0.000138958579649263"
"('PL', 'Health and social work (85)')","0.000138760945794743","7.09148968499763e-05","0.000138760943172169"
"('ES', 'Education (80)')","0.000138357690017571","6.48613032603284e-05","0.00013832490551103"
"('WM', 'Inland water transport')","0.00010101630420618","9.14740497298255e-05","1.63835044814198e-05"
"('WF', 'Manufacture of office machinery and computers (30)')","0.000138658466149767","6.25293236766254e-05","0.000138657627470341"
"('DK', 'Inland water transport')","7.51483114897469e-05","3.66419484770583e-05","6.94064138635791e-05"
"('FR', 'Retail sale of automotive fuel')","1.87384273170835e-05","1.40753519205622e-05","1.86967622962184e-05"
"('NO', 'Incineration of waste: Food')","0.00012775784986355","0.000112130978599522","3.62911042751146e-05"
"('ID', 'Plastics, basic')","0.000138026553550833","6.83754742455455e-05","0.000135313608674631"
"('NL', 'Education (80)')","0.000136950617018585","6.21743379480726e-05","0.000136884646043635"
"('RU', 'Cultivation of cereal grains nec')","0.000138328665456261","0.000116657689195804","0.000117556663412829"
"('CN', 'Forestry, logging and related service activities (02)')","0.0001368702026378","0.000112475602376436","0.00013494042921446"
"('NO', 'Public administration and defence; compulsory social security (75)')","0.000137238446633741","5.19228464476503e-05","0.00013575567810276"
"('TW', 'Insurance and pension funding, except compulsory social security (66)')","0.000119040095034291","7.78963148888088e-05","0.000116004880347799"
"('MX', 'Manufacture of fish products')","0.00013944890880199","3.52951256306027e-05","0.000132795411468399"
"('IT', 'Landfill of waste: Paper')","0.00150377132812244","0.00147552297955392","0.000148304811138476"
"('BE', 'Post and telecommunications (64)')","0.000120949578155118","9.74598131335193e-05","0.000118953301277789"
"('CZ', 'Computer and related activities (72)')","0.000135791345661654","9.31609732313924e-05","0.00013579085835028"
"('ZA', 'Activities auxiliary to financial intermediation (67)')","0.000128958972475509","0.000120554224430977","0.000126544656125424"
"('ID', 'Manufacture of fish products')","0.000149364006343782","7.47399084609425e-05","0.000127251751220624"
"('IT', 'Processing of meat cattle')","0.000143009303051043","3.8060251783294e-05","0.000132913339667431"
"('ES', 'Mining of precious metal ores and concentrates')","0.000152614746044547","0.000133186162765119","2.50743221105153e-05"
"('FR', 'Sugar refining')","0.00018588892069742","0.000170321487659929","3.16599712879035e-05"
"('BE', 'Public administration and defence; compulsory social security (75)')","0.00013530319443128","1.83807471046565e-05","0.000134950326299379"
"('RU', 'Processing of meat pigs')","0.000136226273957663","1.29294363427681e-05","0.000135056179518796"
"('FR', 'Manufacture of wearing apparel; dressing and dyeing of fur (18)')","0.000135044139344679","2.48244719539995e-05","0.000134691390523197"
"('WM', 'Casting of metals')","0.000168682919561343","0.000125562561452529","0.000117399106477763"
"('ES', 'Manufacture of basic iron and steel and of ferro-alloys and first products thereof')","0.000133584950425879","7.93261266284897e-05","0.000133038723705186"
"('RO', 'Manufacture of rubber and plastic products (25)')","0.000134050114581976","6.4845366025764e-05","0.000133595872556699"
"('AU', 'Manufacture of furniture; manufacturing n.e.c. (36)')","0.00012450768916509","3.12348195490328e-05","0.000124507586384469"
"('PL', 'Manufacture of other transport equipment (35)')","0.000115715013520402","5.48359996644013e-05","0.000115600930301527"
"('HU', 'Petroleum Refinery')","0.000133694871551279","5.24205082866366e-05","0.000133481023710666"
"('MX', 'Tanning and dressing of leather; manufacture of luggage, handbags, saddlery, harness and footwear (19)')","0.000133617906717292","5.26977693394991e-05","0.000133122355723035"
"('PL', 'Post and telecommunications (64)')","0.00012388197218539","0.000101480157756451","0.000123071281908463"
"('RU', 'Cultivation of vegetables, fruit, nuts')","0.000133630845748444","3.46010574039679e-05","0.000132543634624415"
"('SE', 'Copper production')","0.000127856058148937","7.66027384052576e-05","0.000115201636647574"
"('AU', 'Chemicals nec')","0.000133199274437223","7.28365625062285e-05","0.000132576203353897"
"('CZ', 'N-fertiliser')","0.000106120034827209","8.48303288904996e-05","6.28528123974183e-05"
"('BR', 'Production of electricity by gas')","0.000106372816259238","7.13284601611749e-05","5.87086579838401e-05"
"('RU', 'Other service activities (93)')","0.000133289490768408","8.01262898831966e-06","0.00013327584012032"
"('BR', 'Insurance and pension funding, except compulsory social security (66)')","0.000108394884157191","7.95053387902714e-05","0.00010603041801917"
"('PT', 'Quarrying of stone')","0.000171769229303878","0.000149606729164843","4.78741557112839e-05"
"('AU', 'Transport via pipelines')","0.000113824490148361","0.000107829222419923","4.3246501848578e-05"
"('ID', 'Poultry farming')","0.000138753292304233","8.09557910970121e-05","0.000128664113209695"
"('DE', 'Composting of food waste, incl. land application')","0.00106927760570871","0.00103448146443243","0.000116111829150133"
"('PL', 'Steam and hot water supply')","0.00011963469683499","0.000113199227990155","3.03898379696489e-05"
"('WF', 'Manufacture of cement, lime and plaster')","0.00015853943815579","0.000133501424114861","0.000132512843295373"
"('AT', 'Paper')","0.000132397293705782","4.9566396462912e-05","0.000131757704745923"
"('SE', 'Air transport (62)')","0.000128666796949433","4.94237114739318e-05","0.00012866190419567"
"('FR', 'Manufacture of glass and glass products')","0.000139022502609622","7.97499037527825e-05","0.000125066548898574"
"('RU', 'Manufacture of beverages')","0.000135454409837509","4.74585072933365e-05","0.000128652064888354"
"('WF', 'Cultivation of wheat')","0.000139626134012978","0.000129211297082902","9.21192216966824e-05"
"('ZA', 'Other land transport')","0.000131792278709525","7.38398157313159e-05","0.000131107596278215"
"('KR', 'Fishing, operating of fish hatcheries and fish farms; service activities incidental to fishing (05)')","0.000131525551928391","6.71032638505434e-05","0.000129484346854582"
"('WA', 'Manufacture of beverages')","0.000149252719465094","0.00012336334285587","7.39547858177445e-05"
"('PT', 'Financial intermediation, except insurance and pension funding (65)')","0.000130314965726752","0.000102025478337605","0.00013000688397597"
"('FR', 'Processing of meat pigs')","0.000140489769137086","5.57061622298266e-05","0.000116986840042908"
"('IT', 'Casting of metals')","0.00014751923597483","0.000106987173162573","0.000123251377585623"
"('PL', 'Manufacture of cement, lime and plaster')","0.00013093994471238","9.96802204460331e-05","0.000118944136229515"
"('DK', 'Manufacture of fish products')","0.000133640191625487","6.33886912428818e-05","0.000127679527085053"
"('SE', 'Transport via railways')","0.000123260708358782","9.70003912634727e-05","0.000110668777868126"
"('WF', 'Manufacture of electrical machinery and apparatus n.e.c. (31)')","0.000130733948120527","9.89631419836948e-05","0.000130456074019168"
"('RO', 'Petroleum Refinery')","0.000130627224887956","4.79320871685333e-05","0.0001302098093949"
"('NO', 'Manufacture of machinery and equipment n.e.c. (29)')","0.000130665086059475","6.83964224638649e-05","0.000130423168737171"
"('TW', 'Aluminium production')","0.000131386145815816","0.000120422485375422","0.000102515805517276"
"('ID', 'Manufacture of basic iron and steel and of ferro-alloys and first products thereof')","0.000130284079148216","7.63285875192664e-05","0.000129678108451041"
"('FR', 'Production of electricity by solar photovoltaic')","9.12158830223152e-05","8.77089269643754e-05","1.06587051402136e-05"
"('DK', 'Hotels and restaurants (55)')","0.000124946858276273","5.04685961845085e-05","0.000124769751473482"
"('PL', 'Collection, purification and distribution of water (41)')","9.40579345449452e-05","9.12153326539707e-05","1.91808822378271e-05"
"('SE', 'Retail trade, except of motor vehicles and motorcycles; repair of personal and household goods (52)')","0.000126840354389452","4.88737265765e-05","0.000126839922054485"
"('JP', 'Lead, zinc and tin production')","0.000122348375856111","0.000104577173173314","5.54806240250578e-05"
"('PL', 'Manufacture of textiles (17)')","0.000128010783141612","6.88913159908761e-05","0.00012799333736752"
"('CH', 'Transport via pipelines')","0.000100356031224526","8.20044749187536e-05","4.08065383677469e-05"
"('WE', 'Plastics, basic')","0.000123402948975226","0.000102668860180045","0.000115625168423402"
"('RU', 'Forestry, logging and related service activities (02)')","0.000127206338302133","8.46439434507988e-05","0.000118886453724479"
"('KR', 'Manufacture of ceramic goods')","0.000128668146259914","7.89668403388914e-05","0.000119476826532239"
"('CA', 'Production of electricity by gas')","8.33811634217898e-05","7.17552998926365e-05","3.06386897340112e-05"
"('ID', 'Cattle farming')","0.000126606987622717","0.000105992427621356","0.000124233959164006"
"('TW', 'Animal products nec')","0.000130191348422921","2.92299746479286e-05","0.000107638782680118"
"('RO', 'Supporting and auxiliary transport activities; activities of travel agencies (63)')","0.000125193041372813","8.97125172887676e-05","0.000125181732922917"
"('ES', 'Recreational, cultural and sporting activities (92)')","0.000126564671179102","8.07820583399005e-05","0.000125416784309687"
"('TR', 'Insurance and pension funding, except compulsory social security (66)')","0.000109562306516378","6.62660606542363e-05","0.000108040739201274"
"('WL', 'Precious metals production')","0.000125928102571635","8.55875813854151e-05","0.000110000004697206"
"('WM', 'Tanning and dressing of leather; manufacture of luggage, handbags, saddlery, harness and footwear (19)')","0.000125166612651865","5.70755299980686e-05","0.000124675254011069"
"('CZ', 'Landfill of waste: Food')","0.000191834658567927","0.000148023622801327","0.000109602709331669"
"('CH', 'Precious metals production')","0.000147297527255186","9.37369277858617e-05","0.000116736428259169"
"('RU', 'Activities auxiliary to financial intermediation (67)')","0.000110730369823476","5.01003240992056e-05","0.000109623057289097"
"('ZA', 'Hotels and restaurants (55)')","0.000124164508947701","4.12492588746857e-05","0.000124091582213976"
"('BG', 'Petroleum Refinery')","0.000124404285544271","5.49811512850406e-05","0.000123843587970855"
"('ES', 'Research and development (73)')","0.000120531269709944","7.85884274235334e-05","0.000120507526160531"
"('NO', 'Manufacture of rubber and plastic products (25)')","0.000123422817724283","5.55521811257098e-05","0.000123289047379124"
"('TW', 'Pigs farming')","0.000124228010601141","4.77991457030157e-05","0.000123972928166171"
"('CA', 'Cultivation of vegetables, fruit, nuts')","0.00012477107803619","7.21276386410207e-05","0.000120813744875175"
"('TW', 'Manufacture of glass and glass products')","0.000123428886728817","7.73869441228985e-05","0.000119158970446556"
"('WL', 'Production of electricity by wind')","6.15806836267959e-05","5.20491968619337e-05","2.36209804713987e-05"
"('LU', 'Supporting and auxiliary transport activities; activities of travel agencies (63)')","0.000118548030027479","8.08070967802908e-05","0.00011854746135717"
"('WE', 'Processing of dairy products')","0.000126535295214366","7.23939611877402e-05","0.000109994049694835"
"('WE', 'Manufacture of motor vehicles, trailers and semi-trailers (34)')","0.000122559662780467","6.6827675900727e-05","0.000122554895288738"
"('TW', 'Education (80)')","0.000121937286673821","3.01151426605819e-05","0.000121844793093124"
"('DK', 'Processing of meat pigs')","0.000141698615147742","7.73328059238035e-05","0.00010519261643465"
"('CA', 'Pigs farming')","0.000122394231375843","7.25090017539382e-05","0.000120770759907031"
"('JP', 'Tanning and dressing of leather; manufacture of luggage, handbags, saddlery, harness and footwear (19)')","0.000121545970334766","7.70839917866375e-05","0.000119916355831581"
"('DE', 'Tanning and dressing of leather; manufacture of luggage, handbags, saddlery, harness and footwear (19)')","0.000121396593883968","4.05550515069042e-05","0.000120057585991052"
"('NL', 'Manufacture of cement, lime and plaster')","0.000126501431873986","8.30900320568727e-05","0.000121326909621742"
"('MX', 'Manufacture of ceramic goods')","0.000120615800415236","7.82929360622863e-05","0.000103139927485258"
"('ZA', 'Plastics, basic')","0.00011970791530302","8.80422639329832e-05","0.000116991722742925"
"('TW', 'Computer and related activities (72)')","0.00011900736008769","6.84984347157196e-05","0.000118951331182265"
"('WE', 'Processing of meat poultry')","0.000122572025455893","2.05621051454032e-05","0.000119516398884249"
"('PL', 'Incineration of waste: Metals and Inert materials')","0.000235015387869169","0.000221138993767744","6.60965210189288e-05"
"('AT', 'Pulp')","0.000120195289929644","5.94879446853593e-05","0.000112076087679955"
"('BE', 'Production of electricity by nuclear')","0.000103914147674868","9.86980593677024e-05","2.31074069585316e-05"
"('RU', 'Manufacture of office machinery and computers (30)')","0.000119224759588507","3.75411420639277e-05","0.000119224080090178"
"('NO', 'Other land transport')","0.000118509337476325","0.000101979093964696","0.000113398554727613"
"('TR', 'Transport via railways')","0.000118804046862324","0.000100827134680804","7.36163515195791e-05"
"('FI', 'Financial intermediation, except insurance and pension funding (65)')","0.000115601887084924","6.40860429800033e-05","0.000115516272815489"
"('IT', 'Biogasification of food waste, incl. land application')","0.000156487398081163","0.00015554865390175","7.58416071286221e-06"
"('ID', 'Manufacture of office machinery and computers (30)')","0.000118710418346601","6.75984469126271e-05","0.000118698069539909"
"('PL', 'Manufacture of wearing apparel; dressing and dyeing of fur (18)')","0.000118677425442923","1.82523971145695e-05","0.000118657268247583"
"('BE', 'Manufacture of beverages')","0.000119845087514203","4.46024885559987e-05","0.000113497338525253"
"('WL', 'Other non-ferrous metal production')","0.000122562423440314","9.64700181787063e-05","7.77354367610598e-05"
"('ES', 'Aluminium production')","0.000118480904052935","5.8842011382355e-05","0.00011376253268806"
"('NO', 'Supporting and auxiliary transport activities; activities of travel agencies (63)')","0.00011829727757811","4.51199843391056e-05","0.000118297275293767"
"('PL', 'Pulp')","0.000118492772873474","7.42631020254616e-05","0.000110483440200356"
"('CA', 'Production of electricity by wind')","8.56509677249188e-05","8.41580800256692e-05","8.00793055243093e-06"
"('BG', 'Construction (45)')","0.000117286813948033","3.95391944819522e-05","0.000117285823375998"
"('CZ', 'Biogasification of sewage slugde, incl. land application')","0.000260367055285789","0.000232737650652662","0.000118108735343249"
"('DE', 'Cultivation of wheat')","0.000124607830639151","8.47511085447865e-05","8.76065184084226e-05"
"('ID', 'Retail sale of automotive fuel')","3.92673165345916e-05","2.57466369907177e-05","3.90748633297847e-05"
"('NO', 'Incineration of waste: Paper')","0.000109122216103341","9.33923948076847e-05","3.54091783517843e-05"
"('TW', 'Manufacture of electrical machinery and apparatus n.e.c. (31)')","0.000116714895764723","3.93135715771147e-05","0.000116714786893015"
"('DK', 'Renting of machinery and equipment without operator and of personal and household goods (71)')","9.28862594578727e-05","8.19610997577838e-05","8.90216344200499e-05"
"('WM', 'Lead, zinc and tin production')","0.000117213685347866","0.000104315937996949","4.52031912082252e-05"
"('AU', 'Raw milk')","0.000130056203325621","0.000108023061144825","0.000112357734997471"
"('WE', 'Cultivation of cereal grains nec')","0.000119130455377332","9.32425350733396e-05","9.59268130928637e-05"
"('ES', 'Manufacture of office machinery and computers (30)')","0.000115426238461225","1.86433209927185e-05","0.000115424394813901"
"('FR', 'Tanning and dressing of leather; manufacture of luggage, handbags, saddlery, harness and footwear (19)')","0.000115415056722209","5.8751768222449e-05","0.000114422858243671"
"('WA', 'Processing of dairy products')","0.000146492817330035","0.00012790579269385","4.76130742049082e-05"
"('DE', 'Inland water transport')","3.62736714533968e-05","2.69565769993908e-05","1.75048745493845e-05"
"('US', 'Private households with employed persons (95)')","0.000114801856118253","0.000114801856118253","0.000114801856118253"
"('PT', 'Supporting and auxiliary transport activities; activities of travel agencies (63)')","0.000113470535470231","7.85956366829595e-05","0.000113405514848835"
"('AU', 'Transport via railways')","0.000107188612403298","5.82711793218971e-05","8.60234531442368e-05"
"('ES', 'Publishing, printing and reproduction of recorded media (22)')","0.000113899882577041","6.328800886835e-05","0.000113899755584224"
"('WA', 'Manufacture of tobacco products (16)')","0.000173335822212032","0.000165579144602253","1.47072460053206e-05"
"('RU', 'Manufacture of glass and glass products')","0.000116133040794526","9.65754938682701e-05","8.89999277787466e-05"
"('KR', 'Manufacture of wearing apparel; dressing and dyeing of fur (18)')","0.000113594803329606","2.8228817244588e-05","0.00011249200806241"
"('JP', 'Raw milk')","0.000115178173768568","8.26102280799021e-05","0.000109494275382946"
"('ID', 'Recreational, cultural and sporting activities (92)')","0.000113459406974414","3.83332538133461e-05","0.000113458825128098"
"('WF', 'Manufacture of wood and of products of wood and cork, except furniture; manufacture of articles of straw and plaiting materials (20)')","0.000110298661300663","8.18078891283313e-05","0.00010882618513704"
"('CA', 'Processing of meat poultry')","0.000117018998176432","4.20677173022496e-05","0.000106703631891554"
"('WF', 'Manufacture of radio, television and communication equipment and apparatus (32)')","0.000113033583420904","9.53727633906584e-05","0.000112852503676708"
"('CZ', 'Hotels and restaurants (55)')","0.000111882825423354","4.70140913236474e-05","0.000111789063653443"
"('HU', 'Real estate activities (70)')","0.000112473081207896","6.92994135975378e-05","0.000112473081207896"
"('AT', 'Transmission of electricity')","0.000108390344437404","7.76511907522834e-05","7.62496772354515e-05"
"('BR', 'Manufacture of wood and of products of wood and cork, except furniture; manufacture of articles of straw and plaiting materials (20)')","0.000112837640410846","9.70472979778997e-05","0.000108683877685098"
"('WM', 'Private households with employed persons (95)')","0.00011232629135391","7.06926366578998e-05","0.00011232629135391"
"('JP', 'Poultry farming')","0.000119767559428523","6.85014035737401e-05","0.000111831054135538"
"('DE', 'Extraction of crude petroleum and services related to crude oil extraction, excluding surveying')","0.000112188830873204","7.69386547639717e-05","0.000112186914773654"
"('WE', 'Post and telecommunications (64)')","0.000111684686074448","7.48130948158649e-05","0.000111675864791088"
"('ID', 'Research and development (73)')","0.000112142082259189","3.40195266845423e-06","0.000112142082259189"
"('NO', 'Computer and related activities (72)')","0.000111065907334445","7.4007207825934e-05","0.000111064511520668"
"('CA', 'Cultivation of cereal grains nec')","0.000111864062386131","6.7129381823155e-05","0.000101108424760902"
"('RU', 'Manufacture of medical, precision and optical instruments, watches and clocks (33)')","6.68574448317427e-05","4.55322380739933e-05","6.65490839408213e-05"
"('KR', 'Transmission of electricity')","8.00611623993637e-05","7.75944886454829e-05","2.22911804458432e-05"
"('IT', 'Processing of meat pigs')","0.000121673268538781","5.59033711465419e-05","0.000101650935333913"
"('MX', 'Processing of meat pigs')","0.000126414902125033","6.76229440372828e-05","9.71518163934596e-05"
"('KR', 'Processing of meat poultry')","0.000113717098355924","5.47434338681415e-05","8.57267897806408e-05"
"('WF', 'Processing of meat poultry')","0.000112940037205498","2.14094388865736e-05","0.000108961643682493"
"('WL', 'Casting of metals')","0.000121671754210419","7.26873337768603e-05","0.000107088930340732"
"('WL', 'Manufacture of gas; distribution of gaseous fuels through mains')","9.59241822012373e-05","8.77847126323051e-05","4.51402527394303e-05"
"('WE', 'Supporting and auxiliary transport activities; activities of travel agencies (63)')","0.000105361812546112","8.40263733926946e-05","0.000105298877423244"
"('SK', 'Retail trade, except of motor vehicles and motorcycles; repair of personal and household goods (52)')","0.000109044702308668","6.26794278240107e-05","0.000109044702293663"
"('FR', 'Incineration of waste: Wood')","0.00083552059359109","0.000820454708508615","5.9833788556532e-05"
"('TR', 'Aluminium production')","0.000108874288021218","6.56442496925282e-05","0.000104655717379029"
"('KR', 'Manufacture of tobacco products (16)')","0.000109061306945399","2.38133201965915e-05","0.000108635783894951"
"('ID', 'Fishing, operating of fish hatcheries and fish farms; service activities incidental to fishing (05)')","0.000108850404667581","6.74689590942714e-05","0.000107683096277342"
"('AU', 'Manufacture of wood and of products of wood and cork, except furniture; manufacture of articles of straw and plaiting materials (20)')","0.000106699733066759","4.93747501323794e-05","0.000105109558608153"
"('WM', 'Pulp')","0.000109659277107991","9.0301966628781e-05","7.30884593728783e-05"
"('BR', 'Re-processing of secondary steel into new steel')","0.000107368247652719","6.38892929962051e-05","0.000105056644850601"
"('DE', 'Sugar refining')","0.000130205060908597","0.00010839468008229","3.5385996490129e-05"
"('ZA', 'Cultivation of vegetables, fruit, nuts')","0.000108399237409681","5.75724664348016e-05","0.000106207661224495"
"('TR', 'Computer and related activities (72)')","0.000103824930622751","9.79651708935642e-05","0.000103725234532968"
"('ES', 'Biogasification of paper, incl. land application')","0.00115313414010825","0.00115144627646662","1.38179774800616e-05"
"('ID', 'Distribution and trade of electricity')","8.85159711536675e-05","7.9271866037193e-05","7.00555042745707e-05"
"('PT', 'Manufacture of fabricated metal products, except machinery and equipment (28)')","0.000107582631098329","7.07656936378657e-05","0.000107334989296849"
"('BR', 'Processing of meat pigs')","0.000122330098907903","6.34437378568572e-05","9.5067779263082e-05"
"('CN', 'Mining of precious metal ores and concentrates')","3.57919264138276e-05","3.36353483746016e-05","4.2549494722043e-06"
"('WM', 'Cultivation of crops nec')","0.000117838025796317","0.000111327521928456","6.48007951069451e-05"
"('TR', 'Raw milk')","0.000111371596608737","9.76318325718324e-05","8.78675861004797e-05"
"('WL', 'Pigs farming')","0.000111409216821368","9.95279911027237e-05","8.49205632366709e-05"
"('WF', 'Recreational, cultural and sporting activities (92)')","0.000107229695052038","4.77066298506552e-05","0.000106729095053371"
"('DE', 'Private households with employed persons (95)')","0.000107065749419354","0.000107065749419354","0.000107065749419354"
"('CH', 'Manufacture of beverages')","0.000109672249506157","5.68401025293495e-05","0.000105887452772412"
"('MX', 'Lead, zinc and tin production')","0.000105214894037815","9.80678450957859e-05","4.74022857571389e-05"
"('BR', 'Recreational, cultural and sporting activities (92)')","0.000107106254196232","7.52787048126907e-05","0.000105760315617808"
"('CZ', 'Waste water treatment, other')","0.000240270137552189","0.000206395055541566","8.65433917900063e-05"
"('TW', 'Poultry farming')","0.000106652731303719","2.81711143412018e-05","0.000106637487668383"
"('TR', 'Manufacture of other non-metallic mineral products n.e.c.')","0.000112684296929885","7.27012768790345e-05","9.85420290586154e-05"
"('IT', 'Landfill of waste: Inert/metal/hazardous')","0.00081223539857994","0.000783814544589735","0.000115667397026431"
"('DE', 'Lead, zinc and tin production')","0.000103393164694282","6.76127354542316e-05","7.38392788369632e-05"
"('CZ', 'P- and other fertiliser')","0.0001139808404457","7.02926109186802e-05","0.00010589838689246"
"('IN', 'Forestry, logging and related service activities (02)')","0.00010635093283011","9.93400748684285e-05","0.000105550085804256"
"('RU', 'Tanning and dressing of leather; manufacture of luggage, handbags, saddlery, harness and footwear (19)')","0.000105925197381121","6.09427913201186e-05","0.000105902585631272"
"('HU', 'Renting of machinery and equipment without operator and of personal and household goods (71)')","0.000103358002917245","7.69124027392901e-05","0.00010263943386241"
"('SK', 'Manufacture of rubber and plastic products (25)')","0.000105726537709963","4.77223512777067e-05","0.000105629287173088"
"('TW', 'Activities auxiliary to financial intermediation (67)')","9.27701657962981e-05","5.82945311019296e-05","9.12675157042736e-05"
"('DK', 'Manufacture of fabricated metal products, except machinery and equipment (28)')","0.000106134070426004","6.97071895453954e-05","0.000105523868604081"
"('PL', 'Public administration and defence; compulsory social security (75)')","0.000101691078228824","3.34112210447327e-05","0.000100682381939912"
"('BE', 'Manufacture of basic iron and steel and of ferro-alloys and first products thereof')","0.000105227036503161","5.27000940544629e-05","0.000104662082256708"
"('US', 'Tanning and dressing of leather; manufacture of luggage, handbags, saddlery, harness and footwear (19)')","0.0001054001358893","6.0116109316315e-05","0.000104686510507916"
"('SE', 'Health and social work (85)')","0.000105107149882751","2.77235502942773e-05","0.000105107149882684"
"('ZA', 'Manufacture of beverages')","0.000107863599422291","8.28614565996248e-05","0.000100089249947381"
"('WE', 'N-fertiliser')","9.43309435993441e-05","8.94902419327683e-05","7.11461494305091e-06"
"('AT', 'Manufacture of motor vehicles, trailers and semi-trailers (34)')","0.000103961348220863","4.41620761243813e-05","0.000103961287964883"
"('CA', 'Manufacture of fish products')","0.000109378126081653","4.91686117767218e-05","9.93600470557749e-05"
"('TW', 'Cultivation of vegetables, fruit, nuts')","0.000105107515568112","8.23518151020209e-05","9.15070927436875e-05"
"('GB', 'Incineration of waste: Plastic')","0.000220778778481579","0.000215783394321259","2.91294162423431e-05"
"('FR', 'Landfill of waste: Paper')","0.000947970524069599","0.000925503115246771","0.000111125079995289"
"('CA', 'Manufacture of electrical machinery and apparatus n.e.c. (31)')","0.000103486757069639","5.65382678898529e-05","0.000103458886320545"
"('NL', 'Pulp')","0.000103253950693662","4.98118576397452e-05","9.09696535618538e-05"
"('AU', 'Manufacture of electrical machinery and apparatus n.e.c. (31)')","0.000103104446565967","7.34987318136884e-05","0.00010304894180405"
"('BR', 'Tanning and dressing of leather; manufacture of luggage, handbags, saddlery, harness and footwear (19)')","0.000103029160486629","3.43063272859666e-05","0.000102754932178175"
"('GB', 'Activities of membership organisation n.e.c. (91)')","0.000105589236745871","4.54777392752504e-05","0.000102991856110467"
"('TR', 'Distribution and trade of electricity')","9.6008950182013e-05","8.85320017217533e-05","4.51749651203942e-05"
"('ES', 'Copper production')","0.000101377494198924","4.89299532835834e-05","9.53171197905598e-05"
"('IT', 'Manufacture of other non-metallic mineral products n.e.c.')","0.000102655046226791","7.8229803709986e-05","8.29478744248919e-05"
"('RU', 'Poultry farming')","0.000102430798188073","8.19392281255819e-05","9.82594153134257e-05"
"('DE', 'Manufacture of fish products')","0.00010788054059422","5.04595913021455e-05","9.45200692276203e-05"
"('CH', 'Collection, purification and distribution of water (41)')","5.43110302053559e-05","4.74074451657256e-05","1.46633601677618e-05"
"('NL', 'Paper')","0.000102087795910143","3.67201824299541e-05","0.000100439405329943"
"('SK', 'Supporting and auxiliary transport activities; activities of travel agencies (63)')","0.000101261334033235","4.93745386375868e-05","0.000101261252217853"
"('IN', 'Private households with employed persons (95)')","0.000101884047643687","9.92101611970822e-05","0.000101884047643687"
"('AT', 'Aluminium production')","0.000102292600198784","6.31005138205529e-05","9.96773705568219e-05"
"('ZA', 'Re-processing of secondary steel into new steel')","0.00010177207294776","4.75814239797074e-05","0.00010117891333825"
"('BE', 'Aluminium production')","0.00010052441665479","4.97097661676375e-05","9.49656644382248e-05"
"('NO', 'Plastics, basic')","0.000101465836964122","3.00393100997051e-05","0.000101042239677893"
"('WF', 'Manufacture of other non-metallic mineral products n.e.c.')","0.000117027962294047","9.38420131120459e-05","9.45799167526223e-05"
"('SE', 'Recreational, cultural and sporting activities (92)')","0.000101599562384347","7.46830687564843e-05","0.000101209793312321"
"('CA', 'Manufacture of radio, television and communication equipment and apparatus (32)')","0.000101467892787063","7.49839392515595e-05","0.000101282145760846"
"('BR', 'Retail sale of automotive fuel')","3.03169439520979e-05","2.70565935186879e-05","1.91495459214775e-05"
"('KR', 'Private households with employed persons (95)')","0.000100999262658846","0.000100116045446887","0.000100999262658846"
"('MX', 'Sale, maintenance, repair of motor vehicles, motor vehicles parts, motorcycles, motor cycles parts and accessoiries')","0.000100696063320179","8.56802320967479e-06","0.000100696063320179"
"('IT', 'Manufacture of ceramic goods')","0.000111849613623306","6.86901822452314e-05","9.06638234023454e-05"
"('TW', 'Casting of metals')","0.000103350903237643","4.38044812312292e-05","9.9028135761969e-05"
"('CZ', 'Public administration and defence; compulsory social security (75)')","9.94691914255009e-05","2.63626179171177e-05","9.94690679205867e-05"
"('ES', 'Manufacture of wood and of products of wood and cork, except furniture; manufacture of articles of straw and plaiting materials (20)')","0.000101256773632462","6.68612172797195e-05","9.98426729728033e-05"
"('ID', 'P- and other fertiliser')","0.000107341005366084","6.6590384984813e-05","9.06253335511461e-05"
"('IT', 'Cattle farming')","0.000100866840863352","5.96079305867599e-05","9.5216141357991e-05"
"('PL', 'Manufacture of furniture; manufacturing n.e.c. (36)')","9.25181861852539e-05","4.15837259202322e-05","9.25177737616668e-05"
"('RU', 'Manufacture of wearing apparel; dressing and dyeing of fur (18)')","0.000100144487917397","1.01304528487938e-05","0.000100144487917393"
"('NO', 'Sale, maintenance, repair of motor vehicles, motor vehicles parts, motorcycles, motor cycles parts and accessoiries')","9.1099672310598e-05","4.15722197361049e-05","9.10996592360141e-05"
"('PT', 'Manufacture of gas; distribution of gaseous fuels through mains')","9.75875063583482e-05","8.98968262447375e-05","8.91592552213892e-05"
"('TR', 'Copper production')","0.000100455889269099","5.00285045184699e-05","9.35613040921547e-05"
"('FR', 'Transport via pipelines')","5.93652098386281e-05","3.74385962343066e-05","5.16692722334387e-05"
"('BE', 'Manufacture of cement, lime and plaster')","0.000117093809708663","8.23738148348201e-05","9.3480129535673e-05"
"('WF', 'N-fertiliser')","6.3092594389665e-05","5.63553699594763e-05","1.33307536918084e-05"
"('IE', 'Transport via railways')","9.39152281110299e-05","3.53174280627643e-05","8.8909731951941e-05"
"('RU', 'Cattle farming')","9.94313618969921e-05","8.63911855947994e-05","9.48627574229298e-05"
"('ID', 'Manufacture of tobacco products (16)')","0.00011674029138897","4.93271690229182e-05","9.92844634905258e-05"
"('TR', 'Transmission of electricity')","7.73427142870729e-05","6.67222218336407e-05","2.40588303226158e-05"
"('CA', 'Manufacture of glass and glass products')","0.000104053709355877","6.84988117927436e-05","9.79741653204359e-05"
"('SI', 'Other land transport')","9.86131856427852e-05","7.22990349793683e-05","9.85541470113777e-05"
"('AT', 'Sale, maintenance, repair of motor vehicles, motor vehicles parts, motorcycles, motor cycles parts and accessoiries')","9.3456220296072e-05","5.82181379841759e-05","9.33966128796253e-05"
"('SE', 'Production of electricity by hydro')","8.00169683548886e-05","7.49812031277633e-05","3.9048546931802e-05"
"('WF', 'Processing of meat pigs')","0.00010107501215757","2.35123497995084e-05","9.42930888709995e-05"
"('SE', 'Manufacture of rubber and plastic products (25)')","9.76114173916297e-05","6.13261907814846e-05","9.66151257416134e-05"
"('JP', 'Pigs farming')","9.86196857691784e-05","6.73191226952661e-05","9.7255676362214e-05"
"('CA', 'Lead, zinc and tin production')","9.80735573183515e-05","7.2655938950785e-05","5.78956077179747e-05"
"('KR', 'Production of electricity nec')","6.00642824698504e-05","5.9303045177386e-05","1.1034434950534e-06"
"('SE', 'Collection, purification and distribution of water (41)')","5.82736581525507e-05","5.33564519292736e-05","2.16392723510381e-05"
"('BR', 'Cultivation of vegetables, fruit, nuts')","9.92467930588404e-05","3.39800935175258e-05","9.49070668574503e-05"
"('ZA', 'Manufacture of textiles (17)')","9.80792349209396e-05","6.7728846739352e-05","9.80481166655166e-05"
"('WE', 'Manufacture of textiles (17)')","9.79318577494549e-05","5.35057773025912e-05","9.79121456102043e-05"
"('ES', 'Incineration of waste: Oil/Hazardous waste')","0.000398876610422641","0.000374359794919835","9.76776367601591e-05"
"('IT', 'Manufacture of glass and glass products')","0.000103728827180568","7.74013940474623e-05","8.93999999099376e-05"
"('PL', 'Publishing, printing and reproduction of recorded media (22)')","9.7781074837862e-05","6.60390158833379e-05","9.77660151611014e-05"
"('RO', 'Manufacture of fabricated metal products, except machinery and equipment (28)')","9.78332992520911e-05","6.07548020599438e-05","9.77118284577252e-05"
"('SE', 'Production of electricity by nuclear')","7.43323159509801e-05","7.01931533673434e-05","2.63912397591391e-05"
"('AU', 'Private households with employed persons (95)')","9.74452825528963e-05","8.75764952973465e-05","9.74452825528963e-05"
"('RO', 'Manufacture of machinery and equipment n.e.c. (29)')","9.72844175093755e-05","2.96070702362509e-05","9.72686073418105e-05"
"('FR', 'Copper production')","0.000107811610944444","7.16875698521469e-05","0.000101419616666442"
"('GB', 'Raw milk')","9.74636169280152e-05","8.71062319368487e-05","8.74595746617965e-05"
"('GR', 'Financial intermediation, except insurance and pension funding (65)')","9.70215293162715e-05","7.86993921176186e-05","9.68820494768975e-05"
"('AU', 'Manufacture of textiles (17)')","9.70025544990939e-05","3.02252473470237e-05","9.70024235446833e-05"
"('PT', 'Retail trade, except of motor vehicles and motorcycles; repair of personal and household goods (52)')","9.67297761170433e-05","4.60717181261515e-05","9.67297205567886e-05"
"('DE', 'Cattle farming')","9.73905237379187e-05","5.99400492708069e-05","8.64123000951058e-05"
"('AT', 'Manufacture of beverages')","9.81669553808988e-05","4.09943184624608e-05","9.46745662660797e-05"
"('NO', 'Hotels and restaurants (55)')","9.57194875493862e-05","3.56245515078204e-05","9.56911287119972e-05"
"('WF', 'Manufacture of glass and glass products')","9.73206855021963e-05","7.0353079489359e-05","8.57234064190981e-05"
"('DK', 'Public administration and defence; compulsory social security (75)')","9.45382583470093e-05","3.59878380520935e-05","9.02126756957778e-05"
"('BG', 'Computer and related activities (72)')","9.64254045172932e-05","5.19175198049248e-05","9.64254045171044e-05"
"('CA', 'Activities of membership organisation n.e.c. (91)')","0.000112129229085402","9.52014094373827e-05","0.000101392766356525"
"('CH', 'Publishing, printing and reproduction of recorded media (22)')","9.61681116789414e-05","5.5279860040508e-05","9.61359757283287e-05"
"('RO', 'Real estate activities (70)')","9.5977610125034e-05","3.86795035898877e-05","9.5977610125034e-05"
"('SE', 'Research and development (73)')","9.52063591298351e-05","4.69317416658609e-05","9.51641404394335e-05"
"('AT', 'Post and telecommunications (64)')","9.34819238891358e-05","7.01522901675416e-05","9.2567917218236e-05"
"('TR', 'Processing vegetable oils and fats')","0.000102574263783061","5.8178232231241e-05","7.87216141160452e-05"
"('WL', 'Private households with employed persons (95)')","9.57174883757481e-05","8.36056644244583e-05","9.57174883757481e-05"
"('BR', 'Pulp')","0.000101824458424162","7.79664918995532e-05","6.15453612812172e-05"
"('ZA', 'Manufacture of fabricated metal products, except machinery and equipment (28)')","9.56675594958422e-05","5.36688658023258e-05","9.53564695818824e-05"
"('TR', 'Poultry farming')","9.53868233640653e-05","7.16559949109428e-05","8.68159842006819e-05"
"('ID', 'Tanning and dressing of leather; manufacture of luggage, handbags, saddlery, harness and footwear (19)')","9.52354272003106e-05","6.74321493334887e-05","9.33312286006785e-05"
"('PT', 'Plastics, basic')","9.49747792598512e-05","4.62736398395416e-05","9.43463697979649e-05"
"('AU', 'Manufacture of basic iron and steel and of ferro-alloys and first products thereof')","9.47364671259724e-05","5.25281309750539e-05","9.45487964507804e-05"
"('NL', 'Processing of meat cattle')","0.000109407982907964","8.69146936450581e-05","3.66801441854755e-05"
"('GB', 'Manufacture of fish products')","0.000102192398736267","5.94374922371378e-05","8.99136451611896e-05"
"('ZA', 'Manufacture of rubber and plastic products (25)')","9.45514492082767e-05","6.15059381915851e-05","9.36997778115414e-05"
"('PT', 'Other land transport')","9.41055980214695e-05","6.73728926084589e-05","9.33094726029129e-05"
"('IE', 'Plastics, basic')","9.26989044481325e-05","8.47769346813719e-05","8.79693181027808e-05"
"('PL', 'Chemicals nec')","9.21879607548803e-05","4.5740054009194e-05","9.18007470576086e-05"
"('SE', 'Processing of Food products nec')","9.3714547360021e-05","3.5072464992048e-05","9.36849677925772e-05"
"('ES', 'Incineration of waste: Plastic')","0.000140269332729943","0.000133353685812156","3.71300286641685e-05"
"('IN', 'Lead, zinc and tin production')","8.94768107762487e-05","6.04261664568094e-05","5.6577956559764e-05"
"('DE', 'Processing of meat cattle')","9.8173315577974e-05","4.393203597299e-05","8.08557168443232e-05"
"('ES', 'Raw milk')","9.32724955962675e-05","7.09589487989762e-05","8.82857030562632e-05"
"('FI', 'Hotels and restaurants (55)')","9.28595441200373e-05","3.5311691981237e-05","9.28127813710452e-05"
"('PT', 'Manufacture of rubber and plastic products (25)')","9.29988046475091e-05","5.42896648967105e-05","9.2755913036301e-05"
"('SK', 'Other business activities (74)')","9.29283478152718e-05","7.04992480800253e-05","9.29280457413637e-05"
"('RU', 'Activities of membership organisation n.e.c. (91)')","9.30407463906612e-05","3.44747208091702e-05","9.29017476017523e-05"
"('TW', 'Retail trade, except of motor vehicles and motorcycles; repair of personal and household goods (52)')","8.92541686165318e-05","3.67071691868013e-05","8.9249887138594e-05"
"('TR', 'Cultivation of wheat')","9.30472199361437e-05","8.09329599372707e-05","7.96964006534005e-05"
"('CA', 'Manufacture of cement, lime and plaster')","0.000100014549474913","7.40276666831924e-05","7.80209239913919e-05"
"('JP', 'Transmission of electricity')","9.08668037798162e-05","8.38426612675556e-05","2.46083076579703e-05"
"('ID', 'Computer and related activities (72)')","9.26693026604427e-05","3.08446435522436e-05","9.26692720523773e-05"
"('ES', 'Transport via railways')","8.82173481468861e-05","6.27407502863539e-05","6.28582424688727e-05"
"('AU', 'Production of electricity by wind')","7.38772500581735e-05","6.97694204357404e-05","1.23603639779269e-05"
"('CH', 'Fishing, operating of fish hatcheries and fish farms; service activities incidental to fishing (05)')","9.23415020695376e-05","1.90995376232351e-05","9.23383325115289e-05"
"('WF', 'Aluminium production')","9.30627827259139e-05","6.24029730710131e-05","8.8104553444764e-05"
"('GR', 'Real estate activities (70)')","9.19314983892775e-05","8.32262343727024e-05","9.19314887892529e-05"
"('ID', 'Manufacture of radio, television and communication equipment and apparatus (32)')","9.23057102588486e-05","5.15930243315153e-05","9.22546996845143e-05"
"('AU', 'Manufacture of wearing apparel; dressing and dyeing of fur (18)')","9.22310395436276e-05","4.75917156078345e-05","9.22308059834351e-05"
"('ES', 'Biogasification of sewage slugde, incl. land application')","0.000318198847095406","0.000301172788307921","9.03899524931152e-05"
"('NL', 'Processing of meat pigs')","9.67544515609122e-05","4.52925160908603e-05","8.04827759340328e-05"
"('AU', 'Fishing, operating of fish hatcheries and fish farms; service activities incidental to fishing (05)')","9.17885472809287e-05","6.11382833180584e-05","9.01298340362876e-05"
"('RO', 'Hotels and restaurants (55)')","9.06165772919967e-05","6.84228024351753e-05","9.05584426937536e-05"
"('RO', 'Financial intermediation, except insurance and pension funding (65)')","9.1684696071757e-05","6.57085667098668e-05","9.15244855831372e-05"
"('US', 'Animal products nec')","0.000284258129517072","0.000270529357848519","2.65285951145454e-05"
"('ES', 'Tanning and dressing of leather; manufacture of luggage, handbags, saddlery, harness and footwear (19)')","9.1312570228225e-05","2.86632149990611e-05","9.11408758955119e-05"
"('ID', 'Copper production')","9.26756614828929e-05","7.77367368590945e-05","7.92449941517791e-05"
"('DK', 'Manufacture of other transport equipment (35)')","5.65748117421809e-05","1.18599589783882e-05","5.6571630311294e-05"
"('CZ', 'Processing of Food products nec')","9.12091377019544e-05","2.97885312217953e-05","9.11924546209502e-05"
"('SK', 'Other land transport')","9.10853356006996e-05","5.98364597195204e-05","9.09822318927399e-05"
"('WF', 'Copper production')","9.31095285910317e-05","7.1814707048326e-05","7.53388772454326e-05"
"('BR', 'Sugar refining')","0.000187168136966141","0.000158986506532267","4.82486146200827e-05"
"('RO', 'Health and social work (85)')","9.08825730756809e-05","1.03007864568352e-05","9.08825730756809e-05"
"('HU', 'Financial intermediation, except insurance and pension funding (65)')","9.05503331155281e-05","5.83351842691031e-05","9.05021688613741e-05"
"('FI', 'Manufacture of basic iron and steel and of ferro-alloys and first products thereof')","9.06332147948136e-05","5.47656269258949e-05","9.04256531232972e-05"
"('TR', 'Cattle farming')","9.07771543466255e-05","7.97135413473961e-05","7.43546422286244e-05"
"('GB', 'Incineration of waste: Oil/Hazardous waste')","0.000760988658362112","0.000739893641556642","0.000103268299888156"
"('BR', 'Processed rice')","9.22510022526716e-05","9.20837600111419e-06","8.82600617810294e-05"
"('CZ', 'Landfill of waste: Paper')","0.000187510315832582","0.000156110030337705","9.06299924241722e-05"
"('ES', 'Casting of metals')","9.63186090167254e-05","6.13184622005891e-05","8.90255046886832e-05"
"('ZA', 'Supporting and auxiliary transport activities; activities of travel agencies (63)')","8.98487572250561e-05","5.36032868108662e-05","8.98147268765834e-05"
"('CH', 'Manufacture of cement, lime and plaster')","9.13492155018574e-05","5.34002588757241e-05","9.01869200124267e-05"
"('CH', 'Post and telecommunications (64)')","8.2196051312832e-05","6.8241409649319e-05","7.94800485269812e-05"
"('ID', 'Manufacture of glass and glass products')","8.92244448733958e-05","7.5664923576786e-05","8.64822226926564e-05"
"('FI', 'Renting of machinery and equipment without operator and of personal and household goods (71)')","7.8482566170164e-05","6.13615129660124e-05","7.44617894006951e-05"
"('KR', 'Pigs farming')","9.13645518075782e-05","6.03760830322305e-05","7.79542443466144e-05"
"('AT', 'Manufacture of basic iron and steel and of ferro-alloys and first products thereof')","8.93644118573796e-05","5.65581606586801e-05","8.90211404114216e-05"
"('HU', 'Computer and related activities (72)')","8.93770618733177e-05","5.04791863931326e-05","8.93770604808567e-05"
"('GB', 'Copper production')","8.67699182101338e-05","5.49504994855108e-05","8.14720847446646e-05"
"('LT', 'Wholesale trade and commission trade, except of motor vehicles and motorcycles (51)')","8.88800799856073e-05","6.50694938903035e-05","8.88524725537606e-05"
"('AT', 'Air transport (62)')","8.77503212178672e-05","3.50369625983136e-05","8.77503098490468e-05"
"('BE', 'Paper')","8.87295742596843e-05","3.10686561348488e-05","8.80392238464637e-05"
"('LV', 'Wholesale trade and commission trade, except of motor vehicles and motorcycles (51)')","8.86170887803238e-05","4.95412725374219e-05","8.86128273093258e-05"
"('ES', 'Manufacture of furniture; manufacturing n.e.c. (36)')","6.85435988405794e-05","4.03204205971138e-05","6.85428171851325e-05"
"('CA', 'Inland water transport')","3.54791029397454e-05","2.20839546835225e-05","2.46093627314912e-05"
"('JP', 'Processing of meat poultry')","0.000131519732577479","8.30030350585217e-05","8.73348534635577e-05"
"('IN', 'Production of electricity by nuclear')","8.5612983843168e-05","8.47938609729726e-05","8.73977784397222e-06"
"('AT', 'Transport via railways')","8.55180671803104e-05","7.4216737492327e-05","6.86318048958166e-05"
"('EE', 'Supporting and auxiliary transport activities; activities of travel agencies (63)')","8.74541886620391e-05","5.61728506421696e-05","8.74485280955537e-05"
"('DE', 'Manufacture of bricks, tiles and construction products, in baked clay')","0.000183811632575325","0.00016937831300183","4.26714440123734e-05"
"('PL', 'Manufacture of fish products')","8.85813357713695e-05","5.14393857008232e-05","8.04511581814406e-05"
"('WE', 'Financial intermediation, except insurance and pension funding (65)')","8.66240089673064e-05","6.93669784963898e-05","8.6099615959553e-05"
"('IN', 'Production of electricity by gas')","8.26396801207043e-05","6.90403046771735e-05","3.21455621153549e-05"
"('WE', 'Air transport (62)')","8.48752552309976e-05","2.80442073007459e-05","8.4868098622448e-05"
"('ZA', 'Publishing, printing and reproduction of recorded media (22)')","8.68070955283307e-05","5.42938994931394e-05","8.68017468043899e-05"
"('WM', 'Cultivation of paddy rice')","9.26321706688555e-05","7.90168138458695e-05","6.96847731081074e-05"
"('BR', 'Manufacture of cement, lime and plaster')","8.79102085803396e-05","5.24266510615749e-05","8.60318658027259e-05"
"('WF', 'Retail sale of automotive fuel')","3.93038952562563e-05","2.27727151508422e-05","2.84343111053151e-05"
"('KR', 'Retail sale of automotive fuel')","2.69260237632731e-05","1.44964757932352e-05","2.00699795916889e-05"
"('WE', 'Manufacture of furniture; manufacturing n.e.c. (36)')","8.32887598875386e-05","3.64840575328654e-05","8.32878229829864e-05"
"('WL', 'Cultivation of paddy rice')","8.8885586493719e-05","4.82345700725535e-05","7.32525249807968e-05"
"('AT', 'Processing of dairy products')","8.72993504366476e-05","4.0486488250918e-05","8.39019963186658e-05"
"('HU', 'Plastics, basic')","8.55588923496508e-05","4.67812801530704e-05","8.48666039180301e-05"
"('FI', 'Retail trade, except of motor vehicles and motorcycles; repair of personal and household goods (52)')","8.54673664275974e-05","3.84109205108555e-05","8.54671993031066e-05"
"('FR', 'Other service activities (93)')","8.51253053769647e-05","3.13576358371347e-05","8.48932423732745e-05"
"('MX', 'Research and development (73)')","8.55184698566398e-05","1.08446359664902e-05","8.5511944828237e-05"
"('ZA', 'Computer and related activities (72)')","8.535660841948e-05","1.05178508011351e-05","8.535660841948e-05"
"('RU', 'Processing vegetable oils and fats')","9.84653362546048e-05","6.83944342255554e-05","5.61632958592889e-05"
"('CZ', 'Sale, maintenance, repair of motor vehicles, motor vehicles parts, motorcycles, motor cycles parts and accessoiries')","8.30271157177181e-05","4.94065839307402e-05","8.3026839996549e-05"
"('ID', 'Manufacture of ceramic goods')","8.66341792616217e-05","6.09890797486967e-05","8.49248237880626e-05"
"('HU', 'Manufacture of fabricated metal products, except machinery and equipment (28)')","8.48220549043118e-05","3.73885925021421e-05","8.48137160740053e-05"
"('HU', 'Air transport (62)')","8.35309072247878e-05","4.00266124640853e-05","8.35284590911101e-05"
"('MX', 'Sea and coastal water transport')","7.51859891034504e-05","6.23348763479779e-05","6.5039163659885e-05"
"('MX', 'Manufacture of basic iron and steel and of ferro-alloys and first products thereof')","8.45733489437543e-05","5.30042460030953e-05","8.31319518256609e-05"
"('ES', 'Mining of nickel ores and concentrates')","9.24131889858732e-05","8.30205773348277e-05","1.8246874485665e-05"
"('WE', 'Public administration and defence; compulsory social security (75)')","8.44722312800887e-05","5.60981710008973e-06","8.44721616157289e-05"
"('DK', 'Manufacture of rubber and plastic products (25)')","8.41286770459131e-05","5.19497624351204e-05","8.37709820206774e-05"
"('KR', 'Quarrying of sand and clay')","8.46243492222849e-05","2.76837602722842e-05","7.31527508590253e-05"
"('KR', 'Processing of meat cattle')","8.42548395790806e-05","4.92473025433607e-06","8.42403798482347e-05"
"('LU', 'Other land transport')","8.43198461597695e-05","3.578061354e-05","8.39990777090393e-05"
"('SE', 'Forestry, logging and related service activities (02)')","8.40495428477839e-05","7.28790792884954e-05","7.8171216757787e-05"
"('WL', 'Activities of membership organisation n.e.c. (91)')","9.36328932673925e-05","7.66625959283029e-05","9.0034268077732e-05"
"('WM', 'Cultivation of oil seeds')","9.2620625373188e-05","8.91473230620051e-05","6.18036183684209e-05"
"('DK', 'Air transport (62)')","6.97972841695793e-05","6.02191904264374e-05","6.97175766738745e-05"
"('FI', 'Manufacture of rubber and plastic products (25)')","7.96169123274273e-05","4.93307378724488e-05","7.93658728063283e-05"
"('RU', 'Fishing, operating of fish hatcheries and fish farms; service activities incidental to fishing (05)')","8.3270797088819e-05","4.45987026289865e-05","8.2210526993882e-05"
"('CH', 'Manufacture of motor vehicles, trailers and semi-trailers (34)')","8.2804304436143e-05","3.04249034110607e-05","8.28038540654469e-05"
"('BR', 'Manufacture of ceramic goods')","8.46809140956124e-05","5.86485003337241e-05","8.17398330802282e-05"
"('WE', 'Real estate activities (70)')","8.23232294860777e-05","4.17812186036027e-05","8.23232294860777e-05"
"('WE', 'Mining of coal and lignite; extraction of peat (10)')","8.24537402351942e-05","2.49899358962498e-05","8.24436367824976e-05"
"('AT', 'Collection, purification and distribution of water (41)')","4.05921352572627e-05","3.69376719559293e-05","2.25314283512398e-05"
"('BG', 'Supporting and auxiliary transport activities; activities of travel agencies (63)')","8.13201852828276e-05","5.36904163561554e-05","8.13198612447704e-05"
"('SI', 'Construction (45)')","8.23955138530266e-05","5.85296841973433e-05","8.2393535066797e-05"
"('FR', 'Forestry, logging and related service activities (02)')","8.25359103434953e-05","7.06073805600234e-05","7.54632359906626e-05"
"('PL', 'Aluminium production')","8.16330532210986e-05","3.89519381464565e-05","8.10664674237871e-05"
"('TR', 'Manufacture of ceramic goods')","8.30559966579744e-05","2.1215330044224e-05","8.1427766840478e-05"
"('FR', 'Pigs farming')","8.19808681140147e-05","4.46979253796637e-05","8.10713415652222e-05"
"('ID', 'Transport via pipelines')","8.15101750205129e-05","7.74410743349831e-05","3.97025060462695e-05"
"('MT', 'Computer and related activities (72)')","8.18473913551073e-05","3.52179101671357e-05","8.18441965209088e-05"
"('MX', 'Distribution and trade of electricity')","7.20292441092454e-05","6.84917078390186e-05","4.28249062377141e-05"
"('TW', 'Processing of meat poultry')","8.1538252091245e-05","1.91195045217256e-05","8.15203937591787e-05"
"('BE', 'Distribution and trade of electricity')","8.35423971381315e-05","5.50595354610244e-05","5.93068746054018e-05"
"('PL', 'Education (80)')","8.09605374559069e-05","3.20368140627122e-05","8.09605366574713e-05"
"('MX', 'Raw milk')","8.27987796484791e-05","5.86222738384929e-05","7.4525226886608e-05"
"('DK', 'Processing of dairy products')","8.16520549517578e-05","2.52493341237989e-05","7.9858824635302e-05"
"('FI', 'Manufacture of motor vehicles, trailers and semi-trailers (34)')","8.03813478731204e-05","2.85094205904415e-05","8.03803142786795e-05"
"('FI', 'Pulp')","8.5276475263338e-05","5.68471427159557e-05","6.04129637747518e-05"
"('FI', 'Processing of Food products nec')","8.02903079877027e-05","3.39022429075996e-05","8.0241443018868e-05"
"('IE', 'Processing of Food products nec')","8.03184597823456e-05","5.89714560990346e-05","7.98098330372376e-05"
"('RU', 'Manufacture of gas; distribution of gaseous fuels through mains')","7.16622618940471e-05","4.49798939647078e-05","5.7705988689936e-05"
"('WM', 'Extraction, liquefaction, and regasification of other petroleum and gaseous materials')","9.49674791025446e-05","8.70620546423423e-05","1.94014385267993e-05"
"('KR', 'Other non-ferrous metal production')","8.18538907998057e-05","4.67892098025257e-05","6.5643531468117e-05"
"('PL', 'Processing of meat pigs')","8.17229943216677e-05","1.82084888660706e-05","7.90539291423432e-05"
"('DK', 'Incineration of waste: Food')","0.000121394506089463","9.91779264117441e-05","5.68354858955251e-05"
"('ES', 'Retail sale of automotive fuel')","2.76802724901735e-05","2.34875408552265e-05","1.75193085323879e-05"
"('WF', 'Manufacture of beverages')","8.14609779200424e-05","6.48060398002382e-05","6.53645736865494e-05"
"('TR', 'Processing of meat poultry')","8.04042172466758e-05","1.06836178834928e-05","7.91573988561765e-05"
"('CZ', 'Aluminium production')","7.82332138221499e-05","4.37532041604169e-05","7.65201003095651e-05"
"('AU', 'Manufacture of other transport equipment (35)')","4.78766451471133e-05","2.82568726061558e-05","4.7867292142736e-05"
"('HU', 'Hotels and restaurants (55)')","7.85802693810475e-05","1.70483883608993e-05","7.85800767789167e-05"
"('PL', 'Air transport (62)')","7.76792019955396e-05","3.60892817784408e-05","7.76670639611168e-05"
"('CZ', 'Manufacture of basic iron and steel and of ferro-alloys and first products thereof')","7.84810979972718e-05","4.03044791453092e-05","7.83197679710075e-05"
"('WL', 'Production of electricity by coal')","6.32840027467972e-05","4.57368515226393e-05","3.99592926271195e-05"
"('MX', 'Aluminium production')","7.83625453637529e-05","3.88393039982553e-05","7.58508245585071e-05"
"('MX', 'P- and other fertiliser')","8.07736980922936e-05","2.29277203548679e-05","7.63381195988796e-05"
"('AT', 'Recycling of waste and scrap')","6.37574924180713e-05","6.06192444729067e-05","1.09270722552482e-05"
"('KR', 'Steam and hot water supply')","8.25617906780579e-05","7.14347827189597e-05","2.61598823246433e-05"
"('ES', 'Incineration of waste: Metals and Inert materials')","0.000203094980892984","0.000194303652533731","5.16188578166847e-05"
"('JP', 'Forestry, logging and related service activities (02)')","7.77363656013923e-05","4.05537890548273e-05","7.68075934955769e-05"
"('PT', 'Renting of machinery and equipment without operator and of personal and household goods (71)')","7.38834979464306e-05","6.12935759781597e-05","7.21280094290715e-05"
"('TW', 'Manufacture of fish products')","7.79080772824361e-05","8.76400542748192e-06","7.771887376402e-05"
"('HU', 'Processing of Food products nec')","7.77414908566378e-05","3.11274417020859e-05","7.77108040092639e-05"
"('WL', 'Processing vegetable oils and fats')","8.63453689773188e-05","7.06471244374087e-05","4.08542166393819e-05"
"('PT', 'Manufacture of wearing apparel; dressing and dyeing of fur (18)')","7.76262426043368e-05","3.29866976789422e-05","7.76226082963168e-05"
"('ES', 'Sea and coastal water transport')","6.71389215243655e-05","2.93916317621629e-05","6.56920744688332e-05"
"('AU', 'Sugar refining')","0.000139290003671067","0.000120868607677332","3.52756043843303e-05"
"('PL', 'Raw milk')","7.74245290934705e-05","4.42652085321976e-05","7.71467477086131e-05"
"('WL', 'Manufacture of ceramic goods')","7.96497936555913e-05","4.57013385750643e-05","7.73190572098357e-05"
"('WE', 'Processing of meat pigs')","7.77404599975448e-05","1.09534182071381e-05","7.7302640269887e-05"
"('DK', 'Manufacture of motor vehicles, trailers and semi-trailers (34)')","7.71727291241156e-05","2.36718887186956e-05","7.71720607765243e-05"
"('WF', 'Cultivation of paddy rice')","8.10343910614726e-05","7.24400846216801e-05","5.82463302750967e-05"
"('WE', 'Raw milk')","7.80592201575272e-05","6.2593995138165e-05","7.27014228339109e-05"
"('NL', 'Recreational, cultural and sporting activities (92)')","7.70287638522337e-05","3.89356003545567e-05","7.67737113019745e-05"
"('RO', 'Cultivation of cereal grains nec')","7.7546247265369e-05","5.72279856898662e-05","7.20553986271674e-05"
"('HR', 'Financial intermediation, except insurance and pension funding (65)')","7.66631126018722e-05","6.74704481946838e-05","7.66582165465694e-05"
"('FI', 'Plastics, basic')","7.65556683338016e-05","3.40586572175491e-05","7.60408937625202e-05"
"('DK', 'Research and development (73)')","7.62056837063895e-05","4.60021315876983e-05","7.61545644323553e-05"
"('DE', 'Cultivation of cereal grains nec')","7.91512693034148e-05","6.60755643046277e-05","6.33011878437678e-05"
"('BE', 'Activities of membership organisation n.e.c. (91)')","7.65405707954503e-05","4.54052869775954e-05","7.62796562761561e-05"
"('BR', 'Manufacture of other transport equipment (35)')","7.06024736253566e-05","2.65991578410615e-05","7.05925797959155e-05"
"('WF', 'Private households with employed persons (95)')","7.6103411982786e-05","4.54105279946001e-05","7.6103411982786e-05"
"('SE', 'Plastics, basic')","7.53977800263419e-05","4.16430519510054e-05","7.45730406337444e-05"
"('WF', 'Processing of dairy products')","7.86510806830244e-05","6.02922616608564e-05","6.63373672107266e-05"
"('KR', 'Casting of metals')","0.000116640037912362","9.19659287154912e-05","6.75088065777242e-05"
"('SE', 'Manufacture of basic iron and steel and of ferro-alloys and first products thereof')","7.57062746082412e-05","5.5793683862817e-05","7.49400115740296e-05"
"('PL', 'Insurance and pension funding, except compulsory social security (66)')","7.43995249164978e-05","3.14951339909921e-05","7.42251395808394e-05"
"('IE', 'Manufacture of cement, lime and plaster')","8.27033913676584e-05","8.06214479774355e-05","7.30326646191655e-05"
"('GB', 'Manufacture of wearing apparel; dressing and dyeing of fur (18)')","7.55236035844591e-05","1.36629229992119e-05","7.55081429319824e-05"
"('PT', 'Health and social work (85)')","7.54669572342178e-05","1.50094799385443e-05","7.54669572342178e-05"
"('SE', 'Manufacture of cement, lime and plaster')","8.41806573567736e-05","6.69457868350605e-05","7.3746672178759e-05"
"('WM', 'Activities of membership organisation n.e.c. (91)')","7.66713190221983e-05","4.47681101286384e-05","7.52579708384286e-05"
"('GB', 'Other non-ferrous metal production')","7.04003361501955e-05","3.81078080075732e-05","6.02226363292605e-05"
"('CZ', 'Manufacture of textiles (17)')","7.51131695442635e-05","3.81565381113117e-05","7.51123307910206e-05"
"('IT', 'Mining of chemical and fertilizer minerals, production of salt, other mining and quarrying n.e.c.')","0.000117686268487138","0.000103660498086897","2.28550023993007e-05"
"('FI', 'Forestry, logging and related service activities (02)')","7.51304365588011e-05","6.87266761147412e-05","7.0688751306065e-05"
"('GB', 'Private households with employed persons (95)')","7.5054759964988e-05","7.5054759964988e-05","7.5054759964988e-05"
"('NO', 'Aluminium production')","7.39900057349432e-05","4.55955947125713e-05","7.18654192286871e-05"
"('MX', 'Pigs farming')","7.64942719931419e-05","5.54457010685063e-05","7.31354971347885e-05"
"('BG', 'Mining of precious metal ores and concentrates')","6.95475848992922e-05","6.60166665870001e-05","1.74272255477993e-05"
"('IT', 'Poultry farming')","8.10097361595526e-05","5.38109893214166e-05","7.15197112415669e-05"
"('PL', 'Supporting and auxiliary transport activities; activities of travel agencies (63)')","6.81074060525323e-05","6.1174914903164e-05","6.7606394504897e-05"
"('PL', 'Precious metals production')","7.06276870585154e-05","4.83009542062678e-05","6.23825646602965e-05"
"('SE', 'Sale, maintenance, repair of motor vehicles, motor vehicles parts, motorcycles, motor cycles parts and accessoiries')","6.9558866259113e-05","3.70357938676313e-05","6.94877961552508e-05"
"('IT', 'Manufacture of fish products')","8.198754487175e-05","5.22656929267789e-05","7.35495333500866e-05"
"('RU', 'Inland water transport')","5.5359449205157e-05","5.16596012325081e-05","1.02626756664755e-05"
"('FR', 'Cultivation of oil seeds')","8.47561020125361e-05","6.59889041659463e-05","6.74574341123082e-05"
"('RU', 'Cultivation of oil seeds')","7.68910685309079e-05","5.93708840990622e-05","6.50058583689401e-05"
"('ID', 'Cultivation of cereal grains nec')","7.82571511426924e-05","7.4805700288056e-05","6.89212677780335e-05"
"('DK', 'Incineration of waste: Paper')","0.000107193816528681","8.45619116079872e-05","5.68127852162659e-05"
"('AT', 'Health and social work (85)')","7.41210436793156e-05","8.72361282584483e-06","7.41210436793156e-05"
"('HU', 'Public administration and defence; compulsory social security (75)')","7.37659045983893e-05","2.99609588710326e-05","7.37657826594065e-05"
"('TW', 'Manufacture of tobacco products (16)')","7.88043684616526e-05","1.91485720971902e-05","7.39768703255073e-05"
"('IE', 'Hotels and restaurants (55)')","7.27032305422894e-05","2.29601924173824e-05","7.26607950576841e-05"
"('WF', 'Tanning and dressing of leather; manufacture of luggage, handbags, saddlery, harness and footwear (19)')","7.38302982888022e-05","2.2725374434545e-05","7.36945630802582e-05"
"('FI', 'Health and social work (85)')","7.3754054174111e-05","1.92029195660033e-05","7.3754054174111e-05"
"('GB', 'Re-processing of secondary steel into new steel')","7.23422517071084e-05","3.22926816772715e-05","7.10585675905889e-05"
"('AT', 'Other non-ferrous metal production')","5.95479738002073e-05","4.04450781992238e-05","5.4481618654441e-05"
"('SI', 'Wholesale trade and commission trade, except of motor vehicles and motorcycles (51)')","7.35673676845629e-05","4.85555214105513e-05","7.35673673743418e-05"
"('BR', 'Manufacture of glass and glass products')","7.41736231012323e-05","5.80916975724109e-05","6.64335310437017e-05"
"('IN', 'Manufacture of bricks, tiles and construction products, in baked clay')","0.000155227310492979","0.000145519686966437","4.69318466000817e-05"
"('FR', 'Processing of meat poultry')","7.68407883849996e-05","1.87323950079146e-05","7.29682160918497e-05"
"('CZ', 'Manufacture of wood and of products of wood and cork, except furniture; manufacture of articles of straw and plaiting materials (20)')","7.30795207670975e-05","3.69102886042116e-05","7.2955411431348e-05"
"('SE', 'Distribution and trade of electricity')","7.02550530174822e-05","5.60978776283111e-05","5.72516439484814e-05"
"('WF', 'Manufacture of ceramic goods')","7.46123967733727e-05","4.8177802332943e-05","7.28883206750354e-05"
"('NO', 'Activities auxiliary to financial intermediation (67)')","6.94179506909279e-05","4.11923009789509e-05","6.93855108913122e-05"
"('DK', 'Retail trade, except of motor vehicles and motorcycles; repair of personal and household goods (52)')","7.23904105213727e-05","4.35673617131282e-05","7.23895784325648e-05"
"('RO', 'Public administration and defence; compulsory social security (75)')","7.27718836106784e-05","2.47132636192027e-05","7.22712162756509e-05"
"('MX', 'Activities auxiliary to financial intermediation (67)')","6.21062287891191e-05","4.95711092605323e-05","6.18825963672969e-05"
"('SE', 'Processing of dairy products')","7.31135019663179e-05","3.12094894981509e-05","7.24147541026743e-05"
"('NL', 'Waste water treatment, other')","0.00160309008874945","0.00160027496470294","2.01545176564971e-05"
"('SK', 'Transport via railways')","7.01024445289397e-05","4.97378627641182e-05","6.88625818591017e-05"
"('WM', 'Production of electricity by hydro')","6.15312652430891e-05","5.88505867242031e-05","1.15714611663779e-05"
"('CH', 'Transport via railways')","6.44396976266614e-05","4.82635855396379e-05","5.09295654425448e-05"
"('CA', 'Manufacture of medical, precision and optical instruments, watches and clocks (33)')","5.56067150744793e-05","3.67852050936382e-05","5.5474770949834e-05"
"('PL', 'Distribution and trade of electricity')","6.99851675387186e-05","6.37520862628671e-05","5.1731720117757e-05"
"('RO', 'Extraction of natural gas and services related to natural gas extraction, excluding surveying')","7.19834907814262e-05","4.7251134660277e-05","7.11245542720955e-05"
"('BE', 'Manufacture of office machinery and computers (30)')","7.16194192873935e-05","1.54482714934671e-05","7.16187815703141e-05"
"('IT', 'Transmission of electricity')","5.29103377134492e-05","4.30624250966183e-05","2.49041790483629e-05"
"('ES', 'Transport via pipelines')","5.46769936674273e-05","4.73986621350312e-05","2.75443244672171e-05"
"('MT', 'Post and telecommunications (64)')","7.13974558401529e-05","3.71807422411853e-05","7.13972892122854e-05"
"('ID', 'Private households with employed persons (95)')","7.13503258326444e-05","2.75926152646237e-05","7.13503258326444e-05"
"('CZ', 'Transport via railways')","6.76597317070687e-05","5.45197957694983e-05","6.42876599660347e-05"
"('WE', 'Manufacture of cement, lime and plaster')","7.20560119907778e-05","5.04529193789269e-05","7.12143958561759e-05"
"('AU', 'Production of meat products nec')","0.000124106819491872","0.000113038295168946","4.83966975031679e-05"
"('BR', 'N-fertiliser')","7.07317061430759e-05","5.97703524768166e-05","2.49215647008824e-05"
"('HU', 'Retail trade, except of motor vehicles and motorcycles; repair of personal and household goods (52)')","7.09021003361495e-05","2.84622413995542e-05","7.09020943648229e-05"
"('FR', 'Activities of membership organisation n.e.c. (91)')","7.09167894611416e-05","3.58462800955645e-05","7.09167794030274e-05"
"('PT', 'Real estate activities (70)')","7.04507826494916e-05","5.19085496942163e-05","7.04507812768368e-05"
"('BR', 'Manufacture of radio, television and communication equipment and apparatus (32)')","7.06066235414505e-05","4.35531674088869e-05","7.05562727778233e-05"
"('HU', 'Chemicals nec')","7.05656609281218e-05","3.60030615050695e-05","7.0544307590549e-05"
"('FI', 'Chemicals nec')","6.99321854763069e-05","5.3515602706118e-05","6.98475771404492e-05"
"('GB', 'Cattle farming')","7.03548733392263e-05","2.98618107526596e-05","6.83379986117021e-05"
"('WL', 'Sugar refining')","8.62929926604711e-05","8.07692124075713e-05","1.49439714291769e-05"
"('BE', 'Processing of meat pigs')","7.32459172622328e-05","2.59842997636446e-05","6.94642522060608e-05"
"('MX', 'Education (80)')","7.02133843029027e-05","1.22677467852605e-05","7.02130938114551e-05"
"('BR', 'Pigs farming')","0.000160436653415851","0.000154454442770664","6.43307022400493e-05"
"('ID', 'Production of electricity by gas')","5.43302396288923e-05","2.71473410756486e-05","4.39666295892525e-05"
"('WM', 'Animal products nec')","8.40569368516544e-05","8.19392403229529e-05","1.24839239747472e-05"
"('GR', 'Other business activities (74)')","6.95947417512161e-05","5.3237897188447e-05","6.95945205588799e-05"
"('AU', 'Cultivation of cereal grains nec')","7.00183997228075e-05","5.80852464486796e-05","5.76095583513535e-05"
"('CZ', 'Insurance and pension funding, except compulsory social security (66)')","6.84843276277006e-05","2.92579175007858e-05","6.82651720451001e-05"
"('BE', 'Processing of meat cattle')","7.24834558278976e-05","3.81271486162589e-05","5.72705709013671e-05"
"('LU', 'Insurance and pension funding, except compulsory social security (66)')","6.88618845544352e-05","2.09828602727241e-05","6.88308056912348e-05"
"('JP', 'Manufacture of bricks, tiles and construction products, in baked clay')","0.000188547009088714","0.000176773334338967","5.86732577343965e-05"
"('IN', 'Recreational, cultural and sporting activities (92)')","6.89308259657521e-05","3.37689992493631e-05","6.83053976836864e-05"
"('IT', 'Production of electricity by coal')","5.65823022364698e-05","4.04153789798324e-05","3.61115195177979e-05"
"('GR', 'Retail trade, except of motor vehicles and motorcycles; repair of personal and household goods (52)')","6.87973839299002e-05","4.5788685960117e-05","6.87956526174471e-05"
"('ES', 'Activities of membership organisation n.e.c. (91)')","6.92690966491682e-05","3.59730330470549e-05","6.87895606246044e-05"
"('NL', 'Manufacture of wood and of products of wood and cork, except furniture; manufacture of articles of straw and plaiting materials (20)')","6.95594466894113e-05","3.42100098508991e-05","6.81711901455939e-05"
"('GR', 'Construction (45)')","6.83288298524966e-05","2.64695769415756e-05","6.83238265963303e-05"
"('WE', 'Sea and coastal water transport')","6.18595333591028e-05","4.76680593950886e-05","5.89243543158185e-05"
"('PT', 'Manufacture of machinery and equipment n.e.c. (29)')","6.83617097447133e-05","2.88192614094478e-05","6.82602345998023e-05"
"('RO', 'Retail trade, except of motor vehicles and motorcycles; repair of personal and household goods (52)')","6.80913041343963e-05","1.48260681682968e-05","6.80913040939091e-05"
"('BE', 'Pulp')","6.80737097527132e-05","1.72310764098041e-05","6.79628244713195e-05"
"('TR', 'Education (80)')","6.80555544060149e-05","3.06957314559784e-05","6.80555544060149e-05"
"('WE', 'Cattle farming')","6.85134547317566e-05","4.35147748682145e-05","6.51662824667824e-05"
"('KR', 'Raw milk')","6.96731689514119e-05","5.68291327979127e-05","5.29508025981725e-05"
"('TW', 'Copper production')","6.83213022623388e-05","4.24039055809923e-05","6.76937615485009e-05"
"('CZ', 'Landfill of waste: Inert/metal/hazardous')","0.00012882340678001","0.00011418495543243","6.76595550213427e-05"
"('IT', 'Cultivation of cereal grains nec')","7.13360775751277e-05","5.63461498101023e-05","6.13445523682842e-05"
"('ZA', 'P- and other fertiliser')","6.77499302328483e-05","3.26984261871086e-05","6.66688458966706e-05"
"('CZ', 'Air transport (62)')","6.61963857787791e-05","1.62629039088035e-05","6.61963734246694e-05"
"('PL', 'Processing of meat poultry')","7.2079236412349e-05","2.32736323950868e-05","6.65978057581525e-05"
"('IE', 'Education (80)')","6.68006707874037e-05","4.11233538871969e-05","6.65703478170921e-05"
"('CH', 'Paper')","6.72748208823528e-05","3.51463809442529e-05","6.70074772624191e-05"
"('MX', 'Casting of metals')","6.8616549254052e-05","3.46878674522551e-05","6.5408832306929e-05"
"('ID', 'Processing of meat poultry')","8.0175201352155e-05","7.21739198047599e-05","6.25848466041397e-05"
"('IE', 'Health and social work (85)')","6.7118334342671e-05","2.06048686116617e-05","6.71147730733314e-05"
"('CZ', 'Processing of dairy products')","6.72634930107421e-05","1.80656302372392e-05","6.70183020417335e-05"
"('NO', 'Transport via pipelines')","6.24901400378704e-05","5.50714958102243e-05","3.18113497467439e-05"
"('WE', 'Cultivation of vegetables, fruit, nuts')","6.7359819629397e-05","4.67123791188705e-05","6.57908511535597e-05"
"('RU', 'Manufacture of other non-metallic mineral products n.e.c.')","8.33250950107277e-05","6.53440353189254e-05","6.19413737672901e-05"
"('PT', 'Manufacture of beverages')","6.74018634819393e-05","3.02213754199081e-05","6.6632917210916e-05"
"('TW', 'Production of electricity by gas')","6.0820834131437e-05","5.80404254443835e-05","1.91121794062109e-05"
"('AT', 'Chemicals nec')","6.66246929129506e-05","3.85398794832511e-05","6.65842573229301e-05"
"('IN', 'Manufacture of gas; distribution of gaseous fuels through mains')","6.76708278309311e-05","4.73650511426913e-05","4.4451541280186e-05"
"('PL', 'Cultivation of cereal grains nec')","6.81466858480493e-05","4.48485763121887e-05","6.27228784298167e-05"
"('MX', 'Poultry farming')","6.87372232492009e-05","3.89500039007654e-05","6.16990320789405e-05"
"('TR', 'Manufacture of cement, lime and plaster')","7.12192860565699e-05","5.26561020021934e-05","6.58422170662964e-05"
"('WL', 'Processed rice')","8.46453990029398e-05","6.19863652506596e-05","3.93629878833209e-05"
"('DK', 'Pigs farming')","6.6595840496461e-05","4.19318288128627e-05","6.59406173871009e-05"
"('WM', 'Sugar refining')","9.18104701644306e-05","8.08275033917983e-05","2.37247927766608e-05"
"('BE', 'Manufacture of other transport equipment (35)')","6.15073014393512e-05","2.12497419951478e-05","6.15072417018128e-05"
"('ZA', 'Manufacture of wearing apparel; dressing and dyeing of fur (18)')","6.61116444564265e-05","5.9368218400358e-06","6.61116444345948e-05"
"('BR', 'Inland water transport')","4.54982062666906e-05","4.11280306201484e-05","1.51941279880247e-05"
"('PT', 'Computer and related activities (72)')","6.58416896298538e-05","4.45480396989646e-05","6.58206148182449e-05"
"('SE', 'Pulp')","6.63446169260248e-05","3.95622880776327e-05","5.66377045950819e-05"
"('IN', 'Activities of membership organisation n.e.c. (91)')","6.91194331291873e-05","5.9323184889943e-05","6.56970589069529e-05"
"('FR', 'Poultry farming')","6.94099782606827e-05","2.77844430801295e-05","6.5042343366614e-05"
"('NO', 'Research and development (73)')","6.54293011491606e-05","1.07303894093684e-05","6.54281715015653e-05"
"('HR', 'Retail trade, except of motor vehicles and motorcycles; repair of personal and household goods (52)')","6.52906952986032e-05","4.41102187257067e-05","6.52906952977178e-05"
"('TR', 'Production of electricity by coal')","5.77407372751492e-05","3.84725313839749e-05","4.12540538255949e-05"
"('RU', 'Manufacture of ceramic goods')","6.7820817022528e-05","4.82808187452006e-05","5.43853738334546e-05"
"('PL', 'Activities auxiliary to financial intermediation (67)')","6.01035236199597e-05","3.57096467082929e-05","6.00196632809842e-05"
"('WM', 'Processed rice')","6.7658483300365e-05","1.77022338451161e-05","6.29838120548703e-05"
"('RU', 'Precious metals production')","7.4807131909402e-05","6.73578612372455e-05","5.20967717723843e-05"
"('NO', 'Manufacture of fabricated metal products, except machinery and equipment (28)')","6.54643638497587e-05","4.45721729095948e-05","6.50909714473723e-05"
"('NL', 'Extraction of crude petroleum and services related to crude oil extraction, excluding surveying')","6.53214028483119e-05","5.58878725182299e-05","6.41400825134875e-05"
"('WE', 'Paper')","6.48569150357656e-05","3.49469033374249e-05","6.46616110684695e-05"
"('TR', 'Processing of meat cattle')","6.53965190488921e-05","4.44578897524794e-06","6.48357907510512e-05"
"('DE', 'Precious metals production')","6.42183310646491e-05","3.29461057747755e-05","5.40865638462316e-05"
"('WM', 'Cultivation of sugar cane, sugar beet')","7.50448634456729e-05","6.93824298655149e-05","3.46485690776848e-05"
"('SK', 'Manufacture of gas; distribution of gaseous fuels through mains')","6.52002205524798e-05","4.84840899439071e-05","6.20670954611337e-05"
"('MX', 'Sugar refining')","7.42150911317837e-05","6.74350635628315e-05","1.41516428506496e-05"
"('HU', 'Cultivation of cereal grains nec')","6.71547030291563e-05","5.34199477554586e-05","6.04170900743151e-05"
"('WF', 'Animal products nec')","7.70841966294598e-05","7.51879537864603e-05","1.50473284106897e-05"
"('NO', 'Manufacture of other transport equipment (35)')","5.30948572063125e-05","2.92186129564033e-05","5.30729404221327e-05"
"('FR', 'Production of meat products nec')","7.15619711176804e-05","3.51830347585433e-05","6.00520258434996e-05"
"('DK', 'Sale, maintenance, repair of motor vehicles, motor vehicles parts, motorcycles, motor cycles parts and accessoiries')","6.35790947866955e-05","2.25323029996427e-05","6.35790515944654e-05"
"('MX', 'Manufacture of medical, precision and optical instruments, watches and clocks (33)')","5.72410956838563e-05","2.62311831832508e-05","5.7093961523461e-05"
"('IT', 'Incineration of waste: Wood')","0.00240591882059917","0.00239061521651193","7.48482660542562e-05"
"('IT', 'Cultivation of wheat')","6.86992069426321e-05","4.72287781255474e-05","5.30552683217227e-05"
"('DK', 'Manufacture of basic iron and steel and of ferro-alloys and first products thereof')","6.33576689819736e-05","2.88042375968526e-05","6.33108404378484e-05"
"('US', 'Manufacture of coke oven products')","7.88593287819405e-05","4.9019752706628e-05","5.34780232210674e-05"
"('WE', 'Pigs farming')","6.38745120084408e-05","5.71405651057989e-05","6.05957643867362e-05"
"('ES', 'Recycling of waste and scrap')","1.41720892810064e-05","1.24025815321778e-05","5.62362316521389e-06"
"('WL', 'Manufacture of tobacco products (16)')","7.81735491947968e-05","4.28724973434831e-05","5.25619931162805e-05"
"('LT', 'Other land transport')","6.27080830094284e-05","3.35230051589115e-05","6.25258678718773e-05"
"('WF', 'Casting of metals')","6.30094784211067e-05","4.08152399858084e-05","6.06759575283435e-05"
"('WF', 'Sugar refining')","7.07876549878925e-05","6.60084379051783e-05","1.61889203630374e-05"
"('ES', 'Other service activities (93)')","6.22964524323323e-05","2.54009025745818e-05","6.21894673647484e-05"
"('MX', 'Manufacture of other non-metallic mineral products n.e.c.')","6.9250157165794e-05","4.64226160393865e-05","6.0627925068083e-05"
"('FR', 'Mining of chemical and fertilizer minerals, production of salt, other mining and quarrying n.e.c.')","7.24208094572548e-05","4.76763474435695e-05","3.73415248985985e-05"
"('CA', 'Poultry farming')","6.22236957814801e-05","3.95266401192888e-05","6.18137740505119e-05"
"('CZ', 'Quarrying of sand and clay')","5.05234613906545e-05","2.48000638716687e-05","4.36232626544842e-05"
"('HU', 'Transport via railways')","6.00642348435098e-05","4.45667879963589e-05","5.77822761215443e-05"
"('GB', 'Manufacture of glass and glass products')","7.10348033347583e-05","5.99416635712099e-05","5.57858918103264e-05"
"('TW', 'Manufacture of coke oven products')","6.15670812252084e-05","4.55199847577747e-05","5.09635398782879e-05"
"('GR', 'Public administration and defence; compulsory social security (75)')","6.15436893421793e-05","1.4798623487279e-05","6.15379683677796e-05"
"('GB', 'Precious metals production')","6.47281864957538e-05","2.35085686212606e-05","6.13731238865736e-05"
"('TR', 'Processing of dairy products')","6.32747771496942e-05","2.26595923823447e-05","6.04841246843304e-05"
"('TR', 'Production of meat products nec')","6.2349580977575e-05","1.28836609855909e-05","6.09816181896993e-05"
"('FI', 'Activities auxiliary to financial intermediation (67)')","5.77537124686454e-05","4.33377865406077e-05","5.76713686151684e-05"
"('BE', 'Recreational, cultural and sporting activities (92)')","6.15632854274598e-05","3.42458282556668e-05","6.14289304934167e-05"
"('ES', 'Production of electricity by hydro')","4.68331887458469e-05","4.42159827607561e-05","1.66520022559921e-05"
"('CH', 'Manufacture of tobacco products (16)')","7.12741997671999e-05","3.56067684973739e-05","5.20177176824444e-05"
"('NO', 'P- and other fertiliser')","6.53891639134566e-05","3.21162159920126e-05","5.97726568228316e-05"
"('ID', 'Manufacture of electrical machinery and apparatus n.e.c. (31)')","6.08615147979697e-05","3.42100604856145e-05","6.08186885911178e-05"
"('NL', 'Casting of metals')","6.08998110748937e-05","3.71451848300953e-05","6.03884780359008e-05"
"('PL', 'Cultivation of vegetables, fruit, nuts')","6.07069531844444e-05","3.93315082626522e-05","5.94398710971664e-05"
"('KR', 'Activities of membership organisation n.e.c. (91)')","7.38474912824824e-05","4.55450369257339e-05","7.1628093044932e-05"
"('ZA', 'Manufacture of wood and of products of wood and cork, except furniture; manufacture of articles of straw and plaiting materials (20)')","6.09914144194699e-05","5.23613916198405e-05","6.04968642850809e-05"
"('ES', 'Cultivation of cereal grains nec')","6.41548949255431e-05","5.70696611757721e-05","5.61414198195555e-05"
"('BR', 'Cultivation of sugar cane, sugar beet')","6.47797207348883e-05","5.2095214857873e-05","4.56521781366372e-05"
"('AU', 'Wool, silk-worm cocoons')","6.58260955398354e-05","5.7035520072397e-05","3.24065491058286e-05"
"('PT', 'Manufacture of textiles (17)')","6.0390811946127e-05","4.28543756504069e-05","6.03772152597976e-05"
"('US', 'Landfill of waste: Wood')","0.00993706994768145","0.00993706984166648","2.01662132948443e-05"
"('AT', 'Manufacture of textiles (17)')","6.01351219877775e-05","2.87264672558e-05","6.01270890937396e-05"
"('IE', 'Cattle farming')","6.05528616818428e-05","3.50429228852367e-05","5.89920644855845e-05"
"('BR', 'Cultivation of paddy rice')","6.1263045950529e-05","5.37712359317981e-05","5.18443540727175e-05"
"('WE', 'Aluminium production')","6.00504458594024e-05","3.56356127279785e-05","5.83094502275205e-05"
"('IE', 'Public administration and defence; compulsory social security (75)')","5.97229368174531e-05","2.22422387849924e-05","5.94867085795876e-05"
"('WM', 'Cultivation of plant-based fibers')","5.98675733688028e-05","5.45225573916374e-05","4.06409364846036e-05"
"('LV', 'Construction (45)')","5.95835515791945e-05","3.42542566690883e-05","5.95825024167243e-05"
"('DK', 'Manufacture of wood and of products of wood and cork, except furniture; manufacture of articles of straw and plaiting materials (20)')","5.97235739022227e-05","3.31759664572563e-05","5.95541780862679e-05"
"('SE', 'Retail sale of automotive fuel')","2.39697385419623e-05","2.0742185573744e-05","2.01638008239398e-05"
"('WL', 'Manufacture of bricks, tiles and construction products, in baked clay')","9.44010918923136e-05","7.93732142978478e-05","4.99964356323566e-05"
"('DK', 'Steam and hot water supply')","4.09107292947209e-05","2.41081209566765e-05","2.82398087418873e-05"
"('TR', 'Activities auxiliary to financial intermediation (67)')","5.65757693404976e-05","5.18789012067806e-05","5.62926562122657e-05"
"('PT', 'Distribution and trade of electricity')","5.79496182747674e-05","4.15109305222431e-05","5.29688081720364e-05"
"('TR', 'Production of electricity by gas')","5.09367826676537e-05","3.50827884012499e-05","3.02572407473373e-05"
"('WE', 'Manufacture of beverages')","5.9307039731744e-05","2.73427224710513e-05","5.79902234390797e-05"
"('CY', 'Financial intermediation, except insurance and pension funding (65)')","5.86455991401724e-05","5.03297986565741e-05","5.86409776741838e-05"
"('RO', 'Manufacture of beverages')","5.86192177390948e-05","2.06532973970815e-05","5.84302019868784e-05"
"('FR', 'Manufacture of other non-metallic mineral products n.e.c.')","5.93383786005319e-05","3.55284378848652e-05","5.29318655805488e-05"
"('BE', 'Collection, purification and distribution of water (41)')","2.59903632904086e-05","2.20844431427009e-05","1.04206010050677e-05"
"('PT', 'Sale, maintenance, repair of motor vehicles, motor vehicles parts, motorcycles, motor cycles parts and accessoiries')","5.67784765905985e-05","1.95095002216264e-05","5.66242815860148e-05"
"('US', 'Incineration of waste: Wood')","0.000211463647751781","0.000211239904901005","2.03512326191366e-06"
"('SE', 'Chemicals nec')","5.72081089005117e-05","3.87850490851308e-05","5.69970161690637e-05"
"('SE', 'Transport via pipelines')","4.84816384863621e-05","4.1442475913095e-05","3.63911835217527e-05"
"('WE', 'Sale, maintenance, repair of motor vehicles, motor vehicles parts, motorcycles, motor cycles parts and accessoiries')","5.65256790410945e-05","3.02683354270627e-05","5.65250005522037e-05"
"('NL', 'Sugar refining')","6.59110913429122e-05","6.23407521459189e-05","5.61470346121454e-06"
"('WE', 'Transport via pipelines')","8.7537988344474e-05","7.24187799130809e-05","3.22593774938318e-05"
"('AU', 'Manufacture of office machinery and computers (30)')","5.78223020133392e-05","2.56784052297938e-05","5.78205797305248e-05"
"('GR', 'Sea and coastal water transport')","5.03173199722147e-05","2.76140826329832e-05","4.86496278157903e-05"
"('DE', 'Manufacture of ceramic goods')","6.00041491947378e-05","3.60909745942525e-05","5.04629747178278e-05"
"('MT', 'Construction (45)')","5.74034049834757e-05","1.59832682238512e-05","5.74026066139461e-05"
"('BE', 'Incineration of waste: Food')","6.13309824159893e-05","5.67994418509938e-05","1.71232343368017e-05"
"('HR', 'Wholesale trade and commission trade, except of motor vehicles and motorcycles (51)')","5.7081322736481e-05","3.81556156823454e-05","5.7075193861244e-05"
"('NO', 'Processing of Food products nec')","5.68454288358209e-05","3.50449991823402e-05","5.67888212201746e-05"
"('US', 'Landfill of waste: Inert/metal/hazardous')","0.00492222341404601","0.00492184527218184","5.95064088098601e-05"
"('RO', 'Processing of Food products nec')","5.66947463187395e-05","1.44020742467372e-05","5.66937487939364e-05"
"('BE', 'Transport via pipelines')","4.65283519135437e-05","3.38362726197197e-05","2.95281669702732e-05"
"('IT', 'Pigs farming')","5.88465958189911e-05","2.96658699655897e-05","5.49965513064582e-05"
"('BE', 'Publishing, printing and reproduction of recorded media (22)')","5.6065395534752e-05","3.108881886212e-05","5.60645869286349e-05"
"('RU', 'Recreational, cultural and sporting activities (92)')","5.62681785001739e-05","3.8907538782636e-05","5.58931926628061e-05"
"('WE', 'Publishing, printing and reproduction of recorded media (22)')","5.57967263243825e-05","3.72373972864578e-05","5.57949587641549e-05"
"('CH', 'Activities of membership organisation n.e.c. (91)')","5.56129945148889e-05","1.36950293043466e-05","5.56129925429307e-05"
"('GR', 'Cultivation of vegetables, fruit, nuts')","5.56533854107107e-05","3.7087130719468e-05","5.50302013317268e-05"
"('LV', 'Supporting and auxiliary transport activities; activities of travel agencies (63)')","5.55169484379538e-05","2.63619642928253e-05","5.55169481249833e-05"
"('AT', 'Public administration and defence; compulsory social security (75)')","5.51728413586144e-05","1.00558896501703e-05","5.51107073085927e-05"
"('HR', 'Petroleum Refinery')","5.50736765628718e-05","2.21180643665482e-05","5.50383662154689e-05"
"('CA', 'Transport via pipelines')","5.0359264421082e-05","4.06626348100305e-05","3.22122219102128e-05"
"('TR', 'Cultivation of cereal grains nec')","5.50567996522903e-05","4.98019060874911e-05","4.55409971466825e-05"
"('GB', 'Processing of meat cattle')","5.88918340173064e-05","2.45110874881868e-05","5.15713281056745e-05"
"('AT', 'Casting of metals')","5.55941640475242e-05","3.67026963903727e-05","5.48019720065896e-05"
"('GR', 'Hotels and restaurants (55)')","5.45550027739566e-05","2.62709098656661e-05","5.44727211906027e-05"
"('ID', 'Transport via railways')","5.56632496425436e-05","4.51244950863393e-05","4.12106647727508e-05"
"('BE', 'Incineration of waste: Paper')","6.33704156631583e-05","5.86886795962256e-05","1.87751494998405e-05"
"('WE', 'Transport via railways')","5.70161905572034e-05","4.21452535998513e-05","4.76466870828201e-05"
"('ZA', 'Manufacture of other non-metallic mineral products n.e.c.')","5.46734017607086e-05","2.86217140541923e-05","5.42411665422061e-05"
"('AT', 'Insurance and pension funding, except compulsory social security (66)')","5.19575205828068e-05","2.8779055107183e-05","5.1627851612263e-05"
"('BG', 'Manufacture of rubber and plastic products (25)')","5.42938178385566e-05","2.36866587962096e-05","5.42871397449835e-05"
"('WE', 'P- and other fertiliser')","6.07285716913682e-05","4.0858649770516e-05","5.15865693622133e-05"
"('JP', 'Cultivation of crops nec')","5.81210781472557e-05","4.80335818779713e-05","2.94698493076602e-05"
"('AU', 'Cultivation of oil seeds')","6.33907783772661e-05","5.66189790141314e-05","4.95709626504973e-05"
"('NL', 'Activities of membership organisation n.e.c. (91)')","5.39175905651937e-05","2.37347304075836e-05","5.39175860254203e-05"
"('BR', 'Distribution and trade of electricity')","5.22422557687229e-05","3.22443205777133e-05","3.86907347305182e-05"
"('ZA', 'Manufacture of electrical machinery and apparatus n.e.c. (31)')","5.38463000695519e-05","4.15692138663385e-05","5.380259311151e-05"
"('PL', 'Manufacture of glass and glass products')","5.58740594719337e-05","4.00053496658572e-05","5.16310956681914e-05"
"('PL', 'Pigs farming')","5.35766098635173e-05","4.18045274944014e-05","5.34169004970961e-05"
"('AU', 'Plastics, basic')","5.16808441204333e-05","2.23627210390642e-05","5.15134375275932e-05"
"('NL', 'Manufacture of wearing apparel; dressing and dyeing of fur (18)')","5.3409300956051e-05","5.67308251077681e-06","5.3409285915009e-05"
"('CY', 'Construction (45)')","5.29630537123295e-05","2.0736417526673e-05","5.29624952330308e-05"
"('KR', 'Animal products nec')","5.79092878921515e-05","4.63416810660269e-05","1.84160551216687e-05"
"('PT', 'Air transport (62)')","5.30848033090759e-05","8.75193425042051e-06","5.3083771325039e-05"
"('WF', 'Manufacture of medical, precision and optical instruments, watches and clocks (33)')","5.30275871175418e-05","3.25779309318778e-05","5.29056970986077e-05"
"('WF', 'Manufacture of gas; distribution of gaseous fuels through mains')","5.00008093726458e-05","2.22883292768675e-05","4.41182410504992e-05"
"('LU', 'Manufacture of rubber and plastic products (25)')","5.29602304423992e-05","2.58038598281712e-05","5.2958829331006e-05"
"('AT', 'Publishing, printing and reproduction of recorded media (22)')","5.29359765780396e-05","3.00808751425349e-05","5.29343603558834e-05"
"('MX', 'Transmission of electricity')","4.41881788810007e-05","4.26243825039878e-05","1.43298908369784e-05"
"('PL', 'Recreational, cultural and sporting activities (92)')","5.2645757360118e-05","3.39949705168499e-05","5.25724477284609e-05"
"('WF', 'Cultivation of sugar cane, sugar beet')","5.97155789451585e-05","5.73576967012352e-05","2.82701785615536e-05"
"('AU', 'Poultry farming')","5.25188390691269e-05","4.08665656608066e-05","5.25049765972351e-05"
"('ZA', 'Paper')","5.24668981978999e-05","4.0453499976962e-05","5.17368241270099e-05"
"('CA', 'Private households with employed persons (95)')","5.24328303740578e-05","5.24328303740578e-05","5.24328303740578e-05"
"('SE', 'Incineration of waste: Paper')","5.57238692429458e-05","4.74161189341389e-05","2.36079700392023e-05"
"('PL', 'Research and development (73)')","5.19930478012735e-05","2.72666592692246e-05","5.19893311262676e-05"
"('US', 'Fishing, operating of fish hatcheries and fish farms; service activities incidental to fishing (05)')","5.21188624978699e-05","2.28598661256781e-05","5.10960445173745e-05"
"('CZ', 'Post and telecommunications (64)')","5.09382849765619e-05","4.17481443859436e-05","5.06932840647851e-05"
"('ID', 'Processing of meat pigs')","5.2575101929227e-05","6.22376782015954e-06","5.17554580471694e-05"
"('AU', 'P- and other fertiliser')","5.17173576927672e-05","2.20869260942352e-05","5.08312157731338e-05"
"('SK', 'Computer and related activities (72)')","5.14727560401784e-05","3.1526515822366e-05","5.14726393051722e-05"
"('ES', 'Processing vegetable oils and fats')","6.02653762063797e-05","3.95272872045037e-05","3.72753983056239e-05"
"('ES', 'Landfill of waste: Wood')","0.000269166175467881","0.000259764536530901","3.9445945904738e-05"
"('WE', 'Research and development (73)')","5.14126784534639e-05","1.77321950687407e-05","5.14126783929484e-05"
"('DK', 'Raw milk')","5.14227791023073e-05","3.96364435752891e-05","5.12892870497791e-05"
"('ES', 'Processing of dairy products')","5.23608977897686e-05","1.7927148291654e-05","5.0858212290566e-05"
"('DK', 'Post and telecommunications (64)')","4.92390477819148e-05","3.98362254085021e-05","4.89398744931805e-05"
"('RU', 'Manufacture of radio, television and communication equipment and apparatus (32)')","5.11725258260682e-05","4.2684232948363e-05","5.10960344485106e-05"
"('BG', 'Manufacture of fabricated metal products, except machinery and equipment (28)')","5.11346874755836e-05","3.27633248255713e-05","5.10988460339738e-05"
"('CZ', 'Incineration of waste: Oil/Hazardous waste')","0.000105547874321671","8.88934824676167e-05","5.10940353737688e-05"
"('TR', 'Production of electricity by hydro')","4.11240474900925e-05","3.90297310811465e-05","1.67960574059096e-05"
"('WE', 'Manufacture of electrical machinery and apparatus n.e.c. (31)')","5.09300843430094e-05","4.07119188838706e-05","5.08845735018124e-05"
"('IT', 'Processing of meat poultry')","5.85411764683508e-05","3.25570442271308e-05","4.89276686606331e-05"
"('TW', 'Production of electricity by coal')","4.71650535579906e-05","4.52980020370435e-05","2.12908292845462e-05"
"('SE', 'Manufacture of beverages')","5.13044695414771e-05","2.0637737663389e-05","5.07599101327566e-05"
"('KR', 'Pulp')","5.08320056495711e-05","2.89556489276966e-05","4.49772589485326e-05"
"('US', 'Landfill of waste: Food')","0.00566373591850658","0.00566351314069684","4.74300070494712e-05"
"('CH', 'Manufacture of textiles (17)')","5.07186585023702e-05","3.60265680286718e-05","5.07078098064222e-05"
"('CZ', 'Research and development (73)')","5.06523213847804e-05","2.08289864590121e-05","5.06523213847804e-05"
"('FR', 'Fishing, operating of fish hatcheries and fish farms; service activities incidental to fishing (05)')","5.06030276028627e-05","2.7842011549784e-05","5.03639454546048e-05"
"('DE', 'Poultry farming')","5.11851264198414e-05","9.49848633889867e-06","5.04942820751908e-05"
"('NO', 'Manufacture of fish products')","5.17437519016602e-05","2.21354085209033e-05","4.95959825788045e-05"
"('TR', 'Cultivation of plant-based fibers')","5.05460749029755e-05","4.12965077480375e-05","3.34150847207748e-05"
"('AU', 'Processing of meat poultry')","5.07012549568263e-05","1.82395302153385e-06","5.02884723714491e-05"
"('ES', 'Processing of meat poultry')","5.25456805149694e-05","1.38875319402931e-05","4.95702509475775e-05"
"('FI', 'Transport via railways')","4.9100571267792e-05","4.40767656778354e-05","4.13235901196525e-05"
"('LT', 'Supporting and auxiliary transport activities; activities of travel agencies (63)')","4.87378101920104e-05","3.08920086341153e-05","4.87330708280536e-05"
"('FI', 'Processing of dairy products')","5.03601935720312e-05","1.85653620111409e-05","4.94093784551379e-05"
"('FI', 'Re-processing of secondary steel into new steel')","4.9521055844358e-05","2.73528246728575e-05","4.90983214457856e-05"
"('SE', 'Production of electricity by wind')","4.0776476925973e-05","3.89430913773285e-05","1.17260044235716e-05"
"('SI', 'Processing of Food products nec')","4.97256056457632e-05","2.29238100326104e-05","4.97218843106866e-05"
"('BG', 'Processing of Food products nec')","4.96020946545492e-05","2.71362786935727e-05","4.95895875346373e-05"
"('AU', 'Manufacture of fish products')","5.26192188495661e-05","1.71809853067296e-05","4.86963265261825e-05"
"('SK', 'Petroleum Refinery')","4.95879264624676e-05","2.17590863266108e-05","4.94725195553106e-05"
"('WE', 'Cultivation of oil seeds')","5.1508772448014e-05","4.40114242574962e-05","4.4325810125787e-05"
"('GR', 'Processing of Food products nec')","4.95578965038498e-05","2.26724322322667e-05","4.95330870089908e-05"
"('WL', 'Production of meat products nec')","5.95441392257458e-05","5.46930370688578e-05","2.73482049469057e-05"
"('SK', 'Landfill of waste: Inert/metal/hazardous')","6.3862072222244e-05","2.90761310597159e-05","4.93751462242468e-05"
"('ZA', 'Transport via railways')","4.84683205017487e-05","3.21087040071267e-05","4.58865502198934e-05"
"('NL', 'Distribution and trade of electricity')","4.32686706715183e-05","3.95776817391607e-05","2.58489960324815e-05"
"('AU', 'Processed rice')","6.71830687675605e-05","4.86553518736374e-05","3.78123544923028e-05"
"('HR', 'Other land transport')","4.90205999392156e-05","3.4851317201614e-05","4.901176271116e-05"
"('BE', 'Pigs farming')","4.90210954923473e-05","2.57995754324431e-05","4.89328369660354e-05"
"('ID', 'Pigs farming')","4.89552794135261e-05","4.10576361252592e-05","4.89027807343991e-05"
"('FI', 'Education (80)')","4.8902596189273e-05","1.67712225234073e-05","4.89025961866314e-05"
"('MX', 'Fishing, operating of fish hatcheries and fish farms; service activities incidental to fishing (05)')","4.89011505158352e-05","3.29631232213045e-05","4.84814517003037e-05"
"('DE', 'Extraction of natural gas and services related to natural gas extraction, excluding surveying')","4.89952289864618e-05","2.58725883557516e-05","4.81245545002927e-05"
"('SK', 'Plastics, basic')","4.87971322901279e-05","2.86308825092486e-05","4.84497400985755e-05"
"('SE', 'Mining of lead, zinc and tin ores and concentrates')","0.000204408136987261","0.00020019658243964","1.47393079729245e-05"
"('TW', 'Transport via pipelines')","4.78287288909629e-05","3.54207598494005e-05","3.17712929900977e-05"
"('DE', 'Processing of nuclear fuel')","4.8313792854138e-05","2.01725779834344e-06","4.8313792854138e-05"
"('SE', 'Manufacture of office machinery and computers (30)')","4.85248314463047e-05","2.09547350662475e-05","4.85241934542322e-05"
"('ZA', 'Precious metals production')","5.13827032292549e-05","2.61890445915796e-05","4.81147655490148e-05"
"('RU', 'Manufacture of tobacco products (16)')","4.83657579423391e-05","8.73733115281127e-06","4.83657579423391e-05"
"('IE', 'Raw milk')","4.89591964526162e-05","4.23348388607993e-05","4.52600811428157e-05"
"('WF', 'Production of electricity by coal')","3.95626251605358e-05","3.05511265442058e-05","3.04486024173547e-05"
"('GR', 'Post and telecommunications (64)')","4.78764707614455e-05","2.95432203253047e-05","4.78426013075409e-05"
"('PT', 'Cultivation of vegetables, fruit, nuts')","4.76787222965944e-05","3.03898231023171e-05","4.72048187567385e-05"
"('BE', 'Transmission of electricity')","4.51683270840914e-05","4.07489618701151e-05","1.67782722651314e-05"
"('SE', 'Incineration of waste: Food')","5.60366658788125e-05","4.75865790301126e-05","2.03460829344828e-05"
"('ID', 'Manufacture of beverages')","4.87580005901348e-05","2.84364563655228e-05","4.71296973319416e-05"
"('CH', 'Manufacture of glass and glass products')","4.7538621935671e-05","2.41332391608597e-05","4.67828085144011e-05"
"('CZ', 'Paper')","4.7249303081306e-05","2.58532240897748e-05","4.71642190497619e-05"
"('PT', 'Processing of dairy products')","4.76164555348532e-05","2.33055515765898e-05","4.69555159185423e-05"
"('PT', 'Paper')","4.71569871453681e-05","2.40636531394625e-05","4.697555856262e-05"
"('CA', 'Casting of metals')","4.84748115870433e-05","2.80814214068703e-05","4.70261553846762e-05"
"('CZ', 'Renting of machinery and equipment without operator and of personal and household goods (71)')","4.69488931220994e-05","3.28733836222071e-05","4.4412185825968e-05"
"('ZA', 'Manufacture of basic iron and steel and of ferro-alloys and first products thereof')","4.6902221391653e-05","2.62735074568967e-05","4.68202590384722e-05"
"('FI', 'Manufacture of cement, lime and plaster')","4.59265753314891e-05","2.92925608078571e-05","4.55125139405456e-05"
"('IE', 'Manufacture of wood and of products of wood and cork, except furniture; manufacture of articles of straw and plaiting materials (20)')","4.52759914984082e-05","3.51109113903391e-05","4.50841047006797e-05"
"('SI', 'Manufacture of fabricated metal products, except machinery and equipment (28)')","4.68560402641934e-05","3.61532447735594e-05","4.68117231313668e-05"
"('DK', 'Activities auxiliary to financial intermediation (67)')","4.15809797589967e-05","3.37363057992171e-05","4.15512825158835e-05"
"('FI', 'Other non-ferrous metal production')","4.61991352736265e-05","2.66552043197162e-05","3.64482627645336e-05"
"('IE', 'Manufacture of rubber and plastic products (25)')","4.65217264358061e-05","4.11621707564852e-05","4.62705144787939e-05"
"('GR', 'Other land transport')","4.6605807947556e-05","2.61712674500228e-05","4.65363489390291e-05"
"('ES', 'Production of electricity by petroleum and other oil derivatives')","4.40416927057675e-05","3.68209377642436e-05","1.28615108713553e-05"
"('WF', 'Cultivation of plant-based fibers')","4.67938890295522e-05","4.00650474566499e-05","3.01602853615052e-05"
"('WF', 'Activities of membership organisation n.e.c. (91)')","4.67498678804025e-05","1.84587896518148e-05","4.63934282969175e-05"
"('NO', 'Post and telecommunications (64)')","4.46856867188378e-05","3.36016360495706e-05","4.45233493017445e-05"
"('IN', 'Poultry farming')","4.74714084844403e-05","2.09895272267082e-05","4.465369855859e-05"
"('ZA', 'Tanning and dressing of leather; manufacture of luggage, handbags, saddlery, harness and footwear (19)')","4.59843248883397e-05","1.01893958873656e-05","4.59843248785649e-05"
"('WF', 'Forestry, logging and related service activities (02)')","4.58732373415555e-05","4.35857934392528e-05","4.35908918794908e-05"
"('WE', 'Chemicals nec')","4.5870423511304e-05","1.01019499747055e-05","4.58505161453443e-05"
"('TR', 'Manufacture of fish products')","4.66123432997408e-05","9.8374100204825e-06","4.58201232731273e-05"
"('PL', 'Transport via pipelines')","3.94144261340306e-05","3.41644588302627e-05","2.32970732977609e-05"
"('BE', 'Manufacture of glass and glass products')","4.89099433885771e-05","2.83196701406726e-05","4.0529352060845e-05"
"('ZA', 'Air transport (62)')","4.37510395692037e-05","2.02354701252891e-05","4.37486904943339e-05"
"('CA', 'Processing vegetable oils and fats')","4.79390400644114e-05","3.3044722100442e-05","3.04247887864286e-05"
"('CZ', 'Distribution and trade of electricity')","4.64117008249845e-05","2.74514925195243e-05","4.3372714771318e-05"
"('US', 'Landfill of waste: Paper')","0.00565802033166638","0.0056577452309787","4.77253997497356e-05"
"('FI', 'Sea and coastal water transport')","4.49415816074781e-05","1.93621274433746e-05","4.45863569804368e-05"
"('RO', 'Cultivation of vegetables, fruit, nuts')","4.52656940089147e-05","3.41110130868524e-05","4.51584478525439e-05"
"('US', 'Processed rice')","0.000140858916608377","0.0001304007489255","2.64699642989705e-05"
"('IT', 'Lead, zinc and tin production')","4.41641300356795e-05","3.03608499016847e-05","3.53657003347252e-05"
"('FR', 'Meat animals nec')","4.64200700295771e-05","4.62748841574308e-05","1.11905474681679e-05"
"('BG', 'Hotels and restaurants (55)')","4.47118444192823e-05","1.18876041802019e-05","4.4708043060896e-05"
"('RO', 'Sale, maintenance, repair of motor vehicles, motor vehicles parts, motorcycles, motor cycles parts and accessoiries')","4.28319789237181e-05","3.46135392537534e-05","4.27146080946394e-05"
"('US', 'Cultivation of sugar cane, sugar beet')","5.0885985042746e-05","3.52768847745629e-05","4.03072448607223e-05"
"('LV', 'Public administration and defence; compulsory social security (75)')","4.45048850066561e-05","2.79132108671692e-05","4.44894343651622e-05"
"('TR', 'Transport via pipelines')","4.44995386303442e-05","3.73011162330479e-05","3.18790473748855e-05"
"('HU', 'Extraction of crude petroleum and services related to crude oil extraction, excluding surveying')","4.42379619051598e-05","3.00131698704281e-05","4.42379602039058e-05"
"('PT', 'Manufacture of wood and of products of wood and cork, except furniture; manufacture of articles of straw and plaiting materials (20)')","4.4595886215138e-05","2.72499462141098e-05","4.41250853164682e-05"
"('CZ', 'Production of electricity by nuclear')","3.61192514285843e-05","3.07633778565773e-05","2.04130158469445e-05"
"('SE', 'Insurance and pension funding, except compulsory social security (66)')","4.19022616802685e-05","2.35815096363331e-05","4.18226717138981e-05"
"('DK', 'Health and social work (85)')","4.40908058791937e-05","8.28393532433686e-06","4.40907723839156e-05"
"('FR', 'Extraction of crude petroleum and services related to crude oil extraction, excluding surveying')","4.44127764745316e-05","2.4542339240047e-05","4.39666758441262e-05"
"('BR', 'Copper production')","4.40025948425745e-05","1.93492450321587e-05","4.33216555104083e-05"
"('IT', 'Private households with employed persons (95)')","4.39030036748582e-05","4.36581138112682e-05","4.39030036748582e-05"
"('LV', 'Other land transport')","4.39400864080565e-05","2.63193254178874e-05","4.38447579800681e-05"
"('TR', 'Manufacture of furniture; manufacturing n.e.c. (36)')","3.97613743837537e-05","1.66844219442662e-05","3.97613743485123e-05"
"('IT', 'Extraction of natural gas and services related to natural gas extraction, excluding surveying')","4.54930339621249e-05","3.0454310591143e-05","4.00896407815041e-05"
"('WF', 'Inland water transport')","2.71558541114083e-05","1.75302970138948e-05","1.36470512130694e-05"
"('RO', 'Manufacture of wood and of products of wood and cork, except furniture; manufacture of articles of straw and plaiting materials (20)')","4.36797178562033e-05","2.46038908971363e-05","4.32863511167914e-05"
"('DK', 'Education (80)')","4.36908471589552e-05","8.07912084686788e-06","4.36908471525358e-05"
"('PL', 'Composting of food waste, incl. land application')","7.62038574103948e-05","5.52458826109635e-05","4.36745594850283e-05"
"('EE', 'Other land transport')","4.36661050840256e-05","2.63456785547488e-05","4.36097310484584e-05"
"('BG', 'Transport via railways')","4.38787080453707e-05","2.27459405842104e-05","4.18723831398331e-05"
"('GB', 'Fishing, operating of fish hatcheries and fish farms; service activities incidental to fishing (05)')","4.36143587455091e-05","3.02506759803011e-05","4.32274751393499e-05"
"('FI', 'Manufacture of other transport equipment (35)')","4.18281949410616e-05","1.49792671295046e-05","4.18276350136402e-05"
"('US', 'Landfill of waste: Plastic')","0.019636432378244","0.0196364314881514","4.53965505495719e-05"
"('US', 'Production of meat products nec')","5.75163873422744e-05","5.06060853219151e-05","2.20568413746919e-05"
"('HR', 'Hotels and restaurants (55)')","4.32727054582852e-05","2.72614176574637e-05","4.32471329105506e-05"
"('GB', 'Lead, zinc and tin production')","4.3162923123989e-05","2.58532464125457e-05","3.43454806873396e-05"
"('WA', 'Extraction, liquefaction, and regasification of other petroleum and gaseous materials')","5.62436828321124e-05","5.41042282776947e-05","7.92549967948169e-06"
"('WE', 'Processing vegetable oils and fats')","4.70033734160256e-05","3.82387756085749e-05","2.72584749116677e-05"
"('DK', 'Manufacture of office machinery and computers (30)')","4.33355352050166e-05","8.97614034918549e-06","4.33351316686175e-05"
"('RO', 'Education (80)')","4.33138455418051e-05","1.7995310579434e-05","4.33138455418051e-05"
"('ZA', 'Processing of dairy products')","4.37501997216228e-05","3.72356185380634e-05","4.31069978688101e-05"
"('BR', 'Activities of membership organisation n.e.c. (91)')","4.39253832991502e-05","2.61183727168507e-05","4.32337914845485e-05"
"('BE', 'Cattle farming')","4.32244921840918e-05","2.39854961463063e-05","4.32036364795145e-05"
"('HU', 'Sale, maintenance, repair of motor vehicles, motor vehicles parts, motorcycles, motor cycles parts and accessoiries')","4.29701520818084e-05","2.52426338002825e-05","4.29700827814415e-05"
"('WE', 'Copper production')","4.33045222350269e-05","3.51218276992345e-05","3.97211140511949e-05"
"('AU', 'Forestry, logging and related service activities (02)')","4.29833397273894e-05","3.54612674032035e-05","4.19284847448611e-05"
"('ZA', 'Cultivation of cereal grains nec')","4.30596506686084e-05","2.51089029334158e-05","4.19706356000355e-05"
"('RU', 'Private households with employed persons (95)')","4.29863042136337e-05","2.26818118718765e-05","4.29863042136337e-05"
"('NO', 'Distribution and trade of electricity')","4.11873409137163e-05","3.16239794368059e-05","3.17016331795349e-05"
"('ES', 'Mining of chemical and fertilizer minerals, production of salt, other mining and quarrying n.e.c.')","0.000125061253478708","0.000118334927064917","1.63739038098085e-05"
"('ES', 'Manufacture of glass and glass products')","4.1358866941738e-05","3.47061878907623e-05","3.58200308279505e-05"
"('WE', 'Manufacture of wood and of products of wood and cork, except furniture; manufacture of articles of straw and plaiting materials (20)')","4.30274994843403e-05","3.8409513879968e-05","4.22818426136789e-05"
"('RO', 'Other service activities (93)')","4.27347811040361e-05","2.3335495263095e-05","4.27347811040361e-05"
"('WL', 'Lead, zinc and tin production')","4.14154056527676e-05","2.86719544181428e-05","3.22305856711385e-05"
"('LU', 'Air transport (62)')","4.21456694696711e-05","1.03399697375306e-05","4.21407276260396e-05"
"('SE', 'Publishing, printing and reproduction of recorded media (22)')","4.25268931542755e-05","3.84253276578081e-05","4.2523220195371e-05"
"('IT', 'Activities of membership organisation n.e.c. (91)')","4.24844802728877e-05","2.04854125027675e-05","4.24844802728877e-05"
"('IE', 'Transport via pipelines')","4.24490267667806e-05","2.71976696615579e-05","4.14594655994999e-05"
"('PT', 'Re-processing of secondary steel into new steel')","4.23298699478495e-05","2.10335539659885e-05","4.20977908576797e-05"
"('ZA', 'Processing of meat cattle')","4.29352500905968e-05","2.63499284523513e-05","4.15162827126205e-05"
"('TR', 'Tanning and dressing of leather; manufacture of luggage, handbags, saddlery, harness and footwear (19)')","4.22330698219074e-05","2.15274193257505e-05","4.0222037601537e-05"
"('PT', 'Insurance and pension funding, except compulsory social security (66)')","4.18874759523879e-05","1.76406998723851e-05","4.17856714378758e-05"
"('IE', 'Manufacture of gas; distribution of gaseous fuels through mains')","3.24821117976526e-05","3.18295394426297e-05","2.70268378863842e-05"
"('WE', 'Other service activities (93)')","4.1811608073719e-05","7.55834742154693e-06","4.1811608073719e-05"
"('NL', 'Manufacture of beverages')","4.20554586805624e-05","2.49785577646662e-05","3.59257879716528e-05"
"('AT', 'Forestry, logging and related service activities (02)')","4.18459989914445e-05","3.79311518698168e-05","3.87377401415686e-05"
"('BR', 'Private households with employed persons (95)')","4.15329017771166e-05","2.75674805554381e-05","4.15329017771166e-05"
"('WE', 'Mining of copper ores and concentrates')","4.67278798569658e-05","4.62251057919084e-05","2.79811966546518e-06"
"('DE', 'Landfill of waste: Inert/metal/hazardous')","0.000445282955092358","0.000427209134883524","5.33834947668166e-05"
"('MX', 'Extraction of natural gas and services related to natural gas extraction, excluding surveying')","4.12031642037391e-05","3.7649697833037e-05","3.51240195723404e-05"
"('BG', 'Retail sale of automotive fuel')","3.31589664532366e-05","1.75405383605356e-05","3.3124681759098e-05"
"('PL', 'Landfill of waste: Food')","7.70216355972814e-05","5.82635027603967e-05","3.69962409533029e-05"
"('RO', 'Manufacture of cement, lime and plaster')","4.11079195839383e-05","2.9787584996999e-05","4.11060422565984e-05"
"('NO', 'Health and social work (85)')","4.10969022384413e-05","3.65207189130658e-06","4.10969022379427e-05"
"('BE', 'Education (80)')","4.10692267609965e-05","7.97237356434299e-06","4.10687583730178e-05"
"('NL', 'Other service activities (93)')","4.10088939596817e-05","1.60341119747409e-05","4.10088938168164e-05"
"('LT', 'Other business activities (74)')","4.09738049976261e-05","3.44031494883861e-05","4.09720125468417e-05"
"('PL', 'Production of electricity by wind')","3.31911808344999e-05","3.22328289684807e-05","9.80016399077323e-06"
"('FI', 'Post and telecommunications (64)')","3.93442795110817e-05","3.50897188729544e-05","3.92140029976539e-05"
"('WE', 'Computer and related activities (72)')","4.06025208221821e-05","3.31069468703602e-05","4.05878123475801e-05"
"('CZ', 'Manufacture of glass and glass products')","4.08691483626348e-05","2.51464957531091e-05","3.97652725848995e-05"
"('AU', 'Copper production')","4.09277326501023e-05","2.00945112630162e-05","3.95837942106353e-05"
"('SE', 'Transmission of electricity')","3.70912707513678e-05","3.29690131575997e-05","2.05954401015605e-05"
"('NO', 'Manufacture of motor vehicles, trailers and semi-trailers (34)')","4.07658993157348e-05","1.65043601388947e-05","4.07647440487347e-05"
"('FI', 'Sale, maintenance, repair of motor vehicles, motor vehicles parts, motorcycles, motor cycles parts and accessoiries')","4.05078104540892e-05","2.11621134657591e-05","4.05063377320285e-05"
"('DK', 'Manufacture of textiles (17)')","4.07493769895328e-05","2.58575751078909e-05","4.07471726238743e-05"
"('WM', 'Manufacture of bricks, tiles and construction products, in baked clay')","9.2989774573357e-05","8.27441911301502e-05","4.05511334254683e-05"
"('GB', 'Processing of meat poultry')","4.20680465135426e-05","7.99848224897232e-06","3.95023473611525e-05"
"('IE', 'Manufacture of fabricated metal products, except machinery and equipment (28)')","4.09126764072949e-05","3.60738844939254e-05","4.0251468291136e-05"
"('PL', 'Cultivation of wheat')","4.18180513487121e-05","3.14061537611674e-05","3.68078230840867e-05"
"('ES', 'Production of electricity by solar photovoltaic')","3.8677604608148e-05","3.78660025740646e-05","9.6447517211331e-06"
"('TR', 'Manufacture of beverages')","4.02713924161502e-05","1.33599785915326e-05","3.99165981122472e-05"
"('EE', 'Construction (45)')","3.93764164376947e-05","1.93046211705655e-05","3.91907120796817e-05"
"('CZ', 'Petroleum Refinery')","3.98118118249383e-05","1.34499760087981e-05","3.95578587806551e-05"
"('CZ', 'Health and social work (85)')","3.96301299577559e-05","9.31369770548548e-06","3.96301298638582e-05"
"('NL', 'Landfill of waste: Inert/metal/hazardous')","0.000171537474930329","0.000163755341912579","3.95590592841874e-05"
"('PL', 'Transmission of electricity')","3.72046107408824e-05","3.58221452747969e-05","1.7347913286881e-05"
"('HU', 'Manufacture of basic iron and steel and of ferro-alloys and first products thereof')","3.92992729601467e-05","2.22439660943269e-05","3.91803448820402e-05"
"('DE', 'Cultivation of oil seeds')","3.96424733631335e-05","2.25274161656923e-05","3.74292049987046e-05"
"('SI', 'Manufacture of rubber and plastic products (25)')","3.92556256848726e-05","1.58043105376604e-05","3.92384278785632e-05"
"('TW', 'Recreational, cultural and sporting activities (92)')","3.90790523403685e-05","1.83645735550122e-05","3.89459040928364e-05"
"('TW', 'Fishing, operating of fish hatcheries and fish farms; service activities incidental to fishing (05)')","3.89895102696949e-05","1.42321461720898e-06","3.89830378172329e-05"
"('GB', 'Cultivation of vegetables, fruit, nuts')","3.89786005851291e-05","2.46640189963564e-05","3.83441639269548e-05"
"('TR', 'Manufacture of tobacco products (16)')","3.91041968516308e-05","1.05349869654925e-05","3.88302287089768e-05"
"('CZ', 'Activities auxiliary to financial intermediation (67)')","3.85003337074831e-05","2.93701400991661e-05","3.84999138997927e-05"
"('AU', 'Re-processing of secondary steel into new steel')","3.86731485364819e-05","1.70956489812175e-05","3.85436468016781e-05"
"('GR', 'Sale, maintenance, repair of motor vehicles, motor vehicles parts, motorcycles, motor cycles parts and accessoiries')","3.8115548546804e-05","3.19247417503701e-05","3.8114897173354e-05"
"('BR', 'Animal products nec')","4.87849614762319e-05","4.29192733998364e-05","1.14691946424242e-05"
"('TR', 'Manufacture of other transport equipment (35)')","3.71723536029377e-05","1.48346699135454e-05","3.71670608752568e-05"
"('PT', 'Incineration of waste: Metals and Inert materials')","4.23694027548376e-05","3.524004888354e-05","3.76636675871546e-05"
"('NL', 'Aluminium production')","3.86690295834775e-05","1.99878288834005e-05","3.83628480500501e-05"
"('PT', 'Public administration and defence; compulsory social security (75)')","3.85314955132228e-05","9.90872390582664e-06","3.85268872428039e-05"
"('RO', 'Distribution and trade of electricity')","3.87168292617497e-05","2.32240567043867e-05","3.71384826901075e-05"
"('FR', 'Manufacture of ceramic goods')","4.03764196982956e-05","2.70752883140398e-05","3.70604818830798e-05"
"('BE', 'Re-processing of secondary steel into new steel')","3.81721000633588e-05","1.79262340559567e-05","3.80554315338492e-05"
"('JP', 'Mining of iron ores')","3.79329795746255e-05","3.71621464590993e-05","2.58735056770858e-06"
"('WE', 'Cultivation of wheat')","3.96673127158666e-05","3.41233631584816e-05","3.41921233368897e-05"
"('MX', 'Computer and related activities (72)')","3.8228584764609e-05","3.0302740923805e-06","3.8228581373684e-05"
"('DK', 'Insurance and pension funding, except compulsory social security (66)')","3.44412703253219e-05","1.71728493424191e-05","3.44140362671192e-05"
"('SK', 'Copper production')","3.79791469147796e-05","2.52425760548834e-05","3.68454077301155e-05"
"('SI', 'Supporting and auxiliary transport activities; activities of travel agencies (63)')","3.80320768424161e-05","3.15235234895913e-05","3.8031204519598e-05"
"('ES', 'Manufacture of ceramic goods')","4.0408576637606e-05","2.82618458434813e-05","3.6280196956649e-05"
"('CZ', 'Manufacture of other transport equipment (35)')","3.68078557641365e-05","1.31227165690748e-05","3.68078300668338e-05"
"('WF', 'Precious metals production')","3.82289970158814e-05","2.23004357104144e-05","3.75979250606508e-05"
"('HU', 'Manufacture of beverages')","3.80634303387643e-05","1.54284572595209e-05","3.77740403993798e-05"
"('PL', 'Waste water treatment, other')","7.05680305514498e-05","5.56423571531207e-05","2.94407827580269e-05"
"('CZ', 'Retail sale of automotive fuel')","2.25554078651512e-05","1.62910603621085e-05","1.9853591751598e-05"
"('ZA', 'Distribution and trade of electricity')","3.64988704595824e-05","3.25019772634701e-05","3.24254831865602e-05"
"('ES', 'Poultry farming')","3.9664582507839e-05","2.22165525699029e-05","3.75345745318023e-05"
"('BR', 'Manufacture of tobacco products (16)')","3.76828886810988e-05","5.1397972552246e-06","3.76828886810988e-05"
"('CZ', 'Chemicals nec')","3.72584071580489e-05","1.80260763986178e-05","3.72581644427786e-05"
"('FR', 'Manufacture of bricks, tiles and construction products, in baked clay')","8.0348201235883e-05","6.88694422016744e-05","3.65788279688051e-05"
"('CZ', 'Waste water treatment, food')","0.000104508524450479","9.45679409928549e-05","3.35402613473686e-05"
"('BR', 'Manufacture of gas; distribution of gaseous fuels through mains')","3.91137317674808e-05","2.53347365472183e-05","3.07846289087289e-05"
"('GB', 'Cultivation of wheat')","4.0566925611364e-05","2.23150707972416e-05","3.42514684659563e-05"
"('CZ', 'Landfill of waste: Textiles')","4.48292940844411e-05","4.0757648501042e-05","1.10715133290498e-05"
"('WE', 'Processing of meat cattle')","3.82394575494332e-05","1.4667902823632e-05","3.51614952775116e-05"
"('WM', 'Manufacture of tobacco products (16)')","5.55057617843595e-05","3.38159986528302e-05","3.68455795467748e-05"
"('PT', 'Landfill of waste: Inert/metal/hazardous')","4.02307631687526e-05","3.27590248618387e-05","3.71573124743664e-05"
"('US', 'Cultivation of paddy rice')","6.009661939609e-05","5.27729864300034e-05","2.63134147982047e-05"
"('CH', 'Private households with employed persons (95)')","3.69693525382697e-05","2.47665510970424e-05","3.69693525382697e-05"
"('ES', 'Private households with employed persons (95)')","3.69343995158934e-05","3.67849656347132e-05","3.69343995158934e-05"
"('NL', 'Incineration of waste: Plastic')","9.54604564876965e-05","9.24317598802435e-05","1.63013089065517e-05"
"('PT', 'Landfill of waste: Food')","3.97871705899528e-05","2.50508354811424e-05","3.66710069422398e-05"
"('TR', 'P- and other fertiliser')","3.66916677778699e-05","1.23779240690561e-05","3.6384291498992e-05"
"('PL', 'Tanning and dressing of leather; manufacture of luggage, handbags, saddlery, harness and footwear (19)')","3.65850247934755e-05","7.36083423997638e-06","3.65821446721624e-05"
"('HR', 'Public administration and defence; compulsory social security (75)')","3.65581179864172e-05","1.31784447445546e-05","3.65581127951055e-05"
"('NL', 'Poultry farming')","3.68453988385829e-05","9.68932584494324e-06","3.64710627302909e-05"
"('TR', 'Meat animals nec')","3.64240903476903e-05","3.25901255129055e-05","1.03101146279403e-05"
"('DE', 'Production of electricity by hydro')","3.38800418055596e-05","3.22950539448698e-05","6.79191413581104e-06"
"('ID', 'Other non-ferrous metal production')","3.59659404148786e-05","3.20303754319106e-05","2.76824286666499e-05"
"('RO', 'Extraction of crude petroleum and services related to crude oil extraction, excluding surveying')","3.61218436850456e-05","2.89466721649251e-07","3.61218436850405e-05"
"('WE', 'Production of electricity by gas')","4.34508305895058e-05","2.59271047943385e-05","2.60446715670371e-05"
"('RO', 'Plastics, basic')","3.59714541558005e-05","1.98648543927418e-05","3.58756228548487e-05"
"('FR', 'Landfill of waste: Plastic')","0.000632485662719485","0.00062695497020027","4.23454252135619e-05"
"('PL', 'Forestry, logging and related service activities (02)')","3.57980311751842e-05","3.05526538217399e-05","3.42811901251032e-05"
"('TW', 'Cultivation of paddy rice')","3.58037422300185e-05","1.59051434824426e-05","3.52624107623527e-05"
"('ES', 'Cattle farming')","3.56190905829176e-05","1.16175488534251e-05","3.54855032245445e-05"
"('CZ', 'Incineration of waste: Metals and Inert materials')","7.09408257270355e-05","6.41653401594673e-05","3.40121619540576e-05"
"('KR', 'Poultry farming')","3.55135047377444e-05","2.29833892205469e-05","3.52027305495423e-05"
"('WE', 'Manufacture of office machinery and computers (30)')","3.54727497678475e-05","1.64371753809366e-05","3.54727493142009e-05"
"('BR', 'Extraction of natural gas and services related to natural gas extraction, excluding surveying')","3.54776197277302e-05","3.09226693429185e-05","2.8414705088953e-05"
"('BE', 'Production of electricity by gas')","2.9596591612677e-05","2.35547435952637e-05","2.01206727736674e-05"
"('WF', 'Pulp')","3.59877972779737e-05","2.64509992705273e-05","3.12046028263659e-05"
"('ES', 'Transmission of electricity')","3.34784696018589e-05","3.03211260390186e-05","1.4314612007825e-05"
"('BE', 'Quarrying of stone')","4.73825023630986e-05","2.51613701463388e-05","3.28518851016454e-05"
"('NL', 'Manufacture of tobacco products (16)')","3.6182435317656e-05","6.56841403970217e-06","3.52348699276308e-05"
"('HU', 'Research and development (73)')","3.520411864243e-05","2.04561257230061e-05","3.52041182028671e-05"
"('FI', 'Air transport (62)')","3.51306529178435e-05","1.23519820274326e-05","3.51306228700215e-05"
"('NL', 'Lead, zinc and tin production')","4.09898513457176e-05","2.68062945727695e-05","3.02098420900948e-05"
"('SI', 'Manufacture of machinery and equipment n.e.c. (29)')","3.50803740226875e-05","9.50300887315343e-06","3.50798348302791e-05"
"('WL', 'Forestry, logging and related service activities (02)')","3.5027889533935e-05","3.32213722291471e-05","3.45341440691024e-05"
"('TW', 'P- and other fertiliser')","3.50508074814333e-05","1.5097939036742e-05","3.47234658510013e-05"
"('DK', 'Biogasification of sewage slugde, incl. land application')","4.7187028099312e-05","2.59690883647411e-05","3.4929076480086e-05"
"('ZA', 'Pulp')","3.52060164749343e-05","2.13348409765428e-05","3.13983109806645e-05"
"('NO', 'Education (80)')","3.47757791889732e-05","1.17885851365655e-05","3.47757791889732e-05"
"('HU', 'Manufacture of wood and of products of wood and cork, except furniture; manufacture of articles of straw and plaiting materials (20)')","3.48642051794964e-05","1.69949047079653e-05","3.4745063119321e-05"
"('RO', 'Manufacture of office machinery and computers (30)')","3.46727771024257e-05","7.42149700718162e-06","3.46726684308763e-05"
"('WA', 'Animal products nec')","3.72152376825198e-05","3.63675585035442e-05","5.24943976844826e-06"
"('CZ', 'Manufacture of beverages')","3.46970052685156e-05","1.14437558138219e-05","3.45599073338009e-05"
"('TR', 'Extraction, liquefaction, and regasification of other petroleum and gaseous materials')","4.09776609072904e-05","3.70707257127647e-05","1.77591845120864e-05"
"('DE', 'Cultivation of sugar cane, sugar beet')","4.0562278004068e-05","3.40242219178518e-05","2.63584180742014e-05"
"('BE', 'Inland water transport')","1.18434410475929e-05","8.76173406991296e-06","9.16505390809094e-06"
"('TW', 'Mining of precious metal ores and concentrates')","3.26881058932496e-05","3.07305875715176e-05","8.79645351832277e-06"
"('CH', 'Retail sale of automotive fuel')","1.66639081754932e-05","1.24729414692609e-05","9.56547588994844e-06"
"('CZ', 'Incineration of waste: Paper')","7.75972948174063e-05","7.17747708368112e-05","3.24895378205111e-05"
"('PL', 'Landfill of waste: Inert/metal/hazardous')","6.61996669607324e-05","5.02387028301555e-05","3.3845624694234e-05"
"('NL', 'Incineration of waste: Oil/Hazardous waste')","0.000195531849682101","0.000189528867587166","3.19391179445173e-05"
"('SE', 'Manufacture of other transport equipment (35)')","3.31098074609583e-05","1.63758779818755e-05","3.31077884209196e-05"
"('NO', 'Manufacture of wood and of products of wood and cork, except furniture; manufacture of articles of straw and plaiting materials (20)')","3.42382423761718e-05","2.09729331978834e-05","3.37152610848294e-05"
"('US', 'Lead, zinc and tin production')","3.42984998735418e-05","2.27626626432405e-05","2.69759180451736e-05"
"('AU', 'Lead, zinc and tin production')","3.35935170891524e-05","1.71369050737993e-05","2.93833831952019e-05"
"('IN', 'Processing of meat cattle')","3.60747332619221e-05","1.78651215741864e-05","2.5589963592751e-05"
"('EE', 'Wholesale trade and commission trade, except of motor vehicles and motorcycles (51)')","3.34720872438133e-05","1.84660735256304e-05","3.34615662726477e-05"
"('PT', 'Landfill of waste: Paper')","3.5741398367064e-05","3.025423193386e-05","3.34011938473212e-05"
"('MX', 'Processing of meat poultry')","3.33348101209797e-05","1.71433455950162e-06","3.33158634035553e-05"
"('ES', 'Manufacture of other non-metallic mineral products n.e.c.')","3.43299653279029e-05","2.7194936658988e-05","3.04411485515084e-05"
"('SK', 'Financial intermediation, except insurance and pension funding (65)')","3.3049964303511e-05","2.15590253016024e-05","3.30292389380912e-05"
"('RU', 'Production of meat products nec')","3.56801967540235e-05","2.24660270594894e-05","3.18883066542867e-05"
"('RO', 'Transport via railways')","3.2828267867854e-05","1.669239857003e-05","3.24239268122368e-05"
"('WE', 'Manufacture of fish products')","3.3454517971842e-05","1.60502083530549e-05","3.18870364064372e-05"
"('BR', 'Fishing, operating of fish hatcheries and fish farms; service activities incidental to fishing (05)')","3.35179319034332e-05","2.52855882373294e-05","2.84273619140285e-05"
"('DK', 'Manufacture of gas; distribution of gaseous fuels through mains')","3.25341057275069e-05","7.14469011073274e-06","3.2142280184035e-05"
"('BR', 'Manufacture of medical, precision and optical instruments, watches and clocks (33)')","3.28209491184176e-05","1.89615691851851e-05","3.27459914985684e-05"
"('NL', 'Incineration of waste: Metals and Inert materials')","0.000129804263735999","0.000123203922724697","3.01327126782947e-05"
"('NO', 'Other non-ferrous metal production')","3.31235559711287e-05","1.67963874799846e-05","2.96281334260895e-05"
"('RO', 'Raw milk')","3.29187200171576e-05","3.97838121413823e-06","3.29145187838428e-05"
"('SE', 'Activities of membership organisation n.e.c. (91)')","3.28658854298119e-05","1.33724382734716e-05","3.28658851637912e-05"
"('IT', 'Fishing, operating of fish hatcheries and fish farms; service activities incidental to fishing (05)')","3.28239056930735e-05","1.84040447818043e-05","3.28152157598588e-05"
"('ID', 'Transmission of electricity')","2.01153864409671e-05","1.69545764420352e-05","1.5064273284589e-05"
"('ES', 'Cultivation of wheat')","3.61254545459234e-05","2.70360427642495e-05","2.96067979947525e-05"
"('CZ', 'Production of electricity by coal')","3.20576778408058e-05","1.81428613414985e-05","2.95157100554075e-05"
"('ZA', 'Recreational, cultural and sporting activities (92)')","3.27462099767857e-05","2.55531633515649e-06","3.27462099767857e-05"
"('CZ', 'Composting of food waste, incl. land application')","5.78274529176063e-05","5.23642258543785e-05","3.27447010985058e-05"
"('MX', 'Cultivation of sugar cane, sugar beet')","3.27303226369534e-05","1.05103067358344e-05","3.22671865174502e-05"
"('AU', 'Manufacture of other non-metallic mineral products n.e.c.')","4.36029905521825e-05","3.32959646031406e-05","3.2374973244729e-05"
"('SK', 'Aluminium production')","3.27090287323278e-05","1.72922545023845e-05","3.21372651692881e-05"
"('IN', 'Manufacture of medical, precision and optical instruments, watches and clocks (33)')","2.9905371191491e-05","1.50897384693167e-05","2.9896188063767e-05"
"('WE', 'Sugar refining')","3.6297602703105e-05","1.75023088769294e-05","2.55313939710568e-05"
"('PT', 'Manufacture of cement, lime and plaster')","3.28532328934694e-05","2.22855708224249e-05","3.26146824324792e-05"
"('ZA', 'Manufacture of cement, lime and plaster')","3.30628479722899e-05","2.32957049894688e-05","3.25429627143117e-05"
"('SK', 'Incineration of waste: Metals and Inert materials')","4.31864198810333e-05","3.49598519058443e-05","3.25234459028322e-05"
"('ES', 'Processing of meat cattle')","3.65324849577992e-05","2.28740059265172e-05","2.74097163591381e-05"
"('PL', 'Processing of meat cattle')","3.43313405663727e-05","1.77739006847698e-05","3.07966347177984e-05"
"('JP', 'Manufacture of tobacco products (16)')","3.25181838843847e-05","3.32228079764187e-06","3.01602235136693e-05"
"('BG', 'P- and other fertiliser')","3.2368857838312e-05","1.88687595202628e-05","3.22442528325754e-05"
"('SE', 'Quarrying of sand and clay')","3.6156630281235e-05","2.9884516176273e-05","2.36763688578282e-05"
"('DK', 'Extraction of natural gas and services related to natural gas extraction, excluding surveying')","3.2241006773179e-05","1.90789633993283e-05","3.20628682755852e-05"
"('TW', 'Other non-ferrous metal production')","3.25920011578808e-05","2.44205193974709e-05","3.18004716637848e-05"
"('WE', 'Manufacture of radio, television and communication equipment and apparatus (32)')","3.23027751899532e-05","2.82163716170225e-05","3.22698175980924e-05"
"('ID', 'Forestry, logging and related service activities (02)')","3.22744352251287e-05","2.99664068934012e-05","2.94744922482031e-05"
"('TR', 'Casting of metals')","3.41021679153192e-05","1.97380750051067e-05","3.22333822600782e-05"
"('GR', 'Activities auxiliary to financial intermediation (67)')","3.21438393733177e-05","2.45908287425326e-05","3.21167691639586e-05"
"('HU', 'Manufacture of wearing apparel; dressing and dyeing of fur (18)')","3.2215600150782e-05","1.65358029017411e-05","3.22156001092024e-05"
"('BG', 'Lead, zinc and tin production')","3.22009994886207e-05","2.04721792030683e-05","3.05453765366783e-05"
"('CZ', 'Raw milk')","3.22001689320354e-05","2.12736382758065e-05","3.21995471896296e-05"
"('WE', 'Steam and hot water supply')","2.94919616241363e-05","1.86496648511593e-05","2.29758952586805e-05"
"('MT', 'Sea and coastal water transport')","3.20635534294203e-05","1.51467063748818e-05","3.20337852164283e-05"
"('FI', 'Insurance and pension funding, except compulsory social security (66)')","3.03548951905161e-05","1.32827468036396e-05","3.03044546699172e-05"
"('PT', 'Manufacture of office machinery and computers (30)')","3.20535813991089e-05","5.11164106747374e-06","3.20535699944025e-05"
"('WM', 'Production of electricity by coal')","3.29793895358986e-05","2.4220399380931e-05","1.45784631834695e-05"
"('BR', 'Forestry, logging and related service activities (02)')","3.19150800952461e-05","2.8270828478341e-05","3.04001972771629e-05"
"('MX', 'Recreational, cultural and sporting activities (92)')","3.19264642838562e-05","1.00025338226927e-05","3.19252165528406e-05"
"('TR', 'Mining of coal and lignite; extraction of peat (10)')","3.18010172812772e-05","2.38074641306514e-05","3.09432946573004e-05"
"('NL', 'Cattle farming')","3.2064961187243e-05","1.92676150976378e-05","3.13641268242563e-05"
"('DK', 'Recreational, cultural and sporting activities (92)')","3.18784393746885e-05","1.87229459562465e-05","3.18109795983988e-05"
"('MX', 'Processing of dairy products')","3.21160616236874e-05","1.23871451843395e-05","3.17070956193178e-05"
"('GR', 'Supporting and auxiliary transport activities; activities of travel agencies (63)')","3.1427250918046e-05","2.7718827492288e-05","3.14224406514318e-05"
"('WE', 'Fishing, operating of fish hatcheries and fish farms; service activities incidental to fishing (05)')","3.16046980645571e-05","2.29848036773534e-05","3.15439261957259e-05"
"('MT', 'Manufacture of motor vehicles, trailers and semi-trailers (34)')","3.15698568457346e-05","1.37247472329237e-05","3.15692676170649e-05"
"('EE', 'Other business activities (74)')","3.14513822956874e-05","2.49011105394921e-05","3.14507615085749e-05"
"('LU', 'Manufacture of gas; distribution of gaseous fuels through mains')","2.86849147086784e-05","2.01122246514597e-05","2.85587933007114e-05"
"('FI', 'Manufacture of beverages')","3.15977068847578e-05","1.72279572710937e-05","3.13094874942146e-05"
"('SI', 'Chemicals nec')","3.12634603665781e-05","2.50567468326798e-05","3.12517985567912e-05"
"('CZ', 'Education (80)')","3.11389721629078e-05","1.10837378526874e-05","3.11389721629078e-05"
"('WL', 'Animal products nec')","3.64421439286344e-05","3.41017494668268e-05","6.68511031927794e-06"
"('PL', 'Sugar refining')","3.66710012432253e-05","2.9349154321672e-05","1.6530912217018e-05"
"('CZ', 'Copper production')","3.08781234476051e-05","1.1321738066316e-05","3.00340345004729e-05"
"('AU', 'Cultivation of sugar cane, sugar beet')","4.38094945801153e-05","4.23605523610969e-05","2.17191987403122e-05"
"('NO', 'Re-processing of secondary steel into new steel')","3.06576628981874e-05","1.62353597817416e-05","3.06378325924445e-05"
"('CN', 'Mining of nickel ores and concentrates')","3.08726404313805e-05","3.04804434246304e-05","8.89568340079632e-07"
"('FI', 'Copper production')","3.04822310858842e-05","1.8666311866775e-05","2.99682058287847e-05"
"('FI', 'Research and development (73)')","3.07189959697801e-05","1.36897457526729e-05","3.07189945427546e-05"
"('PL', 'Other service activities (93)')","3.0698890704397e-05","1.3761177604146e-05","3.06988903011648e-05"
"('BE', 'Incineration of waste: Oil/Hazardous waste')","0.000904564420740426","0.00089707075249582","3.22531984680426e-05"
"('PT', 'Transport via railways')","3.11456584729116e-05","2.50754107842669e-05","2.94059055195054e-05"
"('WE', 'Health and social work (85)')","3.04105266705178e-05","7.30799321355506e-06","3.04105266705178e-05"
"('BG', 'Sale, maintenance, repair of motor vehicles, motor vehicles parts, motorcycles, motor cycles parts and accessoiries')","2.98642703249239e-05","2.00753264528612e-05","2.98420202929339e-05"
"('AU', 'Retail sale of automotive fuel')","1.22536542304195e-05","9.91785116497089e-06","1.22536542304195e-05"
"('LV', 'Manufacture of wood and of products of wood and cork, except furniture; manufacture of articles of straw and plaiting materials (20)')","3.0176628973608e-05","1.41183955854831e-05","3.01330052910835e-05"
"('ZA', 'Poultry farming')","3.01844363859049e-05","1.59081185376286e-05","2.98378168600775e-05"
"('MX', 'Other service activities (93)')","3.00501069168431e-05","2.83046673134993e-06","3.00501069075521e-05"
"('ZA', 'Other service activities (93)')","2.98760592924734e-05","1.71794928705224e-05","2.98760592924734e-05"
"('WE', 'Activities auxiliary to financial intermediation (67)')","2.91414179231909e-05","2.19268545755699e-05","2.91060122513963e-05"
"('PL', 'Extraction of natural gas and services related to natural gas extraction, excluding surveying')","3.08340478251507e-05","2.71271301484676e-05","2.71626431947929e-05"
"('BG', 'Manufacture of beverages')","2.99253517917728e-05","1.50615427922767e-05","2.96987387026121e-05"
"('SE', 'Activities auxiliary to financial intermediation (67)')","2.80625804926938e-05","2.25821413987735e-05","2.80357194473116e-05"
"('SK', 'Renting of machinery and equipment without operator and of personal and household goods (71)')","2.94006856036039e-05","2.41033523791137e-05","2.88951868199812e-05"
"('HU', 'Health and social work (85)')","2.96080686993317e-05","6.24967494500154e-06","2.96080686981353e-05"
"('WE', 'Distribution and trade of electricity')","2.82505851492555e-05","2.50456087815498e-05","2.43622939812813e-05"
"('DE', 'Manufacture of tobacco products (16)')","3.26251604855227e-05","1.03735272781249e-05","2.95915571881453e-05"
"('SE', 'Manufacture of textiles (17)')","2.95847074681651e-05","1.30670403796566e-05","2.95837084786985e-05"
"('WA', 'Manufacture of gas; distribution of gaseous fuels through mains')","3.05123143105703e-05","2.38979779372849e-05","1.63498254062152e-05"
"('FI', 'Manufacture of office machinery and computers (30)')","2.95218124308875e-05","1.60953477566669e-05","2.95212411580206e-05"
"('TW', 'Lead, zinc and tin production')","2.93339206976398e-05","2.33790114966918e-05","2.02968036214616e-05"
"('CA', 'Tanning and dressing of leather; manufacture of luggage, handbags, saddlery, harness and footwear (19)')","2.94804917131113e-05","1.17851413958658e-05","2.94624282876945e-05"
"('LV', 'Real estate activities (70)')","2.9429538377057e-05","2.07794681912406e-05","2.94295383770564e-05"
"('WE', 'Tanning and dressing of leather; manufacture of luggage, handbags, saddlery, harness and footwear (19)')","2.94321381155271e-05","8.6057039848559e-06","2.94182057637827e-05"
"('NO', 'Manufacture of textiles (17)')","2.94071578791122e-05","1.08090563394238e-05","2.94062533830037e-05"
"('PL', 'Biogasification of sewage slugde, incl. land application')","0.00327848765019294","0.00326937209383157","3.23696261523967e-05"
"('NL', 'Other non-ferrous metal production')","2.70290957165061e-05","1.57818477788201e-05","2.5031518180504e-05"
"('PT', 'Activities auxiliary to financial intermediation (67)')","2.91857691176076e-05","2.25212814928295e-05","2.91857289240275e-05"
"('WE', 'Manufacture of other transport equipment (35)')","2.56385297289606e-05","1.94600921903595e-05","2.5622871422716e-05"
"('SE', 'Re-processing of secondary steel into new steel')","2.91991702608431e-05","1.87533976117386e-05","2.85906109331456e-05"
"('HU', 'Processing of dairy products')","2.9332929286304e-05","7.64357629327222e-06","2.92761598195988e-05"
"('WE', 'Insurance and pension funding, except compulsory social security (66)')","2.90181394103044e-05","1.65867738986158e-05","2.90181386397312e-05"
"('HR', 'Extraction of crude petroleum and services related to crude oil extraction, excluding surveying')","2.91419332921182e-05","1.91334165712188e-05","2.91337901727894e-05"
"('BG', 'Production of electricity by coal')","2.89886924719702e-05","1.39438673080699e-05","2.68982659163171e-05"
"('WE', 'Casting of metals')","2.89550090086501e-05","1.67374436030843e-05","2.85700809308239e-05"
"('LT', 'Quarrying of stone')","3.00917406607053e-05","2.85010793588947e-05","1.99476674550758e-05"
"('BG', 'Production of electricity by nuclear')","2.55144011966479e-05","2.2620344932068e-05","1.93753151768963e-05"
"('CZ', 'Landfill of waste: Wood')","0.000117564873017188","0.000111836537342054","2.55402378640277e-05"
"('SE', 'Aluminium production')","2.85159136314074e-05","1.850880455624e-05","2.78013178420393e-05"
"('CZ', 'Incineration of waste: Food')","6.69651756352882e-05","6.12091624454444e-05","2.72054590755209e-05"
"('RO', 'Research and development (73)')","2.85262530627671e-05","1.795661744705e-05","2.85262530627671e-05"
"('RO', 'Manufacture of basic iron and steel and of ferro-alloys and first products thereof')","2.83592739718898e-05","1.72551295390921e-05","2.8335581027784e-05"
"('CA', 'Production of electricity by coal')","2.59104135905648e-05","1.54697730123628e-05","1.82511438815485e-05"
"('WE', 'Production of meat products nec')","2.94095019312454e-05","2.11590453782652e-05","2.45358876912586e-05"
"('HR', 'Real estate activities (70)')","2.8244191280475e-05","2.39128208905529e-05","2.8244191280475e-05"
"('IT', 'Steam and hot water supply')","3.17134934025424e-05","2.6290641183189e-05","1.2674482869032e-05"
"('SI', 'Financial intermediation, except insurance and pension funding (65)')","2.82322267644167e-05","2.25171869927748e-05","2.82300786978884e-05"
"('NO', 'Composting of food waste, incl. land application')","6.19542411258961e-05","4.85034158649199e-05","2.82306447276911e-05"
"('RO', 'Manufacture of textiles (17)')","2.80603489993597e-05","1.64656520961402e-05","2.80584438592731e-05"
"('TR', 'Cultivation of oil seeds')","2.94436461097197e-05","2.64883880306066e-05","2.37749549276115e-05"
"('IN', 'Cattle farming')","2.80304622004586e-05","2.40653501169561e-05","2.57290671102097e-05"
"('RO', 'P- and other fertiliser')","2.81795356297571e-05","1.29486023960002e-05","2.77714242481173e-05"
"('RU', 'Sugar refining')","3.2961726318827e-05","1.79506913963845e-05","2.33984506754183e-05"
"('LU', 'Retail trade, except of motor vehicles and motorcycles; repair of personal and household goods (52)')","2.78694737301072e-05","1.48513617917601e-05","2.78694737006166e-05"
"('HU', 'Education (80)')","2.78898303647432e-05","1.13187110991739e-05","2.78898303647432e-05"
"('BE', 'Production of electricity by wind')","1.59449531087392e-05","1.46111179331201e-05","7.11567612408507e-06"
"('WF', 'Production of electricity by Geothermal')","1.07931625362036e-05","9.48481157384546e-06","3.17188526733051e-06"
"('SI', 'Computer and related activities (72)')","2.78293981895101e-05","2.323412909562e-05","2.78254886087479e-05"
"('SI', 'Other business activities (74)')","2.78245739136204e-05","2.03830539293423e-05","2.78244784579809e-05"
"('SI', 'Pulp')","2.77875744590319e-05","1.02646929145524e-05","2.77817560940712e-05"
"('US', 'Cultivation of crops nec')","2.77192915621612e-05","1.92516939324658e-05","2.43477321180752e-05"
"('DK', 'Activities of membership organisation n.e.c. (91)')","2.75644026765812e-05","1.65929696951833e-05","2.7564402097966e-05"
"('CH', 'Other service activities (93)')","2.75911439233579e-05","2.08823989480208e-05","2.7530354802746e-05"
"('BE', 'Cultivation of vegetables, fruit, nuts')","2.74762186182201e-05","2.02242285138373e-05","2.72589744946242e-05"
"('PL', 'Manufacture of other non-metallic mineral products n.e.c.')","2.6139327344903e-05","1.72051658967903e-05","2.51376621316797e-05"
"('IE', 'Processing of meat pigs')","3.61667476530643e-05","3.52025751460751e-05","2.061609248323e-05"
"('IT', 'Processed rice')","4.39575433062934e-05","3.97532861906203e-05","1.40257889342742e-05"
"('CZ', 'Forestry, logging and related service activities (02)')","2.7172778918851e-05","1.7173563622072e-05","2.70273264384272e-05"
"('BE', 'Composting of food waste, incl. land application')","0.000366762223828221","0.000359646402746668","2.71653350194286e-05"
"('PL', 'Lead, zinc and tin production')","2.71213591316157e-05","1.54812177513685e-05","2.52716452933529e-05"
"('ZA', 'Processing of meat poultry')","2.71137336067983e-05","1.05462491441577e-05","2.70586769516587e-05"
"('WL', 'Cultivation of plant-based fibers')","2.7161895911253e-05","2.3820612620625e-05","1.74027410834177e-05"
"('NO', 'Processing of dairy products')","2.72653879828048e-05","1.54037009302156e-05","2.69277326108825e-05"
"('NO', 'Incineration of waste: Oil/Hazardous waste')","9.1532356350306e-05","8.08404020231752e-05","2.7001485683147e-05"
"('LU', 'Hotels and restaurants (55)')","2.66344303857402e-05","1.27723846085537e-05","2.66344268291254e-05"
"('GR', 'Health and social work (85)')","2.69405307836174e-05","4.14935557663376e-06","2.69405307836174e-05"
"('NL', 'Biogasification of sewage slugde, incl. land application')","0.000130297149559938","0.000125519758684134","2.69235780821379e-05"
"('CA', 'Precious metals production')","2.69102244332652e-05","1.07281119767952e-05","2.66114612916049e-05"
"('IT', 'Production of meat products nec')","3.00677422485129e-05","2.0189045874909e-05","2.50548153439216e-05"
"('PL', 'Manufacture of ceramic goods')","2.81742185744827e-05","1.59827867851506e-05","2.62122357006539e-05"
"('ID', 'Manufacture of other non-metallic mineral products n.e.c.')","2.72532041048187e-05","1.85087630282956e-05","2.67574877472486e-05"
"('IT', 'Meat animals nec')","4.22496328616747e-05","4.20068237417955e-05","1.19930515849498e-05"
"('KR', 'Production of electricity by solar photovoltaic')","2.67532047755792e-05","2.64346306131715e-05","2.8439992342323e-06"
"('CH', 'P- and other fertiliser')","2.86583999487858e-05","1.7742949087949e-05","2.6708099234628e-05"
"('GR', 'Manufacture of cement, lime and plaster')","2.6648016322456e-05","2.10762246180427e-05","2.58904506861347e-05"
"('IN', 'Production of meat products nec')","2.94024620506956e-05","1.55475171768306e-05","2.66687016763748e-05"
"('SK', 'Public administration and defence; compulsory social security (75)')","2.63570797592805e-05","1.35768242913917e-05","2.63567921618948e-05"
"('MX', 'Animal products nec')","3.03646779798051e-05","1.4737762852649e-05","2.25188364106363e-05"
"('NL', 'Manufacture of fish products')","2.67532713757242e-05","1.41277250597563e-05","2.51203252697026e-05"
"('LT', 'Computer and related activities (72)')","2.65906154444938e-05","2.08041729400382e-05","2.65903825759156e-05"
"('AT', 'Processing of meat cattle')","2.83085688862769e-05","1.68283556481124e-05","2.50075520034134e-05"
"('WE', 'Production of electricity by coal')","2.6033661346995e-05","1.03564490467659e-05","2.42807813023582e-05"
"('IE', 'Aluminium production')","2.64560074193287e-05","2.17406159157524e-05","2.55134867077362e-05"
"('HU', 'Aluminium production')","2.63703653576284e-05","1.40874080679544e-05","2.62885481003502e-05"
"('SK', 'Processing of Food products nec')","2.64123967686202e-05","8.07168430867732e-06","2.64112607864903e-05"
"('PL', 'Cattle farming')","2.63918277982815e-05","1.43671990553389e-05","2.63171496866994e-05"
"('CZ', 'Recreational, cultural and sporting activities (92)')","2.63767746887135e-05","1.47567985514241e-05","2.63579772801996e-05"
"('TR', 'Manufacture of coke oven products')","2.62755010700579e-05","1.43874868458362e-05","2.54850587242111e-05"
"('HU', 'Insurance and pension funding, except compulsory social security (66)')","2.58855021367097e-05","1.48845344626389e-05","2.58651057983579e-05"
"('HR', 'Processing of Food products nec')","2.62560445401312e-05","1.04918018869892e-05","2.62505730969647e-05"
"('ZA', 'Manufacture of ceramic goods')","2.59453261765935e-05","1.96006826422345e-05","2.39345318076418e-05"
"('RO', 'Recreational, cultural and sporting activities (92)')","2.62368205774989e-05","1.993406323329e-05","2.61156218303937e-05"
"('NO', 'Recreational, cultural and sporting activities (92)')","2.62184529899775e-05","1.4074663136128e-05","2.62184529088841e-05"
"('CH', 'Manufacture of other non-metallic mineral products n.e.c.')","2.64158673145536e-05","1.38201973598304e-05","2.58660485301743e-05"
"('PT', 'Chemicals nec')","2.60517261529553e-05","1.47284150150762e-05","2.60499722123638e-05"
"('HU', 'Pulp')","2.60365496063052e-05","1.42051008266561e-05","2.59136696756435e-05"
"('GR', 'Publishing, printing and reproduction of recorded media (22)')","2.5998592221005e-05","1.60729157157252e-05","2.5998395999393e-05"
"('TW', 'Transport via railways')","2.58485022989091e-05","6.81760076801761e-06","2.56338303163458e-05"
"('PT', 'Research and development (73)')","2.57922430130165e-05","1.57998115808832e-05","2.57922430130165e-05"
"('IT', 'Forestry, logging and related service activities (02)')","2.58612018177506e-05","2.24289881618006e-05","2.45150029011077e-05"
"('SI', 'Real estate activities (70)')","2.57172530315355e-05","2.174421968724e-05","2.57172530269626e-05"
"('JP', 'Production of electricity by Geothermal')","1.88770855928592e-05","1.82756524118056e-05","8.8557683498172e-07"
"('AT', 'Re-processing of secondary steel into new steel')","2.56086675309999e-05","1.05538339293384e-05","2.54390634809229e-05"
"('CZ', 'Manufacture of cement, lime and plaster')","2.57810286345335e-05","1.65873573624177e-05","2.48216453148726e-05"
"('ES', 'Landfill of waste: Plastic')","0.000144342817264722","0.000137879517393009","2.89336921434823e-05"
"('SK', 'Manufacture of beverages')","2.54690588845788e-05","1.28226836554307e-05","2.53905572817256e-05"
"('ZA', 'Sale, maintenance, repair of motor vehicles, motor vehicles parts, motorcycles, motor cycles parts and accessoiries')","2.49642652126391e-05","9.33328364809514e-06","2.49642185629604e-05"
"('TW', 'Distribution and trade of electricity')","2.35685227298192e-05","2.29777247044904e-05","1.73875728247777e-05"
"('LV', 'Financial intermediation, except insurance and pension funding (65)')","2.53396107836258e-05","1.42814248456235e-05","2.53392421603975e-05"
"('HU', 'Manufacture of cement, lime and plaster')","2.54370542579652e-05","1.58304677439511e-05","2.51506986694305e-05"
"('WF', 'Other non-ferrous metal production')","2.51664803006223e-05","1.93046503827376e-05","2.18229465530246e-05"
"('SE', 'Fishing, operating of fish hatcheries and fish farms; service activities incidental to fishing (05)')","2.51681701964646e-05","2.26522732086863e-05","2.49833337734562e-05"
"('NL', 'Manufacture of basic iron and steel and of ferro-alloys and first products thereof')","2.51426057748247e-05","1.03688576034938e-05","2.51346910879248e-05"
"('AU', 'Distribution and trade of electricity')","2.51348626844303e-05","2.37708868908251e-06","2.51348626844303e-05"
"('PT', 'Casting of metals')","2.53202608155783e-05","1.48921832815942e-05","2.50807821148671e-05"
"('ES', 'Fishing, operating of fish hatcheries and fish farms; service activities incidental to fishing (05)')","2.51212673750992e-05","1.53976493341051e-05","2.49520893991224e-05"
"('NO', 'Landfill of waste: Inert/metal/hazardous')","6.09588399549542e-05","4.93645767687369e-05","2.51021657302751e-05"
"('GB', 'Biogasification of food waste, incl. land application')","7.45994194520289e-05","7.31375391495422e-05","5.45114408378309e-06"
"('PL', 'Copper production')","2.50001621852958e-05","9.56035583391268e-06","2.45640113029028e-05"
"('SI', 'Retail trade, except of motor vehicles and motorcycles; repair of personal and household goods (52)')","2.50526309515811e-05","1.52380335461182e-05","2.50526308708769e-05"
"('WE', 'Education (80)')","2.4959081302367e-05","9.12721380451761e-06","2.4959081302367e-05"
"('BG', 'Cultivation of wheat')","2.50370091785716e-05","1.09784730794822e-05","2.42890005284432e-05"
"('SE', 'Incineration of waste: Plastic')","3.26240560779598e-05","2.81717269357826e-05","1.57485726059944e-05"
"('AU', 'Tanning and dressing of leather; manufacture of luggage, handbags, saddlery, harness and footwear (19)')","2.47628052082065e-05","1.58977444198507e-05","2.47535725469863e-05"
"('BR', 'Extraction, liquefaction, and regasification of other petroleum and gaseous materials')","2.74954613840917e-05","1.84847307818855e-05","1.52528407448492e-05"
"('NO', 'Insurance and pension funding, except compulsory social security (66)')","2.34822104656313e-05","1.54165756897881e-05","2.34773207483041e-05"
"('CZ', 'Processing of nuclear fuel')","2.46656739337336e-05","2.13987336083403e-06","2.46656739337336e-05"
"('BG', 'Manufacture of cement, lime and plaster')","2.46705065846291e-05","1.59333446297294e-05","2.46562994840765e-05"
"('TR', 'Public administration and defence; compulsory social security (75)')","2.4264606262964e-05","5.81082000229563e-06","2.42188356129965e-05"
"('DE', 'Processing vegetable oils and fats')","2.69664697379759e-05","1.46410721179501e-05","2.11256940474835e-05"
"('SI', 'Public administration and defence; compulsory social security (75)')","2.45534176534606e-05","1.23618735948271e-05","2.45429108528552e-05"
"('MT', 'Hotels and restaurants (55)')","2.45409533124449e-05","6.99867904139965e-06","2.4540952588303e-05"
"('DK', 'Pulp')","2.45330992503356e-05","1.53851599051403e-05","2.385986275989e-05"
"('MX', 'Cultivation of wheat')","2.45467899051684e-05","1.4578311124858e-05","2.17371946901243e-05"
"('RO', 'Cultivation of oil seeds')","2.45916914546692e-05","1.30478051536009e-05","2.41016163620758e-05"
"('WE', 'Manufacture of medical, precision and optical instruments, watches and clocks (33)')","2.44464145306974e-05","1.67508915005385e-05","2.44243501332653e-05"
"('PT', 'Manufacture of other transport equipment (35)')","2.36872919899913e-05","1.00111763273613e-05","2.36839539137493e-05"
"('FI', 'Raw milk')","2.44337503835598e-05","1.88937140615961e-05","2.44220978342562e-05"
"('AT', 'Transport via pipelines')","2.30423892126257e-05","1.3817694864851e-05","1.74437627482935e-05"
"('RO', 'Copper production')","2.41959512436119e-05","1.55837332313749e-05","2.41953523529317e-05"
"('AU', 'Pigs farming')","2.63484279260728e-05","2.13535295735927e-05","2.41372803266189e-05"
"('IT', 'Landfill of waste: Plastic')","0.000770479220091281","0.000767522355657046","2.89785795083255e-05"
"('SE', 'Processing of nuclear fuel')","1.52485788996772e-05","1.16109846598451e-05","6.12835224486788e-06"
"('NL', 'Collection, purification and distribution of water (41)')","9.61930581626895e-06","8.69192684804851e-06","4.24184782378084e-06"
"('LV', 'Air transport (62)')","2.42112264632069e-05","1.01932974036338e-05","2.42112264238052e-05"
"('PL', 'Poultry farming')","2.45417095347427e-05","1.44142566240548e-05","2.40992007615801e-05"
"('WM', 'Forestry, logging and related service activities (02)')","2.41169582654701e-05","2.23354609419983e-05","2.18018924267173e-05"
"('AU', 'Manufacture of medical, precision and optical instruments, watches and clocks (33)')","2.26977066275347e-05","1.53749551677602e-05","2.26545649166203e-05"
"('NO', 'Processing of meat cattle')","2.41657689973627e-05","3.27870747359727e-06","2.40855897574455e-05"
"('LU', 'Processing of Food products nec')","2.4084765809293e-05","5.61076712691085e-06","2.40843700407996e-05"
"('ZA', 'Cattle farming')","2.40232673249926e-05","1.24898089796712e-05","2.37756254058951e-05"
"('IT', 'Manufacture of bricks, tiles and construction products, in baked clay')","4.59699583615186e-05","4.07715050310784e-05","2.25038949592751e-05"
"('GR', 'Manufacture of motor vehicles, trailers and semi-trailers (34)')","2.40087659785938e-05","1.54471165591854e-05","2.40085935939673e-05"
"('DE', 'Manufacture of coke oven products')","2.41838733872247e-05","1.29060944314196e-05","1.82038377065583e-05"
"('DK', 'Transport via pipelines')","2.39069765753143e-05","1.60009060612615e-05","2.03979547499715e-05"
"('HU', 'Poultry farming')","2.39613757536706e-05","1.45012944211743e-05","2.38075296368602e-05"
"('RU', 'Casting of metals')","2.3376869490531e-05","1.80275763271823e-05","2.20877494532609e-05"
"('NL', 'Transport via pipelines')","2.10525356927051e-05","1.55549798616343e-05","1.39515374900694e-05"
"('CY', 'Supporting and auxiliary transport activities; activities of travel agencies (63)')","2.34539809871194e-05","6.90490587667465e-06","2.34539809859778e-05"
"('HU', 'Extraction of natural gas and services related to natural gas extraction, excluding surveying')","2.34509437980391e-05","1.27100878793866e-05","2.33412067638641e-05"
"('PT', 'Incineration of waste: Paper')","2.4021937966248e-05","2.1063430012785e-05","2.11977721939171e-05"
"('GB', 'Incineration of waste: Wood')","0.00046722889502916","0.000461901395431771","3.23476356302768e-05"
"('PL', 'P- and other fertiliser')","2.65387607342935e-05","1.98597501225814e-05","2.28732204300507e-05"
"('ZA', 'Sea and coastal water transport')","2.24179384327402e-05","1.77934962962057e-05","2.12673495966837e-05"
"('AT', 'Processing of meat pigs')","2.36986475926515e-05","8.05920121622111e-06","2.27482613905676e-05"
"('SK', 'Composting of food waste, incl. land application')","2.48022499496693e-05","2.00068665022828e-05","2.31276594331655e-05"
"('TR', 'Fishing, operating of fish hatcheries and fish farms; service activities incidental to fishing (05)')","2.31107568161656e-05","1.14326762937974e-05","2.30670927808861e-05"
"('ZA', 'N-fertiliser')","2.30727636509416e-05","1.64272177314037e-05","1.82187851229449e-05"
"('FI', 'Incineration of waste: Metals and Inert materials')","2.67158580040526e-05","2.23334403760078e-05","1.72972901246007e-05"
"('ZA', 'Manufacture of office machinery and computers (30)')","2.30184855931448e-05","1.35001194251289e-05","2.30172865322849e-05"
"('CH', 'Production of electricity by hydro')","1.62103282128594e-05","1.04535919034559e-05","1.31250891511628e-05"
"('SE', 'Casting of metals')","2.41242628369468e-05","1.69704998608042e-05","2.29706191874205e-05"
"('HU', 'Manufacture of other transport equipment (35)')","2.29352382838399e-05","9.42340652978332e-06","2.29350037826086e-05"
"('BE', 'Other service activities (93)')","2.29356818810231e-05","1.02003977726423e-05","2.29308987179151e-05"
"('IT', 'Processing vegetable oils and fats')","2.81088599390706e-05","1.98451804059143e-05","1.85280773181891e-05"
"('WF', 'Lead, zinc and tin production')","2.32251720403816e-05","1.28854288035012e-05","2.02671260593165e-05"
"('AU', 'Production of electricity by petroleum and other oil derivatives')","1.83907378267309e-05","1.66214186124496e-05","2.95041526663273e-06"
"('WE', 'Meat animals nec')","2.37533047640567e-05","1.16195122229848e-05","1.8766419784471e-05"
"('BG', 'Distribution and trade of electricity')","2.26952358708437e-05","7.69614159717412e-06","2.2652848611176e-05"
"('DK', 'Incineration of waste: Oil/Hazardous waste')","2.35442038848076e-05","1.1828783213163e-05","2.26455894297075e-05"
"('GR', 'Raw milk')","2.26919536050881e-05","1.08392012141851e-05","2.26130240102336e-05"
"('CZ', 'Cultivation of wheat')","2.30933239210817e-05","1.17224463328806e-05","2.22893002271372e-05"
"('ZA', 'Manufacture of tobacco products (16)')","2.50056602886747e-05","1.65994972872468e-05","2.2492359814102e-05"
"('GB', 'Cultivation of cereal grains nec')","2.41509967891412e-05","1.85631109940354e-05","2.08475590694911e-05"
"('GB', 'Manufacture of other non-metallic mineral products n.e.c.')","2.63357069768582e-05","1.89582442770131e-05","2.18632349550595e-05"
"('HR', 'Other business activities (74)')","2.24317291164625e-05","1.69690600308477e-05","2.24316625397891e-05"
"('HR', 'Supporting and auxiliary transport activities; activities of travel agencies (63)')","2.24040558270654e-05","1.72200767420442e-05","2.24038692123537e-05"
"('PT', 'Processing of meat pigs')","2.26110537293823e-05","6.97937171237887e-06","2.2299543479772e-05"
"('SK', 'Biogasification of sewage slugde, incl. land application')","2.48643832486796e-05","2.06561964545112e-05","2.23380537197534e-05"
"('CA', 'Mining of coal and lignite; extraction of peat (10)')","2.72325089722332e-05","1.9726249135497e-05","2.10823271771856e-05"
"('DK', 'Private households with employed persons (95)')","2.23039786902959e-05","2.20307716645561e-05","2.23039786902959e-05"
"('AU', 'Mining of aluminium ores and concentrates')","2.26209710179022e-05","2.08891127481958e-05","2.63354754998027e-06"
"('CY', 'Wholesale trade and commission trade, except of motor vehicles and motorcycles (51)')","2.22031714067156e-05","1.06664104080764e-05","2.22031235437175e-05"
"('BE', 'Raw milk')","2.21942377424595e-05","1.32914390867081e-05","2.21777744515223e-05"
"('PT', 'Incineration of waste: Food')","2.4297564538716e-05","2.17238149581785e-05","1.9187519402683e-05"
"('TW', 'Precious metals production')","2.22496536194452e-05","1.94078892728051e-05","2.20376987467012e-05"
"('GR', 'Education (80)')","2.20559431246972e-05","8.81591194603275e-06","2.20559431246411e-05"
"('JP', 'Animal products nec')","3.62127403148784e-05","3.27805756040136e-05","1.07101571697657e-05"
"('EE', 'Real estate activities (70)')","2.19844148089367e-05","1.81058234002174e-05","2.19844148089362e-05"
"('HU', 'Transport via pipelines')","2.4003296316348e-05","1.38468986720419e-05","2.19271309108319e-05"
"('CZ', 'Transmission of electricity')","2.00112584579323e-05","1.45381965720113e-05","1.52325389210139e-05"
"('BE', 'Lead, zinc and tin production')","2.17709113509498e-05","8.0298550006027e-06","2.02592009574704e-05"
"('SE', 'Steam and hot water supply')","1.2944239974578e-05","8.01620488094258e-06","1.07024240032933e-05"
"('GR', 'Mining of nickel ores and concentrates')","2.18241735712022e-05","2.08616884764323e-07","2.18241735712022e-05"
"('CA', 'Animal products nec')","0.0001303068311603","0.000123972390232982","1.37012296033261e-05"
"('PT', 'Cattle farming')","2.17998847064861e-05","8.7703671719684e-06","2.17981474786924e-05"
"('WE', 'Manufacture of other non-metallic mineral products n.e.c.')","2.1758578373259e-05","1.33652265099139e-05","2.15654424147697e-05"
"('FI', 'Transport via pipelines')","2.17455477850013e-05","1.90104309460892e-05","1.4899625063948e-05"
"('EE', 'Computer and related activities (72)')","2.17428763048872e-05","1.68232633377374e-05","2.17428439292962e-05"
"('WA', 'Forestry, logging and related service activities (02)')","2.17386621661825e-05","2.08077356145445e-05","2.16703069709682e-05"
"('GR', 'Computer and related activities (72)')","2.17114234338605e-05","1.36217927790946e-05","2.17104276173707e-05"
"('AT', 'Cultivation of vegetables, fruit, nuts')","2.18996697441167e-05","1.76267540152964e-05","2.14822094502291e-05"
"('SK', 'Waste water treatment, other')","2.39398451649422e-05","1.91933179793285e-05","2.15303117854303e-05"
"('PT', 'Production of electricity by gas')","2.10107063095113e-05","9.22251496284851e-06","1.97722611222579e-05"
"('LU', 'Transport via railways')","1.94396603719576e-05","1.12770413102392e-05","1.94362878177204e-05"
"('PL', 'Waste water treatment, food')","3.13064065552952e-05","1.88946662411338e-05","1.9023715543385e-05"
"('GR', 'Manufacture of office machinery and computers (30)')","2.14676501036833e-05","1.09684847650491e-05","2.146380614066e-05"
"('LU', 'Manufacture of motor vehicles, trailers and semi-trailers (34)')","2.14631861894551e-05","6.87517238350038e-06","2.14625348484893e-05"
"('WE', 'Manufacture of glass and glass products')","2.14769880561564e-05","1.3866049796788e-05","2.13377516051577e-05"
"('PL', 'Production of electricity by gas')","2.044947659333e-05","1.70566172201243e-05","1.23937191305816e-05"
"('NO', 'Activities of membership organisation n.e.c. (91)')","2.13627843015345e-05","8.40999153781606e-06","2.13627842723005e-05"
"('HU', 'Cultivation of vegetables, fruit, nuts')","2.13592816211165e-05","1.48473882249082e-05","2.12979722103201e-05"
"('ID', 'Production of electricity by hydro')","1.31254822748744e-05","1.21929064113627e-05","8.61354123007097e-06"
"('WA', 'Production of electricity by nuclear')","2.12895969895624e-05","2.03901323434318e-05","4.11854293570031e-06"
"('PT', 'Waste water treatment, other')","3.01040508708446e-05","2.67016414098052e-05","2.10183115690387e-05"
"('FI', 'Incineration of waste: Oil/Hazardous waste')","3.35182237122564e-05","2.92933312075945e-05","1.8394281422237e-05"
"('SE', 'Raw milk')","2.12505838168507e-05","1.84428800511967e-05","2.10675904352045e-05"
"('AT', 'Manufacture of other non-metallic mineral products n.e.c.')","2.0868409419154e-05","1.57366258202681e-05","1.98123258660891e-05"
"('CZ', 'Mining of coal and lignite; extraction of peat (10)')","2.11915704618074e-05","1.23559755756894e-05","2.10700431136434e-05"
"('GR', 'Manufacture of fabricated metal products, except machinery and equipment (28)')","2.11847635741458e-05","9.9322564169102e-06","2.11326323045557e-05"
"('PT', 'Activities of membership organisation n.e.c. (91)')","2.11296764518845e-05","9.86821582293876e-06","2.11296764518845e-05"
"('SK', 'Pulp')","2.11165864360096e-05","1.07897538437867e-05","2.10971045808893e-05"
"('PL', 'Incineration of waste: Plastic')","3.36440356881782e-05","3.24468728218375e-05","1.11681648158654e-05"
"('HU', 'Pigs farming')","2.10203074442099e-05","1.24202091715867e-05","2.1010726991102e-05"
"('SK', 'Manufacture of cement, lime and plaster')","2.10065330639711e-05","1.19723832739724e-05","2.09871394057388e-05"
"('SK', 'Manufacture of textiles (17)')","2.09694339103811e-05","1.24295725036298e-05","2.09690548587846e-05"
"('ZA', 'Private households with employed persons (95)')","2.09362814548807e-05","3.89536544006908e-06","2.09362814548807e-05"
"('IE', 'Production of electricity by gas')","1.84602204379895e-05","1.31802947972059e-05","1.51834582845858e-05"
"('BR', 'Transmission of electricity')","1.9666364297148e-05","1.37320134390737e-05","1.17201869269784e-05"
"('RO', 'Lead, zinc and tin production')","2.0828835606901e-05","1.51886527170555e-05","2.08285603891735e-05"
"('RU', 'Processing of meat cattle')","2.15776196586164e-05","9.00610489083049e-06","1.99543291290142e-05"
"('HR', 'Manufacture of rubber and plastic products (25)')","2.07295862687172e-05","1.07958802863282e-05","2.07291646946803e-05"
"('SE', 'Other service activities (93)')","2.07204597451869e-05","9.37775617489459e-06","2.06963389278355e-05"
"('RO', 'Cultivation of wheat')","2.08500242781782e-05","1.773428006985e-05","2.00125716449638e-05"
"('HU', 'Steam and hot water supply')","1.89492354882196e-05","1.06439317889484e-05","1.43210562652188e-05"
"('BE', 'Manufacture of other non-metallic mineral products n.e.c.')","2.06084061514572e-05","1.32196087000412e-05","1.95856972269276e-05"
"('TW', 'Processing vegetable oils and fats')","2.20292252680225e-05","1.35307998973721e-05","1.95883209132566e-05"
"('MT', 'Wholesale trade and commission trade, except of motor vehicles and motorcycles (51)')","2.05637104462677e-05","1.58889977667628e-05","2.05623605195132e-05"
"('ID', 'Aluminium production')","2.08213467153508e-05","1.62997254398189e-05","1.99682721055783e-05"
"('AT', 'Raw milk')","2.05053505307952e-05","1.74218300122327e-05","2.00975970656516e-05"
"('NL', 'Steam and hot water supply')","2.0495722885231e-05","0","2.0495722885231e-05"
"('RU', 'Processing of meat poultry')","2.12440015899413e-05","5.42744583476866e-06","2.00611492955635e-05"
"('SK', 'Landfill of waste: Paper')","2.16592791923637e-05","1.77332090544376e-05","2.03047651220773e-05"
"('AT', 'Research and development (73)')","2.021989654266e-05","1.22245474616746e-05","2.02198933048711e-05"
"('SK', 'Insurance and pension funding, except compulsory social security (66)')","2.00239832124732e-05","9.36077985410488e-06","1.99977230905254e-05"
"('ZA', 'Manufacture of radio, television and communication equipment and apparatus (32)')","2.01690586187033e-05","1.66351134298897e-05","2.01519532511396e-05"
"('DK', 'Aluminium production')","1.99251039912775e-05","1.37854003917471e-05","1.98212330242607e-05"
"('LV', 'Forestry, logging and related service activities (02)')","2.01031511532104e-05","1.58578453070811e-05","1.98520967401067e-05"
"('PT', 'Manufacture of fish products')","2.02116809465408e-05","1.15860575140644e-05","1.999430849067e-05"
"('TR', 'Cultivation of sugar cane, sugar beet')","2.2092962707001e-05","2.15221116613754e-05","9.93198133038221e-06"
"('DK', 'Landfill of waste: Inert/metal/hazardous')","2.01808049332515e-05","8.1821788803882e-06","1.99842067383504e-05"
"('BR', 'Manufacture of coke oven products')","1.99105715085086e-05","1.42887195078895e-05","1.49000630053568e-05"
"('RO', 'Manufacture of wearing apparel; dressing and dyeing of fur (18)')","1.98987118933358e-05","8.84350810100997e-06","1.98857941499083e-05"
"('SK', 'Sale, maintenance, repair of motor vehicles, motor vehicles parts, motorcycles, motor cycles parts and accessoiries')","1.96724487522687e-05","1.35889406968203e-05","1.96724067762109e-05"
"('NO', 'Processing of meat pigs')","1.99154025493939e-05","8.44141832399535e-06","1.97482638141508e-05"
"('AT', 'Activities auxiliary to financial intermediation (67)')","1.97043222406567e-05","1.43027688244331e-05","1.96836548157931e-05"
"('TW', 'Manufacture of ceramic goods')","1.96974171698163e-05","5.62659439000813e-06","1.96974171440099e-05"
"('SE', 'Mining of precious metal ores and concentrates')","2.14920923586461e-05","4.3701199823541e-06","1.96154231585125e-05"
"('TR', 'Activities of membership organisation n.e.c. (91)')","1.96537081581505e-05","1.25940966127208e-05","1.96537081581505e-05"
"('CY', 'Sea and coastal water transport')","1.94350050213604e-05","8.27393862448372e-06","1.94323009883212e-05"
"('IE', 'Publishing, printing and reproduction of recorded media (22)')","1.96178101986566e-05","1.91607477166241e-05","1.96123552874134e-05"
"('DK', 'Manufacture of beverages')","1.96375939896038e-05","1.15492784736476e-05","1.92982837601257e-05"
"('GR', 'Processing of dairy products')","1.95167492508726e-05","5.98480897800121e-06","1.94379094748093e-05"
"('IE', 'Sale, maintenance, repair of motor vehicles, motor vehicles parts, motorcycles, motor cycles parts and accessoiries')","1.93740750428539e-05","5.47819680990027e-06","1.93652658003768e-05"
"('RO', 'Air transport (62)')","1.92547966479167e-05","6.20890147874279e-06","1.92537030197634e-05"
"('TR', 'Other service activities (93)')","1.92730951246121e-05","1.4602816304454e-05","1.92353880421403e-05"
"('HU', 'Cultivation of oil seeds')","1.95791793045702e-05","1.19703549185649e-05","1.88681819029446e-05"
"('SI', 'Air transport (62)')","1.91846376716013e-05","1.06874731691352e-05","1.9184637662995e-05"
"('EE', 'Manufacture of wood and of products of wood and cork, except furniture; manufacture of articles of straw and plaiting materials (20)')","1.9202678800157e-05","1.12657380660208e-05","1.91562774660914e-05"
"('PT', 'Education (80)')","1.91461616467338e-05","8.83715931768436e-06","1.91461616467338e-05"
"('PT', 'Tanning and dressing of leather; manufacture of luggage, handbags, saddlery, harness and footwear (19)')","1.91500581523534e-05","7.04748089126886e-06","1.91389249347337e-05"
"('BG', 'Cultivation of oil seeds')","1.91016262724194e-05","1.16610906745963e-05","1.86358894183953e-05"
"('ID', 'Lead, zinc and tin production')","1.93642817833027e-05","1.28627746880693e-05","1.6490068102204e-05"
"('LT', 'Public administration and defence; compulsory social security (75)')","1.9005495981397e-05","5.59625537288924e-06","1.9005495981397e-05"
"('PT', 'Post and telecommunications (64)')","1.86777582277679e-05","1.5196488021751e-05","1.85927590381898e-05"
"('LV', 'Computer and related activities (72)')","1.89386312915164e-05","1.37949141017788e-05","1.89386311925432e-05"
"('AU', 'Production of electricity by hydro')","1.69355885721301e-05","1.65685365659531e-05","5.43777794198002e-06"
"('LV', 'Manufacture of gas; distribution of gaseous fuels through mains')","1.88528342110657e-05","1.34384754263961e-05","1.88184022317824e-05"
"('SE', 'Lead, zinc and tin production')","1.83518677613465e-05","1.36998864090692e-05","1.67548753643341e-05"
"('ID', 'Production of meat products nec')","2.15747575127843e-05","1.64225372349154e-05","1.87754732005506e-05"
"('AU', 'Processing of meat pigs')","1.94363960838017e-05","5.17087984264984e-06","1.829631232961e-05"
"('RO', 'Activities of membership organisation n.e.c. (91)')","1.87530862553189e-05","1.92282006394638e-06","1.87530862437823e-05"
"('LV', 'Other business activities (74)')","1.87162731231276e-05","1.25369109144096e-05","1.87162730427739e-05"
"('ZA', 'Manufacture of glass and glass products')","1.87299867902767e-05","1.31414690128468e-05","1.87067356585169e-05"
"('GB', 'Meat animals nec')","1.89461222754281e-05","1.80802630217757e-05","9.20084471844877e-06"
"('LT', 'Retail trade, except of motor vehicles and motorcycles; repair of personal and household goods (52)')","1.85983701901709e-05","1.02703513879736e-05","1.85983701874308e-05"
"('HU', 'Processing of meat pigs')","1.86296110090737e-05","4.93222796489427e-06","1.84917447381763e-05"
"('LU', 'Processing of dairy products')","1.8480722229992e-05","4.76844783558116e-06","1.8477979064324e-05"
"('RU', 'Cultivation of sugar cane, sugar beet')","2.04877019757383e-05","1.62734324274032e-05","1.82943897042219e-05"
"('CZ', 'Manufacture of furniture; manufacturing n.e.c. (36)')","1.83628146646267e-05","5.34340685382495e-06","1.83628146425471e-05"
"('TW', 'Production of electricity by nuclear')","1.83845826895488e-05","1.83845826895488e-05","3.47894375320631e-06"
"('NL', 'Processing of nuclear fuel')","1.1520692614204e-05","2.07558711672483e-06","1.15149747799965e-05"
"('ES', 'Pulp')","1.83211723615981e-05","1.08511633818619e-05","1.78571150977393e-05"
"('FI', 'Lead, zinc and tin production')","1.82893803866559e-05","1.04918633936212e-05","1.78334837031831e-05"
"('GR', 'Plastics, basic')","1.82707330970704e-05","1.01877821531972e-05","1.82501793035215e-05"
"('HU', 'Manufacture of textiles (17)')","1.82341119986503e-05","6.39000193271178e-06","1.8234110955555e-05"
"('BG', 'Chemicals nec')","1.82168102041856e-05","7.56344092552628e-06","1.82147934409228e-05"
"('RO', 'Production of electricity by hydro')","1.5625783799062e-05","1.37395076573182e-05","1.2346661340423e-05"
"('LT', 'Financial intermediation, except insurance and pension funding (65)')","1.81528292434519e-05","1.26176114614388e-05","1.81528282331495e-05"
"('AT', 'Extraction of crude petroleum and services related to crude oil extraction, excluding surveying')","1.80947622439499e-05","1.58683569221122e-05","1.80852178212782e-05"
"('AU', 'Manufacture of glass and glass products')","1.93803411472944e-05","1.1578599875816e-05","1.74322113945172e-05"
"('IT', 'Production of electricity nec')","1.39789826273171e-05","1.35248917824447e-05","7.4194760460267e-07"
"('PT', 'Transmission of electricity')","1.77684035787408e-05","6.62267995860524e-06","1.66666191387971e-05"
"('DE', 'Production of electricity by petroleum and other oil derivatives')","1.80949088631349e-05","1.70298354247803e-05","1.83460803176555e-06"
"('FR', 'Cultivation of sugar cane, sugar beet')","1.86025278586782e-05","1.30047686637128e-05","1.68361765276536e-05"
"('AT', 'Mining of other non-ferrous metal ores and concentrates')","2.88137899915304e-05","2.40585475577421e-05","2.01633259436138e-05"
"('IE', 'Pigs farming')","1.80899987194556e-05","1.42781720149479e-05","1.72835823719363e-05"
"('SI', 'Aluminium production')","1.8017443881304e-05","1.09010032139956e-05","1.79282971613728e-05"
"('GR', 'Manufacture of beverages')","1.81296541965138e-05","1.01128915041208e-05","1.77461442583762e-05"
"('CH', 'Manufacture of wearing apparel; dressing and dyeing of fur (18)')","1.80248567960686e-05","6.28990811885035e-06","1.8024817834916e-05"
"('DK', 'Incineration of waste: Wood')","1.9979117108476e-05","9.66489217677269e-06","1.79926803559395e-05"
"('WE', 'Recreational, cultural and sporting activities (92)')","1.79835435986116e-05","1.49449336687621e-05","1.79543566633934e-05"
"('HU', 'Raw milk')","1.79781746778805e-05","1.06865480317822e-05","1.78653423750982e-05"
"('BG', 'Transmission of electricity')","1.7567571024652e-05","1.38557439153663e-05","1.68086221401633e-05"
"('SK', 'Transport via pipelines')","1.74294535467787e-05","1.00341952698094e-05","1.45622676357216e-05"
"('HR', 'Health and social work (85)')","1.7888183101557e-05","6.34530413108173e-06","1.7888183101557e-05"
"('HU', 'Manufacture of gas; distribution of gaseous fuels through mains')","1.77804769725885e-05","1.17846190236299e-05","1.72121427616575e-05"
"('NO', 'Manufacture of beverages')","1.78457456542556e-05","6.27078771696285e-06","1.78169267011512e-05"
"('SK', 'Manufacture of wood and of products of wood and cork, except furniture; manufacture of articles of straw and plaiting materials (20)')","1.78151419125957e-05","7.5854340557614e-06","1.78111838190694e-05"
"('GR', 'Re-processing of secondary steel into new steel')","1.78003168037587e-05","1.29649032797833e-05","1.77507220514065e-05"
"('SE', 'Composting of food waste, incl. land application')","2.6083716617805e-05","1.98671725124035e-05","1.77933363832061e-05"
"('SE', 'Incineration of waste: Oil/Hazardous waste')","4.23133295167987e-05","3.52128085796507e-05","1.77281912005871e-05"
"('CZ', 'Cultivation of cereal grains nec')","1.78594388655867e-05","1.27565535609536e-05","1.75098027668325e-05"
"('FI', 'Landfill of waste: Inert/metal/hazardous')","2.45234668991206e-05","2.0369515401971e-05","1.76583390100438e-05"
"('PL', 'Manufacture of coke oven products')","1.73529852816847e-05","1.07405032913746e-05","1.35265052599561e-05"
"('IE', 'Manufacture of fish products')","1.77981530810525e-05","1.34916334848988e-05","1.64270652221447e-05"
"('IE', 'Distribution and trade of electricity')","1.6168772204904e-05","1.55027739662094e-05","1.35186150893045e-05"
"('TR', 'Recreational, cultural and sporting activities (92)')","1.75586197312719e-05","1.60769230419309e-05","1.75037353203583e-05"
"('GR', 'Transport via railways')","1.75026712809191e-05","1.63033709027447e-05","1.71515604920256e-05"
"('NO', 'Manufacture of office machinery and computers (30)')","1.74843587842021e-05","1.71093570624184e-06","1.7484358408656e-05"
"('BG', 'Manufacture of textiles (17)')","1.74842540272506e-05","7.71184080630011e-06","1.74835048171814e-05"
"('CY', 'Computer and related activities (72)')","1.74804624448356e-05","7.8389602733789e-06","1.74804622438711e-05"
"('RO', 'Renting of machinery and equipment without operator and of personal and household goods (71)')","1.74015216581222e-05","1.27037374226162e-05","1.71270885050416e-05"
"('HU', 'Re-processing of secondary steel into new steel')","1.74058969433708e-05","4.9347369319722e-06","1.73255393682723e-05"
"('WM', 'Manufacture of basic iron and steel and of ferro-alloys and first products thereof')","1.7398496795036e-05","1.40821284799265e-05","1.72075120355422e-05"
"('BE', 'Sugar refining')","2.04071307131037e-05","1.22610920865531e-05","1.2730568875128e-05"
"('CA', 'Manufacture of tobacco products (16)')","1.74371583761778e-05","2.60288519183829e-06","1.74241587681524e-05"
"('NL', 'Processing of meat poultry')","2.05924543723534e-05","1.78724730966665e-05","1.44729428896554e-05"
"('HR', 'Chemicals nec')","1.72819759665601e-05","8.83375233062646e-06","1.72817978215722e-05"
"('PT', 'Pigs farming')","1.72554682467707e-05","1.04578522061758e-05","1.72552427278947e-05"
"('DK', 'Collection, purification and distribution of water (41)')","8.51456814078654e-06","6.70332382877629e-06","6.47704718205624e-06"
"('WL', 'Manufacture of coke oven products')","1.71612078193383e-05","1.26425234022693e-05","1.05868791447428e-05"
"('GB', 'Manufacture of ceramic goods')","1.87770517195397e-05","1.24659641687297e-05","1.71304147767168e-05"
"('SK', 'Manufacture of other transport equipment (35)')","1.5852319675779e-05","5.90747641685645e-06","1.58519575907721e-05"
"('AT', 'Production of electricity by gas')","1.70331172452446e-05","5.82059091579148e-06","1.69887462995729e-05"
"('CZ', 'Poultry farming')","1.70372743571276e-05","3.04552787686762e-06","1.70113893437245e-05"
"('BE', 'Waste water treatment, other')","8.81635679888646e-06","7.06202943709387e-06","6.60879962143036e-06"
"('IE', 'Recreational, cultural and sporting activities (92)')","1.69981850101957e-05","1.59760367497294e-05","1.6982711900186e-05"
"('FI', 'Activities of membership organisation n.e.c. (91)')","1.69700677884066e-05","4.55595943516138e-06","1.69700676827594e-05"
"('CH', 'Quarrying of sand and clay')","0.000136516383801911","0.000132860287099443","1.50864852613949e-05"
"('AT', 'Manufacture of other transport equipment (35)')","1.53815729902685e-05","8.36593054179244e-06","1.53809069564287e-05"
"('CZ', 'Transport via pipelines')","1.46346803525589e-05","1.07623019943067e-05","1.29627040205258e-05"
"('PT', 'Recreational, cultural and sporting activities (92)')","1.69334328630721e-05","1.0342380489352e-05","1.69199131145953e-05"
"('MX', 'Cultivation of plant-based fibers')","1.6906854896863e-05","1.31457851863879e-05","1.45782751635746e-05"
"('BR', 'Casting of metals')","1.77844767537308e-05","9.51188846680664e-06","1.68467932059004e-05"
"('FI', 'Quarrying of sand and clay')","1.84476682892177e-05","1.46365804810575e-05","1.55688018996148e-05"
"('NO', 'Manufacture of glass and glass products')","1.67399552318847e-05","1.44660752670239e-05","1.55178093035299e-05"
"('LU', 'Manufacture of fabricated metal products, except machinery and equipment (28)')","1.67371177043753e-05","1.09544826508508e-05","1.67224145240083e-05"
"('RO', 'Transmission of electricity')","1.61463843621499e-05","1.02529427122913e-05","1.44542824462824e-05"
"('BR', 'Precious metals production')","1.6349615647203e-05","8.9500088027886e-06","1.56544081465242e-05"
"('NO', 'Pulp')","1.66700660900505e-05","7.86207396424717e-06","1.63268419547929e-05"
"('AT', 'Cattle farming')","1.66292672730812e-05","8.48159612892013e-06","1.6604956265192e-05"
"('NO', 'Manufacture of other non-metallic mineral products n.e.c.')","1.97431223427241e-05","1.58967154048378e-05","1.63549125092035e-05"
"('SI', 'Hotels and restaurants (55)')","1.65282496940643e-05","6.51236032294535e-06","1.65244485213666e-05"
"('IE', 'Manufacture of beverages')","1.72510493891915e-05","1.39583645821447e-05","1.26954070301837e-05"
"('RO', 'Production of electricity by nuclear')","1.29446002194619e-05","1.22472238636157e-05","8.73468539462471e-06"
"('FI', 'Manufacture of gas; distribution of gaseous fuels through mains')","1.64086074156864e-05","3.90489152971347e-06","1.63554748368405e-05"
"('TW', 'Activities of membership organisation n.e.c. (91)')","1.63519108666005e-05","1.3846975406534e-06","1.63507474416221e-05"
"('GB', 'Poultry farming')","1.62715935719418e-05","7.24652297063014e-06","1.62610262805258e-05"
"('EE', 'Manufacture of fabricated metal products, except machinery and equipment (28)')","1.62760619786393e-05","1.52461125985337e-05","1.62651912749255e-05"
"('SE', 'Incineration of waste: Wood')","5.1139323483147e-05","4.42876398886534e-05","1.62409975690847e-05"
"('LT', 'Real estate activities (70)')","1.62087467909973e-05","1.17949763723752e-05","1.62087467909973e-05"
"('BE', 'Processing of meat poultry')","1.71364600848065e-05","1.02152254950312e-05","1.57256467786928e-05"
"('IN', 'Other non-ferrous metal production')","1.67435821371735e-05","9.56518015670925e-06","1.2917854751512e-05"
"('PL', 'Landfill of waste: Paper')","2.29088695345645e-05","1.23497279131436e-05","1.61897837323951e-05"
"('SK', 'Hotels and restaurants (55)')","1.61226650231101e-05","6.20487198025083e-06","1.61226650058174e-05"
"('FI', 'Extraction, liquefaction, and regasification of other petroleum and gaseous materials')","1.61602813037269e-05","9.05739206322472e-06","1.46653887175226e-05"
"('NO', 'Cattle farming')","1.61497987344155e-05","1.13217436565141e-05","1.61292568520247e-05"
"('FI', 'Distribution and trade of electricity')","1.58897450422729e-05","1.44320409429225e-05","1.45389113081604e-05"
"('CZ', 'Pulp')","1.61331729663675e-05","7.62970712170153e-06","1.58927143835168e-05"
"('HR', 'Manufacture of fabricated metal products, except machinery and equipment (28)')","1.61326839100124e-05","1.00883091543455e-05","1.61286925291828e-05"
"('GR', 'Manufacture of wearing apparel; dressing and dyeing of fur (18)')","1.6089630033852e-05","4.57532495961223e-06","1.60879779288397e-05"
"('NO', 'Processing of meat poultry')","1.62014964696571e-05","6.85477169188691e-06","1.59672707373405e-05"
"('RO', 'Waste water treatment, other')","1.51119991061917e-05","3.58218895395761e-06","1.50220000396314e-05"
"('AU', 'Meat animals nec')","2.19065168144974e-05","1.0659009741821e-05","1.60156099804892e-05"
"('LV', 'Manufacture of office machinery and computers (30)')","1.59984634754794e-05","1.16858452243224e-05","1.59981525594599e-05"
"('WE', 'Production of electricity by nuclear')","1.35086007324697e-05","1.31785870505886e-05","7.82300729950942e-06"
"('AT', 'Manufacture of wearing apparel; dressing and dyeing of fur (18)')","1.59595504260104e-05","6.86361760030479e-06","1.59594023421754e-05"
"('MX', 'Forestry, logging and related service activities (02)')","1.59530048926555e-05","1.45680766451126e-05","1.5811584630019e-05"
"('RO', 'Aluminium production')","1.59385077030676e-05","7.5688572223592e-06","1.58017134525776e-05"
"('LU', 'Re-processing of secondary steel into new steel')","1.59317055582687e-05","7.9482774606594e-06","1.59280370385893e-05"
"('ZA', 'Manufacture of other transport equipment (35)')","1.59254195228836e-05","2.40972150873638e-06","1.59254194684284e-05"
"('GR', 'Aluminium production')","1.58763936592537e-05","7.65396233724617e-06","1.58291422274578e-05"
"('CZ', 'Lead, zinc and tin production')","1.61674400530562e-05","1.10909502832149e-05","1.3869098695342e-05"
"('ES', 'Forestry, logging and related service activities (02)')","1.58537329336088e-05","1.4844606863692e-05","1.5239999086986e-05"
"('RO', 'Processing of dairy products')","1.58466955993955e-05","4.06609210364927e-06","1.58346761397308e-05"
"('HU', 'Cultivation of wheat')","1.60639237479058e-05","1.1464473388868e-05","1.51248733157291e-05"
"('RO', 'Landfill of waste: Food')","1.52071789345912e-05","3.38871232045973e-06","1.51402789313335e-05"
"('DE', 'Fishing, operating of fish hatcheries and fish farms; service activities incidental to fishing (05)')","1.57943365737734e-05","1.13296371791745e-05","1.57719924937775e-05"
"('RO', 'Post and telecommunications (64)')","1.56991681827552e-05","1.10690272038555e-05","1.56877713979992e-05"
"('AU', 'Animal products nec')","2.80592381020259e-05","1.89777071180642e-05","1.46257412607789e-05"
"('ZA', 'Manufacture of fish products')","1.5723511483148e-05","2.37334566481216e-06","1.57013611608051e-05"
"('ZA', 'Fishing, operating of fish hatcheries and fish farms; service activities incidental to fishing (05)')","1.57030579362048e-05","1.30530837873425e-05","1.56898532225923e-05"
"('FI', 'Publishing, printing and reproduction of recorded media (22)')","1.5682172086828e-05","1.20277467158332e-05","1.56818887965348e-05"
"('ZA', 'Transmission of electricity')","1.39234729851445e-05","1.27729939539732e-05","1.00783380599373e-05"
"('RO', 'Production of electricity by coal')","1.54020794902703e-05","7.73131667233737e-06","1.45609815523933e-05"
"('GR', 'Manufacture of textiles (17)')","1.55976509132854e-05","9.18473932757915e-06","1.55956447543465e-05"
"('PT', 'Raw milk')","1.55959226144902e-05","1.2327853907652e-05","1.55919897551352e-05"
"('HR', 'Air transport (62)')","1.55706501026938e-05","6.07087059432758e-06","1.55706501023953e-05"
"('MX', 'Cultivation of crops nec')","1.5575491624299e-05","1.29184923751665e-05","1.24115767694783e-05"
"('WE', 'Pulp')","1.55254753353937e-05","1.16843977358438e-05","1.46403750883551e-05"
"('CY', 'Hotels and restaurants (55)')","1.54909116900315e-05","6.86427920785919e-06","1.54890340277539e-05"
"('DK', 'Waste water treatment, food')","2.12585851318493e-05","1.81977983349541e-05","1.6437649204592e-05"
"('BR', 'Production of electricity by petroleum and other oil derivatives')","1.59883280703313e-05","1.19697279080976e-05","6.07265752337111e-06"
"('WF', 'Manufacture of basic iron and steel and of ferro-alloys and first products thereof')","1.53889847313358e-05","1.34552297372923e-05","1.53695837580769e-05"
"('SK', 'Processing of dairy products')","1.53746109674787e-05","3.07115863461902e-06","1.5365588847684e-05"
"('KR', 'Cultivation of oil seeds')","1.57637522027269e-05","1.33009891634624e-05","1.33560871622539e-05"
"('DK', 'Paper')","1.52899086224328e-05","2.6827094796652e-06","1.52779705572202e-05"
"('DK', 'Incineration of waste: Textiles')","1.95414868132689e-05","1.05909261741156e-05","1.48436578744296e-05"
"('HU', 'Recreational, cultural and sporting activities (92)')","1.52395762813899e-05","6.54260945451791e-06","1.52213643820547e-05"
"('FR', 'Inland water transport')","1.45128764558593e-05","2.28356189820415e-06","1.45128764558593e-05"
"('WF', 'Processed rice')","1.6040022282574e-05","1.01792913189435e-05","1.31995935721205e-05"
"('LU', 'Real estate activities (70)')","1.48956024356917e-05","1.29588707450365e-05","1.48934037178392e-05"
"('RO', 'Re-processing of secondary steel into new steel')","1.51361324599708e-05","7.82294709039046e-06","1.51283680282659e-05"
"('NO', 'Incineration of waste: Textiles')","2.39262339775317e-05","2.1677917651361e-05","9.66318194155011e-06"
"('BG', 'Post and telecommunications (64)')","1.50299608125012e-05","1.03139365983907e-05","1.50282027142298e-05"
"('RO', 'Incineration of waste: Metals and Inert materials')","1.50958231157423e-05","3.32301271941283e-06","1.50411478399626e-05"
"('CH', 'Distribution and trade of electricity')","1.50685298959135e-05","1.13299715138739e-05","1.46918323622047e-05"
"('RO', 'Manufacture of other transport equipment (35)')","1.49418030843205e-05","6.77035615053215e-06","1.49417618669548e-05"
"('IE', 'Manufacture of textiles (17)')","1.49580083135249e-05","1.36537445349614e-05","1.49530875604045e-05"
"('TW', 'Cultivation of cereal grains nec')","1.51640856945117e-05","7.69254554387191e-06","1.36361318424892e-05"
"('PL', 'Casting of metals')","1.59140198360162e-05","1.18443794396795e-05","1.48710713648692e-05"
"('SE', 'Manufacture of furniture; manufacturing n.e.c. (36)')","1.23423955936506e-05","1.14319902065767e-05","1.23404215421907e-05"
"('SK', 'Production of electricity by nuclear')","1.35772582783675e-05","6.22621354340114e-06","1.27740265367425e-05"
"('WF', 'Manufacture of bricks, tiles and construction products, in baked clay')","2.25691400697454e-05","1.74513659436121e-05","1.58820394418216e-05"
"('TR', 'Mining of other non-ferrous metal ores and concentrates')","1.8954217176882e-05","1.88789303943806e-05","1.4829034313532e-06"
"('ID', 'Precious metals production')","1.50029774945412e-05","1.46434800276755e-05","1.47183360595782e-05"
"('ES', 'Incineration of waste: Textiles')","7.71882747638315e-05","7.53068118186078e-05","9.44260773319718e-06"
"('ES', 'Manufacture of bricks, tiles and construction products, in baked clay')","2.79771295506178e-05","2.47011349672613e-05","1.4258479654707e-05"
"('JP', 'Production of electricity by wind')","1.4662071153987e-05","1.34361453893935e-05","2.75418026968872e-06"
"('SI', 'Re-processing of secondary steel into new steel')","1.46134612742149e-05","8.15128134382201e-06","1.45829845755192e-05"
"('GR', 'Distribution and trade of electricity')","1.40512627073339e-05","1.2702157324791e-05","1.37750425974907e-05"
"('BG', 'Manufacture of wearing apparel; dressing and dyeing of fur (18)')","1.45284656530591e-05","4.1254882112207e-06","1.45280936659452e-05"
"('GR', 'Insurance and pension funding, except compulsory social security (66)')","1.45176258881897e-05","3.66772729355203e-06","1.45176239380249e-05"
"('WE', 'Manufacture of ceramic goods')","1.45035438158012e-05","6.54026376999066e-06","1.42539293990229e-05"
"('CY', 'Activities auxiliary to financial intermediation (67)')","1.44362195881156e-05","1.07422046128231e-05","1.44362195881156e-05"
"('LV', 'Renting of machinery and equipment without operator and of personal and household goods (71)')","1.30831926489513e-05","9.54132592082856e-06","1.30739309210344e-05"
"('DK', 'Processing of meat cattle')","1.45699490127696e-05","6.77336108662467e-06","1.41915922896401e-05"
"('RO', 'Insurance and pension funding, except compulsory social security (66)')","1.4384284413978e-05","4.97042767770047e-06","1.43842843982076e-05"
"('ZA', 'Cultivation of oil seeds')","1.44909398290307e-05","7.91479013144363e-06","1.42387839619286e-05"
"('PT', 'Pulp')","1.44089171079233e-05","7.36602108724369e-06","1.40067379046485e-05"
"('GR', 'Air transport (62)')","1.43516722905987e-05","3.79278052773239e-06","1.43515991996846e-05"
"('SK', 'Distribution and trade of electricity')","1.43054490289795e-05","8.11121628513938e-06","1.38764199096782e-05"
"('ES', 'Production of meat products nec')","1.44932909646407e-05","6.29438899814329e-06","1.41498821998389e-05"
"('WE', 'Private households with employed persons (95)')","1.4329980914889e-05","5.26043258173515e-06","1.4329980914889e-05"
"('HU', 'Casting of metals')","1.4551299352338e-05","7.64786761520997e-06","1.43184354312211e-05"
"('GB', 'Forestry, logging and related service activities (02)')","1.43009555408425e-05","1.29633691699569e-05","1.35266505732863e-05"
"('PT', 'Quarrying of sand and clay')","1.54531261315069e-05","1.19062609145464e-05","1.36511325364039e-05"
"('SE', 'Processing of meat cattle')","1.45734448850661e-05","5.68998825165223e-06","1.42605444209461e-05"
"('TR', 'Inland water transport')","6.67112927267191e-06","3.2585709546585e-06","6.66869836267478e-06"
"('IN', 'Meat animals nec')","1.41993334574817e-05","1.38485987836253e-07","1.41993334574817e-05"
"('NL', 'Incineration of waste: Wood')","7.52133122471113e-05","7.21605853614876e-05","1.41718198978084e-05"
"('DK', 'Manufacture of bricks, tiles and construction products, in baked clay')","1.35987441897609e-05","1.07701943087553e-05","1.32705066237913e-05"
"('LU', 'Manufacture of machinery and equipment n.e.c. (29)')","1.41086820441528e-05","5.30078770742641e-06","1.41054340905562e-05"
"('HU', 'Activities of membership organisation n.e.c. (91)')","1.41523800287436e-05","9.42541382280033e-06","1.4101894335556e-05"
"('CY', 'Retail trade, except of motor vehicles and motorcycles; repair of personal and household goods (52)')","1.40844591485285e-05","1.01257673622156e-05","1.40844591363624e-05"
"('WE', 'Other non-ferrous metal production')","1.42634533628835e-05","1.13085946901743e-05","1.31634318924754e-05"
"('LU', 'Recreational, cultural and sporting activities (92)')","1.40406847220907e-05","6.06016814611909e-06","1.40406847220907e-05"
"('CZ', 'Manufacture of wearing apparel; dressing and dyeing of fur (18)')","1.40095928871728e-05","5.99246455876108e-06","1.40095258423678e-05"
"('FI', 'Recreational, cultural and sporting activities (92)')","1.39913852987753e-05","7.83706477190781e-06","1.39913851149127e-05"
"('EE', 'Air transport (62)')","1.39394211037355e-05","4.57912920495349e-06","1.39394199970542e-05"
"('HR', 'Processing of dairy products')","1.39522774536245e-05","8.78669695051871e-06","1.38980689952821e-05"
"('HU', 'Activities auxiliary to financial intermediation (67)')","1.38352217571815e-05","1.2784965933148e-05","1.38242837111409e-05"
"('ZA', 'Extraction of natural gas and services related to natural gas extraction, excluding surveying')","1.39028745718016e-05","5.36009604759551e-06","1.3850326500412e-05"
"('BG', 'Air transport (62)')","1.38802670891016e-05","3.14534438306839e-06","1.38802670884649e-05"
"('GB', 'Manufacture of bricks, tiles and construction products, in baked clay')","4.42103749697953e-05","4.13243259616411e-05","1.38544222790072e-05"
"('LU', 'Manufacture of tobacco products (16)')","1.41364338790362e-05","4.96299041592958e-06","1.3845218847274e-05"
"('CZ', 'Manufacture of other non-metallic mineral products n.e.c.')","1.39371626418021e-05","1.09219459183411e-05","1.31201246341925e-05"
"('SI', 'Casting of metals')","1.38517149366398e-05","8.02601001308986e-06","1.37633071984092e-05"
"('HU', 'Production of electricity by nuclear')","1.27643696145387e-05","1.04853092130212e-05","9.49008295383173e-06"
"('LV', 'Retail trade, except of motor vehicles and motorcycles; repair of personal and household goods (52)')","1.37278333464896e-05","7.10661396390527e-06","1.37277937858997e-05"
"('BE', 'Other non-ferrous metal production')","1.32295819283076e-05","6.13262249742199e-06","1.22257202404858e-05"
"('FI', 'Production of electricity by nuclear')","1.13317472006039e-05","1.03408064663001e-05","7.51521418978522e-06"
"('CH', 'Manufacture of other transport equipment (35)')","1.18956030240787e-05","6.12642549091651e-06","1.18953422666503e-05"
"('WF', 'Mining of coal and lignite; extraction of peat (10)')","1.3728053231564e-05","9.78834753268197e-06","1.25063107981756e-05"
"('SK', 'Waste water treatment, food')","1.67381493879051e-05","1.37386818652396e-05","1.36037425408333e-05"
"('MX', 'Production of meat products nec')","1.83352872810707e-05","1.57152343885518e-05","1.09001030177526e-05"
"('SK', 'Health and social work (85)')","1.36225211097766e-05","7.99709207509134e-06","1.36225193628975e-05"
"('IE', 'Production of meat products nec')","1.39401085303184e-05","5.81702600503532e-06","1.33240127780608e-05"
"('SI', 'Sea and coastal water transport')","1.35176442202415e-05","5.42358704594818e-06","1.35175849796045e-05"
"('GR', 'Mining of precious metal ores and concentrates')","1.35620748935862e-05","1.32521190622306e-05","2.95338558261158e-06"
"('WE', 'Manufacture of coke oven products')","1.35541359444118e-05","1.14000980117601e-05","1.17584374480427e-05"
"('SK', 'Manufacture of basic iron and steel and of ferro-alloys and first products thereof')","1.35481399857339e-05","6.1407898530554e-06","1.35479965470763e-05"
"('DK', 'Incineration of waste: Metals and Inert materials')","1.64033219076724e-05","1.30494584335108e-05","1.49968351292308e-05"
"('HR', 'Computer and related activities (72)')","1.35096300474156e-05","7.22513850017597e-06","1.35096298964973e-05"
"('ID', 'Production of electricity by petroleum and other oil derivatives')","7.99884615115613e-06","4.26743147653342e-06","5.49458068077084e-06"
"('WE', 'Transmission of electricity')","1.28862186955631e-05","9.99878508551266e-06","9.54759588183383e-06"
"('TR', 'Production of electricity by wind')","1.12914894152657e-05","1.06843540304175e-05","4.83902127311206e-06"
"('ZA', 'Raw milk')","1.34978491336804e-05","6.6224884856575e-06","1.33595885076981e-05"
"('HR', 'Pulp')","1.34824844207525e-05","5.16601971249996e-06","1.34765399998119e-05"
"('SK', 'Lead, zinc and tin production')","1.34654506389826e-05","1.0066483576309e-05","1.22363650847496e-05"
"('BE', 'Casting of metals')","1.44475368350765e-05","9.28844622412523e-06","1.3392283604256e-05"
"('SK', 'Quarrying of stone')","1.42441993206531e-05","9.53827530800768e-06","1.28530335039376e-05"
"('BG', 'Cultivation of cereal grains nec')","1.33651684558153e-05","8.03740251917904e-06","1.32202363845844e-05"
"('GB', 'Cultivation of oil seeds')","1.3369065584702e-05","1.04272594922595e-05","1.25661822245246e-05"
"('SI', 'Manufacture of gas; distribution of gaseous fuels through mains')","1.32639333150885e-05","9.40364099066939e-06","1.32061242905243e-05"
"('EE', 'Sea and coastal water transport')","1.31993082958661e-05","4.11883269124115e-06","1.31977762743919e-05"
"('SI', 'Transport via railways')","1.31515710056133e-05","1.07523081584123e-05","1.30069491556826e-05"
"('SK', 'Casting of metals')","1.32513084987901e-05","1.88025549028941e-06","1.31560265020649e-05"
"('BE', 'Manufacture of bricks, tiles and construction products, in baked clay')","1.93539726949602e-05","1.41245328470649e-05","1.30664270067637e-05"
"('GR', 'Pulp')","1.30570792344244e-05","9.65239270458462e-06","1.3019193345635e-05"
"('FI', 'Manufacture of glass and glass products')","1.32076597995591e-05","1.01087073623089e-05","1.2159208245895e-05"
"('DK', 'Waste water treatment, other')","1.34442782089986e-05","5.85722414707016e-06","1.30272863007662e-05"
"('HR', 'Manufacture of gas; distribution of gaseous fuels through mains')","1.30260496852055e-05","1.11595629063797e-05","1.29994872950428e-05"
"('ZA', 'Processing vegetable oils and fats')","1.31815062363822e-05","5.30591033483704e-06","1.28191164368144e-05"
"('SE', 'Landfill of waste: Inert/metal/hazardous')","2.31574213977542e-05","1.89422451564181e-05","1.29639927526643e-05"
"('LT', 'Transport via railways')","1.29473367734883e-05","6.21957065455149e-06","1.29314779902158e-05"
"('BR', 'Other non-ferrous metal production')","1.29458600494668e-05","5.62301056025482e-06","1.23790465028725e-05"
"('DK', 'Incineration of waste: Plastic')","1.31891817900052e-05","5.83309720440367e-06","1.27930768814796e-05"
"('IE', 'Production of electricity by wind')","9.75143073143156e-06","9.75143073143156e-06","5.42660120491506e-06"
"('AT', 'Tanning and dressing of leather; manufacture of luggage, handbags, saddlery, harness and footwear (19)')","1.29135795204756e-05","5.312388530307e-06","1.29135607577992e-05"
"('EE', 'Manufacture of motor vehicles, trailers and semi-trailers (34)')","1.28929431758e-05","6.10928140010696e-06","1.28926800781184e-05"
"('BE', 'Manufacture of furniture; manufacturing n.e.c. (36)')","1.2045333288274e-05","4.68890825000104e-06","1.2045332657593e-05"
"('WE', 'Cultivation of sugar cane, sugar beet')","1.35369525265972e-05","1.15897257999967e-05","1.13771647242239e-05"
"('CH', 'Tanning and dressing of leather; manufacture of luggage, handbags, saddlery, harness and footwear (19)')","1.28173195100293e-05","4.9022058265969e-06","1.28173040614776e-05"
"('HU', 'Other service activities (93)')","1.28176748471096e-05","1.04750050107412e-05","1.28176748471096e-05"
"('RO', 'Production of electricity by gas')","1.25060895973661e-05","6.01493386396841e-06","1.15408301212894e-05"
"('HU', 'Tanning and dressing of leather; manufacture of luggage, handbags, saddlery, harness and footwear (19)')","1.27891667388629e-05","5.40844063679561e-06","1.27891619046881e-05"
"('DK', 'Manufacture of cement, lime and plaster')","1.28076109120474e-05","8.79471025104447e-06","1.27833249327914e-05"
"('MX', 'Transport via railways')","1.27619819444062e-05","6.19439080180424e-07","1.27197368402141e-05"
"('BG', 'Manufacture of wood and of products of wood and cork, except furniture; manufacture of articles of straw and plaiting materials (20)')","1.27596031864159e-05","3.74328507312005e-06","1.27550207699805e-05"
"('TW', 'Sugar refining')","1.26783081425774e-05","1.03493023900252e-05","5.39029798365333e-06"
"('FI', 'Cultivation of cereal grains nec')","1.27230198105547e-05","7.44784678976319e-06","1.25520310585536e-05"
"('HR', 'Manufacture of beverages')","1.26595388478939e-05","6.58271444349598e-06","1.25908326891387e-05"
"('CH', 'Transmission of electricity')","1.29162204742082e-05","5.9847910581764e-06","1.15879447443508e-05"
"('HU', 'Processing of meat poultry')","1.259245583049e-05","3.44579575821451e-06","1.24613470770901e-05"
"('GR', 'Manufacture of wood and of products of wood and cork, except furniture; manufacture of articles of straw and plaiting materials (20)')","1.25413759891566e-05","5.81094162927159e-06","1.25369343632964e-05"
"('WF', 'Wool, silk-worm cocoons')","1.25179219535717e-05","1.1546583674475e-05","4.57280569693345e-06"
"('ID', 'Casting of metals')","1.27241990796333e-05","1.04465611964533e-05","1.23101274663463e-05"
"('EE', 'Financial intermediation, except insurance and pension funding (65)')","1.2504260890717e-05","9.03779200411531e-06","1.2504249540887e-05"
"('MX', 'Manufacture of tobacco products (16)')","1.39023220704105e-05","7.15970438708723e-06","1.24802225582568e-05"
"('RO', 'Poultry farming')","1.24515651581894e-05","4.72941216608114e-06","1.24511953293166e-05"
"('FI', 'Casting of metals')","1.24511599893015e-05","7.82418038741576e-06","1.23888283289934e-05"
"('KR', 'Manufacture of gas; distribution of gaseous fuels through mains')","1.24633899253671e-05","1.05297024820679e-05","8.89824566490205e-06"
"('TR', 'Sugar refining')","1.45016046669515e-05","1.04145409464981e-05","7.25861844803101e-06"
"('SE', 'Biogasification of sewage slugde, incl. land application')","2.4227243372452e-05","2.0381941181776e-05","1.36417943382826e-05"
"('IT', 'Cultivation of paddy rice')","1.23415848781645e-05","1.21279657850226e-05","9.85088962590736e-06"
"('NO', 'Transmission of electricity')","1.12873668851097e-05","1.09552043345689e-05","5.47736661075298e-06"
"('NO', 'Paper')","1.23120113423779e-05","5.70892906543715e-06","1.22986235253452e-05"
"('HR', 'Extraction of natural gas and services related to natural gas extraction, excluding surveying')","1.23105640454475e-05","6.34456361109477e-06","1.23082039673325e-05"
"('MT', 'Other business activities (74)')","1.23061089714403e-05","4.82236314836844e-06","1.23061089261377e-05"
"('RO', 'Transport via pipelines')","1.20583362375656e-05","2.74620203277297e-06","1.19365682072786e-05"
"('RO', 'Processing of meat pigs')","1.2253800832081e-05","1.49486407218108e-06","1.2253800832081e-05"
"('DK', 'Manufacture of glass and glass products')","1.21991787848067e-05","8.50443145079506e-06","1.21533246649661e-05"
"('GR', 'Recreational, cultural and sporting activities (92)')","1.21810954846414e-05","7.89290165625434e-06","1.21778878814032e-05"
"('FI', 'Cultivation of crops nec')","1.21479922041635e-05","7.199609816619e-06","1.18653028910506e-05"
"('RU', 'N-fertiliser')","1.22620925456459e-05","9.95175083391677e-06","6.95580926843075e-06"
"('DK', 'Cultivation of cereal grains nec')","1.21728089236593e-05","6.95325452417515e-06","1.18336361650564e-05"
"('AT', 'Pigs farming')","1.20553363326596e-05","8.77403707856118e-06","1.20437605236422e-05"
"('CY', 'Other business activities (74)')","1.19241340613145e-05","1.00068720163188e-05","1.19238845959335e-05"
"('GR', 'Other service activities (93)')","1.19208256162798e-05","1.18992026911177e-06","1.19208256162798e-05"
"('CZ', 'Manufacture of ceramic goods')","1.20027550840567e-05","5.92428257732841e-06","1.14786014942273e-05"
"('GR', 'Manufacture of furniture; manufacturing n.e.c. (36)')","1.16450702122005e-05","5.72737484773927e-06","1.1644805958144e-05"
"('CZ', 'Collection, purification and distribution of water (41)')","1.11980641434047e-05","9.03642633010578e-06","6.30976879763658e-06"
"('LV', 'Education (80)')","1.18976061248834e-05","7.94805176442854e-06","1.18976061138011e-05"
"('CZ', 'Activities of membership organisation n.e.c. (91)')","1.18469017515977e-05","7.26125159591889e-06","1.1846901698616e-05"
"('SK', 'Tanning and dressing of leather; manufacture of luggage, handbags, saddlery, harness and footwear (19)')","1.18439032763922e-05","4.16771635846858e-06","1.18437702725323e-05"
"('ES', 'Incineration of waste: Wood')","0.000105666909307785","0.00010286701090128","1.59568725194695e-05"
"('NL', 'Incineration of waste: Textiles')","0.000199234482511881","0.00019752425420976","1.05374545123662e-05"
"('NL', 'Cultivation of wheat')","1.17730616159889e-05","8.30262162938538e-06","1.04057556377413e-05"
"('PT', 'Transport via pipelines')","1.1749313345348e-05","9.52329803688407e-06","1.04581897563823e-05"
"('FI', 'Manufacture of textiles (17)')","1.17222495200347e-05","3.43883976987108e-06","1.17222056468524e-05"
"('NO', 'Raw milk')","1.17324995547442e-05","7.58508369050508e-06","1.16074244852216e-05"
"('GR', 'Manufacture of rubber and plastic products (25)')","1.1617131968111e-05","5.96545469947787e-06","1.1610869271843e-05"
"('CZ', 'Incineration of waste: Plastic')","2.88578358312827e-05","2.71141463272144e-05","1.15984156446108e-05"
"('IE', 'Pulp')","1.156312970814e-05","1.02988183213156e-05","1.12469858660979e-05"
"('MX', 'Production of electricity by coal')","1.15302315396413e-05","4.91115664392376e-07","1.1473537676916e-05"
"('DK', 'Fishing, operating of fish hatcheries and fish farms; service activities incidental to fishing (05)')","1.15081590012168e-05","9.64799865478411e-06","1.14664573781674e-05"
"('RO', 'Chemicals nec')","1.14188337644922e-05","6.03248685731668e-06","1.14188085819425e-05"
"('ZA', 'Casting of metals')","1.18259464300963e-05","8.15880728849857e-06","1.14230079256751e-05"
"('DK', 'Transport via railways')","1.12831244466939e-05","8.36750987152356e-06","1.10074880935968e-05"
"('LV', 'Health and social work (85)')","1.14262486142537e-05","5.36615200943184e-06","1.14262486142537e-05"
"('TR', 'Retail sale of automotive fuel')","7.28761311552417e-06","5.15433613165782e-06","5.70866408851912e-06"
"('KR', 'Mining of coal and lignite; extraction of peat (10)')","1.06034962479697e-05","6.17880414072949e-06","1.02472875001774e-05"
"('BG', 'Processing of dairy products')","1.14145053603847e-05","7.12529164195462e-06","1.13941329583126e-05"
"('LT', 'Sale, maintenance, repair of motor vehicles, motor vehicles parts, motorcycles, motor cycles parts and accessoiries')","1.13474937100237e-05","6.76610009719335e-06","1.1336115078849e-05"
"('NL', 'Cultivation of sugar cane, sugar beet')","1.22497183102226e-05","8.62552454217321e-06","9.26552614785429e-06"
"('SI', 'Plastics, basic')","1.1319506275424e-05","2.45611869930244e-06","1.13180916338179e-05"
"('CH', 'Production of electricity by nuclear')","1.03599113857632e-05","5.91799632355021e-06","7.32501569438379e-06"
"('NL', 'Tanning and dressing of leather; manufacture of luggage, handbags, saddlery, harness and footwear (19)')","1.12412420087394e-05","1.63131645222084e-06","1.12412414751379e-05"
"('NO', 'Waste water treatment, other')","3.51437762561225e-05","2.99010045593787e-05","1.11613814258476e-05"
"('PL', 'Extraction of crude petroleum and services related to crude oil extraction, excluding surveying')","1.11248398427149e-05","4.18114373146358e-06","1.11247105757308e-05"
"('BE', 'Manufacture of fish products')","1.11833379527461e-05","5.41917323253388e-06","1.1007527374184e-05"
"('PL', 'Incineration of waste: Oil/Hazardous waste')","3.40017731073963e-05","3.22554987212047e-05","1.10385848271447e-05"
"('GB', 'Production of meat products nec')","1.43746416120569e-05","1.42178371808256e-05","9.24961794043354e-06"
"('CZ', 'Publishing, printing and reproduction of recorded media (22)')","1.10677342095179e-05","6.77524526865041e-06","1.10672909815762e-05"
"('TR', 'Forestry, logging and related service activities (02)')","1.10423388336702e-05","9.120367117846e-06","1.0997959165622e-05"
"('NL', 'Transmission of electricity')","1.60104115267092e-05","1.41361544710088e-05","6.4075093059149e-06"
"('CZ', 'Cultivation of oil seeds')","1.11448435997185e-05","7.26175426875145e-06","1.09467693340127e-05"
"('TR', 'Lead, zinc and tin production')","1.10850667834069e-05","3.66266137646417e-06","1.10340005789738e-05"
"('HR', 'Sale, maintenance, repair of motor vehicles, motor vehicles parts, motorcycles, motor cycles parts and accessoiries')","1.10125371546383e-05","7.69417806936238e-06","1.10125348253849e-05"
"('HR', 'Manufacture of machinery and equipment n.e.c. (29)')","1.10169324427227e-05","3.68008903341769e-06","1.101691619518e-05"
"('SK', 'Activities auxiliary to financial intermediation (67)')","1.08294320018643e-05","7.22079673185659e-06","1.08288349882601e-05"
"('SK', 'Landfill of waste: Food')","1.16984046929421e-05","4.05359573485304e-06","1.08953696035506e-05"
"('NO', 'Manufacture of cement, lime and plaster')","1.11011255257869e-05","7.32667966958206e-06","1.08738272313974e-05"
"('AU', 'Manufacture of radio, television and communication equipment and apparatus (32)')","1.07843041943177e-05","6.97039379128288e-06","1.07833026171328e-05"
"('SK', 'Incineration of waste: Oil/Hazardous waste')","1.13169683757617e-05","9.30311311370214e-06","1.07810649828065e-05"
"('SK', 'Paper')","1.07785902550076e-05","4.51825422615937e-06","1.07774964730848e-05"
"('WL', 'Production of electricity by nuclear')","8.71886423762293e-06","8.12892701833285e-06","4.36330897407606e-06"
"('HU', 'Post and telecommunications (64)')","1.05947796664816e-05","9.61499042893621e-06","1.05195159288352e-05"
"('ZA', 'Cultivation of wheat')","1.07541164838316e-05","5.55409543230123e-06","1.05987850125319e-05"
"('LV', 'Processing of Food products nec')","1.07434748660006e-05","1.57854563613847e-06","1.07434347728789e-05"
"('SI', 'Sale, maintenance, repair of motor vehicles, motor vehicles parts, motorcycles, motor cycles parts and accessoiries')","1.07254183086173e-05","8.92298248769991e-06","1.07239992352381e-05"
"('BG', 'Pulp')","1.07310023860786e-05","6.24149907030123e-06","1.07213085614923e-05"
"('HU', 'Landfill of waste: Food')","1.27838313237207e-05","9.71938524442001e-06","1.07172267537817e-05"
"('RO', 'Paper')","1.07131079602254e-05","5.93838700716314e-06","1.07100735913634e-05"
"('BR', 'Cultivation of wheat')","1.0750493249855e-05","8.41367004416573e-06","1.06909469588307e-05"
"('EE', 'Manufacture of office machinery and computers (30)')","1.0696554407379e-05","7.7448004257005e-06","1.06964454955867e-05"
"('PT', 'Forestry, logging and related service activities (02)')","1.06549604246441e-05","9.65254610159794e-06","1.04948370648376e-05"
"('SK', 'Manufacture of wearing apparel; dressing and dyeing of fur (18)')","1.06139243944987e-05","2.47901351973529e-06","1.06130606260378e-05"
"('AT', 'Lead, zinc and tin production')","1.0576173203818e-05","3.97267030314896e-06","1.05755754272491e-05"
"('RU', 'Lead, zinc and tin production')","1.05266057765831e-05","9.93339019351223e-06","7.59010456646819e-06"
"('DK', 'Manufacture of other non-metallic mineral products n.e.c.')","1.04759070284696e-05","6.42322229070928e-06","1.03439488518378e-05"
"('LU', 'Research and development (73)')","1.04646323740354e-05","8.72398033512803e-06","1.04646323740354e-05"
"('DK', 'Manufacture of wearing apparel; dressing and dyeing of fur (18)')","1.04623453066481e-05","9.13400398528311e-07","1.04623453014536e-05"
"('WA', 'Production of electricity by wind')","1.04455094112552e-05","1.03329682195389e-05","3.63902617660908e-06"
"('ZA', 'Production of meat products nec')","1.04171496433339e-05","9.14255335888524e-06","1.03586603226797e-05"
"('SI', 'Education (80)')","1.03261885810757e-05","6.42808854150043e-06","1.03261885810757e-05"
"('PT', 'Collection, purification and distribution of water (41)')","1.04441924301878e-05","8.70803668608614e-06","8.54398312984967e-06"
"('NL', 'Precious metals production')","1.02352715266192e-05","6.19379274719836e-06","1.02206622908578e-05"
"('AT', 'Manufacture of ceramic goods')","1.01556125692498e-05","5.90150386518458e-06","1.00161001055248e-05"
"('FI', 'Landfill of waste: Food')","9.04961697402156e-06","6.92862340443386e-06","8.09875063873626e-06"
"('PT', 'Aluminium production')","1.01793774455207e-05","3.48796235463906e-06","1.01443199215745e-05"
"('LT', 'Quarrying of sand and clay')","1.04224120879653e-05","1.01427643261454e-05","9.0868552018366e-06"
"('BR', 'Production of electricity by coal')","1.01879236970475e-05","3.34574769636992e-06","9.14015274444828e-06"
"('DE', 'Processing of meat poultry')","1.12929355001785e-05","1.01380841919077e-05","8.30747034987188e-06"
"('SI', 'Research and development (73)')","1.01044064784e-05","6.48442310840706e-06","1.01044064784e-05"
"('MX', 'Other non-ferrous metal production')","9.98208982516135e-06","6.1647746559418e-06","8.88456430621068e-06"
"('CY', 'Real estate activities (70)')","1.0062197323995e-05","8.47610518110365e-06","1.0062197318743e-05"
"('LV', 'Manufacture of motor vehicles, trailers and semi-trailers (34)')","1.00601109116359e-05","6.43922155877276e-06","1.00597678108436e-05"
"('HR', 'Transport via railways')","1.00586125647645e-05","1.74921982409448e-06","1.0058608394567e-05"
"('CZ', 'Pigs farming')","1.00464024854646e-05","4.9335161453382e-06","1.00454087519248e-05"
"('DE', 'Meat animals nec')","9.97123881381e-06","9.97123881381e-06","3.58569545482364e-06"
"('RO', 'Forestry, logging and related service activities (02)')","9.95910665762463e-06","7.1388178110861e-06","9.85889488498149e-06"
"('CH', 'Re-processing of secondary steel into new steel')","9.90609429183673e-06","4.97106623674984e-06","9.90424218215994e-06"
"('RO', 'Pigs farming')","9.88484553805647e-06","7.53251552360041e-06","9.87856213241845e-06"
"('NL', 'Processing vegetable oils and fats')","9.91593725907462e-06","3.00976031792841e-06","9.49687711091153e-06"
"('EE', 'Renting of machinery and equipment without operator and of personal and household goods (71)')","9.85818342458745e-06","7.36613550638453e-06","9.84681936730224e-06"
"('WM', 'Pigs farming')","9.84655721751513e-06","9.64842116824705e-06","8.72690110817763e-06"
"('HR', 'Manufacture of cement, lime and plaster')","9.88701834626511e-06","7.36177960454481e-06","9.83866432659398e-06"
"('ID', 'Manufacture of medical, precision and optical instruments, watches and clocks (33)')","9.82901745346668e-06","4.6547556855455e-06","9.8256777483527e-06"
"('RO', 'Waste water treatment, food')","9.91023817525659e-06","2.57994258714927e-06","9.81874509331566e-06"
"('IT', 'P- and other fertiliser')","1.1041542463984e-05","5.46017401662189e-06","9.77068717911963e-06"
"('RO', 'Steam and hot water supply')","8.05734236615753e-06","4.56648001329801e-06","6.24144017285998e-06"
"('BG', 'Collection, purification and distribution of water (41)')","8.79933040004504e-06","6.07307239120616e-06","8.06845963840799e-06"
"('SI', 'Manufacture of cement, lime and plaster')","9.72813564016678e-06","6.18844221623955e-06","9.66149929092015e-06"
"('KR', 'Mining of iron ores')","9.71392485087487e-06","9.71392485087487e-06","6.58245888409446e-07"
"('HR', 'Education (80)')","9.68912651644203e-06","6.13977198165853e-06","9.68912651644203e-06"
"('LU', 'Chemicals nec')","9.68402843882757e-06","2.90981886863653e-06","9.68379800996774e-06"
"('SK', 'Quarrying of sand and clay')","9.73827155404223e-06","7.23044960132395e-06","9.65948468277885e-06"
"('IE', 'Paper')","9.64009531996514e-06","9.30508367254369e-06","9.61884011116792e-06"
"('NO', 'Poultry farming')","9.61830419010003e-06","6.06201735277966e-06","9.61237247674016e-06"
"('WM', 'Production of electricity by wind')","8.4523277186202e-06","8.30172374080204e-06","2.27423150022915e-06"
"('CZ', 'Other service activities (93)')","9.56800056292916e-06","5.48157804361531e-06","9.56193710923497e-06"
"('BE', 'Cultivation of wheat')","9.58562256086482e-06","5.24146710120306e-06","9.0406162782051e-06"
"('IE', 'Other service activities (93)')","9.48576074059538e-06","7.68293289252235e-06","9.48400057527646e-06"
"('NL', 'Publishing, printing and reproduction of recorded media (22)')","9.47140857018419e-06","6.45213731185952e-06","9.47119873774118e-06"
"('SI', 'Health and social work (85)')","9.46647916174043e-06","5.42688506350877e-06","9.4663115942103e-06"
"('AT', 'Activities of membership organisation n.e.c. (91)')","9.46158003825422e-06","1.66998532559539e-06","9.46157996563023e-06"
"('WE', 'Retail sale of automotive fuel')","8.5298641254927e-06","2.26090872504353e-06","8.40396906030838e-06"
"('DK', 'Cultivation of wheat')","9.51959712225459e-06","4.47498636753131e-06","9.2392818712449e-06"
"('NO', 'Production of electricity by wind')","9.38316980866847e-06","9.29517450733659e-06","2.44049981600603e-06"
"('GR', 'Chemicals nec')","9.37364845490404e-06","2.2663229537404e-06","9.3736399667803e-06"
"('PL', 'Cultivation of sugar cane, sugar beet')","9.36784818903736e-06","6.87698790849742e-06","9.1752289925068e-06"
"('PT', 'Landfill of waste: Wood')","1.13670609098659e-05","1.06252260576078e-05","7.91215765506515e-06"
"('SI', 'Renting of machinery and equipment without operator and of personal and household goods (71)')","9.28771104578595e-06","6.76815341399321e-06","9.2877103231859e-06"
"('SI', 'Insurance and pension funding, except compulsory social security (66)')","9.30406629288899e-06","5.41227822499715e-06","9.30353891947277e-06"
"('NO', 'Incineration of waste: Plastic')","1.05304935005502e-05","8.49714485602118e-06","8.37051489370928e-06"
"('RO', 'Landfill of waste: Paper')","9.34295130411173e-06","2.25398391433828e-06","9.29620383596362e-06"
"('IE', 'Extraction of natural gas and services related to natural gas extraction, excluding surveying')","9.42081380971243e-06","9.32520661736076e-06","9.22558627704733e-06"
"('AT', 'Cultivation of cereal grains nec')","9.34214368482375e-06","7.45338466444702e-06","8.92619082341387e-06"
"('NL', 'Manufacture of bricks, tiles and construction products, in baked clay')","1.72526427242407e-05","1.49872436535971e-05","9.22687498993369e-06"
"('FI', 'Manufacture of other non-metallic mineral products n.e.c.')","9.44157561266697e-06","7.64762539568157e-06","9.10365290840833e-06"
"('HR', 'Manufacture of textiles (17)')","9.16791016339188e-06","5.10549748779312e-06","9.16790955366644e-06"
"('LT', 'Health and social work (85)')","9.1594027498138e-06","3.12025489285907e-06","9.1594027498138e-06"
"('DK', 'Biogasification of food waste, incl. land application')","1.03766909057617e-05","9.40872229868741e-06","5.8178503630876e-06"
"('JP', 'Extraction of crude petroleum and services related to crude oil extraction, excluding surveying')","9.134103223678e-06","7.61221172487475e-06","8.98489182676795e-06"
"('LU', 'Manufacture of textiles (17)')","9.09648318917463e-06","2.9409752256355e-06","9.0963839503932e-06"
"('DK', 'Distribution and trade of electricity')","8.29102643072026e-06","7.98271225045963e-06","7.61881147144754e-06"
"('WM', 'Production of electricity by nuclear')","9.06594707148196e-06","9.06594707148196e-06","1.140478993758e-06"
"('BE', 'Biogasification of sewage slugde, incl. land application')","1.82207532843321e-05","1.55984697336972e-05","9.04777548137081e-06"
"('PL', 'Cultivation of oil seeds')","9.04815864268205e-06","4.07426705801091e-06","8.84878766754597e-06"
"('CH', 'Mining of chemical and fertilizer minerals, production of salt, other mining and quarrying n.e.c.')","1.58744284192831e-05","1.37634907393498e-05","6.38276758466837e-06"
"('FR', 'Precious metals production')","9.08668494545128e-06","4.28356588632976e-06","8.85622546618807e-06"
"('PL', 'Activities of membership organisation n.e.c. (91)')","8.95947324532329e-06","2.57029092647501e-06","8.95947324532329e-06"
"('MT', 'Retail trade, except of motor vehicles and motorcycles; repair of personal and household goods (52)')","8.94083494195556e-06","5.86104971971527e-06","8.94083493550323e-06"
"('NO', 'Landfill of waste: Food')","1.80079985695375e-05","1.37999209073675e-05","8.93713453272429e-06"
"('CZ', 'Precious metals production')","8.85183599558263e-06","6.07581320553981e-06","8.66054269824644e-06"
"('SI', 'Manufacture of wood and of products of wood and cork, except furniture; manufacture of articles of straw and plaiting materials (20)')","8.90558594917097e-06","5.28565929567225e-06","8.89673403602532e-06"
"('NL', 'Biogasification of food waste, incl. land application')","7.43305765771753e-05","7.36102210297386e-05","3.87068769057485e-06"
"('AT', 'Recreational, cultural and sporting activities (92)')","8.87973238292168e-06","6.60159951664487e-06","8.87917124483137e-06"
"('IE', 'Manufacture of furniture; manufacturing n.e.c. (36)')","8.49592227783026e-06","7.89364672297503e-06","8.49521993569776e-06"
"('IT', 'Manufacture of tobacco products (16)')","8.87249791246604e-06","1.0125802162962e-06","8.87249791246604e-06"
"('HU', 'Manufacture of other non-metallic mineral products n.e.c.')","8.89055945470111e-06","5.28007833923344e-06","8.7973388297042e-06"
"('BR', 'Production of electricity by nuclear')","9.03200980604045e-06","8.22419275548674e-06","3.55113836935328e-06"
"('DE', 'P- and other fertiliser')","8.8558959481898e-06","5.86638603567712e-06","8.38644951189744e-06"
"('NO', 'Landfill of waste: Textiles')","3.61710748299892e-06","3.61710748299892e-06","1.64841426094762e-06"
"('HR', 'Manufacture of wood and of products of wood and cork, except furniture; manufacture of articles of straw and plaiting materials (20)')","8.79671842809209e-06","3.66311647428555e-06","8.79402065401763e-06"
"('AU', 'Activities of membership organisation n.e.c. (91)')","8.79233657254703e-06","7.55035289400209e-06","8.79233657254703e-06"
"('IE', 'Manufacture of radio, television and communication equipment and apparatus (32)')","8.78795024586898e-06","8.78795024586898e-06","8.77697761807102e-06"
"('GR', 'Mining of aluminium ores and concentrates')","8.07710420873977e-06","8.07710420873977e-06","1.53197149241601e-07"
"('JP', 'N-fertiliser')","8.71492661291197e-06","8.0249094140308e-06","1.87883125163302e-06"
"('PL', 'Manufacture of bricks, tiles and construction products, in baked clay')","1.26093264260211e-05","9.01975654948832e-06","8.58622883228943e-06"
"('JP', 'Mining of coal and lignite; extraction of peat (10)')","8.68687083464506e-06","4.67878173092059e-06","7.81235822644296e-06"
"('HR', 'Insurance and pension funding, except compulsory social security (66)')","8.66915658795045e-06","5.4147006713216e-06","8.6691564084514e-06"
"('ID', 'Processing of dairy products')","9.12845679465228e-06","6.52789540569922e-06","8.6432468345718e-06"
"('SI', 'Manufacture of beverages')","8.65848703947208e-06","4.17608202580894e-06","8.65154480666258e-06"
"('AT', 'Other service activities (93)')","8.65081273259735e-06","4.40167712911585e-06","8.65081273259735e-06"
"('GB', 'Production of electricity by hydro')","6.58576604237127e-06","5.27728330240467e-06","5.12848644094227e-06"
"('GB', 'Pigs farming')","8.64542748082802e-06","1.87825629612951e-06","8.64337208619082e-06"
"('HR', 'Manufacture of motor vehicles, trailers and semi-trailers (34)')","8.64361743380408e-06","4.50351811147961e-06","8.64361339105884e-06"
"('HR', 'Manufacture of wearing apparel; dressing and dyeing of fur (18)')","8.63375967822444e-06","5.77327222906323e-06","8.60162341551253e-06"
"('NO', 'Production of meat products nec')","8.7934655547611e-06","7.07195796215626e-06","8.61344944362856e-06"
"('GB', 'Processing of meat pigs')","1.02981615218298e-05","9.40049400116821e-06","7.56054122700001e-06"
"('AU', 'Manufacture of ceramic goods')","9.41986321288089e-06","4.97189474880059e-06","8.60635586205656e-06"
"('NO', 'Pigs farming')","8.60528256978556e-06","5.25603496662199e-06","8.59958665537022e-06"
"('LT', 'Renting of machinery and equipment without operator and of personal and household goods (71)')","8.56860335502263e-06","4.04093000965164e-06","8.56860179515676e-06"
"('MX', 'Cultivation of oil seeds')","8.54500290621644e-06","6.39016828886894e-06","8.15706195602923e-06"
"('CZ', 'Recycling of waste and scrap')","5.188916087493e-06","3.69391225599441e-06","2.53343622266351e-06"
"('NL', 'Private households with employed persons (95)')","8.52216119290232e-06","8.52216119290232e-06","8.52216119290232e-06"
"('NO', 'Publishing, printing and reproduction of recorded media (22)')","8.50534954081243e-06","6.45594816408983e-06","8.50522533099624e-06"
"('PT', 'Private households with employed persons (95)')","8.50371202691875e-06","8.50371202691875e-06","8.50371202691875e-06"
"('ES', 'Processed rice')","1.04084896565913e-05","1.02657671758584e-05","4.43830559604231e-06"
"('SK', 'Post and telecommunications (64)')","8.32637603353576e-06","8.07217321045957e-06","8.31777205588371e-06"
"('HR', 'Sea and coastal water transport')","8.46171455734316e-06","3.38920213041578e-06","8.45494960249907e-06"
"('MX', 'Pulp')","8.42389699641493e-06","5.23917548925941e-06","8.10753806898516e-06"
"('FI', 'Mining of other non-ferrous metal ores and concentrates')","8.39849481817742e-06","6.90679662719115e-06","7.78465816575173e-06"
"('NO', 'Transport via railways')","8.38769868051447e-06","3.17173469693752e-06","8.32579562386564e-06"
"('PT', 'Composting of food waste, incl. land application')","8.85471576748446e-06","7.02677809504244e-06","8.37228717632645e-06"
"('SI', 'Incineration of waste: Metals and Inert materials')","9.37726030401439e-06","7.84305088516175e-06","8.17589415361444e-06"
"('AU', 'Transmission of electricity')","8.34431392916599e-06","3.33821071907677e-07","8.34431392916599e-06"
"('TW', 'Transmission of electricity')","7.19937693407438e-06","6.81507604222302e-06","4.91783518452472e-06"
"('IE', 'Manufacture of electrical machinery and apparatus n.e.c. (31)')","8.33886917479315e-06","8.33886917479315e-06","8.3378495490809e-06"
"('LV', 'Processing of dairy products')","8.31012807389419e-06","3.01794031274421e-06","8.30814595905467e-06"
"('GB', 'Production of electricity by coal')","7.50177857810057e-06","3.18835218347143e-06","7.06483991872997e-06"
"('ES', 'Lead, zinc and tin production')","8.25559309832852e-06","3.23294803345538e-06","8.24777637859798e-06"
"('BG', 'Mining of coal and lignite; extraction of peat (10)')","8.23848602326544e-06","5.85717759890809e-06","8.23837561777168e-06"
"('GR', 'Processing vegetable oils and fats')","8.36286007361604e-06","2.84665065047923e-06","7.9489363267422e-06"
"('PT', 'Incineration of waste: Plastic')","8.40606645763212e-06","7.45646719074537e-06","7.39665650664329e-06"
"('WF', 'Production of electricity by wind')","5.99712246040282e-06","4.26469560698241e-06","5.12191351136225e-06"
"('PT', 'Production of electricity by wind')","7.71573843434314e-06","5.12360827237158e-06","6.53985560172734e-06"
"('TW', 'Cultivation of crops nec')","8.21275009343859e-06","4.32652154749444e-06","7.90768072144668e-06"
"('PL', 'Extraction, liquefaction, and regasification of other petroleum and gaseous materials')","8.21868714861561e-06","6.7405969857162e-06","6.26163136627836e-06"
"('WE', 'Precious metals production')","8.24129971445687e-06","6.04156644311446e-06","8.18671026846091e-06"
"('CZ', 'Plastics, basic')","8.17492013325108e-06","2.8541012908425e-06","8.17442450247981e-06"
"('NO', 'Waste water treatment, food')","1.35666227586841e-05","1.10741164104802e-05","9.399424903423e-06"
"('AT', 'Manufacture of bricks, tiles and construction products, in baked clay')","1.10294926051493e-05","9.68197949156002e-06","7.63382945071709e-06"
"('BR', 'Manufacture of fish products')","8.53825733232509e-06","4.8190848002841e-06","8.01186358860703e-06"
"('CH', 'Manufacture of ceramic goods')","8.24639300419345e-06","4.89193800334668e-06","8.14164208516848e-06"
"('NO', 'Landfill of waste: Paper')","1.13392728145309e-05","9.01425979519453e-06","9.28763673595612e-06"
"('NO', 'Forestry, logging and related service activities (02)')","8.12660400741141e-06","7.55236736324857e-06","7.95935244796508e-06"
"('RO', 'Collection, purification and distribution of water (41)')","8.1197916415045e-06","6.13484670000544e-07","8.11979164039656e-06"
"('RO', 'Tanning and dressing of leather; manufacture of luggage, handbags, saddlery, harness and footwear (19)')","8.09777334082944e-06","2.72095194500932e-06","8.09409914034e-06"
"('AU', 'Quarrying of sand and clay')","8.08132538571066e-06","7.07645344622249e-06","2.6609582138455e-06"
"('FR', 'Production of electricity by petroleum and other oil derivatives')","8.07852389867599e-06","5.06364296629269e-06","4.22971971431302e-06"
"('SK', 'Transmission of electricity')","8.00105199398785e-06","3.41443123428087e-06","7.5452890390788e-06"
"('PL', 'Incineration of waste: Wood')","4.94772105568459e-05","4.86736486277869e-05","8.45329717124868e-06"
"('PT', 'Processing of meat cattle')","8.00325603488131e-06","1.24587009855421e-06","7.99287106977771e-06"
"('AT', 'Manufacture of office machinery and computers (30)')","7.98282972607283e-06","3.542503277947e-06","7.98188308642411e-06"
"('SE', 'Manufacture of ceramic goods')","8.05641073982661e-06","6.07824985897961e-06","7.98109373299776e-06"
"('SE', 'Processing of meat pigs')","7.98157115409216e-06","1.48124192852602e-06","7.9573096832883e-06"
"('LV', 'P- and other fertiliser')","7.9249634393303e-06","5.91445901700685e-06","7.92315987061723e-06"
"('HU', 'Paper')","7.89981205954381e-06","2.85015838195758e-06","7.89216984387869e-06"
"('LU', 'Public administration and defence; compulsory social security (75)')","7.8864968170123e-06","1.51801479765205e-06","7.8864968170123e-06"
"('GR', 'Paper')","7.84033600227806e-06","1.55626760555743e-06","7.84027319004913e-06"
"('IN', 'Pulp')","7.83806851968316e-06","3.5883255288691e-06","7.81407806713488e-06"
"('HU', 'Production of electricity by gas')","7.78277766573167e-06","3.13025825220993e-06","7.49571872965255e-06"
"('HU', 'Distribution and trade of electricity')","7.77864387006489e-06","5.04574637515023e-06","7.77285303915781e-06"
"('ZA', 'Retail sale of automotive fuel')","7.54145272610918e-06","4.93318699153839e-06","6.56406293090014e-06"
"('IE', 'Collection, purification and distribution of water (41)')","3.10579938561684e-06","3.10579938561684e-06","2.35736887599507e-06"
"('PT', 'Sea and coastal water transport')","7.76316505958681e-06","2.93974939191965e-06","7.73947668691279e-06"
"('CZ', 'Landfill of waste: Plastic')","3.44056268699934e-05","3.29053526068683e-05","8.68783214715712e-06"
"('JP', 'Cultivation of sugar cane, sugar beet')","7.76084150087716e-06","6.74028732337769e-06","7.76084150087716e-06"
"('RO', 'Publishing, printing and reproduction of recorded media (22)')","7.72940300919217e-06","5.1458793160121e-06","7.72940300919217e-06"
"('FI', 'Other service activities (93)')","7.71096226556216e-06","4.19164945677655e-06","7.71096226556216e-06"
"('IE', 'Manufacture of office machinery and computers (30)')","7.70909276779823e-06","6.50900922801369e-06","7.70742871861556e-06"
"('NO', 'Manufacture of furniture; manufacturing n.e.c. (36)')","7.54248297179633e-06","2.80953196209812e-06","7.54207898406034e-06"
"('EE', 'Forestry, logging and related service activities (02)')","7.63803665180538e-06","4.92492450087654e-06","7.59880720218952e-06"
"('CH', 'Aluminium production')","7.55867889669562e-06","2.72806416585215e-06","7.55848732462691e-06"
"('PT', 'Publishing, printing and reproduction of recorded media (22)')","7.554680443859e-06","5.79963632050279e-06","7.55460054860189e-06"
"('RO', 'Production of electricity by wind')","6.82395448483737e-06","6.51376640231183e-06","4.30638140804996e-06"
"('BG', 'Real estate activities (70)')","7.50289492277932e-06","6.07698862996532e-06","7.50289492277932e-06"
"('AU', 'Casting of metals')","7.62590360900968e-06","4.61858671792268e-06","7.51615304697658e-06"
"('KR', 'Processing vegetable oils and fats')","8.79887065753743e-06","3.90703741978323e-06","7.47264362254989e-06"
"('HU', 'Manufacture of glass and glass products')","7.55344908838746e-06","3.98803349830609e-06","7.51428227986847e-06"
"('HU', 'Landfill of waste: Paper')","7.95172108666717e-06","6.42690338309719e-06","7.48075740007624e-06"
"('PT', 'Production of electricity by hydro')","7.24515053774728e-06","4.51766132003385e-06","6.73820520806002e-06"
"('NL', 'Fishing, operating of fish hatcheries and fish farms; service activities incidental to fishing (05)')","7.42534173335689e-06","5.60864695121994e-06","7.41026958957283e-06"
"('PT', 'Manufacture of glass and glass products')","7.53223767667187e-06","4.98304856014025e-06","7.38851616180732e-06"
"('BG', 'Paper')","7.39228552119514e-06","3.29284284158016e-06","7.39228467199172e-06"
"('ES', 'Cultivation of oil seeds')","8.0316509755916e-06","7.21721753277461e-06","6.87614679877441e-06"
"('PT', 'Incineration of waste: Oil/Hazardous waste')","7.68029460115318e-06","4.92748042764372e-06","7.35713193498356e-06"
"('MX', 'Transport via pipelines')","7.11361026137659e-06","5.28583269605618e-06","5.50165322558504e-06"
"('LU', 'Sale, maintenance, repair of motor vehicles, motor vehicles parts, motorcycles, motor cycles parts and accessoiries')","6.55172400566087e-06","4.61291415542091e-06","6.55171616042729e-06"
"('CY', 'Manufacture of motor vehicles, trailers and semi-trailers (34)')","7.28533727572654e-06","5.34132854419251e-06","7.28533727572654e-06"
"('LV', 'Manufacture of fabricated metal products, except machinery and equipment (28)')","7.27829458578689e-06","4.73434067342961e-06","7.27795795150028e-06"
"('AT', 'Precious metals production')","6.73099801814989e-06","4.80493113793006e-06","6.7258364033958e-06"
"('SE', 'Extraction, liquefaction, and regasification of other petroleum and gaseous materials')","7.27172570179673e-06","5.62306309906779e-06","6.19962177927975e-06"
"('BE', 'Forestry, logging and related service activities (02)')","7.26466691535902e-06","3.99367144979258e-06","7.09980445981541e-06"
"('MX', 'Manufacture of coke oven products')","7.17264854657189e-06","4.47452557413353e-06","7.0829593904897e-06"
"('TR', 'Extraction of natural gas and services related to natural gas extraction, excluding surveying')","7.13321727307547e-06","1.34584458288288e-06","7.13271853220193e-06"
"('IE', 'Lead, zinc and tin production')","7.12418518068377e-06","6.86297025603137e-06","6.73993784219346e-06"
"('MT', 'Fishing, operating of fish hatcheries and fish farms; service activities incidental to fishing (05)')","7.11838702914266e-06","4.92217151546865e-06","7.10549887220386e-06"
"('BG', 'Forestry, logging and related service activities (02)')","7.08454866280163e-06","6.00600239894446e-06","7.06722699450829e-06"
"('LT', 'Air transport (62)')","6.9783890946492e-06","2.78521519608677e-06","6.97786983864017e-06"
"('PT', 'Manufacture of ceramic goods')","7.23481908933365e-06","4.62588322235362e-06","7.05654502507556e-06"
"('SE', 'Processing of meat poultry')","7.13172254494126e-06","1.77184623851453e-06","6.97012621129286e-06"
"('PL', 'Manufacture of tobacco products (16)')","7.79196353816138e-06","4.01317489970274e-06","7.04098414468341e-06"
"('ZA', 'Cultivation of sugar cane, sugar beet')","7.25335328151295e-06","5.50035088371034e-06","6.70247084784865e-06"
"('FI', 'Cattle farming')","7.04862696201173e-06","2.4479084752506e-06","7.02827307304995e-06"
"('BR', 'Production of electricity by solar photovoltaic')","7.03842093257763e-06","3.33385734665885e-06","6.93533575984968e-06"
"('MT', 'Recreational, cultural and sporting activities (92)')","7.00973408868119e-06","3.5778879719474e-06","7.00973192492558e-06"
"('BG', 'Aluminium production')","7.00479417643936e-06","2.15592241397278e-06","7.00359408168934e-06"
"('SI', 'Manufacture of textiles (17)')","6.98302708840834e-06","3.82703699916696e-06","6.98236917033012e-06"
"('LV', 'Manufacture of cement, lime and plaster')","6.96882477250054e-06","4.43026707910655e-06","6.96261262400305e-06"
"('BG', 'Publishing, printing and reproduction of recorded media (22)')","6.92763920446156e-06","4.54514324074768e-06","6.92763920446156e-06"
"('SK', 'Forestry, logging and related service activities (02)')","6.92198829977048e-06","5.53358870484325e-06","6.89599675508673e-06"
"('EE', 'Transport via railways')","6.91518566135817e-06","3.60200030480693e-06","6.91514958868686e-06"
"('LV', 'Sale, maintenance, repair of motor vehicles, motor vehicles parts, motorcycles, motor cycles parts and accessoiries')","6.88571123070936e-06","5.98759178486152e-06","6.88571123070936e-06"
"('LT', 'Insurance and pension funding, except compulsory social security (66)')","6.89194535586795e-06","4.25628938261427e-06","6.89194535586795e-06"
"('ZA', 'Transport via pipelines')","6.9200870113595e-06","2.87704445912554e-06","6.53539040649948e-06"
"('US', 'Mining of precious metal ores and concentrates')","6.8920962282729e-06","4.29750927240541e-06","4.54509095771704e-06"
"('SE', 'Tanning and dressing of leather; manufacture of luggage, handbags, saddlery, harness and footwear (19)')","6.84626486756871e-06","2.09930444608813e-06","6.84626435096133e-06"
"('MX', 'Production of electricity by hydro')","6.0980353000473e-06","5.68391541724343e-06","2.71878925621689e-06"
"('NO', 'Incineration of waste: Wood')","2.57438713705094e-05","2.31657257241171e-05","6.81452587671485e-06"
"('SE', 'Manufacture of wearing apparel; dressing and dyeing of fur (18)')","6.79578678322093e-06","6.28810911060764e-07","6.79578677025968e-06"
"('CY', 'Manufacture of other transport equipment (35)')","6.77414497828729e-06","2.40896894406886e-06","6.77413444926195e-06"
"('KR', 'Cultivation of crops nec')","6.78696736543928e-06","6.32869601949741e-06","3.71253838093331e-06"
"('AT', 'Extraction of natural gas and services related to natural gas extraction, excluding surveying')","6.7624508247345e-06","5.17771661465056e-06","6.71356293564829e-06"
"('DK', 'Manufacture of furniture; manufacturing n.e.c. (36)')","6.6319694647913e-06","3.44463080793163e-06","6.63189907587805e-06"
"('DE', 'Biogasification of paper, incl. land application')","0.000275152681156488","0.000273268879303603","7.53669087949647e-06"
"('CZ', 'Steam and hot water supply')","6.34554778475327e-06","2.23351166283835e-06","6.05632438526397e-06"
"('PT', 'Poultry farming')","6.75326770008106e-06","4.07429058843382e-06","6.70419060531161e-06"
"('SE', 'Manufacture of glass and glass products')","6.69757295361359e-06","4.73259376111873e-06","6.47650806927361e-06"
"('US', 'Meat animals nec')","6.64935574466344e-06","3.56212747199747e-06","6.64935574466344e-06"
"('WE', 'Activities of membership organisation n.e.c. (91)')","6.62902642713441e-06","5.80027152250291e-06","6.6277115361701e-06"
"('LV', 'Raw milk')","6.62323719961768e-06","3.10025440948965e-06","6.62139525950543e-06"
"('BE', 'Extraction of natural gas and services related to natural gas extraction, excluding surveying')","6.74316715540636e-06","1.88331641512317e-06","6.62183488173167e-06"
"('ZA', 'Mining of precious metal ores and concentrates')","3.11304768985575e-05","2.83319969585167e-05","4.8773329787704e-06"
"('EE', 'Manufacture of machinery and equipment n.e.c. (29)')","6.582009751276e-06","2.41624221533512e-06","6.58158515688743e-06"
"('CY', 'Manufacture of fabricated metal products, except machinery and equipment (28)')","6.58087503669097e-06","2.39762145554734e-06","6.58084043605462e-06"
"('LU', 'Petroleum Refinery')","6.57092314335556e-06","6.57092314335556e-06","6.56678909756017e-06"
"('ZA', 'Aluminium production')","6.58205413220644e-06","3.69921591246466e-06","6.50207569125914e-06"
"('KR', 'Forestry, logging and related service activities (02)')","6.54938182131246e-06","6.21996888389084e-06","6.54938182131246e-06"
"('FR', 'Other non-ferrous metal production')","6.40897976995942e-06","3.11156128622158e-06","6.1249473230325e-06"
"('CZ', 'Cattle farming')","6.52304547513932e-06","1.94941659328466e-06","6.52287142787396e-06"
"('DK', 'Other service activities (93)')","6.48459365735065e-06","2.98981098263744e-06","6.48459365735065e-06"
"('TR', 'Cultivation of crops nec')","6.69104781286495e-06","5.20909245001294e-06","5.14874056017265e-06"
"('IE', 'Manufacture of other non-metallic mineral products n.e.c.')","6.8525350486102e-06","6.71255057901652e-06","6.27212852824125e-06"
"('FI', 'Production of electricity by hydro')","5.86856657488532e-06","5.31189574526458e-06","5.00204057467079e-06"
"('WE', 'Inland water transport')","4.8278104709496e-06","3.23221319292732e-06","3.69265311528022e-06"
"('CH', 'Processing of dairy products')","6.54773878633611e-06","4.05605548068825e-06","6.40614160854926e-06"
"('CZ', 'Production of electricity by gas')","6.30167848448625e-06","2.27625227363018e-06","5.85612804479245e-06"
"('HU', 'Forestry, logging and related service activities (02)')","6.38096429216927e-06","5.1738586020903e-06","6.37767809855532e-06"
"('ES', 'Manufacture of tobacco products (16)')","6.37557666806109e-06","1.1509039679222e-06","6.37557666806109e-06"
"('PL', 'Landfill of waste: Plastic')","1.37995852774981e-05","1.28753227162484e-05","6.63998458180848e-06"
"('LT', 'Education (80)')","6.32912181109365e-06","2.98633666896204e-06","6.32912181109365e-06"
"('GR', 'Cultivation of cereal grains nec')","6.34064187021088e-06","5.82200426748981e-06","6.26103847525032e-06"
"('NO', 'Copper production')","6.29202734620807e-06","3.43939019961959e-06","6.2914425116372e-06"
"('MT', 'Manufacture of other transport equipment (35)')","6.25508985400185e-06","1.00595475766765e-06","6.25508983887262e-06"
"('SK', 'Air transport (62)')","6.07685498098353e-06","5.63987384290609e-06","6.07643729839791e-06"
"('IE', 'Cultivation of cereal grains nec')","6.24861666991021e-06","4.47029139277785e-06","6.09574091105696e-06"
"('EE', 'Activities auxiliary to financial intermediation (67)')","6.24074651806626e-06","3.19326378577825e-06","6.24068628056914e-06"
"('GR', 'Manufacture of electrical machinery and apparatus n.e.c. (31)')","6.23324579041532e-06","2.43966382075906e-06","6.23324501661264e-06"
"('SE', 'Cultivation of cereal grains nec')","6.32148703621079e-06","5.12338316239136e-06","6.17163496323135e-06"
"('CA', 'Manufacture of bricks, tiles and construction products, in baked clay')","9.32280430437626e-06","7.1511362654392e-06","6.21834986476096e-06"
"('FI', 'Steam and hot water supply')","5.80668603577857e-06","3.34946454144773e-06","4.99044859048006e-06"
"('GR', 'Quarrying of sand and clay')","6.85439467554782e-06","4.55535228114082e-06","4.67287303640964e-06"
"('SI', 'Manufacture of office machinery and computers (30)')","6.17233751028714e-06","1.40045176795509e-06","6.17232204208619e-06"
"('GR', 'Transport via pipelines')","6.13861246570169e-06","5.39550072311498e-06","6.05284390025485e-06"
"('CH', 'Quarrying of stone')","9.02696954609003e-06","8.56032727543471e-06","5.04895200663118e-06"
"('FI', 'Waste water treatment, other')","5.27742261770519e-06","3.40351288013872e-06","4.82513373019844e-06"
"('FR', 'Animal products nec')","6.0794143694175e-06","5.52611129923659e-06","1.83171129006963e-06"
"('BE', 'Manufacture of tobacco products (16)')","6.20218964721798e-06","2.31570879017897e-06","6.05531013009048e-06"
"('WE', 'Processed rice')","6.24495114915693e-06","2.84110184769167e-06","5.50948878259262e-06"
"('SE', 'Waste water treatment, other')","8.97761799714303e-06","5.49751710236544e-06","6.06884853482678e-06"
"('PL', 'Landfill of waste: Textiles')","2.05393724494847e-05","1.97698138812998e-05","6.27733132103873e-06"
"('WA', 'Production of electricity by biomass and waste')","6.04320829297607e-06","5.55133210857773e-06","8.68351975657472e-07"
"('NL', 'Manufacture of glass and glass products')","6.1825858217299e-06","3.72361347445443e-06","6.03426174047145e-06"
"('GR', 'Tanning and dressing of leather; manufacture of luggage, handbags, saddlery, harness and footwear (19)')","6.02964091892389e-06","1.74329671922591e-06","6.0296403008427e-06"
"('NO', 'Casting of metals')","6.02578547301011e-06","4.15854912332023e-06","5.98709173236119e-06"
"('PT', 'Processing of meat poultry')","6.02600917123194e-06","5.54252008295277e-07","6.01485792072533e-06"
"('EE', 'Retail trade, except of motor vehicles and motorcycles; repair of personal and household goods (52)')","5.99857113073696e-06","2.08831476567365e-06","5.99857112341532e-06"
"('WL', 'Wool, silk-worm cocoons')","6.00449534156196e-06","2.40226837399499e-06","5.98766404516654e-06"
"('LU', 'Manufacture of beverages')","5.98514429696129e-06","3.30222639160415e-06","5.98355531229489e-06"
"('PT', 'Other service activities (93)')","5.95930666951829e-06","9.21982596697549e-07","5.95829624784337e-06"
"('GR', 'Retail sale of automotive fuel')","5.76047118015714e-06","2.78244375648372e-06","5.53573729966361e-06"
"('KR', 'Mining of precious metal ores and concentrates')","5.93394818547272e-06","2.27977535045503e-06","4.44530989141544e-06"
"('GR', 'Production of electricity by gas')","5.94935928184761e-06","3.09426309588295e-06","5.85954992982148e-06"
"('BG', 'Poultry farming')","5.8848309880106e-06","4.84057418389604e-06","5.88481925277743e-06"
"('BE', 'Biogasification of food waste, incl. land application')","1.09562431237998e-05","1.05269614572124e-05","1.7044582096443e-06"
"('CZ', 'Cultivation of vegetables, fruit, nuts')","5.88387663352873e-06","4.12119561060427e-06","5.85561581722695e-06"
"('AT', 'Sugar refining')","7.12821939714487e-06","5.39426566409301e-06","4.57721402294874e-06"
"('GR', 'Copper production')","5.84950168340463e-06","3.55675999145064e-06","5.84753685237654e-06"
"('WE', 'Manufacture of bricks, tiles and construction products, in baked clay')","5.732493295425e-06","4.49133768429414e-06","4.69625134838841e-06"
"('LT', 'Cultivation of wheat')","5.82933289738843e-06","3.99640934956341e-06","5.79390251663846e-06"
"('LV', 'Manufacture of fish products')","5.82142400226328e-06","1.37763365778117e-06","5.82074539638073e-06"
"('CA', 'Manufacture of coke oven products')","5.72708645775865e-06","3.3800268771805e-06","3.81210856920779e-06"
"('FI', 'Tanning and dressing of leather; manufacture of luggage, handbags, saddlery, harness and footwear (19)')","5.79000521603226e-06","4.7661706844696e-06","5.78973988856351e-06"
"('MX', 'Inland water transport')","4.03538972644118e-06","1.81262087075158e-06","3.64290110813657e-06"
"('EE', 'Extraction of crude petroleum and services related to crude oil extraction, excluding surveying')","5.75244528203946e-06","3.79319045779653e-06","5.75235550408624e-06"
"('NO', 'Manufacture of ceramic goods')","5.86383782199552e-06","3.24863564946001e-06","5.7465310506048e-06"
"('SE', 'Inland water transport')","3.7540596685547e-06","2.583904710291e-06","3.44476278628671e-06"
"('ES', 'Cultivation of plant-based fibers')","5.74125554538171e-06","5.74125554538171e-06","4.24010980556779e-06"
"('IE', 'Meat animals nec')","5.73655082723009e-06","5.52773872964391e-06","3.717861822731e-06"
"('IE', 'Fishing, operating of fish hatcheries and fish farms; service activities incidental to fishing (05)')","5.72375018562388e-06","5.04968829816158e-06","5.69927745203504e-06"
"('FI', 'Processing of meat pigs')","5.73933691350069e-06","1.43907394321984e-06","5.71389862467122e-06"
"('CZ', 'Manufacture of gas; distribution of gaseous fuels through mains')","5.66307558255956e-06","2.36220058833741e-06","5.64466574024217e-06"
"('DE', 'Manufacture of electrical machinery and apparatus n.e.c. (31)')","5.70194337713511e-06","3.30017356810401e-06","5.70129680583632e-06"
"('EE', 'Hotels and restaurants (55)')","5.66124435582816e-06","1.94675003329103e-06","5.66103100009279e-06"
"('WE', 'Lead, zinc and tin production')","5.66244522371399e-06","3.3909497011066e-06","5.64152972207435e-06"
"('HU', 'Cattle farming')","5.6468322645965e-06","3.04349905485398e-06","5.6464489529143e-06"
"('MT', 'Quarrying of stone')","5.97189881907618e-06","5.33830290635742e-06","5.85801122725379e-06"
"('BG', 'Casting of metals')","5.59884909205636e-06","3.13877756646766e-06","5.59884858968398e-06"
"('US', 'Manufacture of radio, television and communication equipment and apparatus (32)')","5.59476193121636e-06","2.49438158406369e-06","5.59459798343353e-06"
"('SE', 'Waste water treatment, food')","1.64733096023558e-05","1.47360561045379e-05","5.57324368895083e-06"
"('BG', 'Cultivation of vegetables, fruit, nuts')","5.58405244817592e-06","5.0626925970859e-06","5.56697535138065e-06"
"('PL', 'Processing vegetable oils and fats')","6.12270641170771e-06","5.88192689714197e-06","4.43240016271802e-06"
"('GR', 'Activities of membership organisation n.e.c. (91)')","5.55699311625548e-06","1.72582741857929e-06","5.55699311625548e-06"
"('PT', 'Copper production')","5.5338149125634e-06","3.0443559096281e-06","5.50505057866055e-06"
"('TR', 'Production of electricity by Geothermal')","5.75874985817163e-06","5.25143624433991e-06","1.17554331515083e-06"
"('NO', 'Manufacture of gas; distribution of gaseous fuels through mains')","5.47615035102754e-06","2.32393719253544e-06","4.89195026286516e-06"
"('PT', 'Waste water treatment, food')","5.59742943843225e-06","3.20754398819352e-06","5.51921540771347e-06"
"('WE', 'Production of electricity by hydro')","5.09694077055474e-06","4.97810848898782e-06","3.80181554760736e-06"
"('SI', 'Processing of nuclear fuel')","5.4900436950238e-06","0","5.4900436950238e-06"
"('BE', 'Cultivation of crops nec')","5.49497476284481e-06","2.50090084338739e-06","5.243096009672e-06"
"('MX', 'Private households with employed persons (95)')","5.47061027111687e-06","5.47061027111687e-06","5.47061027111687e-06"
"('IN', 'Processing of meat pigs')","5.72687327998063e-06","1.29064261329087e-06","5.46938404485289e-06"
"('NO', 'Collection, purification and distribution of water (41)')","4.90651388668046e-06","2.0087560665604e-06","4.90651388668046e-06"
"('ES', 'Mining of other non-ferrous metal ores and concentrates')","5.97653306454319e-06","5.49945591644699e-06","2.65657088802961e-06"
"('MX', 'Activities of membership organisation n.e.c. (91)')","5.45452633242523e-06","4.92385006086295e-07","5.45452633242523e-06"
"('CA', 'Manufacture of ceramic goods')","5.63454734657619e-06","4.05497217588666e-06","5.45235656548395e-06"
"('CZ', 'Extraction of crude petroleum and services related to crude oil extraction, excluding surveying')","5.44161159279099e-06","2.47553366475512e-06","5.44148725841322e-06"
"('FI', 'Biogasification of sewage slugde, incl. land application')","6.04935770460332e-06","4.71888198378063e-06","5.43824468169888e-06"
"('SE', 'Cultivation of vegetables, fruit, nuts')","5.45771478594143e-06","5.27018140605048e-06","5.40821220778395e-06"
"('PT', 'Incineration of waste: Wood')","7.5364522493678e-06","7.17099927758767e-06","4.31127490827747e-06"
"('LU', 'Copper production')","5.41884173988576e-06","3.35616742290554e-06","5.41884173988576e-06"
"('FI', 'Cultivation of vegetables, fruit, nuts')","5.39746056846879e-06","4.01382242418389e-06","5.38449733983227e-06"
"('FI', 'Pigs farming')","5.37711792864463e-06","3.35066099329242e-06","5.37679680543527e-06"
"('IN', 'Production of electricity by petroleum and other oil derivatives')","4.03332841079636e-06","2.2280784409593e-06","2.37656152908136e-06"
"('SK', 'Incineration of waste: Food')","5.8495552397695e-06","5.17332643575691e-06","5.54134969426158e-06"
"('FI', 'Processing of meat cattle')","5.38565390107001e-06","2.34998777256383e-06","5.32497211080694e-06"
"('BG', 'Transport via pipelines')","5.32143292289006e-06","3.62088430195281e-06","5.23562761716651e-06"
"('AT', 'Poultry farming')","5.45899710084682e-06","3.82385120629254e-06","5.31886252189522e-06"
"('LT', 'Forestry, logging and related service activities (02)')","5.31965830174794e-06","3.60685489283274e-06","5.27485309365794e-06"
"('TW', 'Raw milk')","5.41504619386255e-06","2.96413840958515e-06","4.82427336993969e-06"
"('BE', 'Poultry farming')","5.42691042412818e-06","4.37227559389244e-06","5.30063732021737e-06"
"('NO', 'Lead, zinc and tin production')","5.28714719335064e-06","3.24679282836365e-06","5.2835571744191e-06"
"('HR', 'Plastics, basic')","5.28496197667099e-06","2.86191160194673e-07","5.28295042533914e-06"
"('LV', 'Hotels and restaurants (55)')","5.28165923889462e-06","1.16425728109988e-06","5.2816443613296e-06"
"('IE', 'Cultivation of vegetables, fruit, nuts')","5.27222744258373e-06","2.23753888184723e-06","5.2647459361743e-06"
"('BG', 'Raw milk')","5.26549303681338e-06","3.7579876357634e-06","5.25927577195587e-06"
"('KR', 'Processed rice')","5.26001777287451e-06","4.07112299622042e-06","2.66227232756356e-06"
"('SK', 'Raw milk')","5.23933371907026e-06","5.14655696235376e-06","5.22303343650358e-06"
"('PT', 'Biogasification of food waste, incl. land application')","7.11204766264698e-06","6.86261576836759e-06","3.73072537645039e-06"
"('DK', 'Composting of food waste, incl. land application')","5.38769897306883e-06","4.39221465659263e-06","5.22316309728418e-06"
"('NL', 'Manufacture of other non-metallic mineral products n.e.c.')","5.27143487822577e-06","3.54917632966421e-06","5.16289985314351e-06"
"('HU', 'Publishing, printing and reproduction of recorded media (22)')","5.17827499277584e-06","2.93475192926691e-06","5.17827499277584e-06"
"('EE', 'Public administration and defence; compulsory social security (75)')","5.16286959641314e-06","1.54966787104349e-07","5.1628689182975e-06"
"('BE', 'Private households with employed persons (95)')","5.12877993355776e-06","5.12877993355776e-06","5.12877993355776e-06"
"('CZ', 'Processing of meat pigs')","5.15754000807874e-06","1.86589314792315e-06","5.12692638819483e-06"
"('ID', 'Sugar refining')","6.09768950120281e-06","3.14974397040551e-06","5.02097482428546e-06"
"('SE', 'Pigs farming')","5.11304464218681e-06","4.8628555417524e-06","5.11159298187045e-06"
"('KR', 'N-fertiliser')","5.10236416415548e-06","3.77736470858031e-06","1.9626157004801e-06"
"('ZA', 'Pigs farming')","5.09125571908705e-06","4.28227665249293e-06","5.02272985690561e-06"
"('EE', 'Health and social work (85)')","5.08235976425374e-06","4.10335625423539e-06","5.08234699076068e-06"
"('GR', 'Fishing, operating of fish hatcheries and fish farms; service activities incidental to fishing (05)')","5.07075053983689e-06","4.76886216419454e-06","5.06237420414237e-06"
"('FI', 'Manufacture of wearing apparel; dressing and dyeing of fur (18)')","5.05141442301637e-06","3.93546451908609e-07","5.05141442301637e-06"
"('SK', 'Education (80)')","5.023892846854e-06","1.77306463147774e-06","5.023892846854e-06"
"('HU', 'Manufacture of furniture; manufacturing n.e.c. (36)')","4.79942720079988e-06","2.72837288473885e-06","4.79939146801412e-06"
"('US', 'Manufacture of medical, precision and optical instruments, watches and clocks (33)')","5.00639120895563e-06","3.40293637169645e-06","5.00305375510291e-06"
"('NL', 'P- and other fertiliser')","5.03217364797234e-06","1.48397620410188e-06","4.99650873605599e-06"
"('HR', 'Manufacture of office machinery and computers (30)')","4.99679105013745e-06","3.79435249503081e-06","4.99673642866624e-06"
"('SI', 'Quarrying of stone')","5.51572712031622e-06","4.51210370146825e-06","4.93905801712655e-06"
"('HR', 'Forestry, logging and related service activities (02)')","4.98122941591025e-06","3.58679646158997e-06","4.97386338710295e-06"
"('SE', 'Cattle farming')","4.98033453702785e-06","3.34527107631651e-06","4.95522978279736e-06"
"('BG', 'Cultivation of crops nec')","4.97339147109548e-06","1.13719475999383e-06","4.97338343574889e-06"
"('ES', 'Sugar refining')","5.59162968570172e-06","3.69176100028941e-06","3.05386392360355e-06"
"('HR', 'Distribution and trade of electricity')","4.83380396085331e-06","4.14506415688695e-06","4.82675563970942e-06"
"('HR', 'Recreational, cultural and sporting activities (92)')","4.91767917118635e-06","2.88844032393309e-06","4.91767917118635e-06"
"('EE', 'Manufacture of gas; distribution of gaseous fuels through mains')","4.89180031667095e-06","3.56698394785803e-06","4.89061272779552e-06"
"('FR', 'Manufacture of coke oven products')","4.8876543959193e-06","3.8273675029839e-06","4.56645690576914e-06"
"('SK', 'Cultivation of wheat')","4.83157553245377e-06","2.75566343236209e-06","4.78235379128713e-06"
"('BR', 'Lead, zinc and tin production')","4.59780223781856e-06","2.91868257117443e-06","4.5485497897337e-06"
"('MX', 'Retail sale of automotive fuel')","2.36034964034805e-06","9.53216617301245e-07","2.36034964034805e-06"
"('EE', 'Manufacture of rubber and plastic products (25)')","4.77121107541791e-06","1.64912042072086e-06","4.77115645120421e-06"
"('IE', 'Extraction, liquefaction, and regasification of other petroleum and gaseous materials')","1.08787127226366e-06","7.69363258817947e-07","9.96263243366708e-07"
"('NO', 'Cultivation of cereal grains nec')","4.72196622115054e-06","3.87176149239199e-06","4.67908599743088e-06"
"('EE', 'P- and other fertiliser')","4.72182973346223e-06","1.08164404807471e-06","4.71879878310679e-06"
"('TR', 'Production of electricity by solar photovoltaic')","4.64160728608701e-06","4.05451072656604e-06","2.15447912769406e-06"
"('BG', 'Steam and hot water supply')","3.95690032016273e-06","1.98533111281052e-06","3.85166638629678e-06"
"('GR', 'Cattle farming')","4.66908305858537e-06","3.55113373097394e-06","4.66908305858537e-06"
"('HU', 'Manufacture of bricks, tiles and construction products, in baked clay')","6.11133512877874e-06","4.82425775710798e-06","4.66376387610266e-06"
"('SE', 'Manufacture of fish products')","4.68412294048392e-06","8.95511329165454e-07","4.65785369025888e-06"
"('HU', 'Waste water treatment, other')","4.86248884615595e-06","3.83941038401642e-06","4.6499246719662e-06"
"('CH', 'Recreational, cultural and sporting activities (92)')","4.65372977278103e-06","3.49551654361218e-06","4.64636342392608e-06"
"('EE', 'Plastics, basic')","4.64062002208368e-06","1.28355799580842e-06","4.6402800822148e-06"
"('GB', 'Sugar refining')","7.90728495859727e-06","6.83383572797082e-06","2.76770214418313e-06"
"('DK', 'Processing of nuclear fuel')","4.63273295241874e-06","0","4.63273295241874e-06"
"('WF', 'Production of electricity by solar thermal')","4.72982376698158e-06","4.72982376698158e-06","6.96819489708537e-07"
"('IN', 'Pigs farming')","4.82140275013028e-06","3.90415127195875e-06","4.62481164519987e-06"
"('TW', 'Inland water transport')","4.59499327697019e-06","0","4.59499327697019e-06"
"('FI', 'Landfill of waste: Paper')","5.18261656618841e-06","3.76549396666546e-06","4.58842486943521e-06"
"('RO', 'Cattle farming')","4.58587436739687e-06","2.46184010128729e-06","4.58560649339334e-06"
"('CH', 'Casting of metals')","4.58323981119838e-06","2.63959183610504e-06","4.58308027344881e-06"
"('CY', 'Air transport (62)')","4.54960512160462e-06","0","4.54960512160462e-06"
"('FI', 'Collection, purification and distribution of water (41)')","3.44073216965648e-06","2.30548977884558e-06","3.35858335325687e-06"
"('MX', 'Production of electricity by wind')","4.33222508696078e-06","4.22169863174337e-06","1.30314171069517e-06"
"('LV', 'Manufacture of basic iron and steel and of ferro-alloys and first products thereof')","4.5287609605567e-06","2.92311628510617e-06","4.52663925322689e-06"
"('LV', 'Insurance and pension funding, except compulsory social security (66)')","4.52399158472458e-06","2.65524025858776e-06","4.52399158472458e-06"
"('NO', 'Precious metals production')","4.60645746238646e-06","3.25449502624668e-06","4.50788613474278e-06"
"('CY', 'Production of electricity by petroleum and other oil derivatives')","4.19451270835428e-06","2.84077244541581e-06","4.10815076564336e-06"
"('TR', 'Cultivation of paddy rice')","4.49842442125009e-06","4.49842442125009e-06","3.95573136664943e-06"
"('FI', 'Aluminium production')","4.45515223966918e-06","1.97833372241289e-06","4.45377327878077e-06"
"('SE', 'Cultivation of wheat')","4.56433818571257e-06","3.05167550599384e-06","4.39951612232209e-06"
"('ID', 'Raw milk')","4.70013222177785e-06","3.71286825036126e-06","4.45214276269581e-06"
"('DK', 'Copper production')","4.45511178110113e-06","2.18425868199998e-06","4.45487114198824e-06"
"('SI', 'Activities of membership organisation n.e.c. (91)')","4.44636015806033e-06","3.68921016159314e-06","4.44636015806033e-06"
"('AU', 'Manufacture of coke oven products')","4.43721336307722e-06","2.53338374986252e-06","4.31690437703774e-06"
"('BE', 'Processing vegetable oils and fats')","4.69532795565766e-06","3.59834520994542e-06","3.99357109214691e-06"
"('RO', 'Inland water transport')","2.89082598403279e-06","1.60230978422176e-06","2.88608858954817e-06"
"('LT', 'Cultivation of oil seeds')","4.39408629039303e-06","2.12459050909915e-06","4.37796332045812e-06"
"('ZA', 'Copper production')","4.36430340426848e-06","1.98523326056567e-06","4.32810659105292e-06"
"('HR', 'Cultivation of sugar cane, sugar beet')","4.35921510130379e-06","3.48957666732057e-07","4.35913588593723e-06"
"('DK', 'Forestry, logging and related service activities (02)')","4.34857143829363e-06","3.68136878947275e-06","4.25708972832386e-06"
"('LT', 'Hotels and restaurants (55)')","4.33440940897269e-06","2.13537510312845e-06","4.33440937388839e-06"
"('SK', 'Landfill of waste: Wood')","5.10990641852997e-06","4.68909639976827e-06","4.44944480571551e-06"
"('IT', 'Cultivation of oil seeds')","4.29541664832411e-06","3.79871510704427e-06","4.28829609418011e-06"
"('SI', 'Processing of dairy products')","4.29648629382209e-06","2.07591134001109e-06","4.28878423542254e-06"
"('EE', 'Manufacture of cement, lime and plaster')","4.28969845913799e-06","3.74649945088613e-06","4.28500802845881e-06"
"('PL', 'Production of meat products nec')","4.264995704433e-06","1.19708637135187e-06","4.2545093402781e-06"
"('SK', 'Cultivation of cereal grains nec')","4.26174233996179e-06","2.70280540490721e-06","4.25213247329813e-06"
"('TR', 'Manufacture of bricks, tiles and construction products, in baked clay')","5.55081257412666e-06","4.94117997419029e-06","4.13775956619728e-06"
"('TR', 'Animal products nec')","7.72863103268828e-06","5.46504999956897e-06","5.21571081592299e-06"
"('NL', 'Waste water treatment, food')","5.24751457960348e-06","4.51658173061198e-06","2.71813935430933e-06"
"('NL', 'Production of meat products nec')","4.20521164747731e-06","3.1162589085492e-06","3.67562649531114e-06"
"('EE', 'Production of electricity by petroleum and other oil derivatives')","3.82091634939988e-06","2.00490430316859e-06","3.6974000772887e-06"
"('IE', 'Cultivation of wheat')","4.16272718886261e-06","2.73267430349335e-06","4.06446386963638e-06"
"('FI', 'Fishing, operating of fish hatcheries and fish farms; service activities incidental to fishing (05)')","4.16047112189698e-06","4.01874159269113e-06","4.15812179728492e-06"
"('SE', 'Landfill of waste: Paper')","7.60986105565777e-06","6.32264928520289e-06","4.15967813884419e-06"
"('TW', 'Mining of other non-ferrous metal ores and concentrates')","4.15355527722695e-06","2.89626513469566e-06","2.90149244295148e-06"
"('BG', 'Other business activities (74)')","4.14853576897114e-06","2.64067228763047e-06","4.14851998155168e-06"
"('DE', 'Landfill of waste: Plastic')","0.000102616133945027","0.000101452682899617","4.54141606659104e-06"
"('EE', 'Processing of dairy products')","4.13812136537323e-06","1.10152251226938e-06","4.13755135454201e-06"
"('PL', 'N-fertiliser')","4.12762766086427e-06","2.76215282333589e-06","3.07078651158477e-06"
"('SK', 'Other service activities (93)')","4.12507726224963e-06","3.32984754580216e-06","4.12507726224963e-06"
"('FI', 'Cultivation of wheat')","4.15192970774293e-06","2.45731622316814e-06","4.07954045894147e-06"
"('SK', 'Activities of membership organisation n.e.c. (91)')","4.10739196081698e-06","3.44340665103532e-06","4.1071271579434e-06"
"('TW', 'Forestry, logging and related service activities (02)')","4.09866683481127e-06","3.66442758673626e-06","4.09749580432274e-06"
"('PT', 'Other non-ferrous metal production')","4.07286879433265e-06","2.26838797275229e-06","4.06913758293212e-06"
"('KR', 'Extraction of natural gas and services related to natural gas extraction, excluding surveying')","4.06904162361387e-06","3.28950085945124e-06","3.66822135179181e-06"
"('NO', 'Other service activities (93)')","4.0572683180746e-06","1.72487033536512e-06","4.0572683180746e-06"
"('PT', 'Fishing, operating of fish hatcheries and fish farms; service activities incidental to fishing (05)')","4.0520393896985e-06","3.18447658633112e-06","4.04806387077475e-06"
"('ES', 'Precious metals production')","4.09844766998522e-06","2.48633580922767e-06","4.03427746466032e-06"
"('LV', 'Activities auxiliary to financial intermediation (67)')","4.03350126867361e-06","3.0089698201891e-06","4.03350126802156e-06"
"('LU', 'Quarrying of stone')","5.35458793983526e-06","4.05480262415365e-06","3.81258500292294e-06"
"('BE', 'Landfill of waste: Inert/metal/hazardous')","4.74785576867354e-06","3.47258835350175e-06","4.01766274560234e-06"
"('FI', 'Mining of precious metal ores and concentrates')","4.004765747093e-06","1.03475683973155e-06","3.97718987854334e-06"
"('DK', 'P- and other fertiliser')","3.99911608978518e-06","1.36943064004694e-06","3.98837146814863e-06"
"('BG', 'Manufacture of tobacco products (16)')","3.97812646924774e-06","2.4830783689721e-06","3.97812646924774e-06"
"('GR', 'Processing of meat cattle')","3.97410482050806e-06","0","3.97410482050806e-06"
"('FI', 'Manufacture of furniture; manufacturing n.e.c. (36)')","3.96317219331124e-06","1.95211845954073e-06","3.96317219328545e-06"
"('LT', 'Cultivation of cereal grains nec')","3.96410092396659e-06","1.9732537181131e-06","3.96109505715904e-06"
"('LT', 'Raw milk')","3.95738119524242e-06","0","3.95738119524242e-06"
"('LV', 'Transport via railways')","3.94617524795165e-06","2.17840390856831e-06","3.93326878008568e-06"
"('CZ', 'Incineration of waste: Textiles')","1.91608452213352e-05","1.86974562791867e-05","4.2137063717804e-06"
"('PT', 'Incineration of waste: Textiles')","6.16832553979182e-06","5.95062794006568e-06","3.41429477409883e-06"
"('WF', 'Production of electricity by solar photovoltaic')","3.05789818706725e-06","2.12064679561304e-06","2.64365334046789e-06"
"('SI', 'Other service activities (93)')","3.88446851918322e-06","3.37900552950061e-06","3.88446851918322e-06"
"('AT', 'Quarrying of stone')","5.41309731728886e-06","4.29134658918463e-06","3.36309607884199e-06"
"('HR', 'Re-processing of secondary steel into new steel')","3.84600337683034e-06","2.70552049669548e-06","3.84292350975873e-06"
"('SK', 'Production of electricity by gas')","3.8409591826754e-06","7.39949712682373e-07","3.83499981240298e-06"
"('PT', 'Processing vegetable oils and fats')","3.86022960144931e-06","1.36191856272078e-06","3.81329984702064e-06"
"('LU', 'Post and telecommunications (64)')","3.81858098921381e-06","2.8926246342562e-06","3.78657572289226e-06"
"('SK', 'Mining of precious metal ores and concentrates')","3.83025977366313e-06","3.28787026462648e-07","3.73043128812781e-06"
"('CZ', 'Tanning and dressing of leather; manufacture of luggage, handbags, saddlery, harness and footwear (19)')","3.83341775615801e-06","1.27525038134658e-06","3.83338871380378e-06"
"('LV', 'Quarrying of stone')","4.05045077030867e-06","3.4467539249422e-06","3.8326886787691e-06"
"('SK', 'Landfill of waste: Textiles')","4.40895910444647e-06","4.26304962147377e-06","3.37261964118013e-06"
"('LV', 'Manufacture of machinery and equipment n.e.c. (29)')","3.8143439402768e-06","1.73804089359304e-06","3.81426271197979e-06"
"('PT', 'Lead, zinc and tin production')","3.79633477657708e-06","2.74648686161802e-06","3.79459376935644e-06"
"('ES', 'Meat animals nec')","5.26526262765188e-06","4.9721736787344e-06","2.20584305447894e-06"
"('SI', 'Activities auxiliary to financial intermediation (67)')","3.77858331164211e-06","3.00843031589391e-06","3.77856212010816e-06"
"('SI', 'Landfill of waste: Food')","3.92081947806517e-06","2.57783395043264e-06","3.78238644731987e-06"
"('EE', 'Petroleum Refinery')","3.78084832629e-06","1.70524329316925e-06","3.78081146025824e-06"
"('RU', 'Production of electricity by petroleum and other oil derivatives')","3.59150493110062e-06","2.02381529303873e-07","3.59150493110062e-06"
"('FR', 'Lead, zinc and tin production')","3.77184400506573e-06","1.85023853216346e-06","3.76497057711665e-06"
"('KR', 'Manufacture of bricks, tiles and construction products, in baked clay')","4.20569835776844e-06","3.17039327284009e-06","3.75085762102886e-06"
"('SE', 'Manufacture of other non-metallic mineral products n.e.c.')","3.79760360166017e-06","2.78771907859249e-06","3.6447907321436e-06"
"('RU', 'Cultivation of paddy rice')","3.72922140334306e-06","3.72922140334306e-06","3.28792564719276e-06"
"('LV', 'Activities of membership organisation n.e.c. (91)')","3.72076334667513e-06","2.42851995489173e-06","3.72076334667513e-06"
"('DE', 'Landfill of waste: Paper')","2.04454520488354e-05","1.94085249798195e-05","3.71614420778423e-06"
"('AT', 'Steam and hot water supply')","3.72154403954531e-06","1.54355107864168e-06","3.29825034984018e-06"
"('CY', 'Insurance and pension funding, except compulsory social security (66)')","3.69883636782987e-06","1.88915056032862e-06","3.69883604220105e-06"
"('DK', 'Sugar refining')","3.96012009308526e-06","2.72166287595893e-06","2.83022330604578e-06"
"('PT', 'Landfill of waste: Plastic')","6.4643860982632e-06","6.12408897316079e-06","3.95615051188497e-06"
"('EE', 'Manufacture of basic iron and steel and of ferro-alloys and first products thereof')","3.68423652474611e-06","2.40249479703257e-06","3.68295856300403e-06"
"('RO', 'Production of meat products nec')","3.68115068221819e-06","1.3265267098403e-07","3.6811497605095e-06"
"('AU', 'Manufacture of bricks, tiles and construction products, in baked clay')","8.21198197473997e-06","6.42503457687648e-06","3.67995807945066e-06"
"('RO', 'Pulp')","3.66959018697115e-06","1.23702942080072e-06","3.66676033520283e-06"
"('GB', 'Manufacture of tobacco products (16)')","3.66875184408042e-06","1.84092676538319e-07","3.66232627346967e-06"
"('ID', 'Cultivation of sugar cane, sugar beet')","3.66195373992831e-06","7.96950936392539e-07","3.66019339005575e-06"
"('AT', 'Manufacture of coke oven products')","3.65947100159482e-06","2.42105103351724e-06","3.59396184609827e-06"
"('BE', 'Manufacture of gas; distribution of gaseous fuels through mains')","3.45117032497234e-06","2.31965104041551e-06","3.37963654668762e-06"
"('SI', 'Landfill of waste: Inert/metal/hazardous')","3.74986087866596e-06","2.58322400710985e-06","3.64061223737867e-06"
"('HU', 'Biogasification of sewage slugde, incl. land application')","3.62005079880703e-06","3.00682791430941e-06","3.61010859201857e-06"
"('IT', 'Other non-ferrous metal production')","3.15458539264372e-06","1.38207656562217e-06","3.10391328981343e-06"
"('NO', 'Mining of coal and lignite; extraction of peat (10)')","3.606522030766e-06","1.91435234591433e-06","3.59323182719873e-06"
"('CA', 'N-fertiliser')","3.605612231916e-06","2.93518973633615e-06","3.51760889472676e-06"
"('SI', 'Cattle farming')","3.60542777609736e-06","1.96465179714212e-06","3.60454778780156e-06"
"('BG', 'Manufacture of office machinery and computers (30)')","3.60502286889938e-06","1.22676729868413e-06","3.6050226585815e-06"
"('DK', 'Manufacture of tobacco products (16)')","3.6022170778905e-06","3.23762014939466e-06","3.6022170778905e-06"
"('IN', 'Mining of iron ores')","3.59847296718086e-06","2.89403535294456e-06","1.57910711645021e-06"
"('RO', 'Activities auxiliary to financial intermediation (67)')","3.55375527405852e-06","1.66554336665425e-06","3.55375527405852e-06"
"('PT', 'Extraction, liquefaction, and regasification of other petroleum and gaseous materials')","3.58153631992928e-06","2.09811160918297e-06","3.33767254635189e-06"
"('WM', 'Wool, silk-worm cocoons')","3.57796146881605e-06","2.86579229924297e-06","3.57796146881605e-06"
"('HR', 'Cultivation of vegetables, fruit, nuts')","3.57485868690863e-06","2.93206432094725e-06","3.57024748286176e-06"
"('RU', 'Manufacture of bricks, tiles and construction products, in baked clay')","6.31093965403361e-06","5.71091464606312e-06","3.02547017855577e-06"
"('JP', 'Cultivation of oil seeds')","3.68297048350406e-06","3.34219822870266e-06","2.69469746457113e-06"
"('CZ', 'Sea and coastal water transport')","3.55746689663976e-06","1.86528305382195e-06","3.55746689663976e-06"
"('IT', 'Manufacture of coke oven products')","3.55634768908273e-06","1.93882405714597e-06","3.16666285913672e-06"
"('FI', 'P- and other fertiliser')","3.56963398026178e-06","3.07719845577604e-06","3.5353347617137e-06"
"('ZA', 'Wool, silk-worm cocoons')","3.573631046979e-06","3.02377278629352e-06","3.24984948320985e-06"
"('HR', 'Transport via pipelines')","3.47604736071715e-06","3.44737477776775e-06","3.39877280598376e-06"
"('GB', 'Processing vegetable oils and fats')","3.70001131256769e-06","3.70001131256769e-06","3.07640790460459e-06"
"('IE', 'Activities of membership organisation n.e.c. (91)')","3.46645130695795e-06","1.0633444019232e-06","3.46645130695795e-06"
"('LU', 'Manufacture of other transport equipment (35)')","3.18300650014739e-06","2.41014103168369e-06","3.18300650014739e-06"
"('BG', 'Processing of meat pigs')","3.46146956888778e-06","1.02445766954704e-06","3.45478875710277e-06"
"('JP', 'Cultivation of cereal grains nec')","3.44972709046936e-06","3.15493845528712e-06","3.39126359968196e-06"
"('TW', 'Cultivation of oil seeds')","3.48804334267522e-06","1.89755572205161e-06","3.07248025575369e-06"
"('NO', 'Manufacture of wearing apparel; dressing and dyeing of fur (18)')","3.41298975109136e-06","1.38309616872971e-06","3.41298975109136e-06"
"('NO', 'Cultivation of vegetables, fruit, nuts')","3.41117158115366e-06","2.14455578078161e-06","3.39696030644938e-06"
"('CY', 'Processing of Food products nec')","3.41038762827347e-06","1.76632280706264e-06","3.41038210824467e-06"
"('ZA', 'Activities of membership organisation n.e.c. (91)')","3.40902237353363e-06","0","3.40902237353363e-06"
"('CZ', 'Extraction of natural gas and services related to natural gas extraction, excluding surveying')","3.39437427056062e-06","1.00984097761476e-06","3.39436148763416e-06"
"('GB', 'Production of electricity by petroleum and other oil derivatives')","3.38582931784429e-06","2.89304190265921e-06","1.20250736009863e-06"
"('DE', 'Cultivation of crops nec')","3.37868154172393e-06","2.35840786265668e-06","3.34367398240724e-06"
"('ES', 'Production of electricity by coal')","3.37532755705837e-06","1.02986510474289e-06","3.18057262767641e-06"
"('RO', 'Fishing, operating of fish hatcheries and fish farms; service activities incidental to fishing (05)')","3.34180760082699e-06","1.85851144615246e-06","3.34180739378193e-06"
"('BG', 'Production of meat products nec')","3.35159208598894e-06","1.50053499617091e-06","3.34103462560359e-06"
"('BE', 'Incineration of waste: Wood')","1.50777644391981e-05","1.40170691609883e-05","3.82230198680626e-06"
"('BE', 'Cultivation of sugar cane, sugar beet')","3.31447044784871e-06","2.94069486885938e-06","3.30011671714715e-06"
"('TR', 'Manufacture of electrical machinery and apparatus n.e.c. (31)')","3.30747989073962e-06","2.40115966292148e-06","3.30708491089893e-06"
"('FI', 'Manufacture of fish products')","3.30696707733708e-06","1.8503368015337e-06","3.29623163640353e-06"
"('FI', 'Precious metals production')","3.30529203937469e-06","7.75783017756761e-07","3.28416860513048e-06"
"('RO', 'Mining of coal and lignite; extraction of peat (10)')","3.26853492116061e-06","2.50001896719866e-06","3.26702462747835e-06"
"('TW', 'Manufacture of gas; distribution of gaseous fuels through mains')","3.3111775700281e-06","1.53464857305139e-06","3.12638266970457e-06"
"('IE', 'Processing of meat poultry')","3.50735600993583e-06","3.50735600993583e-06","3.10359632918319e-06"
"('LT', 'Poultry farming')","3.2513620914663e-06","7.88339109985135e-07","3.25133298931703e-06"
"('ZA', 'Processing of meat pigs')","3.23308971198654e-06","1.41996016474393e-07","3.23304723965008e-06"
"('SK', 'Research and development (73)')","3.23071993990328e-06","1.54599560940728e-06","3.23071993990328e-06"
"('CZ', 'Quarrying of stone')","4.94435622840776e-06","3.85466537804763e-06","3.22451763333362e-06"
"('EE', 'Insurance and pension funding, except compulsory social security (66)')","3.20004729558126e-06","1.52239840536874e-06","3.20000350087061e-06"
"('MX', 'Meat animals nec')","3.34326323760332e-06","6.16647898979427e-07","3.19162360225583e-06"
"('GB', 'Processed rice')","3.37580010772384e-06","2.0840198965887e-06","2.84075800403373e-06"
"('ZA', 'Forestry, logging and related service activities (02)')","3.17681540585239e-06","2.16194164755292e-06","3.11853194971221e-06"
"('AT', 'Cultivation of wheat')","3.17472293841263e-06","2.47187920757588e-06","3.05905850573842e-06"
"('GB', 'Cultivation of sugar cane, sugar beet')","3.15232198391189e-06","2.17372990672144e-06","3.14836047928521e-06"
"('SI', 'Forestry, logging and related service activities (02)')","3.15095752025068e-06","2.87733297893442e-06","3.14142463448892e-06"
"('GR', 'Extraction of crude petroleum and services related to crude oil extraction, excluding surveying')","3.14942185641232e-06","2.98312141627603e-06","3.14883585389846e-06"
"('GR', 'Private households with employed persons (95)')","3.14621416918885e-06","3.14621416918885e-06","3.14621416918885e-06"
"('FI', 'Manufacture of coke oven products')","3.13767582936392e-06","1.83747031441446e-06","3.07842863141787e-06"
"('BE', 'Manufacture of wearing apparel; dressing and dyeing of fur (18)')","3.12271306132779e-06","1.09370094053412e-06","3.10080072424969e-06"
"('TW', 'Steam and hot water supply')","3.11554921335644e-06","1.83642841199834e-06","2.86549400514054e-06"
"('GR', 'Cultivation of wheat')","3.13521295698283e-06","2.04226475469974e-06","3.0988479832626e-06"
"('PT', 'Retail sale of automotive fuel')","2.67283731603187e-06","1.52726296511116e-06","2.67219587465651e-06"
"('PT', 'Cultivation of cereal grains nec')","3.13135310491381e-06","2.90599025167318e-06","3.07515047138601e-06"
"('DK', 'Cultivation of vegetables, fruit, nuts')","3.0975862723469e-06","2.66451079700724e-06","3.09340183179719e-06"
"('EE', 'Sale, maintenance, repair of motor vehicles, motor vehicles parts, motorcycles, motor cycles parts and accessoiries')","3.07859204871944e-06","1.92496286901328e-06","3.07859204871944e-06"
"('LU', 'Transport via pipelines')","2.45179454603038e-06","1.52229870922594e-06","2.45103117503911e-06"
"('BR', 'Manufacture of bricks, tiles and construction products, in baked clay')","3.88370093552744e-06","3.29840502856495e-06","3.06230533360603e-06"
"('NL', 'Meat animals nec')","3.05597659526078e-06","3.05597659526078e-06","1.46016053521244e-06"
"('IT', 'Cultivation of sugar cane, sugar beet')","3.038848226298e-06","2.70791990885362e-06","2.01198069991354e-06"
"('CA', 'Retail sale of automotive fuel')","3.0350096545997e-06","0","3.0350096545997e-06"
"('ES', 'Other non-ferrous metal production')","2.91320350137489e-06","1.58941875256098e-06","2.89676434704003e-06"
"('HR', 'Renting of machinery and equipment without operator and of personal and household goods (71)')","3.01838627310225e-06","1.98883050440365e-06","3.01833272735389e-06"
"('WM', 'Mining of coal and lignite; extraction of peat (10)')","3.08226006046873e-06","1.60352526236854e-06","2.91928207090488e-06"
"('BG', 'Manufacture of motor vehicles, trailers and semi-trailers (34)')","3.01633875742752e-06","1.83989147960839e-06","3.01633875742752e-06"
"('FI', 'Processing of meat poultry')","3.00496448407888e-06","1.77010731266508e-06","3.00496448407888e-06"
"('SI', 'Distribution and trade of electricity')","2.98969335935808e-06","2.4675370089854e-06","2.98221057424945e-06"
"('FR', 'Mining of aluminium ores and concentrates')","2.94739560627154e-06","2.94739560627154e-06","1.27885602193124e-07"
"('WF', 'Manufacture of tobacco products (16)')","3.17133327243163e-06","8.1781631260482e-07","2.98717238412951e-06"
"('FI', 'Recycling of waste and scrap')","2.9514127186821e-06","2.64801122730899e-06","1.21638090239843e-06"
"('ID', 'Manufacture of bricks, tiles and construction products, in baked clay')","3.60849451657136e-06","3.06537704695986e-06","2.96892126067666e-06"
"('CY', 'Processing of nuclear fuel')","2.96668758185737e-06","0","2.96668758185737e-06"
"('BR', 'Production of meat products nec')","3.40109804703524e-06","2.78942706847131e-06","2.9456684064814e-06"
"('EE', 'Raw milk')","2.9436400934219e-06","2.09421613324855e-06","2.94236947840487e-06"
"('ID', 'Manufacture of gas; distribution of gaseous fuels through mains')","2.83306551811923e-06","1.65366764441845e-06","2.49425230775821e-06"
"('NL', 'Cultivation of crops nec')","2.92341371895614e-06","2.10640430803458e-06","2.56325795987216e-06"
"('IE', 'Cultivation of sugar cane, sugar beet')","2.91461147118399e-06","2.03979885024572e-06","2.91461147118399e-06"
"('CH', 'Pulp')","2.91183199087763e-06","1.83219590787329e-06","2.90599626703585e-06"
"('SI', 'Post and telecommunications (64)')","2.90258853831733e-06","1.83558515412571e-06","2.90216800687162e-06"
"('AT', 'Manufacture of glass and glass products')","2.89554313388364e-06","1.66396349654182e-06","2.89174360466315e-06"
"('HU', 'Processing of meat cattle')","2.89039883975642e-06","4.13185625469736e-07","2.88700859434733e-06"
"('BE', 'Manufacture of ceramic goods')","2.90718486308852e-06","1.6171212107523e-06","2.88505287062767e-06"
"('PT', 'Landfill of waste: Textiles')","3.12389456033567e-06","2.45234058510753e-06","2.75125358128261e-06"
"('LT', 'Other service activities (93)')","2.8791037571822e-06","1.57908329841355e-06","2.8791037571822e-06"
"('RO', 'Sea and coastal water transport')","2.82768457088598e-06","1.43637214719779e-06","2.82662859367486e-06"
"('BE', 'Extraction, liquefaction, and regasification of other petroleum and gaseous materials')","2.83790397782933e-06","2.47452564716154e-06","2.05769844572025e-06"
"('EE', 'Manufacture of beverages')","2.82413908416069e-06","1.29701604561181e-06","2.82310017258669e-06"
"('EE', 'Activities of membership organisation n.e.c. (91)')","2.82005306592308e-06","2.54387260969382e-06","2.82005306592308e-06"
"('SK', 'Manufacture of furniture; manufacturing n.e.c. (36)')","2.7765640688654e-06","1.38479711809314e-06","2.77651042716923e-06"
"('CA', 'Production of electricity by solar photovoltaic')","1.57449809475765e-06","1.57449809475765e-06","1.57449809475765e-06"
"('BE', 'Incineration of waste: Textiles')","2.80639930175028e-06","2.61384071164548e-06","1.05771704645821e-06"
"('DE', 'Animal products nec')","2.79264254201828e-06","2.79264254201828e-06","7.2423565445989e-07"
"('GB', 'Mining of coal and lignite; extraction of peat (10)')","2.72314168473408e-06","2.08456103059332e-06","2.71659257540841e-06"
"('AU', 'Cultivation of paddy rice')","2.78652443844384e-06","2.51642454620617e-06","2.73917835263791e-06"
"('BG', 'Processing of meat poultry')","2.78384825753833e-06","0","2.78384825753833e-06"
"('LT', 'Fishing, operating of fish hatcheries and fish farms; service activities incidental to fishing (05)')","2.77612401798372e-06","8.78790941553464e-07","2.77592520521627e-06"
"('AT', 'Manufacture of tobacco products (16)')","3.10046944893097e-06","1.3948781834402e-06","2.77110573083013e-06"
"('LV', 'Manufacture of rubber and plastic products (25)')","2.77008249814918e-06","1.65555808248821e-06","2.77003108920855e-06"
"('TR', 'Mining of iron ores')","2.76670644972731e-06","2.76670644972731e-06","3.45489118327772e-07"
"('EE', 'Education (80)')","2.76571552242679e-06","6.80153928994935e-07","2.76571552242679e-06"
"('PT', 'Manufacture of other non-metallic mineral products n.e.c.')","2.79524585128355e-06","1.67263311000759e-06","2.75862963242258e-06"
"('PT', 'Production of meat products nec')","2.79440973054471e-06","1.36615334825427e-06","2.75637855789553e-06"
"('BG', 'Production of electricity by gas')","2.7294615960262e-06","6.90671187774853e-07","2.70605814574303e-06"
"('JP', 'Cultivation of wheat')","2.74999948557862e-06","2.41161118878327e-06","2.74393894848235e-06"
"('LU', 'Health and social work (85)')","2.74385180560893e-06","3.09325379291046e-07","2.74385180560893e-06"
"('HR', 'Manufacture of other transport equipment (35)')","2.7378090354067e-06","1.78441600436879e-06","2.73769444889199e-06"
"('SE', 'Manufacture of coke oven products')","2.7338102163895e-06","2.36354771364462e-06","2.66183973045765e-06"
"('GR', 'Cultivation of plant-based fibers')","2.73259667310775e-06","2.52953296401944e-06","2.66407232195989e-06"
"('TW', 'Pulp')","2.73177589161657e-06","2.03276787214303e-06","2.41273239150503e-06"
"('ES', 'Cultivation of paddy rice')","2.72731982275164e-06","2.51264156468098e-06","2.43286129039378e-06"
"('RU', 'Meat animals nec')","2.72494059573214e-06","0","2.72494059573214e-06"
"('LT', 'Cultivation of vegetables, fruit, nuts')","2.71330298211126e-06","8.46727981172472e-07","2.71311662441368e-06"
"('DK', 'Plastics, basic')","2.69503817596488e-06","6.0681723264221e-07","2.6892465277849e-06"
"('ID', 'Mining of copper ores and concentrates')","2.68914997459364e-06","1.74738840949037e-06","1.85390958889866e-06"
"('LV', 'Distribution and trade of electricity')","2.68811100298355e-06","1.67654746872487e-06","2.68669272635959e-06"
"('DK', 'Other non-ferrous metal production')","2.54626801042972e-06","1.85133403860451e-06","2.49813163559712e-06"
"('SK', 'Poultry farming')","2.67525812764894e-06","8.8478537512177e-07","2.67525812681431e-06"
"('GR', 'Meat animals nec')","2.7759381549095e-06","1.91045025326013e-06","2.59463889805366e-06"
"('CZ', 'Incineration of waste: Wood')","4.12402528232774e-06","3.29517216319612e-06","2.6642389688515e-06"
"('RO', 'Landfill of waste: Inert/metal/hazardous')","2.66819865830245e-06","9.97270126101216e-07","2.65308091169964e-06"
"('EE', 'Processing of Food products nec')","2.644191479315e-06","1.02733814869809e-06","2.64414527000361e-06"
"('SI', 'Raw milk')","2.6403234605284e-06","2.11046343975788e-06","2.6393410172345e-06"
"('LT', 'Sea and coastal water transport')","2.63780970996367e-06","1.70966378757102e-06","2.63780970996367e-06"
"('LU', 'Manufacture of ceramic goods')","2.63945192857489e-06","1.54662380635195e-06","2.63806392504612e-06"
"('LU', 'Raw milk')","2.63621219609558e-06","1.90434748986426e-06","2.63061156017822e-06"
"('HR', 'Paper')","2.61421472285447e-06","1.03520066668616e-06","2.61421471936032e-06"
"('LV', 'Cultivation of wheat')","2.60784235912192e-06","1.50027931218853e-06","2.60664797015562e-06"
"('LU', 'Manufacture of wood and of products of wood and cork, except furniture; manufacture of articles of straw and plaiting materials (20)')","2.60868114947739e-06","1.52808508998969e-06","2.60397806076451e-06"
"('GB', 'Tanning and dressing of leather; manufacture of luggage, handbags, saddlery, harness and footwear (19)')","2.58312056939705e-06","1.07904887806999e-06","2.58309113258955e-06"
"('BG', 'Health and social work (85)')","2.58053550153139e-06","1.85956425401695e-06","2.58053550153139e-06"
"('HR', 'Activities auxiliary to financial intermediation (67)')","2.53459159420778e-06","2.39357591025259e-06","2.53044686278969e-06"
"('IE', 'Transmission of electricity')","2.60815689714736e-06","2.02719842490166e-06","2.03594311317429e-06"
"('IN', 'Wool, silk-worm cocoons')","2.52195576624238e-06","8.15404613223735e-07","2.24686550278763e-06"
"('IE', 'Other non-ferrous metal production')","2.78005270760597e-06","2.08921363587766e-06","2.51759000905446e-06"
"('FI', 'Private households with employed persons (95)')","2.50043869709258e-06","2.2607265612773e-06","2.50043869709258e-06"
"('AT', 'Production of electricity by wind')","2.49618071067502e-06","1.48681576648305e-06","2.29260711847016e-06"
"('EE', 'Manufacture of textiles (17)')","2.49480772325523e-06","1.4709451533912e-07","2.49480772325523e-06"
"('SI', 'Manufacture of other transport equipment (35)')","2.48684041470677e-06","1.47091084828341e-06","2.48681789071582e-06"
"('GR', 'Production of electricity by coal')","2.46676892179221e-06","7.15659562783892e-07","2.46151321801793e-06"
"('HR', 'Production of electricity by hydro')","2.43350146134609e-06","2.02904702588759e-06","2.34255709642234e-06"
"('DK', 'Production of electricity by wind')","1.61461331254319e-06","1.38765568750401e-06","1.45239885700177e-06"
"('CY', 'Manufacture of cement, lime and plaster')","2.47947392896049e-06","2.13187423100288e-06","2.4779150389834e-06"
"('ES', 'Cultivation of sugar cane, sugar beet')","2.46903694067709e-06","2.40487588961781e-06","2.46604886217287e-06"
"('DK', 'Manufacture of ceramic goods')","2.47193075903423e-06","1.84682846021706e-06","2.45946963630538e-06"
"('NL', 'Production of electricity by coal')","2.4539379642677e-06","1.66671624687591e-07","2.45230145642778e-06"
"('LT', 'Activities auxiliary to financial intermediation (67)')","2.44356657757874e-06","2.10697825679725e-06","2.44311704752406e-06"
"('FR', 'Production of electricity by coal')","2.442713430938e-06","5.72314845007145e-07","2.42408406668373e-06"
"('LV', 'Cultivation of cereal grains nec')","2.43684983652652e-06","6.76357105136508e-07","2.43632080428678e-06"
"('DK', 'Cattle farming')","2.43438175847302e-06","1.36815202834824e-06","2.42597631076979e-06"
"('SI', 'Paper')","2.42202506882335e-06","1.32957757390487e-07","2.42202506760028e-06"
"('BG', 'Manufacture of glass and glass products')","2.40289383787726e-06","6.57526072776273e-07","2.40257432326585e-06"
"('HU', 'Production of electricity by solar photovoltaic')","2.39030648576585e-06","8.97058440874767e-07","2.04365593944818e-06"
"('NL', 'Forestry, logging and related service activities (02)')","2.38496615599326e-06","1.2797927046905e-06","2.37644209014558e-06"
"('SK', 'Incineration of waste: Wood')","2.72455553976018e-06","2.72455553976018e-06","2.3593071823776e-06"
"('ZA', 'Manufacture of gas; distribution of gaseous fuels through mains')","2.37236791415877e-06","1.20154981394537e-06","2.33897746555931e-06"
"('LU', 'Manufacture of other non-metallic mineral products n.e.c.')","2.4087248237565e-06","2.03072303530287e-06","2.36593487269415e-06"
"('LU', 'Manufacture of furniture; manufacturing n.e.c. (36)')","2.29264086682641e-06","8.9364557058077e-07","2.29264086682641e-06"
"('FI', 'Mining of lead, zinc and tin ores and concentrates')","2.53368768378737e-06","2.36001404742516e-06","1.92595718648403e-06"
"('LT', 'Manufacture of gas; distribution of gaseous fuels through mains')","2.35303414747822e-06","1.43950268415726e-06","2.35275711566404e-06"
"('GR', 'Processing of meat poultry')","2.33633391898145e-06","3.92541742641866e-07","2.33633391898145e-06"
"('LT', 'Cattle farming')","2.33468342423558e-06","1.55611362320861e-06","2.3343473299709e-06"
"('GB', 'Animal products nec')","2.33085495948858e-06","2.33085495948858e-06","8.3687321098988e-07"
"('NL', 'Manufacture of coke oven products')","2.32038824392551e-06","1.693525591969e-06","2.24729483805508e-06"
"('CY', 'Public administration and defence; compulsory social security (75)')","2.30776380272852e-06","5.21823441782927e-07","2.30776380272852e-06"
"('SI', 'Transport via pipelines')","2.31001540551741e-06","1.74284474497607e-06","2.28143617954632e-06"
"('GR', 'Transmission of electricity')","2.30286179692616e-06","1.25092421564023e-06","2.28596958667143e-06"
"('SE', 'Production of meat products nec')","2.29823789143891e-06","1.44458754010778e-07","2.29117566535229e-06"
"('RO', 'Manufacture of bricks, tiles and construction products, in baked clay')","2.28513546893028e-06","2.01752497067211e-06","2.28270828298922e-06"
"('SI', 'Manufacture of wearing apparel; dressing and dyeing of fur (18)')","2.2858453392856e-06","1.42459044128698e-06","2.28576679132699e-06"
"('BG', 'Insurance and pension funding, except compulsory social security (66)')","2.28161676982113e-06","1.35254009210191e-06","2.28161676982113e-06"
"('LT', 'Distribution and trade of electricity')","2.27500683309552e-06","1.85710220739959e-06","2.2726294499981e-06"
"('IT', 'Cultivation of crops nec')","2.56677613184375e-06","1.69262366092554e-06","1.92588643822494e-06"
"('LV', 'Processing of nuclear fuel')","2.27249421196054e-06","0","2.27249421196054e-06"
"('LU', 'Manufacture of cement, lime and plaster')","2.28958260609883e-06","1.57996229808517e-06","2.27243907620097e-06"
"('NO', 'Processing vegetable oils and fats')","2.31117931723287e-06","1.49321305544215e-06","2.1880381206155e-06"
"('KR', 'Production of meat products nec')","2.26009825300363e-06","1.54837385288437e-06","2.25450527381763e-06"
"('PL', 'Fishing, operating of fish hatcheries and fish farms; service activities incidental to fishing (05)')","2.25510248601672e-06","1.24661294621386e-06","2.2546577091367e-06"
"('CZ', 'Processing of meat cattle')","2.26285344476631e-06","3.33243321672563e-07","2.25328553873886e-06"
"('WE', 'Extraction, liquefaction, and regasification of other petroleum and gaseous materials')","2.62989689820473e-06","2.28029019365954e-06","1.65945326365446e-06"
"('BG', 'Public administration and defence; compulsory social security (75)')","2.24666633089568e-06","1.64518841631237e-06","2.24654090351314e-06"
"('SI', 'Tanning and dressing of leather; manufacture of luggage, handbags, saddlery, harness and footwear (19)')","2.23441159093873e-06","9.78328980876168e-07","2.23441159093873e-06"
"('CZ', 'Manufacture of tobacco products (16)')","2.22928316212404e-06","2.92327441665103e-07","2.22922977053898e-06"
"('TR', 'Manufacture of office machinery and computers (30)')","2.21948297745003e-06","9.98122821986526e-07","2.21945753328919e-06"
"('FR', 'Private households with employed persons (95)')","2.21788639500309e-06","2.21788639500309e-06","2.21788639500309e-06"
"('BE', 'Fishing, operating of fish hatcheries and fish farms; service activities incidental to fishing (05)')","2.21771546176712e-06","1.74765673989459e-06","2.21734307668549e-06"
"('FR', 'Biogasification of paper, incl. land application')","2.19455413074114e-06","2.04371667820074e-06","2.19455413074114e-06"
"('RO', 'Other non-ferrous metal production')","2.18858545515767e-06","1.53870537197711e-06","2.15997471525375e-06"
"('AT', 'Processing of meat poultry')","2.23405587860653e-06","2.08866574522424e-06","1.93270910499271e-06"
"('DK', 'Processing of meat poultry')","2.2559353998582e-06","2.24010099961954e-06","2.03473297342653e-06"
"('SI', 'Recreational, cultural and sporting activities (92)')","2.17140908692495e-06","7.18089571854262e-07","2.17140908692495e-06"
"('CY', 'Collection, purification and distribution of water (41)')","2.14599577695357e-06","1.71399893440594e-06","2.14568488440198e-06"
"('TR', 'Manufacture of gas; distribution of gaseous fuels through mains')","2.15603734125492e-06","1.53723339767351e-06","2.05902951909751e-06"
"('KR', 'Cultivation of cereal grains nec')","2.15283523391009e-06","1.90774607418617e-06","2.13957962737961e-06"
"('LV', 'Research and development (73)')","2.15032831425106e-06","1.28474030633048e-06","2.15032831425106e-06"
"('HU', 'Manufacture of ceramic goods')","2.17467102184061e-06","2.07856028321641e-06","2.14696485579963e-06"
"('LV', 'Quarrying of sand and clay')","2.17620278551769e-06","1.11473302487984e-06","2.14328043183601e-06"
"('LT', 'Manufacture of wood and of products of wood and cork, except furniture; manufacture of articles of straw and plaiting materials (20)')","2.14272512686403e-06","1.31127936376908e-06","2.13774522842179e-06"
"('LV', 'Manufacture of beverages')","2.13598676780128e-06","8.14639668636103e-07","2.13520547266149e-06"
"('RO', 'Manufacture of furniture; manufacturing n.e.c. (36)')","2.12982056482883e-06","0","2.12982056482883e-06"
"('PT', 'Production of electricity by coal')","2.12222006414658e-06","3.4791763890242e-07","2.11991241698759e-06"
"('DE', 'Landfill of waste: Wood')","9.99735275668008e-06","9.53786206262283e-06","1.52228000958682e-06"
"('SI', 'Landfill of waste: Paper')","2.12353428597001e-06","1.28743857660776e-06","2.11689267112101e-06"
"('BG', 'Pigs farming')","2.10467962336803e-06","2.10467962336803e-06","2.10424076890624e-06"
"('TW', 'Manufacture of bricks, tiles and construction products, in baked clay')","3.10036661681156e-06","2.38053855848821e-06","2.01744959339903e-06"
"('AU', 'Mining of uranium and thorium ores (12)')","2.76151866860692e-06","1.52595956685787e-06","2.08971392446119e-06"
"('LV', 'Paper')","2.08828461618628e-06","5.55906823469206e-07","2.08827807363921e-06"
"('SE', 'Cultivation of crops nec')","2.15431543265503e-06","1.62263512334101e-06","2.05960319613232e-06"
"('ZA', 'Manufacture of bricks, tiles and construction products, in baked clay')","2.1598333412829e-06","1.65820614439736e-06","2.08574894704464e-06"
"('HR', 'Aluminium production')","2.08326604437577e-06","9.33964605982624e-07","2.08286766658988e-06"
"('ZA', 'Manufacture of medical, precision and optical instruments, watches and clocks (33)')","2.08119839079538e-06","1.28371089409773e-06","2.08075819161814e-06"
"('PL', 'Incineration of waste: Paper')","2.23553745044204e-06","2.05086525298148e-06","1.60168096922785e-06"
"('NO', 'Landfill of waste: Wood')","3.39259146230395e-06","3.39259146230395e-06","2.06679271619462e-06"
"('GB', 'Steam and hot water supply')","2.06148794863024e-06","3.00162604405858e-07","1.95274512027045e-06"
"('NO', 'Cultivation of wheat')","2.05584595295669e-06","1.67823400934818e-06","2.03657471632929e-06"
"('IE', 'Manufacture of basic iron and steel and of ferro-alloys and first products thereof')","2.05388018995331e-06","1.9360159006633e-06","2.0523391604601e-06"
"('LV', 'Manufacture of textiles (17)')","2.0490621978431e-06","1.05943200738037e-06","2.0490469547699e-06"
"('FR', 'Production of electricity by biomass and waste')","2.03952314420495e-06","1.09901270460061e-06","1.26148682493926e-06"
"('CY', 'Manufacture of office machinery and computers (30)')","2.0392787199644e-06","1.76932751457569e-06","2.03920379639974e-06"
"('LU', 'Other non-ferrous metal production')","2.02779494190189e-06","9.84084690884082e-07","2.02191510543734e-06"
"('BE', 'Waste water treatment, food')","3.32702934175454e-06","2.98338092197694e-06","2.02503750146095e-06"
"('TR', 'Other non-ferrous metal production')","2.01950384328631e-06","8.94866236025111e-07","1.95830208195367e-06"
"('DK', 'Cultivation of oil seeds')","2.02292205977684e-06","1.00982509994072e-06","2.0023344482639e-06"
"('ES', 'Processing of nuclear fuel')","2.01177429598804e-06","4.7900679725689e-07","2.0111244433393e-06"
"('BE', 'Steam and hot water supply')","2.00678893638575e-06","1.34143907603412e-06","1.82318301330427e-06"
"('PT', 'Steam and hot water supply')","2.00533400215408e-06","0","2.00533400215408e-06"
"('IT', 'Inland water transport')","1.17012349350533e-06","2.54736532883312e-07","1.17012349350533e-06"
"('HR', 'Cultivation of cereal grains nec')","2.00249216779824e-06","1.52649358030676e-06","1.98710318347183e-06"
"('EE', 'Post and telecommunications (64)')","1.99527994933006e-06","6.39078692681689e-07","1.99527994819174e-06"
"('SE', 'Precious metals production')","1.98727980481354e-06","9.43884360731596e-07","1.98043362468232e-06"
"('ZA', 'Meat animals nec')","1.9771744711216e-06","8.83910191249552e-07","1.85196779523785e-06"
"('FR', 'Processed rice')","1.97344787773109e-06","1.97344787773109e-06","1.26292170160965e-06"
"('RO', 'Processing of meat poultry')","1.97204583946473e-06","1.33193851562142e-07","1.97204571885386e-06"
"('IE', 'Wool, silk-worm cocoons')","1.96647914053243e-06","1.96647914053243e-06","1.96647914053243e-06"
"('NL', 'Cultivation of cereal grains nec')","1.96618311593969e-06","1.87283967477908e-06","1.79759180192033e-06"
"('LT', 'Pigs farming')","1.9636377570618e-06","1.80822093150024e-06","1.96354471983631e-06"
"('PL', 'Landfill of waste: Wood')","2.41955199983807e-06","8.96786926942491e-07","1.96236325365261e-06"
"('PT', 'Manufacture of furniture; manufacturing n.e.c. (36)')","1.92802409199732e-06","1.01255620334745e-06","1.92801080564363e-06"
"('HU', 'Inland water transport')","1.7632737662704e-06","4.49497199853948e-07","1.76318772144552e-06"
"('CA', 'Production of electricity by petroleum and other oil derivatives')","1.94575054536197e-06","4.90764843555133e-07","1.79706858353552e-06"
"('LT', 'Research and development (73)')","1.94520248204744e-06","1.58548165466338e-06","1.94520248204744e-06"
"('ES', 'Extraction of crude petroleum and services related to crude oil extraction, excluding surveying')","1.94432693482147e-06","9.46436334048375e-07","1.94430067264371e-06"
"('US', 'Recycling of waste and scrap')","1.92954770470926e-06","1.36715006219865e-06","7.1126803411079e-07"
"('MX', 'Manufacture of bricks, tiles and construction products, in baked clay')","2.02347278322153e-06","1.16507829273955e-06","1.84111756496489e-06"
"('TR', 'Steam and hot water supply')","2.71629264956814e-06","2.39882898103849e-06","1.92576282747367e-06"
"('ES', 'P- and other fertiliser')","1.92481371678647e-06","1.42969984685548e-06","1.91895439478612e-06"
"('LU', 'Quarrying of sand and clay')","2.09550112881908e-06","1.64381419897424e-06","1.90787217375828e-06"
"('DE', 'Mining of iron ores')","1.54689309445489e-05","1.49467932656629e-05","1.46696733692541e-06"
"('RU', 'Animal products nec')","2.34465676071779e-06","1.83334797867926e-06","1.52426804928249e-06"
"('HU', 'Waste water treatment, food')","1.97491735552496e-06","1.80514979675361e-06","1.90600012925769e-06"
"('TW', 'Retail sale of automotive fuel')","1.89583550999933e-06","1.2847753550988e-07","1.89583550999933e-06"
"('RO', 'Casting of metals')","1.94251387388243e-06","1.3141275440839e-06","1.89871771466643e-06"
"('SK', 'Recreational, cultural and sporting activities (92)')","1.89225804645596e-06","1.43144787152203e-06","1.89225804645596e-06"
"('DE', 'Composting of paper and wood, incl. land application')","3.94453709022149e-06","3.40736959391548e-06","2.05631844601605e-06"
"('FR', 'Extraction of natural gas and services related to natural gas extraction, excluding surveying')","1.88506908287229e-06","1.25275221220952e-06","1.88436606536364e-06"
"('BE', 'Manufacture of coke oven products')","1.88152827258392e-06","1.40674365697423e-06","1.85045814717639e-06"
"('SI', 'Manufacture of other non-metallic mineral products n.e.c.')","1.88532175722989e-06","7.76230725976976e-07","1.88011968162652e-06"
"('LU', 'Lead, zinc and tin production')","1.87735099862483e-06","1.05863762092427e-06","1.86950271690653e-06"
"('IT', 'Sugar refining')","2.60111496610342e-06","2.00959588061779e-06","1.03975551137631e-06"
"('BE', 'Cultivation of cereal grains nec')","1.87613723383088e-06","1.77634814216774e-06","1.8498192568483e-06"
"('GR', 'Production of electricity by solar photovoltaic')","1.52101714784498e-06","1.52101714784498e-06","1.4832615524993e-06"
"('IE', 'Quarrying of sand and clay')","5.17223334785876e-06","5.17223334785876e-06","1.82310491687083e-06"
"('ZA', 'Production of electricity by nuclear')","1.70938574366548e-06","1.70938574366548e-06","1.18194432842548e-06"
"('FI', 'Mining of copper ores and concentrates')","1.8576966184911e-06","1.62412467447945e-06","1.59947943521538e-06"
"('DE', 'Manufacture of radio, television and communication equipment and apparatus (32)')","1.85040389918036e-06","1.03810945973064e-06","1.85034178838299e-06"
"('FI', 'Transmission of electricity')","1.91002254601983e-06","1.66185973030287e-06","1.73314787931916e-06"
"('WL', 'Production of electricity by solar photovoltaic')","1.82382793028292e-06","1.59634445981943e-06","1.81486283022475e-06"
"('MX', 'Processing vegetable oils and fats')","1.82202560297192e-06","7.61928514453232e-07","1.77029127813026e-06"
"('CN', 'Production of electricity by solar thermal')","1.82023932639106e-06","1.28793437666394e-06","1.56684876946715e-06"
"('FR', 'Cultivation of crops nec')","1.84779440027458e-06","1.84779440027458e-06","1.26623789857666e-06"
"('AT', 'Inland water transport')","1.64519186418903e-06","8.86147013408788e-07","1.64492389620006e-06"
"('SI', 'Copper production')","1.79076274964118e-06","1.16101006857364e-06","1.79025052108213e-06"
"('LV', 'Other service activities (93)')","1.786736844984e-06","1.55099486523692e-06","1.786736844984e-06"
"('RO', 'Incineration of waste: Oil/Hazardous waste')","1.78436657322434e-06","6.63919850514554e-07","1.76867055158106e-06"
"('DK', 'Lead, zinc and tin production')","1.76226841301396e-06","1.08796692865594e-06","1.76226841301396e-06"
"('SK', 'Incineration of waste: Plastic')","1.80390998625087e-06","1.80390998625087e-06","1.75671039995653e-06"
"('GR', 'Mining of coal and lignite; extraction of peat (10)')","1.75779838253464e-06","1.63860868803065e-06","1.75769012968752e-06"
"('TW', 'Production of meat products nec')","1.75620279690705e-06","1.71166580279891e-06","1.71696765793099e-06"
"('EE', 'Processing of meat pigs')","1.75227780973899e-06","6.18042967888728e-07","1.75154177779096e-06"
"('LU', 'Processing of meat cattle')","1.74747828133413e-06","1.50535267094135e-07","1.74747201843026e-06"
"('HR', 'Production of electricity by gas')","1.72114680743584e-06","1.34700021690765e-06","1.70472019572557e-06"
"('CA', 'Cultivation of crops nec')","1.73923767430564e-06","1.14999498516776e-06","1.73923767430564e-06"
"('GR', 'Pigs farming')","1.73812444958574e-06","5.96425383687728e-07","1.73618539594266e-06"
"('LV', 'Steam and hot water supply')","1.73416382068515e-06","9.21999971864486e-07","1.73416382068515e-06"
"('NO', 'Steam and hot water supply')","1.73365687959778e-06","1.31714866650408e-07","1.73178575410577e-06"
"('TW', 'Cultivation of wheat')","1.76356181377157e-06","4.70795943049368e-07","1.73205022103686e-06"
"('GR', 'Manufacture of bricks, tiles and construction products, in baked clay')","1.81577368514487e-06","1.77215660689223e-06","1.72348075821779e-06"
"('LT', 'Landfill of waste: Inert/metal/hazardous')","1.71831433656214e-06","1.33895755554576e-06","1.71831433656214e-06"
"('AT', 'Cultivation of sugar cane, sugar beet')","1.70910398916976e-06","1.70910398916976e-06","1.70390234987618e-06"
"('CZ', 'Re-processing of secondary steel into new steel')","1.69965732244619e-06","5.43127817705286e-07","1.69957983508183e-06"
"('TW', 'Production of electricity by petroleum and other oil derivatives')","1.69450227533856e-06","1.69450227533856e-06","9.53009989070497e-07"
"('SK', 'Publishing, printing and reproduction of recorded media (22)')","1.69286454973843e-06","8.38996377541791e-07","1.69286454973843e-06"
"('IE', 'Forestry, logging and related service activities (02)')","1.69068634087119e-06","1.3366692501674e-06","1.67911236924024e-06"
"('FI', 'Waste water treatment, food')","1.95988316717565e-06","1.68191540227942e-06","1.6867262899719e-06"
"('LV', 'Chemicals nec')","1.6850706044062e-06","8.04164177224646e-07","1.68507059463429e-06"
"('SK', 'Precious metals production')","1.68575807833728e-06","1.18629698038835e-06","1.68489191303525e-06"
"('PT', 'Manufacture of bricks, tiles and construction products, in baked clay')","1.99874292065708e-06","1.89902437939738e-06","1.67965501425885e-06"
"('FI', 'Poultry farming')","1.69058265477782e-06","1.44571832083026e-06","1.67555664221757e-06"
"('NO', 'Cultivation of crops nec')","1.67199832927076e-06","8.51416803393698e-07","1.65158139004095e-06"
"('MT', 'Inland water transport')","1.63850574787183e-06","6.80604118625091e-07","1.6315598601715e-06"
"('HU', 'Processing vegetable oils and fats')","1.67573654939404e-06","8.38506026327896e-07","1.63862738967159e-06"
"('SE', 'Incineration of waste: Textiles')","1.64828537120897e-06","8.33087098531619e-07","1.47091812640147e-06"
"('FR', 'P- and other fertiliser')","1.80796850167893e-06","1.09776431885207e-06","1.59744435258615e-06"
"('BG', 'Manufacture of other non-metallic mineral products n.e.c.')","1.62261970320459e-06","9.22630001508009e-07","1.61457393724856e-06"
"('SE', 'Other non-ferrous metal production')","1.61294429972635e-06","7.14233949331084e-07","1.54783636181255e-06"
"('BG', 'Sea and coastal water transport')","1.59624557778419e-06","1.43751819295483e-06","1.59458308084814e-06"
"('LT', 'Manufacture of rubber and plastic products (25)')","1.6035757000824e-06","1.26818207522454e-06","1.6035715722496e-06"
"('SI', 'Cultivation of vegetables, fruit, nuts')","1.59938618291879e-06","1.25658207566299e-06","1.59798608835146e-06"
"('CH', 'Manufacture of fish products')","1.59126275559973e-06","6.87752016751724e-07","1.58157509518129e-06"
"('HR', 'Publishing, printing and reproduction of recorded media (22)')","1.58944028422275e-06","7.00438859883526e-07","1.58944028422275e-06"
"('CY', 'Mining of copper ores and concentrates')","1.58651058544417e-06","8.38286806676334e-07","1.58144468463117e-06"
"('CY', 'Cultivation of vegetables, fruit, nuts')","1.58111466128066e-06","1.44325900860935e-06","1.58031394234825e-06"
"('FI', 'Mining of coal and lignite; extraction of peat (10)')","1.58976009955066e-06","9.13435457704305e-07","1.57687503485434e-06"
"('PT', 'Manufacture of tobacco products (16)')","1.66507520009015e-06","1.15080850789001e-06","1.5742188120297e-06"
"('BR', 'Mining of precious metal ores and concentrates')","1.5729248523099e-06","9.00211882002126e-07","1.33771260239432e-06"
"('EE', 'Landfill of waste: Inert/metal/hazardous')","1.57649208045182e-06","1.53230013064075e-06","1.57048055071649e-06"
"('MT', 'Quarrying of sand and clay')","1.55249892109942e-06","1.55249892109942e-06","1.55249892109942e-06"
"('HR', 'Collection, purification and distribution of water (41)')","1.37010472337215e-06","1.03504870221375e-06","1.36967152365738e-06"
"('SI', 'Publishing, printing and reproduction of recorded media (22)')","1.54862166257261e-06","6.803296016109e-07","1.54862166257261e-06"
"('WF', 'Extraction, liquefaction, and regasification of other petroleum and gaseous materials')","2.21296067495844e-06","1.65253960068974e-06","1.30773475087199e-06"
"('SI', 'Quarrying of sand and clay')","1.56096719919506e-06","9.31960822319236e-07","1.51257267743925e-06"
"('HR', 'P- and other fertiliser')","1.50707134515936e-06","0","1.50707134515936e-06"
"('SE', 'Sugar refining')","1.66491052749297e-06","9.35305878219641e-07","1.38488026795857e-06"
"('WE', 'Manufacture of tobacco products (16)')","1.495326555652e-06","8.75771347245211e-07","1.495326555652e-06"
"('SK', 'Production of electricity by hydro')","1.49266163590434e-06","2.89704788503144e-07","1.49264529410208e-06"
"('FI', 'Production of electricity by wind')","1.31268221634229e-06","9.84251165480086e-07","1.19266317582867e-06"
"('RO', 'Landfill of waste: Textiles')","9.68868227254677e-07","2.7869907116179e-07","9.68868227254677e-07"
"('BG', 'Production of electricity by hydro')","1.46577071147671e-06","1.12322562084739e-06","1.39939928620078e-06"
"('HR', 'Research and development (73)')","1.47997257731553e-06","1.03882910346936e-06","1.47997257731553e-06"
"('NL', 'Production of electricity by wind')","1.47781268971134e-06","8.66549129131151e-07","1.27357470914204e-06"
"('SK', 'Landfill of waste: Plastic')","1.51123115759723e-06","1.51123115759723e-06","1.47373538073774e-06"
"('CH', 'Copper production')","1.46848119429892e-06","1.41093720461104e-06","1.46840140868464e-06"
"('CY', 'Sale, maintenance, repair of motor vehicles, motor vehicles parts, motorcycles, motor cycles parts and accessoiries')","1.46744903779912e-06","5.47992322634284e-07","1.46744903779912e-06"
"('EE', 'Pigs farming')","1.46144349080293e-06","1.42441633825258e-06","1.46126021460705e-06"
"('HU', 'Meat animals nec')","1.4586979058382e-06","1.31383209903886e-06","1.40994037810886e-06"
"('MX', 'Mining of coal and lignite; extraction of peat (10)')","1.48660635188894e-06","8.87693626315006e-07","1.42441235231454e-06"
"('WE', 'Mining of nickel ores and concentrates')","2.63232767662314e-06","2.00622935279515e-06","1.36624895940542e-06"
"('ZA', 'Production of electricity by wind')","1.45286702205502e-06","1.45286702205502e-06","8.91090027000072e-07"
"('RU', 'Processed rice')","1.58645361228001e-06","1.13999057291915e-06","1.34760189369639e-06"
"('JP', 'Inland water transport')","1.08781435850182e-06","2.03785232636528e-07","1.08781435850182e-06"
"('WM', 'Collection, purification and distribution of water (41)')","9.18046377134195e-07","4.79425038620382e-07","9.17967268439467e-07"
"('TR', 'Manufacture of radio, television and communication equipment and apparatus (32)')","1.44472624886465e-06","1.02741899088056e-06","1.44466867310776e-06"
"('ES', 'Production of electricity by biomass and waste')","1.43093691313148e-06","1.43093691313148e-06","3.20438627742843e-07"
"('LV', 'Production of electricity by gas')","1.42292613749375e-06","1.70796801319841e-07","1.42279968662648e-06"
"('DK', 'Publishing, printing and reproduction of recorded media (22)')","1.41011274491433e-06","1.01490137365618e-06","1.41011274491433e-06"
"('IN', 'Processing of meat poultry')","1.67654620435044e-06","1.29686905798447e-06","1.26132175620494e-06"
"('DK', 'Cultivation of sugar cane, sugar beet')","1.4058226278179e-06","1.15285855730464e-06","1.4038504569667e-06"
"('TW', 'Production of electricity by solar photovoltaic')","1.40207392356433e-06","1.40207392356433e-06","2.77395609727426e-07"
"('SK', 'Cultivation of vegetables, fruit, nuts')","1.3998234299873e-06","1.3998234299873e-06","1.39881739983419e-06"
"('PT', 'Mining of copper ores and concentrates')","1.3974745844416e-06","1.00219488896955e-06","1.24134529372192e-06"
"('LV', 'Production of electricity by hydro')","1.3822169145987e-06","3.71318174472947e-07","1.38170445578091e-06"
"('BG', 'Processing vegetable oils and fats')","1.37838924623404e-06","4.31123213100556e-07","1.36911533731205e-06"
"('TW', 'Extraction of natural gas and services related to natural gas extraction, excluding surveying')","1.3626603278546e-06","8.27245172146827e-07","1.36089158780757e-06"
"('GR', 'Production of electricity by petroleum and other oil derivatives')","1.34867402245921e-06","2.89317938511785e-07","1.32200013489511e-06"
"('RO', 'Cultivation of crops nec')","1.34628521439473e-06","9.51199083451066e-07","1.34251359302053e-06"
"('LU', 'Processing of meat pigs')","1.34368829963695e-06","8.73289747839432e-07","1.34159586371265e-06"
"('ZA', 'Other non-ferrous metal production')","1.34141030476363e-06","5.84306654433156e-07","1.32804312892105e-06"
"('GB', 'Manufacture of coke oven products')","1.34126202121782e-06","7.54439918604846e-07","1.32649791904629e-06"
"('CZ', 'Meat animals nec')","1.34160207793327e-06","9.35856362338593e-07","1.30233686640929e-06"
"('LT', 'Extraction of crude petroleum and services related to crude oil extraction, excluding surveying')","1.32636067162308e-06","1.32636067162308e-06","1.32633162340815e-06"
"('AU', 'Manufacture of tobacco products (16)')","1.32319409940686e-06","4.44511084463149e-07","1.32319409940686e-06"
"('EE', 'Transport via pipelines')","1.32022285848929e-06","1.0018546019654e-06","1.29025898604824e-06"
"('CY', 'Other land transport')","1.31811665766567e-06","8.46935770217053e-07","1.31810836600799e-06"
"('HR', 'Tanning and dressing of leather; manufacture of luggage, handbags, saddlery, harness and footwear (19)')","1.31635136357351e-06","5.94722916121842e-07","1.31582415914002e-06"
"('SI', 'Production of electricity by coal')","1.3157679832356e-06","1.37858583793547e-07","1.31542302104663e-06"
"('CZ', 'Production of electricity by solar photovoltaic')","1.31462839162776e-06","1.24378031848082e-06","1.15316050071264e-06"
"('HU', 'Quarrying of stone')","1.44701292592445e-06","1.09095723172396e-06","1.30594014680915e-06"
"('RO', 'Landfill of waste: Wood')","1.33347052868277e-06","4.93983563116097e-07","1.3048155366701e-06"
"('LT', 'Manufacture of fabricated metal products, except machinery and equipment (28)')","1.31558369209777e-06","1.22196751303911e-06","1.30243749146982e-06"
"('LU', 'Manufacture of fish products')","1.29820879252174e-06","9.78495896431138e-07","1.29817670383102e-06"
"('ID', 'Activities of membership organisation n.e.c. (91)')","1.29815115570747e-06","7.1733158088332e-07","1.29815115570747e-06"
"('SK', 'Manufacture of coke oven products')","1.296783633982e-06","8.3839268953435e-07","1.28934740247368e-06"
"('GR', 'Production of meat products nec')","1.29131826297841e-06","2.71996035694437e-07","1.29131826297841e-06"
"('BG', 'Quarrying of sand and clay')","1.32458043893025e-06","1.00473455908484e-06","1.23196431729449e-06"
"('RO', 'Manufacture of ceramic goods')","1.29119634093989e-06","6.23810855278076e-07","1.28806671277351e-06"
"('ZA', 'Inland water transport')","1.28710424534783e-06","8.90950779017409e-07","1.28575022151768e-06"
"('TW', 'Processing of meat cattle')","1.28713880213037e-06","5.78636914557103e-07","1.27445224504043e-06"
"('DK', 'Retail sale of automotive fuel')","1.2582494859073e-06","4.52716573619636e-07","1.2582494859073e-06"
"('TR', 'Pulp')","1.28503438748801e-06","9.76791025267593e-07","1.16500602462184e-06"
"('SE', 'Manufacture of gas; distribution of gaseous fuels through mains')","1.27531110816093e-06","8.75246658096715e-07","1.26623256520546e-06"
"('SE', 'Cultivation of oil seeds')","1.30486191877908e-06","1.30486191877908e-06","1.26171820673867e-06"
"('LT', 'Activities of membership organisation n.e.c. (91)')","1.26990784255348e-06","5.05563077208193e-07","1.26990784255348e-06"
"('NL', 'N-fertiliser')","1.26827294714229e-06","1.04838868281598e-06","9.61986678833758e-07"
"('ZA', 'Manufacture of coke oven products')","1.26629311789573e-06","8.54436635120904e-07","1.251564072334e-06"
"('HU', 'Collection, purification and distribution of water (41)')","1.19424919220767e-06","8.41968965234824e-07","1.18236793493689e-06"
"('PL', 'Production of electricity by solar photovoltaic')","1.25338443545933e-06","1.16876065966487e-06","1.23797988494772e-06"
"('LV', 'Post and telecommunications (64)')","1.25224513387226e-06","6.94471558715283e-07","1.25224511076489e-06"
"('MT', 'Sale, maintenance, repair of motor vehicles, motor vehicles parts, motorcycles, motor cycles parts and accessoiries')","1.24615147327204e-06","9.2794998926416e-07","1.24615147327204e-06"
"('JP', 'Production of meat products nec')","1.34949554074287e-06","7.09744689909693e-07","1.24022508787679e-06"
"('BG', 'Tanning and dressing of leather; manufacture of luggage, handbags, saddlery, harness and footwear (19)')","1.23389234408535e-06","0","1.23389234408535e-06"
"('RO', 'Processing of meat cattle')","1.23314108839325e-06","4.00759598519062e-07","1.22864171072073e-06"
"('LU', 'Aluminium production')","1.23035274707186e-06","1.01912904422034e-06","1.23035274707186e-06"
"('HR', 'Production of electricity by wind')","1.22641052540512e-06","1.22641052540512e-06","1.18330030267691e-06"
"('LV', 'Cultivation of vegetables, fruit, nuts')","1.22381372121394e-06","1.22381372121394e-06","1.22358291867889e-06"
"('CN', 'Collection, purification and distribution of water (41)')","1.22235579216376e-06","2.6321713452255e-07","1.22235579216376e-06"
"('IT', 'Extraction, liquefaction, and regasification of other petroleum and gaseous materials')","1.21988270615602e-06","3.81125509538103e-07","1.01844567827834e-06"
"('SK', 'Sea and coastal water transport')","1.21009378814574e-06","7.70311650104278e-07","1.20959397581066e-06"
"('HU', 'Landfill of waste: Wood')","1.26129354852412e-06","1.26129354852412e-06","1.20812942838247e-06"
"('GR', 'Production of electricity by wind')","1.20677281091992e-06","1.06408324080044e-06","1.1595454731428e-06"
"('EE', 'Distribution and trade of electricity')","1.18693867422611e-06","1.18693867422611e-06","1.18686661120428e-06"
"('GR', 'Manufacture of medical, precision and optical instruments, watches and clocks (33)')","1.19662083098352e-06","8.9263457199302e-07","1.19662083098352e-06"
"('ZA', 'Sugar refining')","1.18285370434643e-06","2.04145234883329e-07","1.18285370434643e-06"
"('CH', 'Production of meat products nec')","1.22449265379263e-06","5.40368101481755e-07","1.14205079503226e-06"
"('LV', 'Poultry farming')","1.16571361479656e-06","5.01249567920855e-07","1.16571357583826e-06"
"('KR', 'Meat animals nec')","1.16513905416767e-06","1.16513905416767e-06","4.05620551603541e-07"
"('HR', 'Fishing, operating of fish hatcheries and fish farms; service activities incidental to fishing (05)')","1.16467079689674e-06","1.16467079689674e-06","1.16416974950329e-06"
"('ID', 'Mining of lead, zinc and tin ores and concentrates')","1.74717095332922e-06","7.50609887459107e-07","1.58826416818381e-06"
"('CY', 'Manufacture of wearing apparel; dressing and dyeing of fur (18)')","1.15761174855112e-06","9.4806739345694e-07","1.15761174855112e-06"
"('FI', 'Cultivation of oil seeds')","1.14946388421962e-06","8.04221223376683e-07","1.14163915290077e-06"
"('DE', 'Production of meat products nec')","1.32311810931358e-06","1.32311810931358e-06","1.02553137784075e-06"
"('NO', 'N-fertiliser')","1.1348380880786e-06","5.72180144491218e-07","1.11665384029036e-06"
"('NL', 'Production of electricity by solar photovoltaic')","1.12939890726663e-06","9.47262678565114e-07","6.48887783722587e-07"
"('CY', 'Chemicals nec')","1.12185328468545e-06","8.76905866198838e-07","1.12185328468545e-06"
"('IE', 'Manufacture of glass and glass products')","1.1192570389014e-06","1.1192570389014e-06","1.11875901085709e-06"
"('GR', 'Manufacture of other non-metallic mineral products n.e.c.')","1.12300076430255e-06","9.23304129459486e-07","1.11639693181927e-06"
"('SK', 'Manufacture of glass and glass products')","1.1041360222357e-06","2.37271601496092e-07","1.1041360222357e-06"
"('EE', 'Extraction, liquefaction, and regasification of other petroleum and gaseous materials')","1.09769466498342e-06","6.71912979906064e-07","1.09527071336532e-06"
"('SI', 'Processing of meat cattle')","1.09492536430129e-06","4.09013822094255e-07","1.09217863861666e-06"
"('BE', 'Production of electricity by solar photovoltaic')","1.08432546469726e-06","5.2174204861244e-07","9.38255942972422e-07"
"('SK', 'Cultivation of oil seeds')","1.08425776300926e-06","1.0131137238864e-06","1.0809813507477e-06"
"('BG', 'Production of electricity by solar photovoltaic')","9.80828725034032e-07","3.20423009081715e-07","9.79377896061708e-07"
"('HR', 'Activities of membership organisation n.e.c. (91)')","1.08054329392202e-06","3.70619923554102e-07","1.08054329392202e-06"
"('CY', 'Pigs farming')","1.07693414876611e-06","9.24315574793385e-07","1.07693414876611e-06"
"('NL', 'Quarrying of sand and clay')","1.30206579373534e-06","1.12267111467494e-06","1.07563518746006e-06"
"('CY', 'Processing of dairy products')","1.07546215715804e-06","4.74948846906549e-07","1.07546190025017e-06"
"('RO', 'Extraction, liquefaction, and regasification of other petroleum and gaseous materials')","1.47062890077587e-06","1.47062890077587e-06","9.77216818976718e-07"
"('SI', 'Lead, zinc and tin production')","1.06246189932848e-06","1.06246189932848e-06","1.06236545819464e-06"
"('CA', 'Cultivation of sugar cane, sugar beet')","1.05502168285541e-06","9.29596874782912e-07","1.05502168285541e-06"
"('IE', 'Precious metals production')","1.05434244533517e-06","7.2358113583302e-07","1.05391919564744e-06"
"('LU', 'Private households with employed persons (95)')","1.04646929136951e-06","1.04646929136951e-06","1.04646929136951e-06"
"('SI', 'Mining of coal and lignite; extraction of peat (10)')","1.03668602668793e-06","1.03668602668793e-06","1.03667276546794e-06"
"('KR', 'Production of electricity by petroleum and other oil derivatives')","1.03011371576175e-06","2.38652098358096e-07","9.85066864300315e-07"
"('SK', 'Incineration of waste: Paper')","1.02905048851397e-06","3.96127834648828e-07","1.02905048851397e-06"
"('LV', 'Cultivation of oil seeds')","1.0283060260018e-06","8.71727379170022e-07","1.02608391797162e-06"
"('ID', 'Meat animals nec')","1.02632363951057e-06","3.71139556448932e-07","1.02632363951057e-06"
"('CA', 'Quarrying of stone')","1.41212301075333e-06","7.72092967128061e-07","1.0202624012007e-06"
"('LT', 'Recreational, cultural and sporting activities (92)')","1.01810146839637e-06","3.69660017494929e-07","1.01810146839637e-06"
"('FI', 'Production of electricity by coal')","1.01567042496572e-06","0","1.01567042496572e-06"
"('HR', 'Copper production')","1.00713937095203e-06","5.21365903395146e-07","1.00711967871365e-06"
"('WM', 'Processing of meat pigs')","1.00444298829732e-06","5.57346957153425e-07","9.18672378339593e-07"
"('SK', 'Incineration of waste: Textiles')","9.9808829747245e-07","9.9808829747245e-07","9.9808829747245e-07"
"('LV', 'Processing of meat pigs')","1.00191434510357e-06","2.80563107612239e-07","1.00167787243407e-06"
"('AT', 'Manufacture of furniture; manufacturing n.e.c. (36)')","9.76280811723475e-07","5.58584764661993e-07","9.76271364237375e-07"
"('IE', 'Tanning and dressing of leather; manufacture of luggage, handbags, saddlery, harness and footwear (19)')","9.96712027631844e-07","3.58003680211503e-07","9.96693653595938e-07"
"('HR', 'Post and telecommunications (64)')","9.88323225834322e-07","7.13416032281865e-07","9.88281478410334e-07"
"('US', 'Mining of chemical and fertilizer minerals, production of salt, other mining and quarrying n.e.c.')","9.89044325166571e-07","8.24761046134458e-07","3.3486814273845e-07"
"('CY', 'Manufacture of rubber and plastic products (25)')","9.86945935036063e-07","2.9383035441871e-07","9.86923671537176e-07"
"('PL', 'Sea and coastal water transport')","9.81988617161004e-07","5.51443491147437e-07","9.81988617161004e-07"
"('LV', 'Manufacture of wearing apparel; dressing and dyeing of fur (18)')","9.78988131307165e-07","1.38975191257658e-07","9.78982037537762e-07"
"('LU', 'Manufacture of electrical machinery and apparatus n.e.c. (31)')","9.76811892653508e-07","4.86882772150712e-07","9.76797816377881e-07"
"('LV', 'Transport via pipelines')","9.76518179203783e-07","5.60654144983886e-07","9.75495559597904e-07"
"('LV', 'Pigs farming')","9.72734592149836e-07","8.83283392930844e-07","9.72702360120926e-07"
"('SK', 'Chemicals nec')","9.71737005121171e-07","1.51168464422945e-07","9.71737005121171e-07"
"('EE', 'Other service activities (93)')","9.6994184715592e-07","6.93771642243068e-07","9.6994184715592e-07"
"('HU', 'Incineration of waste: Paper')","9.84362713973357e-07","9.84362713973357e-07","9.69757684076539e-07"
"('SK', 'Steam and hot water supply')","9.66966337775368e-07","0","9.66966337775368e-07"
"('BE', 'Landfill of waste: Food')","1.07425080080758e-06","6.02291961528195e-07","9.60867261612533e-07"
"('BE', 'Landfill of waste: Plastic')","1.46805829590381e-06","1.13579267451506e-06","9.59909983951711e-07"
"('HU', 'Incineration of waste: Oil/Hazardous waste')","9.73201354291451e-07","9.73201354291451e-07","9.56708678509372e-07"
"('HR', 'Processing vegetable oils and fats')","9.78038451323834e-07","9.78038451323834e-07","9.56479912984498e-07"
"('AU', 'Pulp')","9.5549455360831e-07","4.93069550247721e-07","9.54790322673139e-07"
"('WE', 'Manufacture of gas; distribution of gaseous fuels through mains')","9.49282747043391e-07","5.86849943608543e-07","9.29337715495616e-07"
"('RO', 'Manufacture of glass and glass products')","9.44248596453739e-07","1.26512215787887e-07","9.44208066460665e-07"
"('LU', 'Cattle farming')","9.38866943179199e-07","5.96457071101216e-07","9.38797722486228e-07"
"('LV', 'Fishing, operating of fish hatcheries and fish farms; service activities incidental to fishing (05)')","9.37877394588111e-07","8.4002381936541e-07","9.37688178325599e-07"
"('FI', 'Manufacture of ceramic goods')","9.57841924120242e-07","9.57841924120242e-07","9.36247979869998e-07"
"('ZA', 'Lead, zinc and tin production')","9.3621627745652e-07","3.2457721987693e-07","9.3282283961734e-07"
"('SE', 'Poultry farming')","9.54672107667417e-07","9.54672107667417e-07","9.33790668184661e-07"
"('SE', 'Cultivation of sugar cane, sugar beet')","9.2919874281927e-07","9.2919874281927e-07","9.28543846665003e-07"
"('IE', 'Private households with employed persons (95)')","9.27581775097905e-07","9.27581775097905e-07","9.27581775097905e-07"
"('SE', 'Production of electricity by gas')","9.26759868279699e-07","0","9.26759868279699e-07"
"('HU', 'Production of electricity by coal')","9.23447298206025e-07","1.689573495805e-07","9.23447298206025e-07"
"('CY', 'Processing of meat poultry')","9.23584898198681e-07","7.87154627234272e-07","9.19540312758928e-07"
"('HU', 'Incineration of waste: Metals and Inert materials')","9.2707379648563e-07","9.2707379648563e-07","8.84796889961543e-07"
"('EE', 'Research and development (73)')","9.14248884857732e-07","0","9.14248884857732e-07"
"('LU', 'Paper')","9.13977393105527e-07","4.63260470896506e-07","9.13977393105527e-07"
"('BE', 'Landfill of waste: Paper')","1.08856052227774e-06","6.89916697968035e-07","9.13706425194455e-07"
"('EE', 'Paper')","9.1170606036391e-07","1.5336134678323e-07","9.1170606036391e-07"
"('LV', 'Manufacture of tobacco products (16)')","9.11317718566502e-07","7.17995784730415e-07","9.11317718566502e-07"
"('HU', 'Composting of food waste, incl. land application')","9.09142513052029e-07","9.09142513052029e-07","9.09142513052029e-07"
"('HU', 'Retail sale of automotive fuel')","8.91116520711654e-07","2.00934554151439e-07","8.91116520711654e-07"
"('MX', 'Cultivation of paddy rice')","9.02809507041988e-07","7.09172925884669e-07","8.20451976887863e-07"
"('AT', 'Cultivation of oil seeds')","8.92142792732895e-07","8.92142792732895e-07","8.89319122281327e-07"
"('SI', 'Incineration of waste: Oil/Hazardous waste')","8.88373634906768e-07","5.99454503322765e-07","8.75024133864119e-07"
"('SI', 'Collection, purification and distribution of water (41)')","8.86142009676112e-07","4.5659845717337e-07","8.67006119343808e-07"
"('HU', 'Incineration of waste: Food')","9.02162361465607e-07","9.02162361465607e-07","8.85836512927321e-07"
"('PL', 'Production of electricity by petroleum and other oil derivatives')","8.81468750462552e-07","7.12481612239459e-07","8.55147643645084e-07"
"('MX', 'Processed rice')","8.7753883829897e-07","4.92657549644776e-07","8.56088465106271e-07"
"('SK', 'Extraction, liquefaction, and regasification of other petroleum and gaseous materials')","8.7609906408621e-07","8.7609906408621e-07","8.37886760987443e-07"
"('FR', 'Manufacture of tobacco products (16)')","8.72480365188793e-07","0","8.72480365188793e-07"
"('TW', 'Manufacture of machinery and equipment n.e.c. (29)')","8.69454431971087e-07","2.91317968333947e-07","8.69454431971087e-07"
"('SK', 'Manufacture of bricks, tiles and construction products, in baked clay')","9.45876612492899e-07","6.70610617465836e-07","8.68356340250365e-07"
"('HU', 'Mining of coal and lignite; extraction of peat (10)')","8.66697995166226e-07","7.72521707497711e-07","8.66685853591687e-07"
"('SI', 'Cultivation of cereal grains nec')","8.61834282339622e-07","7.29829123676625e-07","8.59361628484344e-07"
"('LU', 'Education (80)')","8.54082374612624e-07","3.73815447055557e-07","8.54050067938166e-07"
"('HR', 'Other service activities (93)')","8.50661301929443e-07","7.86069590466185e-07","8.50661301929443e-07"
"('DE', 'Landfill of waste: Food')","2.54362531930627e-06","2.40484882448107e-06","8.45405394611368e-07"
"('BG', 'Cattle farming')","8.43180458826157e-07","6.33606671466148e-07","8.43110788035793e-07"
"('HU', 'Private households with employed persons (95)')","8.40996913982708e-07","5.70824878855805e-07","8.40996913982708e-07"
"('CA', 'Steam and hot water supply')","8.39671278327033e-07","4.88719216700082e-07","8.39671278327033e-07"
"('CY', 'Distribution and trade of electricity')","8.36687475643399e-07","8.36687475643399e-07","8.36580436555561e-07"
"('BG', 'Manufacture of bricks, tiles and construction products, in baked clay')","8.75636395229091e-07","7.7811656838942e-07","8.3886948188131e-07"
"('CA', 'Mining of chemical and fertilizer minerals, production of salt, other mining and quarrying n.e.c.')","8.3844496452436e-07","0","8.3844496452436e-07"
"('BE', 'P- and other fertiliser')","8.63621022508804e-07","6.54850177325659e-07","8.34600202705669e-07"
"('CY', 'Health and social work (85)')","8.35999482010059e-07","0","8.35999482010059e-07"
"('BG', 'Manufacture of ceramic goods')","8.34662529762705e-07","3.77583582440195e-07","8.32389257626755e-07"
"('SK', 'Re-processing of secondary steel into new steel')","8.32139404773718e-07","2.11507877547106e-07","8.32139404773718e-07"
"('HR', 'Manufacture of bricks, tiles and construction products, in baked clay')","9.13782075625772e-07","7.84623915282008e-07","8.31462217941983e-07"
"('CZ', 'Mining of chemical and fertilizer minerals, production of salt, other mining and quarrying n.e.c.')","1.01152285068961e-06","9.68626782238319e-07","6.46304870377857e-07"
"('KR', 'Extraction of crude petroleum and services related to crude oil extraction, excluding surveying')","8.19078996973503e-07","1.67837463309562e-07","8.19077873928509e-07"
"('SK', 'Other non-ferrous metal production')","8.18762832471546e-07","6.72526549110017e-07","8.02670798427916e-07"
"('EE', 'Processing of nuclear fuel')","8.18270208310708e-07","0","8.18270208310708e-07"
"('RO', 'Manufacture of tobacco products (16)')","8.14918520802242e-07","1.88290011290111e-07","8.14896372511386e-07"
"('AU', 'Cultivation of crops nec')","8.14238754259056e-07","2.32276859305941e-07","8.14238754259056e-07"
"('CY', 'Processing of meat pigs')","8.09231652923297e-07","2.34857337528387e-07","8.09231338692384e-07"
"('MT', 'Retail sale of automotive fuel')","8.07519067917332e-07","5.13233075468661e-07","8.07519067917332e-07"
"('HU', 'Landfill of waste: Inert/metal/hazardous')","8.12575595494063e-07","8.12575595494063e-07","8.03776069400807e-07"
"('TW', 'Cultivation of sugar cane, sugar beet')","8.02146905992684e-07","3.55932709900513e-07","7.92047299912222e-07"
"('BG', 'Extraction, liquefaction, and regasification of other petroleum and gaseous materials')","7.9984389572259e-07","7.04344452061618e-07","7.28415152307603e-07"
"('NL', 'Manufacture of ceramic goods')","8.0242578311405e-07","6.47770156102148e-07","7.97365135587986e-07"
"('CA', 'Quarrying of sand and clay')","9.28174333792972e-07","4.00677040283665e-07","7.97203635516388e-07"
"('CZ', 'Manufacture of bricks, tiles and construction products, in baked clay')","1.08052377298863e-06","9.45445175863516e-07","7.95338123405177e-07"
"('BG', 'Manufacture of other transport equipment (35)')","7.92450679070503e-07","6.76933973235256e-07","7.92443834193956e-07"
"('SI', 'Manufacture of bricks, tiles and construction products, in baked clay')","8.5964443460621e-07","8.5964443460621e-07","7.86643232108566e-07"
"('HU', 'Cultivation of sugar cane, sugar beet')","7.85651603873084e-07","7.85651603873084e-07","7.85651603873084e-07"
"('CA', 'Mining of copper ores and concentrates')","1.53636186859755e-06","1.01927441925724e-06","7.82656770540919e-07"
"('ZA', 'Extraction of crude petroleum and services related to crude oil extraction, excluding surveying')","7.77756821879253e-07","4.69783141139536e-07","7.7774932534417e-07"
"('IE', 'Poultry farming')","7.59402075103979e-07","1.70098842974779e-07","7.59402075103979e-07"
"('CY', 'Education (80)')","7.57743360870651e-07","1.29033146531654e-07","7.57743360870651e-07"
"('LU', 'Other service activities (93)')","7.53705049336206e-07","6.7121337115941e-07","7.53671659308011e-07"
"('IE', 'Manufacture of motor vehicles, trailers and semi-trailers (34)')","7.51481600101194e-07","7.51481600101194e-07","7.51466108582152e-07"
"('BG', 'Meat animals nec')","7.46144725706881e-07","7.46144725706881e-07","6.85056795461049e-07"
"('SI', 'Waste water treatment, other')","7.49696830172784e-07","4.62112266866315e-07","7.38229573401474e-07"
"('NL', 'Landfill of waste: Food')","9.47937303638955e-07","7.29401314506134e-07","7.32097967945883e-07"
"('LU', 'Manufacture of office machinery and computers (30)')","7.24492875174195e-07","3.05461668667914e-07","7.24492875174195e-07"
"('FI', 'Production of electricity by gas')","7.02545038534985e-07","3.04564354459623e-07","7.02545038534985e-07"
"('LT', 'P- and other fertiliser')","7.09889969468832e-07","5.33255799816834e-07","7.09432985088087e-07"
"('LU', 'Activities of membership organisation n.e.c. (91)')","7.0648747597575e-07","7.0648747597575e-07","7.0648747597575e-07"
"('PT', 'Meat animals nec')","7.03744875642932e-07","7.03744875642932e-07","6.56610880186096e-07"
"('GR', 'Manufacture of tobacco products (16)')","7.02874047272335e-07","2.05500654130282e-07","7.02874047272335e-07"
"('BG', 'Extraction of crude petroleum and services related to crude oil extraction, excluding surveying')","7.01459923936284e-07","6.4420256237282e-07","7.01405953090756e-07"
"('SI', 'Other non-ferrous metal production')","7.00690766045842e-07","4.04717732111156e-07","6.98844170218171e-07"
"('CH', 'Financial intermediation, except insurance and pension funding (65)')","6.89673199978812e-07","6.89673199978812e-07","6.870952504526e-07"
"('SI', 'Poultry farming')","6.92386951908097e-07","6.09918886610792e-07","6.92279781336007e-07"
"('CY', 'Raw milk')","6.91686866769813e-07","6.3656556056519e-07","6.91600857398796e-07"
"('WE', 'Quarrying of sand and clay')","6.85463243788519e-07","6.85463243788519e-07","5.62605220497947e-07"
"('FR', 'Cultivation of plant-based fibers')","6.7911783405751e-07","6.7911783405751e-07","6.04339488052384e-07"
"('PT', 'Production of electricity by petroleum and other oil derivatives')","6.69998288757073e-07","2.54504254757221e-07","6.30503839423394e-07"
"('AT', 'Quarrying of sand and clay')","8.09799656015624e-07","5.8852449627314e-07","6.5515766942994e-07"
"('DK', 'Poultry farming')","6.69130828099667e-07","3.00116555763595e-07","6.6480190924978e-07"
"('HR', 'Manufacture of other non-metallic mineral products n.e.c.')","6.6389524735673e-07","4.158400580695e-07","6.63867709083367e-07"
"('WE', 'Mining of iron ores')","6.60190053120813e-07","6.60190053120813e-07","3.53464902643439e-07"
"('GR', 'Cultivation of oil seeds')","6.58165677410281e-07","6.58165677410281e-07","6.56053327689904e-07"
"('HU', 'P- and other fertiliser')","6.5800275453971e-07","0","6.5800275453971e-07"
"('EE', 'Production of electricity by gas')","6.57172789802764e-07","1.24175655395988e-07","6.57172787258378e-07"
"('LU', 'Precious metals production')","6.56439545554639e-07","5.32604255163621e-07","6.54664402023799e-07"
"('GR', 'Inland water transport')","6.55153086567098e-07","4.1199244992094e-07","6.55094983772147e-07"
"('SK', 'Cultivation of sugar cane, sugar beet')","6.52703932719723e-07","6.52703932719723e-07","6.52703932719723e-07"
"('AT', 'Renting of machinery and equipment without operator and of personal and household goods (71)')","6.4391835050199e-07","4.36259676323627e-07","6.4391835050199e-07"
"('BG', 'Processing of meat cattle')","6.43935460821799e-07","4.01825786592956e-07","6.43935460821799e-07"
"('EE', 'Inland water transport')","6.42727229809574e-07","3.0743330017324e-07","6.42727229809574e-07"
"('NL', 'Mining of chemical and fertilizer minerals, production of salt, other mining and quarrying n.e.c.')","1.53732049197781e-06","1.44083874648819e-06","6.40606193951818e-07"
"('HU', 'Production of meat products nec')","6.42429288897085e-07","6.42429288897085e-07","6.31975152725659e-07"
"('SE', 'Biogasification of food waste, incl. land application')","6.94767049409846e-07","5.8681712754882e-07","6.30143727240881e-07"
"('AT', 'Processing vegetable oils and fats')","6.30097847042259e-07","6.30097847042259e-07","5.94489455491853e-07"
"('CH', 'Sugar refining')","6.29921147880053e-07","2.5273365433367e-07","5.30225044217619e-07"
"('AT', 'Retail sale of automotive fuel')","6.24030043896295e-07","0","6.24030043896295e-07"
"('IE', 'Quarrying of stone')","2.18430972561657e-06","2.18430972561657e-06","6.19956722849677e-07"
"('EE', 'Steam and hot water supply')","6.16181467528656e-07","0","6.16181467528656e-07"
"('NO', 'Mining of iron ores')","6.14571744957108e-07","0","6.14571744957108e-07"
"('HR', 'Transmission of electricity')","6.00864206945346e-07","4.64792757339779e-07","6.00742168584875e-07"
"('SK', 'Collection, purification and distribution of water (41)')","5.95940304855909e-07","5.95940304855909e-07","5.95608632382805e-07"
"('SE', 'Manufacture of bricks, tiles and construction products, in baked clay')","8.86193581943148e-07","8.86193581943148e-07","5.88828962294377e-07"
"('BR', 'Production of electricity by biomass and waste')","5.88317690670171e-07","3.0552675629483e-07","5.04408157433004e-07"
"('LV', 'Manufacture of other non-metallic mineral products n.e.c.')","5.86000029965127e-07","4.3655119823653e-07","5.83793201464172e-07"
"('RU', 'Production of electricity by wind')","2.68405262452881e-07","2.68405262452881e-07","2.68405262452881e-07"
"('AT', 'N-fertiliser')","5.77064648258252e-07","5.77064648258252e-07","4.500268814295e-07"
"('US', 'Mining of other non-ferrous metal ores and concentrates')","5.75802099691104e-07","0","5.75802099691104e-07"
"('FI', 'Manufacture of bricks, tiles and construction products, in baked clay')","7.13882432265126e-07","7.13882432265126e-07","5.75376176085763e-07"
"('DK', 'Mining of coal and lignite; extraction of peat (10)')","5.72978066655035e-07","0","5.72978066655035e-07"
"('WE', 'Production of electricity by petroleum and other oil derivatives')","5.70746559977868e-07","1.90088177480559e-07","5.42377015872547e-07"
"('NO', 'Tanning and dressing of leather; manufacture of luggage, handbags, saddlery, harness and footwear (19)')","5.68107597228869e-07","5.68107597228869e-07","5.6810207883795e-07"
"('GR', 'Manufacture of radio, television and communication equipment and apparatus (32)')","5.65249303259785e-07","1.27620001973933e-07","5.65249303259785e-07"
"('LV', 'Recreational, cultural and sporting activities (92)')","5.64048847677015e-07","0","5.64048847677015e-07"
"('SK', 'Mining of chemical and fertilizer minerals, production of salt, other mining and quarrying n.e.c.')","5.62137159092612e-07","0","5.62137159092612e-07"
"('AT', 'Production of electricity by petroleum and other oil derivatives')","5.61497847136642e-07","4.46582627080784e-07","5.61497847136642e-07"
"('HR', 'Steam and hot water supply')","5.52580723427461e-07","2.21582317147514e-07","5.52580720091487e-07"
"('LT', 'Composting of food waste, incl. land application')","5.59602470367782e-07","2.91718051511689e-07","5.59602470367782e-07"
"('CZ', 'Production of electricity by biomass and waste')","5.58217326127162e-07","0","5.58217326127162e-07"
"('EE', 'Cultivation of vegetables, fruit, nuts')","5.54786131067873e-07","5.54786131067873e-07","5.54632092816419e-07"
"('HR', 'Extraction, liquefaction, and regasification of other petroleum and gaseous materials')","6.24969662091666e-07","5.05919223235948e-07","5.34863452723902e-07"
"('LT', 'Post and telecommunications (64)')","5.46859100156714e-07","4.61038934100047e-07","5.46855928734815e-07"
"('RO', 'Composting of food waste, incl. land application')","5.50493316936758e-07","2.27549124524583e-07","5.50493316936758e-07"
"('WM', 'Manufacture of gas; distribution of gaseous fuels through mains')","5.24260424632215e-07","5.24260424632215e-07","4.65322136738641e-07"
"('IE', 'Cultivation of oil seeds')","5.48997617092167e-07","5.48997617092167e-07","5.37580918091103e-07"
"('CA', 'Production of meat products nec')","5.47460514194756e-07","3.23887299424811e-07","5.4496628460507e-07"
"('RO', 'Meat animals nec')","5.44936246881219e-07","4.33496039099028e-07","5.43362321606699e-07"
"('SK', 'Manufacture of other non-metallic mineral products n.e.c.')","5.4124136271662e-07","4.26869064627221e-07","5.40475831439581e-07"
"('NL', 'Manufacture of gas; distribution of gaseous fuels through mains')","5.40808213818294e-07","0","5.40808213818294e-07"
"('SE', 'Landfill of waste: Plastic')","5.67540071583704e-07","4.62437705708481e-07","5.38400215288288e-07"
"('LV', 'Transmission of electricity')","5.38268416339785e-07","1.49613455976192e-07","5.3826828456553e-07"
"('AT', 'Production of electricity by biomass and waste')","5.37611228388098e-07","3.83598763957456e-07","4.45352355547884e-07"
"('GR', 'Mining of iron ores')","5.35467736949644e-07","2.52165498374602e-07","5.3501869067985e-07"
"('CY', 'Manufacture of wood and of products of wood and cork, except furniture; manufacture of articles of straw and plaiting materials (20)')","5.3311590332858e-07","4.23939391362871e-07","5.32182461187208e-07"
"('AT', 'P- and other fertiliser')","5.31983646524876e-07","0","5.31983646524876e-07"
"('CH', 'Extraction of natural gas and services related to natural gas extraction, excluding surveying')","5.31362556172348e-07","0","5.31362556172348e-07"
"('SI', 'Production of electricity by nuclear')","5.19525253410238e-07","3.09687583023584e-07","5.16214762561491e-07"
"('LT', 'Chemicals nec')","5.18190605284391e-07","0","5.18190605284391e-07"
"('LV', 'Cattle farming')","5.17300377963148e-07","5.17300377963148e-07","5.17286116955582e-07"
"('HR', 'Retail sale of automotive fuel')","5.05128206968637e-07","3.82462960587078e-07","5.05128206968637e-07"
"('WE', 'Production of electricity by Geothermal')","5.1083952728873e-07","4.0416719685633e-07","2.70105834999929e-07"
"('FI', 'Retail sale of automotive fuel')","5.08284662281778e-07","1.39913822159699e-07","4.92854940921248e-07"
"('BG', 'Plastics, basic')","5.0359837849113e-07","1.57483329546995e-07","5.03592785782026e-07"
"('ZA', 'Cultivation of crops nec')","5.03546971109705e-07","2.92599218283071e-07","4.91175085457645e-07"
"('FI', 'Production of electricity by biomass and waste')","5.015055449821e-07","0","5.015055449821e-07"
"('DK', 'Biogasification of paper, incl. land application')","4.97318526104034e-07","4.97318526104034e-07","4.97318526104034e-07"
"('MT', 'Manufacture of rubber and plastic products (25)')","4.95136363082106e-07","1.31291466524546e-07","4.95059090381272e-07"
"('NO', 'Mining of other non-ferrous metal ores and concentrates')","4.94102724640062e-07","2.26868469726899e-07","4.81914310620171e-07"
"('DK', 'Tanning and dressing of leather; manufacture of luggage, handbags, saddlery, harness and footwear (19)')","4.91072579210836e-07","1.26907119148188e-07","4.9107165042285e-07"
"('CY', 'Poultry farming')","4.89510423316418e-07","4.89510423316418e-07","4.89400689412137e-07"
"('MT', 'Production of electricity by gas')","4.78830978057305e-07","4.78830978057305e-07","4.78830978057305e-07"
"('FI', 'Cultivation of sugar cane, sugar beet')","4.7534277961996e-07","3.80340424675499e-07","4.7534277961996e-07"
"('SE', 'Production of electricity by solar photovoltaic')","4.70896244952537e-07","4.70896244952537e-07","4.68195534536522e-07"
"('HU', 'Copper production')","4.65821232690837e-07","0","4.65821232690837e-07"
"('CY', 'Manufacture of machinery and equipment n.e.c. (29)')","4.64836477506706e-07","3.45743933514308e-07","4.64836477506706e-07"
"('KR', 'Manufacture of machinery and equipment n.e.c. (29)')","4.61282577730325e-07","2.53861618293782e-07","4.6126560310125e-07"
"('LT', 'Processing of meat pigs')","4.60947178940578e-07","0","4.60947178940578e-07"
"('CY', 'Manufacture of textiles (17)')","4.55919805948761e-07","3.81678591447674e-07","4.55919805948761e-07"
"('LT', 'Landfill of waste: Food')","4.54192374247084e-07","2.84356897860052e-07","4.54192374247084e-07"
"('CZ', 'Cultivation of sugar cane, sugar beet')","4.5367358854311e-07","2.35594816765702e-07","4.5367358854311e-07"
"('IE', 'Production of electricity by biomass and waste')","4.50408916850185e-07","4.50408916850185e-07","2.99148400220961e-07"
"('RU', 'Cultivation of plant-based fibers')","4.47183977087961e-07","4.47183977087961e-07","4.47183977087961e-07"
"('SK', 'Production of electricity by coal')","4.4548472737032e-07","0","4.4548472737032e-07"
"('DK', 'Production of electricity by gas')","4.43572101639491e-07","0","4.43572101639491e-07"
"('EE', 'Manufacture of fish products')","4.42178409597131e-07","1.39760753927253e-07","4.4211371198007e-07"
"('SI', 'Pigs farming')","4.40435394852751e-07","4.40435394852751e-07","4.40435394852751e-07"
"('LT', 'Landfill of waste: Paper')","4.35986193215676e-07","3.2656521804054e-07","4.35986193215676e-07"
"('GR', 'Forestry, logging and related service activities (02)')","4.35277875999737e-07","4.35277875999737e-07","4.35277875999737e-07"
"('HU', 'Extraction, liquefaction, and regasification of other petroleum and gaseous materials')","4.3402452210109e-07","3.34875602376327e-07","4.01070522553386e-07"
"('CH', 'Processing of meat poultry')","4.32967700653908e-07","0","4.32967700653908e-07"
"('AT', 'Fishing, operating of fish hatcheries and fish farms; service activities incidental to fishing (05)')","4.32849397166802e-07","3.33731494064323e-07","4.32849397166802e-07"
"('HU', 'Incineration of waste: Plastic')","4.39840508609704e-07","4.39840508609704e-07","4.32057952168874e-07"
"('ES', 'Manufacture of coke oven products')","4.32030167041165e-07","0","4.32030167041165e-07"
"('DE', 'Mining of other non-ferrous metal ores and concentrates')","4.25662575437952e-07","1.69254400200056e-07","4.0177842264805e-07"
"('NL', 'Landfill of waste: Paper')","5.80184861334648e-07","5.11370028682975e-07","4.24220610903279e-07"
"('DK', 'Processing vegetable oils and fats')","4.23877802974066e-07","4.23877802974066e-07","3.84527186750788e-07"
"('PT', 'Processed rice')","4.35763359418348e-07","3.9655634118473e-07","4.16710886624977e-07"
"('HU', 'Transmission of electricity')","4.22882771082522e-07","3.23827486692526e-07","4.21946305357412e-07"
"('HU', 'Fishing, operating of fish hatcheries and fish farms; service activities incidental to fishing (05)')","4.19232205536951e-07","4.19232205536951e-07","4.19215691091985e-07"
"('RO', 'Processing vegetable oils and fats')","4.15194039294348e-07","1.68728182319571e-07","4.13200201621574e-07"
"('RO', 'Manufacture of fish products')","4.14227776404581e-07","0","4.14227776404581e-07"
"('MT', 'Distribution and trade of electricity')","4.12357971481298e-07","4.12357971481298e-07","4.12357971481298e-07"
"('PL', 'Inland water transport')","4.11176358009472e-07","0","4.11176358009472e-07"
"('ID', 'Mining of precious metal ores and concentrates')","4.10780675146195e-07","1.63032280254725e-07","4.03416712176672e-07"
"('ES', 'Cultivation of crops nec')","4.20716547487971e-07","1.63236704904453e-07","4.08904867046601e-07"
"('ZA', 'Production of electricity by solar thermal')","4.07797365653001e-07","4.07797365653001e-07","4.07797365653001e-07"
"('HU', 'Quarrying of sand and clay')","4.35815723325549e-07","4.35815723325549e-07","4.07338855924365e-07"
"('LT', 'Plastics, basic')","4.04305411329844e-07","0","4.04305411329844e-07"
"('SE', 'Quarrying of stone')","3.99160854196856e-07","2.70360593548909e-07","3.50609804179719e-07"
"('PL', 'Biogasification of food waste, incl. land application')","1.04204657370504e-06","1.04204657370504e-06","3.96673503320528e-07"
"('LV', 'Manufacture of other transport equipment (35)')","3.93694983897161e-07","0","3.93694983897161e-07"
"('US', 'Wool, silk-worm cocoons')","3.91218867110627e-07","2.15538697687263e-07","3.91218867110627e-07"
"('FR', 'Cultivation of paddy rice')","3.85334654875531e-07","3.85334654875531e-07","3.34002812721593e-07"
"('EE', 'Production of electricity by wind')","3.55730694307843e-07","3.55730694307843e-07","3.54819338176396e-07"
"('MX', 'Manufacture of gas; distribution of gaseous fuels through mains')","3.8117579126678e-07","1.56878746113473e-07","3.8117579126678e-07"
"('PT', 'Inland water transport')","3.80971075407091e-07","1.78988151550167e-07","3.80971075407091e-07"
"('HR', 'Production of electricity by coal')","3.79908432022617e-07","0","3.79908432022617e-07"
"('EE', 'Recreational, cultural and sporting activities (92)')","3.78735749345218e-07","0","3.78735749345218e-07"
"('RO', 'Cultivation of sugar cane, sugar beet')","3.78285960371313e-07","3.78285960371313e-07","3.72548607384589e-07"
"('LU', 'Cultivation of vegetables, fruit, nuts')","3.75974416782714e-07","3.17529659802962e-07","3.75974416782714e-07"
"('PL', 'Meat animals nec')","3.7481645458865e-07","3.7481645458865e-07","3.1624135096981e-07"
"('EE', 'Manufacture of other transport equipment (35)')","3.73745843972511e-07","2.91786131175528e-07","3.73739294450123e-07"
"('CA', 'Mining of lead, zinc and tin ores and concentrates')","2.03538360838577e-06","1.78858577448933e-06","3.73089631753866e-07"
"('RO', 'Manufacture of other non-metallic mineral products n.e.c.')","3.72266977910642e-07","3.72266977910642e-07","3.72254583632132e-07"
"('NO', 'Manufacture of tobacco products (16)')","3.71787755077636e-07","0","3.71787755077636e-07"
"('HR', 'Cultivation of wheat')","3.71600316687256e-07","3.19546768906847e-07","3.71569278249462e-07"
"('CH', 'Other non-ferrous metal production')","3.70317708877289e-07","1.97613792984009e-07","3.70317708877289e-07"
"('SK', 'Sugar refining')","3.69996102979806e-07","0","3.69996102979806e-07"
"('NO', 'Manufacture of bricks, tiles and construction products, in baked clay')","5.06997796763205e-07","5.06997796763205e-07","3.68754453132489e-07"
"('IE', 'Copper production')","3.70228807438452e-07","3.70228807438452e-07","3.67963759720838e-07"
"('NO', 'Landfill of waste: Plastic')","3.67874898008489e-07","3.67874898008489e-07","3.67874898008489e-07"
"('JP', 'Steam and hot water supply')","3.67839579455655e-07","0","3.67839579455655e-07"
"('CY', 'Fishing, operating of fish hatcheries and fish farms; service activities incidental to fishing (05)')","3.66885188014502e-07","3.66885188014502e-07","3.66885188014502e-07"
"('CY', 'Paper')","3.66354291847023e-07","1.23164166135406e-07","3.66354291847023e-07"
"('MT', 'Supporting and auxiliary transport activities; activities of travel agencies (63)')","3.66023226119963e-07","0","3.66023226119963e-07"
"('TR', 'N-fertiliser')","3.65539800260191e-07","3.65539800260191e-07","3.10815225565765e-07"
"('BG', 'Cultivation of paddy rice')","3.65221129108303e-07","3.65221129108303e-07","3.60713839458289e-07"
"('CY', 'Renting of machinery and equipment without operator and of personal and household goods (71)')","3.63904403652204e-07","1.77091835302905e-07","3.63904403652204e-07"
"('NO', 'Production of electricity by gas')","3.62830835490933e-07","2.63567389651087e-07","2.71783626976161e-07"
"('LT', 'Manufacture of motor vehicles, trailers and semi-trailers (34)')","3.62617965029099e-07","1.72198143062975e-07","3.62617965029099e-07"
"('BG', 'Activities auxiliary to financial intermediation (67)')","3.62159477342955e-07","1.26367788398126e-07","3.62159477342955e-07"
"('EE', 'Cultivation of cereal grains nec')","3.61233645291398e-07","1.98563610994159e-07","3.61128781454829e-07"
"('FI', 'Landfill of waste: Wood')","3.6080562602625e-07","2.97340797065089e-07","3.6080562602625e-07"
"('DE', 'Processed rice')","3.60246228874693e-07","0","3.60246228874693e-07"
"('LT', 'Cultivation of crops nec')","3.57620426566958e-07","3.57620426566958e-07","3.57620426566958e-07"
"('WE', 'Production of electricity by solar photovoltaic')","3.53705521090744e-07","3.53705521090744e-07","3.53705521090744e-07"
"('CN', 'Quarrying of sand and clay')","3.53566843276603e-07","0","3.53566843276603e-07"
"('MX', 'N-fertiliser')","3.52405656718949e-07","0","3.52405656718949e-07"
"('MT', 'Public administration and defence; compulsory social security (75)')","3.51031688621107e-07","2.88925817297917e-07","3.51031688621107e-07"
"('IE', 'Mining of precious metal ores and concentrates')","3.49696119416709e-07","3.49696119416709e-07","3.45748390163672e-07"
"('CZ', 'Processing of meat poultry')","3.47908534067238e-07","0","3.47908534067238e-07"
"('HR', 'Manufacture of tobacco products (16)')","3.4485886353311e-07","0","3.4485886353311e-07"
"('LT', 'Cultivation of sugar cane, sugar beet')","3.44173001627888e-07","1.94067746041588e-07","3.44173001627888e-07"
"('LT', 'Manufacture of cement, lime and plaster')","3.43804153042456e-07","3.43804153042456e-07","3.42181946189052e-07"
"('BE', 'Mining of coal and lignite; extraction of peat (10)')","3.52006336086317e-07","2.27877108048121e-07","3.41642711897693e-07"
"('WM', 'Manufacture of coke oven products')","3.40331345060359e-07","3.40331345060359e-07","1.86033224152102e-07"
"('PT', 'Cultivation of paddy rice')","3.38744734440892e-07","3.38744734440892e-07","3.34471150804832e-07"
"('EE', 'Pulp')","3.37598073359952e-07","0","3.37598073359952e-07"
"('ES', 'Extraction of natural gas and services related to natural gas extraction, excluding surveying')","3.37914508413396e-07","1.9694495068916e-07","3.35764481055842e-07"
"('MX', 'Mining of precious metal ores and concentrates')","3.34388682112944e-07","0","3.34388682112944e-07"
"('EE', 'Fishing, operating of fish hatcheries and fish farms; service activities incidental to fishing (05)')","3.33690328955577e-07","1.36205810664015e-07","3.33686001410393e-07"
"('WE', 'Production of electricity by wind')","3.32512817282233e-07","3.32512817282233e-07","3.32512817282233e-07"
"('CY', 'Manufacture of beverages')","3.32758873775841e-07","1.74711866974639e-07","3.32447024819452e-07"
"('SK', 'Private households with employed persons (95)')","3.29499386615632e-07","2.09416585285051e-07","3.29499386615632e-07"
"('DK', 'Landfill of waste: Food')","3.29952035855095e-07","3.29952035855095e-07","3.28557650510871e-07"
"('ZA', 'Production of electricity by solar photovoltaic')","3.28539853484175e-07","3.28539853484175e-07","1.51754018313194e-07"
"('TW', 'Cattle farming')","3.27862097026892e-07","2.10251491191293e-07","3.27832839724845e-07"
"('PT', 'Precious metals production')","3.27924909502607e-07","2.35399579595964e-07","3.26392424905346e-07"
"('PL', 'Production of electricity by biomass and waste')","3.26183223884895e-07","0","3.26183223884895e-07"
"('BG', 'Mining of lead, zinc and tin ores and concentrates')","3.2615890341545e-07","3.2615890341545e-07","2.21157697964897e-07"
"('HR', 'Production of meat products nec')","3.25213520307329e-07","0","3.25213520307329e-07"
"('LT', 'Processing of meat cattle')","3.2200204702045e-07","2.24974683824358e-07","3.2200204702045e-07"
"('LV', 'Plastics, basic')","3.21531671519641e-07","1.4222087170178e-07","3.21526165686917e-07"
"('CA', 'Cultivation of plant-based fibers')","3.20479953616021e-07","3.20479953616021e-07","2.93774722899151e-07"
"('CH', 'Lead, zinc and tin production')","3.17133310751519e-07","3.17133310751519e-07","3.17133310751519e-07"
"('FI', 'Incineration of waste: Paper')","3.1655804003808e-07","3.1655804003808e-07","2.8491988257585e-07"
"('HU', 'Landfill of waste: Plastic')","3.2856888107145e-07","3.2856888107145e-07","3.15603069005757e-07"
"('SI', 'Processing of meat pigs')","3.14414765928734e-07","0","3.14414765928734e-07"
"('SE', 'Private households with employed persons (95)')","3.14251668367194e-07","3.14251668367194e-07","3.14251668367194e-07"
"('RO', 'Production of electricity by solar photovoltaic')","3.12732424472634e-07","1.24465381318444e-07","3.12632197537824e-07"
"('PL', 'Cultivation of crops nec')","3.12268456944472e-07","2.2962411573318e-07","3.10435624051521e-07"
"('WF', 'Mining of precious metal ores and concentrates')","3.12171891952402e-07","0","3.12171891952402e-07"
"('FI', 'Landfill of waste: Plastic')","4.04477381356537e-07","4.04477381356537e-07","3.10343101122368e-07"
"('LU', 'Manufacture of bricks, tiles and construction products, in baked clay')","3.3114267036022e-07","2.12290074214603e-07","3.08434370032865e-07"
"('WF', 'Mining of aluminium ores and concentrates')","3.06003682715051e-07","0","3.06003682715051e-07"
"('LT', 'Incineration of waste: Metals and Inert materials')","3.05340004996664e-07","3.05340004996664e-07","2.08813393050043e-07"
"('CA', 'Meat animals nec')","3.03575559243601e-07","0","3.03575559243601e-07"
"('HU', 'Manufacture of coke oven products')","3.03541074513783e-07","1.40573667817535e-07","3.03308832580041e-07"
"('KR', 'Cultivation of wheat')","3.01717266090685e-07","2.33327970857838e-07","3.01667465253069e-07"
"('AU', 'N-fertiliser')","3.00748027388822e-07","1.91393698111435e-07","3.00512144982397e-07"
"('CZ', 'Manufacture of fish products')","3.02069336175821e-07","1.2785880661851e-07","3.00382809205713e-07"
"('SI', 'Production of electricity by hydro')","2.96680640471839e-07","1.51425105997592e-07","2.96590276119187e-07"
"('FI', 'Mining of chemical and fertilizer minerals, production of salt, other mining and quarrying n.e.c.')","2.95827654453085e-07","0","2.95827654453085e-07"
"('IE', 'Manufacture of machinery and equipment n.e.c. (29)')","2.95816949891293e-07","2.95816949891293e-07","2.9581271408882e-07"
"('CY', 'Pulp')","2.95742259389568e-07","2.95742259389568e-07","2.95742259389568e-07"
"('CN', 'Mining of lead, zinc and tin ores and concentrates')","2.91266861011812e-07","0","2.91266861011812e-07"
"('PL', 'Mining of copper ores and concentrates')","2.90445054948572e-07","2.08150218631757e-07","2.90445054948572e-07"
"('BG', 'Re-processing of secondary steel into new steel')","2.90285304583602e-07","1.95130508709604e-07","2.90273915685454e-07"
"('LT', 'Retail sale of automotive fuel')","2.30406192208948e-07","2.30406192208948e-07","2.30406192208948e-07"
"('NL', 'Production of electricity by petroleum and other oil derivatives')","2.8258356545176e-07","0","2.8258356545176e-07"
"('MT', 'Real estate activities (70)')","2.81634477343947e-07","2.45536506348677e-07","2.81634477343947e-07"
"('IT', 'Processing of nuclear fuel')","2.80011789650479e-07","0","2.80011789650479e-07"
"('BG', 'Fishing, operating of fish hatcheries and fish farms; service activities incidental to fishing (05)')","2.79899645049392e-07","1.76466526977768e-07","2.79859500551678e-07"
"('LU', 'Sea and coastal water transport')","2.77736211876879e-07","2.77736211876879e-07","2.77736211876879e-07"
"('KR', 'Mining of lead, zinc and tin ores and concentrates')","2.74415822612798e-07","2.74415822612798e-07","1.37280699937602e-07"
"('WF', 'Quarrying of sand and clay')","2.73165514358461e-07","0","2.73165514358461e-07"
"('NO', 'Meat animals nec')","2.72757016337909e-07","0","2.72757016337909e-07"
"('FR', 'Production of electricity nec')","2.70609140053661e-07","0","2.70609140053661e-07"
"('DK', 'Processed rice')","2.69715031507956e-07","1.44171505944432e-07","2.61277735166923e-07"
"('LT', 'Manufacture of machinery and equipment n.e.c. (29)')","2.68519819052117e-07","2.68519819052117e-07","2.68511148119943e-07"
"('CZ', 'Processing vegetable oils and fats')","2.67742951034297e-07","1.34761735577594e-07","2.67733180701904e-07"
"('PL', 'Private households with employed persons (95)')","2.64149912622992e-07","1.23589384876413e-07","2.64149912622992e-07"
"('SI', 'Processing of meat poultry')","2.62355402306021e-07","1.62698267085204e-07","2.60557175825239e-07"
"('AT', 'Production of electricity by coal')","2.61726462196792e-07","0","2.61726462196792e-07"
"('PT', 'Biogasification of paper, incl. land application')","2.90764152025485e-07","2.90764152025485e-07","2.61188107577879e-07"
"('ES', 'Wool, silk-worm cocoons')","2.5748557648549e-07","2.5748557648549e-07","2.5748557648549e-07"
"('EE', 'Collection, purification and distribution of water (41)')","2.55615248845401e-07","2.55615248845401e-07","2.55615248845401e-07"
"('IN', 'Mining of precious metal ores and concentrates')","2.55566662540627e-07","2.55566662540627e-07","1.60410334608809e-07"
"('HR', 'Sugar refining')","2.56813203527491e-07","2.23704380027931e-07","2.41307147969028e-07"
"('SI', 'P- and other fertiliser')","2.54290986970198e-07","0","2.54290986970198e-07"
"('LU', 'Distribution and trade of electricity')","2.52756773794998e-07","1.41121229308442e-07","2.52756773794998e-07"
"('BG', 'Production of electricity by wind')","2.50882469678595e-07","1.74648635717455e-07","2.38674979479591e-07"
"('FI', 'Incineration of waste: Food')","2.5008234231107e-07","2.5008234231107e-07","2.20172214173539e-07"
"('FI', 'Sugar refining')","2.49954955990567e-07","0","2.49954955990567e-07"
"('BG', 'Manufacture of gas; distribution of gaseous fuels through mains')","2.4723419671724e-07","2.4723419671724e-07","2.47148604518579e-07"
"('TW', 'Production of electricity by hydro')","2.47027212682031e-07","2.47027212682031e-07","1.37468944820565e-07"
"('SI', 'Waste water treatment, food')","2.5260979957661e-07","2.5260979957661e-07","2.43918385611776e-07"
"('AT', 'Private households with employed persons (95)')","2.43550559115771e-07","2.43550559115771e-07","2.43550559115771e-07"
"('BR', 'Meat animals nec')","2.43175786824602e-07","0","2.43175786824602e-07"
"('CY', 'Other service activities (93)')","2.43078399411886e-07","2.43078399411886e-07","2.43078399411886e-07"
"('HU', 'Sugar refining')","2.4237651738603e-07","0","2.4237651738603e-07"
"('CZ', 'Private households with employed persons (95)')","2.42116572256802e-07","2.42116572256802e-07","2.42116572256802e-07"
"('ZA', 'Cultivation of plant-based fibers')","2.39942877341674e-07","2.39942877341674e-07","2.39942877341674e-07"
"('AT', 'Sea and coastal water transport')","2.39575116906626e-07","0","2.39575116906626e-07"
"('WM', 'Mining of copper ores and concentrates')","2.38547521428523e-07","0","2.38547521428523e-07"
"('HU', 'Manufacture of tobacco products (16)')","2.38459152010622e-07","0","2.38459152010622e-07"
"('US', 'Mining of iron ores')","2.38175817082471e-07","0","2.38175817082471e-07"
"('GB', 'P- and other fertiliser')","2.37551601083818e-07","0","2.37551601083818e-07"
"('WL', 'Mining of iron ores')","2.37096868017896e-07","0","2.37096868017896e-07"
"('LV', 'Publishing, printing and reproduction of recorded media (22)')","2.33289205085482e-07","1.24462846166313e-07","2.33289205085482e-07"
"('KR', 'Production of electricity by biomass and waste')","2.31240275610778e-07","0","2.31240275610778e-07"
"('FI', 'Composting of food waste, incl. land application')","2.45493436250854e-07","2.45493436250854e-07","2.29795042189898e-07"
"('CH', 'Manufacture of bricks, tiles and construction products, in baked clay')","3.07935003031156e-07","3.07935003031156e-07","2.27844908494902e-07"
"('GR', 'Poultry farming')","2.26534570271181e-07","1.61629410020334e-07","2.26516408000946e-07"
"('SI', 'Retail sale of automotive fuel')","2.16900390084706e-07","2.16900390084706e-07","2.16900390084706e-07"
"('GR', 'Manufacture of other transport equipment (35)')","2.25756158458637e-07","0","2.25756158458637e-07"
"('LV', 'Retail sale of automotive fuel')","2.19646575635817e-07","1.76288787308518e-07","2.19646575635817e-07"
"('KR', 'Renting of machinery and equipment without operator and of personal and household goods (71)')","2.24715854940355e-07","0","2.24715854940355e-07"
"('DK', 'Precious metals production')","2.2331851673763e-07","1.60068184753345e-07","2.23303597687602e-07"
"('FI', 'Incineration of waste: Wood')","2.86655817158783e-07","2.86655817158783e-07","2.21423677032161e-07"
"('IE', 'P- and other fertiliser')","2.21375628786795e-07","2.21375628786795e-07","2.21288051676705e-07"
"('SK', 'Pigs farming')","2.19234473531335e-07","2.19234473531335e-07","2.19230629818999e-07"
"('NL', 'Biogasification of paper, incl. land application')","2.73479061510713e-07","2.73479061510713e-07","2.17767726944519e-07"
"('SI', 'Manufacture of fish products')","2.17498494726669e-07","1.41467966843995e-07","2.16568439000885e-07"
"('AT', 'Manufacture of fish products')","2.16834907389719e-07","0","2.16834907389719e-07"
"('GR', 'Manufacture of ceramic goods')","2.16081035863943e-07","2.16081035863943e-07","2.15214997280379e-07"
"('NL', 'Production of electricity by nuclear')","2.15207027373323e-07","2.15207027373323e-07","2.11325018453697e-07"
"('NL', 'Landfill of waste: Wood')","2.12567124425433e-07","2.07642448844633e-07","2.12567124425433e-07"
"('EE', 'Manufacture of wearing apparel; dressing and dyeing of fur (18)')","2.12324387498481e-07","0","2.12324387498481e-07"
"('PT', 'P- and other fertiliser')","2.07402242056013e-07","2.07402242056013e-07","2.07155153606191e-07"
"('TR', 'Processed rice')","2.04043344252914e-07","0","2.04043344252914e-07"
"('HU', 'Sea and coastal water transport')","2.01779850939452e-07","2.01779850939452e-07","2.01779850939452e-07"
"('IT', 'Composting of paper and wood, incl. land application')","2.02714131300985e-07","2.02714131300985e-07","2.02714131300985e-07"
"('CY', 'Cattle farming')","2.02469713646202e-07","2.02469713646202e-07","2.02469713646202e-07"
"('TR', 'Manufacture of machinery and equipment n.e.c. (29)')","2.00785369346101e-07","0","2.00785369346101e-07"
"('AT', 'Production of electricity by solar photovoltaic')","1.96720167016044e-07","0","1.96720167016044e-07"
"('CZ', 'Production of meat products nec')","1.96430721458569e-07","1.96430721458569e-07","1.92507743558885e-07"
"('SK', 'Manufacture of ceramic goods')","1.95043705224409e-07","0","1.95043705224409e-07"
"('IE', 'Manufacture of other transport equipment (35)')","1.93186456317054e-07","1.93186456317054e-07","1.93186456317054e-07"
"('TW', 'Meat animals nec')","1.92252758379051e-07","0","1.92252758379051e-07"
"('KR', 'Wool, silk-worm cocoons')","1.88454793683211e-07","1.88454793683211e-07","1.88454793683211e-07"
"('CN', 'Mining of aluminium ores and concentrates')","1.88387338774212e-07","0","1.88387338774212e-07"
"('US', 'Composting of food waste, incl. land application')","1.87977607611854e-07","0","1.87977607611854e-07"
"('SI', 'Transmission of electricity')","1.8691240163817e-07","1.2462335045078e-07","1.86359277559399e-07"
"('KR', 'Production of electricity by hydro')","1.86166742409383e-07","0","1.86166742409383e-07"
"('IN', 'Manufacture of machinery and equipment n.e.c. (29)')","1.83607507169212e-07","0","1.83607507169212e-07"
"('NL', 'Processed rice')","1.82747210655371e-07","1.82747210655371e-07","1.7292290255186e-07"
"('ES', 'Animal products nec')","1.76776560756785e-07","0","1.76776560756785e-07"
"('HU', 'Precious metals production')","1.7721964522177e-07","1.36815754352701e-07","1.76769056359229e-07"
"('WE', 'Quarrying of stone')","1.7651535932885e-07","0","1.7651535932885e-07"
"('FI', 'Incineration of waste: Plastic')","1.76167161513707e-07","1.76167161513707e-07","1.55500221500424e-07"
"('GR', 'Cultivation of crops nec')","1.75072089557548e-07","1.75072089557548e-07","1.73991617422032e-07"
"('JP', 'Sugar refining')","1.74818980027153e-07","0","1.74818980027153e-07"
"('HR', 'Raw milk')","1.74669657101388e-07","1.74669657101388e-07","1.74150223677115e-07"
"('SI', 'Animal products nec')","1.72463285358203e-07","1.72463285358203e-07","1.72463285358203e-07"
"('HR', 'Processing of meat poultry')","1.72442017762843e-07","0","1.72442017762843e-07"
"('CY', 'Meat animals nec')","1.70075178929324e-07","1.70075178929324e-07","1.6987900164965e-07"
"('CH', 'Production of electricity by solar photovoltaic')","1.69960800369617e-07","0","1.69960800369617e-07"
"('SI', 'Landfill of waste: Textiles')","1.77314289825707e-07","1.77314289825707e-07","1.69551316228357e-07"
"('BG', 'Other service activities (93)')","1.68993039545328e-07","1.68993039545328e-07","1.68993039545328e-07"
"('TR', 'Production of electricity by biomass and waste')","1.68716896729804e-07","0","1.68716896729804e-07"
"('GR', 'Manufacture of gas; distribution of gaseous fuels through mains')","1.65051431472987e-07","1.65051431472987e-07","1.65051431472987e-07"
"('LT', 'Production of electricity by gas')","1.65019712568635e-07","0","1.65019712568635e-07"
"('AU', 'Mining of other non-ferrous metal ores and concentrates')","1.63451010817487e-07","0","1.63451010817487e-07"
"('KR', 'Production of electricity by wind')","1.62000118967676e-07","0","1.62000118967676e-07"
"('RU', 'Mining of precious metal ores and concentrates')","1.60165444958532e-07","0","1.60165444958532e-07"
"('LV', 'Processing of meat cattle')","1.59618641420817e-07","0","1.59618641420817e-07"
"('PT', 'Production of electricity by solar photovoltaic')","1.59246634713198e-07","0","1.59246634713198e-07"
"('EE', 'Cultivation of wheat')","1.59243647948421e-07","0","1.59243647948421e-07"
"('CN', 'Mining of chemical and fertilizer minerals, production of salt, other mining and quarrying n.e.c.')","1.59192342251807e-07","0","1.59192342251807e-07"
"('CH', 'Processed rice')","1.57840024055128e-07","1.57840024055128e-07","1.57840024055128e-07"
"('CY', 'Manufacture of bricks, tiles and construction products, in baked clay')","1.62622640790154e-07","1.62622640790154e-07","1.57440429126816e-07"
"('CZ', 'Fishing, operating of fish hatcheries and fish farms; service activities incidental to fishing (05)')","1.56471066988802e-07","0","1.56471066988802e-07"
"('BR', 'Mining of coal and lignite; extraction of peat (10)')","1.51329662249095e-07","0","1.51329662249095e-07"
"('LV', 'Manufacture of bricks, tiles and construction products, in baked clay')","1.59207934590453e-07","1.59207934590453e-07","1.51000881955431e-07"
"('DK', 'Production of electricity by solar photovoltaic')","1.50752212224788e-07","1.50752212224788e-07","1.48081237818806e-07"
"('LU', 'Inland water transport')","1.50622861749566e-07","1.50622861749566e-07","1.50622861749566e-07"
"('EE', 'Lead, zinc and tin production')","1.50464703857486e-07","1.50464703857486e-07","1.5044531279636e-07"
"('AT', 'Manufacture of machinery and equipment n.e.c. (29)')","1.4976556285362e-07","1.4976556285362e-07","1.4976556285362e-07"
"('BR', 'Mining of other non-ferrous metal ores and concentrates')","1.49291620868449e-07","0","1.49291620868449e-07"
"('ID', 'Production of electricity by wind')","1.47111604691343e-07","1.47111604691343e-07","1.47111604691343e-07"
"('CH', 'Processing of meat pigs')","1.46642103623123e-07","0","1.46642103623123e-07"
"('AT', 'Meat animals nec')","1.46168998834079e-07","1.46168998834079e-07","1.34636153844355e-07"
"('EE', 'Publishing, printing and reproduction of recorded media (22)')","1.45853048364162e-07","0","1.45853048364162e-07"
"('DK', 'Landfill of waste: Paper')","1.45473877004825e-07","1.45473877004825e-07","1.45473877004825e-07"
"('EE', 'Chemicals nec')","1.4417594691139e-07","0","1.4417594691139e-07"
"('FR', 'Production of electricity by tide, wave, ocean')","1.43703037108158e-07","0","1.43703037108158e-07"
"('LV', 'Processing of meat poultry')","1.43535772744575e-07","1.43535772744575e-07","1.43410200785942e-07"
"('TR', 'Mining of nickel ores and concentrates')","1.4219477626061e-07","1.4219477626061e-07","1.28317494259809e-07"
"('FR', 'Mining of uranium and thorium ores (12)')","1.41588738859176e-07","1.41588738859176e-07","1.41588738859176e-07"
"('SI', 'Private households with employed persons (95)')","1.3964184376634e-07","1.3964184376634e-07","1.3964184376634e-07"
"('PL', 'Mining of precious metal ores and concentrates')","1.39568577544753e-07","1.39568577544753e-07","1.39568577544753e-07"
"('JP', 'Meat animals nec')","1.37528881550231e-07","0","1.37528881550231e-07"
"('SK', 'Processing of meat poultry')","1.37128458555179e-07","1.37128458555179e-07","1.36493387481917e-07"
"('CY', 'Processing of meat cattle')","1.36170783127497e-07","0","1.36170783127497e-07"
"('CN', 'Landfill of waste: Food')","1.34585151115138e-07","0","1.34585151115138e-07"
"('SI', 'Landfill of waste: Wood')","1.37822018048142e-07","1.37822018048142e-07","1.34498177398617e-07"
"('HR', 'Manufacture of ceramic goods')","1.34182505101007e-07","1.34182505101007e-07","1.32566394246923e-07"
"('EE', 'Manufacture of other non-metallic mineral products n.e.c.')","1.32617207594168e-07","1.32617207594168e-07","1.32242568168483e-07"
"('IT', 'Biogasification of paper, incl. land application')","5.31652773762571e-06","5.31652773762571e-06","1.32077508582588e-07"
"('CZ', 'Other non-ferrous metal production')","1.31936144046186e-07","1.31936144046186e-07","1.31820326642077e-07"
"('PT', 'Composting of paper and wood, incl. land application')","1.41443125939297e-07","1.41443125939297e-07","1.31765115528195e-07"
"('DK', 'Transmission of electricity')","1.34317333273653e-07","1.34317333273653e-07","1.31361533279609e-07"
"('CY', 'Activities of membership organisation n.e.c. (91)')","1.30710019064133e-07","1.30710019064133e-07","1.30710019064133e-07"
"('EE', 'Retail sale of automotive fuel')","1.30553854042437e-07","0","1.30553854042437e-07"
"('CH', 'Processing of meat cattle')","1.29560498815541e-07","0","1.29560498815541e-07"
"('MT', 'Insurance and pension funding, except compulsory social security (66)')","1.29481458656596e-07","1.29481458656596e-07","1.29481458656596e-07"
"('LT', 'Lead, zinc and tin production')","1.29370149689167e-07","1.29370149689167e-07","1.29361048647932e-07"
"('HU', 'Incineration of waste: Textiles')","1.36424528723057e-07","1.36424528723057e-07","1.27742836906008e-07"
"('TR', 'Private households with employed persons (95)')","1.27742776870035e-07","1.27742776870035e-07","1.27742776870035e-07"
"('IN', 'Production of electricity by biomass and waste')","1.27455348336087e-07","0","1.27455348336087e-07"
"('CY', 'Copper production')","1.26931705880628e-07","1.26931705880628e-07","1.26931705880628e-07"
"('GR', 'Processing of meat pigs')","1.26637439552491e-07","0","1.26637439552491e-07"
"('EE', 'Cultivation of oil seeds')","1.26520055162215e-07","0","1.26520055162215e-07"
"('BE', 'Processed rice')","1.44904253143993e-07","1.44904253143993e-07","1.26434303921727e-07"
"('IE', 'Production of electricity by petroleum and other oil derivatives')","1.2587997719087e-07","0","1.2587997719087e-07"
"('NO', 'Private households with employed persons (95)')","1.24990826682247e-07","0","1.24990826682247e-07"
"('IT', 'Biogasification of sewage slugde, incl. land application')","2.11276761952206e-07","2.11276761952206e-07","1.24940627216455e-07"
"('BR', 'Processing vegetable oils and fats')","1.24902317193816e-07","0","1.24902317193816e-07"
"('PL', 'Production of electricity by hydro')","1.24813541138003e-07","0","1.24813541138003e-07"
"('SI', 'Manufacture of ceramic goods')","1.23934123398792e-07","1.23934123398792e-07","1.22842370477202e-07"
"('FI', 'Processing of nuclear fuel')","1.18707065173832e-07","0","1.18707065173832e-07"
"('WL', 'Mining of copper ores and concentrates')","1.18677263561997e-07","0","1.18677263561997e-07"
"('ZA', 'Mining of other non-ferrous metal ores and concentrates')","1.1777374640472e-07","0","1.1777374640472e-07"
"('LT', 'Waste water treatment, other')","1.17486415458489e-07","0","1.17486415458489e-07"
"('NO', 'Recycling of waste and scrap')","1.15723361366103e-07","0","1.15723361366103e-07"
"('LT', 'Processing of dairy products')","1.11367421772705e-07","0","1.11367421772705e-07"
"('BG', 'Animal products nec')","1.10688446618547e-07","0","1.10688446618547e-07"
"('ID', 'Wool, silk-worm cocoons')","1.09202891605263e-07","0","1.09202891605263e-07"
"('CY', 'Transport via pipelines')","1.06008961633753e-07","0","1.06008961633753e-07"
"('PT', 'Mining of other non-ferrous metal ores and concentrates')","1.05244501239827e-07","0","1.05244501239827e-07"
"('EE', 'Processing of meat cattle')","9.97094562682337e-08","0","9.97094562682337e-08"
"('AT', 'Incineration of waste: Metals and Inert materials')","9.86908192692462e-08","0","9.86908192692462e-08"
"('SE', 'Landfill of waste: Food')","9.81206948293018e-08","0","9.81206948293018e-08"
"('ES', 'Inland water transport')","9.6575159857188e-08","0","9.6575159857188e-08"
"('CH', 'Steam and hot water supply')","9.61829286711333e-08","0","9.61829286711333e-08"
"('SK', 'Production of electricity by petroleum and other oil derivatives')","9.61593445052359e-08","0","9.61593445052359e-08"
"('SK', 'Production of electricity by solar photovoltaic')","9.49838623782447e-08","0","9.49838623782447e-08"
"('FR', 'Processing vegetable oils and fats')","9.39848942352968e-08","0","9.39848942352968e-08"
"('EE', 'Other non-ferrous metal production')","9.25852474661479e-08","0","9.25852474661479e-08"
"('IE', 'Manufacture of wearing apparel; dressing and dyeing of fur (18)')","9.15792543726276e-08","0","9.15792543726276e-08"
"('EE', 'Cattle farming')","9.04068410836017e-08","0","9.04068410836017e-08"
"('LT', 'Sugar refining')","9.0234302719137e-08","0","9.0234302719137e-08"
"('EE', 'Transmission of electricity')","8.85964962073118e-08","0","8.85964962073118e-08"
"('JP', 'Processing of nuclear fuel')","7.92932921663887e-08","0","7.92932921663887e-08"
"('RO', 'Production of electricity by petroleum and other oil derivatives')","7.6045136722797e-08","0","7.6045136722797e-08"
"('SE', 'Processing vegetable oils and fats')","7.00533356751227e-08","0","7.00533356751227e-08"
"('NL', 'Landfill of waste: Plastic')","6.88230232944252e-08","0","6.88230232944252e-08"
"('AU', 'Processing vegetable oils and fats')","6.59666432037599e-08","0","6.59666432037599e-08"
"('HR', 'Inland water transport')","6.40764010768425e-08","0","6.40764010768425e-08"
"('CZ', 'Manufacture of coke oven products')","6.28093574762574e-08","0","6.28093574762574e-08"
"('HR', 'Processing of meat pigs')","6.1927401794658e-08","0","6.1927401794658e-08"
"('GR', 'Manufacture of fish products')","6.06535703390295e-08","0","6.06535703390295e-08"
"('LV', 'Sea and coastal water transport')","6.01135087489566e-08","0","6.01135087489566e-08"
"('LV', 'Processing vegetable oils and fats')","5.88076274436354e-08","0","5.88076274436354e-08"
"('WF', 'Manufacture of coke oven products')","5.7685306218985e-08","0","5.7685306218985e-08"
"('EE', 'Composting of food waste, incl. land application')","5.71934736789948e-08","0","5.71934736789948e-08"
"('SK', 'Processing of meat cattle')","5.71371042217516e-08","0","5.71371042217516e-08"
"('BG', 'Recreational, cultural and sporting activities (92)')","5.56236189590416e-08","0","5.56236189590416e-08"
"('GR', 'Mining of chemical and fertilizer minerals, production of salt, other mining and quarrying n.e.c.')","5.54378430322343e-08","0","5.54378430322343e-08"
"('LU', 'Manufacture of medical, precision and optical instruments, watches and clocks (33)')","5.43951440026524e-08","0","5.43951440026524e-08"
"('EE', 'Aluminium production')","5.01424033978414e-08","0","5.01424033978414e-08"
"('LV', 'Copper production')","4.68435133186517e-08","0","4.68435133186517e-08"
"('EE', 'Tanning and dressing of leather; manufacture of luggage, handbags, saddlery, harness and footwear (19)')","4.66658029832839e-08","0","4.66658029832839e-08"
"('CY', 'Production of meat products nec')","4.62176318265603e-08","0","4.62176318265603e-08"
"('SK', 'Cattle farming')","4.34464727643552e-08","0","4.34464727643552e-08"
"('DE', 'Production of electricity nec')","4.13284237915769e-08","0","4.13284237915769e-08"
"('AT', 'Composting of food waste, incl. land application')","4.12669121831445e-08","0","4.12669121831445e-08"
"('GR', 'P- and other fertiliser')","4.10880191615964e-08","0","4.10880191615964e-08"
"('WF', 'Mining of uranium and thorium ores (12)')","3.089606876703e-08","0","3.089606876703e-08"
"('CZ', 'Sugar refining')","2.73019183767116e-08","0","2.73019183767116e-08"
"('EE', 'Copper production')","1.30846343479282e-08","0","1.30846343479282e-08"
"('AT', 'Cultivation of paddy rice')","0","0","0"
"('AT', 'Cultivation of plant-based fibers')","0","0","0"
"('AT', 'Cultivation of crops nec')","0","0","0"
"('AT', 'Animal products nec')","0","0","0"
"('AT', 'Wool, silk-worm cocoons')","0","0","0"
"('AT', 'Manure treatment (conventional), storage and land application')","0","0","0"
"('AT', 'Manure treatment (biogas), storage and land application')","0","0","0"
"('AT', 'Mining of coal and lignite; extraction of peat (10)')","0","0","0"
"('AT', 'Extraction, liquefaction, and regasification of other petroleum and gaseous materials')","0","0","0"
"('AT', 'Mining of uranium and thorium ores (12)')","0","0","0"
"('AT', 'Mining of iron ores')","0","0","0"
"('AT', 'Mining of copper ores and concentrates')","0","0","0"
"('AT', 'Mining of nickel ores and concentrates')","0","0","0"
"('AT', 'Mining of aluminium ores and concentrates')","0","0","0"
"('AT', 'Mining of precious metal ores and concentrates')","0","0","0"
"('AT', 'Mining of lead, zinc and tin ores and concentrates')","0","0","0"
"('AT', 'Mining of chemical and fertilizer minerals, production of salt, other mining and quarrying n.e.c.')","0","0","0"
"('AT', 'Production of meat products nec')","0","0","0"
"('AT', 'Processed rice')","0","0","0"
"('AT', 'Re-processing of secondary wood material into new wood material')","0","0","0"
"('AT', 'Re-processing of secondary paper into new pulp')","0","0","0"
"('AT', 'Processing of nuclear fuel')","0","0","0"
"('AT', 'Re-processing of secondary plastic into new plastic')","0","0","0"
"('AT', 'Re-processing of secondary glass into new glass')","0","0","0"
"('AT', 'Re-processing of ash into clinker')","0","0","0"
"('AT', 'Re-processing of secondary preciuos metals into new preciuos metals')","0","0","0"
"('AT', 'Re-processing of secondary aluminium into new aluminium')","0","0","0"
"('AT', 'Re-processing of secondary lead into new lead, zinc and tin')","0","0","0"
"('AT', 'Re-processing of secondary copper into new copper')","0","0","0"
"('AT', 'Re-processing of secondary other non-ferrous metals into new other non-ferrous metals')","0","0","0"
"('AT', 'Manufacture of electrical machinery and apparatus n.e.c. (31)')","0","0","0"
"('AT', 'Manufacture of radio, television and communication equipment and apparatus (32)')","0","0","0"
"('AT', 'Manufacture of medical, precision and optical instruments, watches and clocks (33)')","0","0","0"
"('AT', 'Recycling of bottles by direct reuse')","0","0","0"
"('AT', 'Production of electricity by nuclear')","0","0","0"
"('AT', 'Production of electricity by solar thermal')","0","0","0"
"('AT', 'Production of electricity by tide, wave, ocean')","0","0","0"
"('AT', 'Production of electricity by Geothermal')","0","0","0"
"('AT', 'Production of electricity nec')","0","0","0"
"('AT', 'Re-processing of secondary construction material into aggregates')","0","0","0"
"('AT', 'Financial intermediation, except insurance and pension funding (65)')","0","0","0"
"('AT', 'Incineration of waste: Food')","0","0","0"
"('AT', 'Incineration of waste: Paper')","0","0","0"
"('AT', 'Incineration of waste: Plastic')","0","0","0"
"('AT', 'Incineration of waste: Textiles')","0","0","0"
"('AT', 'Incineration of waste: Wood')","0","0","0"
"('AT', 'Incineration of waste: Oil/Hazardous waste')","0","0","0"
"('AT', 'Biogasification of food waste, incl. land application')","0","0","0"
"('AT', 'Biogasification of paper, incl. land application')","0","0","0"
"('AT', 'Biogasification of sewage slugde, incl. land application')","0","0","0"
"('AT', 'Composting of paper and wood, incl. land application')","0","0","0"
"('AT', 'Waste water treatment, food')","0","0","0"
"('AT', 'Waste water treatment, other')","0","0","0"
"('AT', 'Landfill of waste: Food')","0","0","0"
"('AT', 'Landfill of waste: Paper')","0","0","0"
"('AT', 'Landfill of waste: Plastic')","0","0","0"
"('AT', 'Landfill of waste: Inert/metal/hazardous')","0","0","0"
"('AT', 'Landfill of waste: Textiles')","0","0","0"
"('AT', 'Landfill of waste: Wood')","0","0","0"
"('AT', 'Extra-territorial organizations and bodies')","0","0","0"
"('BE', 'Cultivation of paddy rice')","0","0","0"
"('BE', 'Cultivation of oil seeds')","0","0","0"
"('BE', 'Cultivation of plant-based fibers')","0","0","0"
"('BE', 'Meat animals nec')","0","0","0"
"('BE', 'Animal products nec')","0","0","0"
"('BE', 'Wool, silk-worm cocoons')","0","0","0"
"('BE', 'Manure treatment (conventional), storage and land application')","0","0","0"
"('BE', 'Manure treatment (biogas), storage and land application')","0","0","0"
"('BE', 'Extraction of crude petroleum and services related to crude oil extraction, excluding surveying')","0","0","0"
"('BE', 'Mining of uranium and thorium ores (12)')","0","0","0"
"('BE', 'Mining of iron ores')","0","0","0"
"('BE', 'Mining of copper ores and concentrates')","0","0","0"
"('BE', 'Mining of nickel ores and concentrates')","0","0","0"
"('BE', 'Mining of aluminium ores and concentrates')","0","0","0"
"('BE', 'Mining of precious metal ores and concentrates')","0","0","0"
"('BE', 'Mining of lead, zinc and tin ores and concentrates')","0","0","0"
"('BE', 'Mining of other non-ferrous metal ores and concentrates')","0","0","0"
"('BE', 'Production of meat products nec')","0","0","0"
"('BE', 'Tanning and dressing of leather; manufacture of luggage, handbags, saddlery, harness and footwear (19)')","0","0","0"
"('BE', 'Re-processing of secondary wood material into new wood material')","0","0","0"
"('BE', 'Re-processing of secondary paper into new pulp')","0","0","0"
"('BE', 'Processing of nuclear fuel')","0","0","0"
"('BE', 'Re-processing of secondary plastic into new plastic')","0","0","0"
"('BE', 'N-fertiliser')","0","0","0"
"('BE', 'Re-processing of secondary glass into new glass')","0","0","0"
"('BE', 'Re-processing of ash into clinker')","0","0","0"
"('BE', 'Re-processing of secondary preciuos metals into new preciuos metals')","0","0","0"
"('BE', 'Re-processing of secondary aluminium into new aluminium')","0","0","0"
"('BE', 'Re-processing of secondary lead into new lead, zinc and tin')","0","0","0"
"('BE', 'Re-processing of secondary copper into new copper')","0","0","0"
"('BE', 'Re-processing of secondary other non-ferrous metals into new other non-ferrous metals')","0","0","0"
"('BE', 'Manufacture of electrical machinery and apparatus n.e.c. (31)')","0","0","0"
"('BE', 'Manufacture of radio, television and communication equipment and apparatus (32)')","0","0","0"
"('BE', 'Manufacture of medical, precision and optical instruments, watches and clocks (33)')","0","0","0"
"('BE', 'Recycling of waste and scrap')","0","0","0"
"('BE', 'Recycling of bottles by direct reuse')","0","0","0"
"('BE', 'Production of electricity by coal')","0","0","0"
"('BE', 'Production of electricity by hydro')","0","0","0"
"('BE', 'Production of electricity by petroleum and other oil derivatives')","0","0","0"
"('BE', 'Production of electricity by biomass and waste')","0","0","0"
"('BE', 'Production of electricity by solar thermal')","0","0","0"
"('BE', 'Production of electricity by tide, wave, ocean')","0","0","0"
"('BE', 'Production of electricity by Geothermal')","0","0","0"
"('BE', 'Production of electricity nec')","0","0","0"
"('BE', 'Re-processing of secondary construction material into aggregates')","0","0","0"
"('BE', 'Retail sale of automotive fuel')","0","0","0"
"('BE', 'Biogasification of paper, incl. land application')","0","0","0"
"('BE', 'Composting of paper and wood, incl. land application')","0","0","0"
"('BE', 'Landfill of waste: Textiles')","0","0","0"
"('BE', 'Landfill of waste: Wood')","0","0","0"
"('BE', 'Extra-territorial organizations and bodies')","0","0","0"
"('BG', 'Cultivation of sugar cane, sugar beet')","0","0","0"
"('BG', 'Cultivation of plant-based fibers')","0","0","0"
"('BG', 'Wool, silk-worm cocoons')","0","0","0"
"('BG', 'Manure treatment (conventional), storage and land application')","0","0","0"
"('BG', 'Manure treatment (biogas), storage and land application')","0","0","0"
"('BG', 'Extraction of natural gas and services related to natural gas extraction, excluding surveying')","0","0","0"
"('BG', 'Mining of uranium and thorium ores (12)')","0","0","0"
"('BG', 'Mining of iron ores')","0","0","0"
"('BG', 'Mining of nickel ores and concentrates')","0","0","0"
"('BG', 'Mining of aluminium ores and concentrates')","0","0","0"
"('BG', 'Mining of other non-ferrous metal ores and concentrates')","0","0","0"
"('BG', 'Quarrying of stone')","0","0","0"
"('BG', 'Mining of chemical and fertilizer minerals, production of salt, other mining and quarrying n.e.c.')","0","0","0"
"('BG', 'Processed rice')","0","0","0"
"('BG', 'Sugar refining')","0","0","0"
"('BG', 'Manufacture of fish products')","0","0","0"
"('BG', 'Re-processing of secondary wood material into new wood material')","0","0","0"
"('BG', 'Re-processing of secondary paper into new pulp')","0","0","0"
"('BG', 'Manufacture of coke oven products')","0","0","0"
"('BG', 'Processing of nuclear fuel')","0","0","0"
"('BG', 'Re-processing of secondary plastic into new plastic')","0","0","0"
"('BG', 'N-fertiliser')","0","0","0"
"('BG', 'Re-processing of secondary glass into new glass')","0","0","0"
"('BG', 'Re-processing of ash into clinker')","0","0","0"
"('BG', 'Manufacture of basic iron and steel and of ferro-alloys and first products thereof')","0","0","0"
"('BG', 'Precious metals production')","0","0","0"
"('BG', 'Re-processing of secondary preciuos metals into new preciuos metals')","0","0","0"
"('BG', 'Re-processing of secondary aluminium into new aluminium')","0","0","0"
"('BG', 'Re-processing of secondary lead into new lead, zinc and tin')","0","0","0"
"('BG', 'Re-processing of secondary copper into new copper')","0","0","0"
"('BG', 'Other non-ferrous metal production')","0","0","0"
"('BG', 'Re-processing of secondary other non-ferrous metals into new other non-ferrous metals')","0","0","0"
"('BG', 'Manufacture of machinery and equipment n.e.c. (29)')","0","0","0"
"('BG', 'Manufacture of electrical machinery and apparatus n.e.c. (31)')","0","0","0"
"('BG', 'Manufacture of radio, television and communication equipment and apparatus (32)')","0","0","0"
"('BG', 'Manufacture of medical, precision and optical instruments, watches and clocks (33)')","0","0","0"
"('BG', 'Manufacture of furniture; manufacturing n.e.c. (36)')","0","0","0"
"('BG', 'Recycling of waste and scrap')","0","0","0"
"('BG', 'Recycling of bottles by direct reuse')","0","0","0"
"('BG', 'Production of electricity by petroleum and other oil derivatives')","0","0","0"
"('BG', 'Production of electricity by biomass and waste')","0","0","0"
"('BG', 'Production of electricity by solar thermal')","0","0","0"
"('BG', 'Production of electricity by tide, wave, ocean')","0","0","0"
"('BG', 'Production of electricity by Geothermal')","0","0","0"
"('BG', 'Production of electricity nec')","0","0","0"
"('BG', 'Re-processing of secondary construction material into aggregates')","0","0","0"
"('BG', 'Inland water transport')","0","0","0"
"('BG', 'Financial intermediation, except insurance and pension funding (65)')","0","0","0"
"('BG', 'Renting of machinery and equipment without operator and of personal and household goods (71)')","0","0","0"
"('BG', 'Research and development (73)')","0","0","0"
"('BG', 'Incineration of waste: Food')","0","0","0"
"('BG', 'Incineration of waste: Paper')","0","0","0"
"('BG', 'Incineration of waste: Plastic')","0","0","0"
"('BG', 'Incineration of waste: Metals and Inert materials')","0","0","0"
"('BG', 'Incineration of waste: Textiles')","0","0","0"
"('BG', 'Incineration of waste: Wood')","0","0","0"
"('BG', 'Incineration of waste: Oil/Hazardous waste')","0","0","0"
"('BG', 'Biogasification of food waste, incl. land application')","0","0","0"
"('BG', 'Biogasification of paper, incl. land application')","0","0","0"
"('BG', 'Biogasification of sewage slugde, incl. land application')","0","0","0"
"('BG', 'Composting of food waste, incl. land application')","0","0","0"
"('BG', 'Composting of paper and wood, incl. land application')","0","0","0"
"('BG', 'Waste water treatment, food')","0","0","0"
"('BG', 'Waste water treatment, other')","0","0","0"
"('BG', 'Landfill of waste: Food')","0","0","0"
"('BG', 'Landfill of waste: Paper')","0","0","0"
"('BG', 'Landfill of waste: Plastic')","0","0","0"
"('BG', 'Landfill of waste: Inert/metal/hazardous')","0","0","0"
"('BG', 'Landfill of waste: Textiles')","0","0","0"
"('BG', 'Landfill of waste: Wood')","0","0","0"
"('BG', 'Activities of membership organisation n.e.c. (91)')","0","0","0"
"('BG', 'Private households with employed persons (95)')","0","0","0"
"('BG', 'Extra-territorial organizations and bodies')","0","0","0"
"('CY', 'Cultivation of paddy rice')","0","0","0"
"('CY', 'Cultivation of wheat')","0","0","0"
"('CY', 'Cultivation of cereal grains nec')","0","0","0"
"('CY', 'Cultivation of oil seeds')","0","0","0"
"('CY', 'Cultivation of sugar cane, sugar beet')","0","0","0"
"('CY', 'Cultivation of plant-based fibers')","0","0","0"
"('CY', 'Cultivation of crops nec')","0","0","0"
"('CY', 'Animal products nec')","0","0","0"
"('CY', 'Wool, silk-worm cocoons')","0","0","0"
"('CY', 'Manure treatment (conventional), storage and land application')","0","0","0"
"('CY', 'Manure treatment (biogas), storage and land application')","0","0","0"
"('CY', 'Forestry, logging and related service activities (02)')","0","0","0"
"('CY', 'Mining of coal and lignite; extraction of peat (10)')","0","0","0"
"('CY', 'Extraction of crude petroleum and services related to crude oil extraction, excluding surveying')","0","0","0"
"('CY', 'Extraction of natural gas and services related to natural gas extraction, excluding surveying')","0","0","0"
"('CY', 'Extraction, liquefaction, and regasification of other petroleum and gaseous materials')","0","0","0"
"('CY', 'Mining of uranium and thorium ores (12)')","0","0","0"
"('CY', 'Mining of iron ores')","0","0","0"
"('CY', 'Mining of nickel ores and concentrates')","0","0","0"
"('CY', 'Mining of aluminium ores and concentrates')","0","0","0"
"('CY', 'Mining of precious metal ores and concentrates')","0","0","0"
"('CY', 'Mining of lead, zinc and tin ores and concentrates')","0","0","0"
"('CY', 'Mining of other non-ferrous metal ores and concentrates')","0","0","0"
"('CY', 'Quarrying of stone')","0","0","0"
"('CY', 'Quarrying of sand and clay')","0","0","0"
"('CY', 'Mining of chemical and fertilizer minerals, production of salt, other mining and quarrying n.e.c.')","0","0","0"
"('CY', 'Processing vegetable oils and fats')","0","0","0"
"('CY', 'Processed rice')","0","0","0"
"('CY', 'Sugar refining')","0","0","0"
"('CY', 'Manufacture of fish products')","0","0","0"
"('CY', 'Manufacture of tobacco products (16)')","0","0","0"
"('CY', 'Tanning and dressing of leather; manufacture of luggage, handbags, saddlery, harness and footwear (19)')","0","0","0"
"('CY', 'Re-processing of secondary wood material into new wood material')","0","0","0"
"('CY', 'Re-processing of secondary paper into new pulp')","0","0","0"
"('CY', 'Publishing, printing and reproduction of recorded media (22)')","0","0","0"
"('CY', 'Manufacture of coke oven products')","0","0","0"
"('CY', 'Petroleum Refinery')","0","0","0"
"('CY', 'Plastics, basic')","0","0","0"
"('CY', 'Re-processing of secondary plastic into new plastic')","0","0","0"
"('CY', 'N-fertiliser')","0","0","0"
"('CY', 'P- and other fertiliser')","0","0","0"
"('CY', 'Manufacture of glass and glass products')","0","0","0"
"('CY', 'Re-processing of secondary glass into new glass')","0","0","0"
"('CY', 'Manufacture of ceramic goods')","0","0","0"
"('CY', 'Re-processing of ash into clinker')","0","0","0"
"('CY', 'Manufacture of other non-metallic mineral products n.e.c.')","0","0","0"
"('CY', 'Manufacture of basic iron and steel and of ferro-alloys and first products thereof')","0","0","0"
"('CY', 'Re-processing of secondary steel into new steel')","0","0","0"
"('CY', 'Precious metals production')","0","0","0"
"('CY', 'Re-processing of secondary preciuos metals into new preciuos metals')","0","0","0"
"('CY', 'Aluminium production')","0","0","0"
"('CY', 'Re-processing of secondary aluminium into new aluminium')","0","0","0"
"('CY', 'Lead, zinc and tin production')","0","0","0"
"('CY', 'Re-processing of secondary lead into new lead, zinc and tin')","0","0","0"
"('CY', 'Re-processing of secondary copper into new copper')","0","0","0"
"('CY', 'Other non-ferrous metal production')","0","0","0"
"('CY', 'Re-processing of secondary other non-ferrous metals into new other non-ferrous metals')","0","0","0"
"('CY', 'Casting of metals')","0","0","0"
"('CY', 'Manufacture of electrical machinery and apparatus n.e.c. (31)')","0","0","0"
"('CY', 'Manufacture of radio, television and communication equipment and apparatus (32)')","0","0","0"
"('CY', 'Manufacture of medical, precision and optical instruments, watches and clocks (33)')","0","0","0"
"('CY', 'Manufacture of furniture; manufacturing n.e.c. (36)')","0","0","0"
"('CY', 'Recycling of waste and scrap')","0","0","0"
"('CY', 'Recycling of bottles by direct reuse')","0","0","0"
"('CY', 'Production of electricity by coal')","0","0","0"
"('CY', 'Production of electricity by gas')","0","0","0"
"('CY', 'Production of electricity by nuclear')","0","0","0"
"('CY', 'Production of electricity by hydro')","0","0","0"
"('CY', 'Production of electricity by wind')","0","0","0"
"('CY', 'Production of electricity by biomass and waste')","0","0","0"
"('CY', 'Production of electricity by solar photovoltaic')","0","0","0"
"('CY', 'Production of electricity by solar thermal')","0","0","0"
"('CY', 'Production of electricity by tide, wave, ocean')","0","0","0"
"('CY', 'Production of electricity by Geothermal')","0","0","0"
"('CY', 'Production of electricity nec')","0","0","0"
"('CY', 'Transmission of electricity')","0","0","0"
"('CY', 'Manufacture of gas; distribution of gaseous fuels through mains')","0","0","0"
"('CY', 'Steam and hot water supply')","0","0","0"
"('CY', 'Re-processing of secondary construction material into aggregates')","0","0","0"
"('CY', 'Retail sale of automotive fuel')","0","0","0"
"('CY', 'Transport via railways')","0","0","0"
"('CY', 'Inland water transport')","0","0","0"
"('CY', 'Post and telecommunications (64)')","0","0","0"
"('CY', 'Research and development (73)')","0","0","0"
"('CY', 'Incineration of waste: Food')","0","0","0"
"('CY', 'Incineration of waste: Paper')","0","0","0"
"('CY', 'Incineration of waste: Plastic')","0","0","0"
"('CY', 'Incineration of waste: Metals and Inert materials')","0","0","0"
"('CY', 'Incineration of waste: Textiles')","0","0","0"
"('CY', 'Incineration of waste: Wood')","0","0","0"
"('CY', 'Incineration of waste: Oil/Hazardous waste')","0","0","0"
"('CY', 'Biogasification of food waste, incl. land application')","0","0","0"
"('CY', 'Biogasification of paper, incl. land application')","0","0","0"
"('CY', 'Biogasification of sewage slugde, incl. land application')","0","0","0"
"('CY', 'Composting of food waste, incl. land application')","0","0","0"
"('CY', 'Composting of paper and wood, incl. land application')","0","0","0"
"('CY', 'Waste water treatment, food')","0","0","0"
"('CY', 'Waste water treatment, other')","0","0","0"
"('CY', 'Landfill of waste: Food')","0","0","0"
"('CY', 'Landfill of waste: Paper')","0","0","0"
"('CY', 'Landfill of waste: Plastic')","0","0","0"
"('CY', 'Landfill of waste: Inert/metal/hazardous')","0","0","0"
"('CY', 'Landfill of waste: Textiles')","0","0","0"
"('CY', 'Landfill of waste: Wood')","0","0","0"
"('CY', 'Recreational, cultural and sporting activities (92)')","0","0","0"
"('CY', 'Private households with employed persons (95)')","0","0","0"
"('CY', 'Extra-territorial organizations and bodies')","0","0","0"
"('CZ', 'Cultivation of paddy rice')","0","0","0"
"('CZ', 'Cultivation of plant-based fibers')","0","0","0"
"('CZ', 'Cultivation of crops nec')","0","0","0"
"('CZ', 'Animal products nec')","0","0","0"
"('CZ', 'Wool, silk-worm cocoons')","0","0","0"
"('CZ', 'Manure treatment (conventional), storage and land application')","0","0","0"
"('CZ', 'Manure treatment (biogas), storage and land application')","0","0","0"
"('CZ', 'Extraction, liquefaction, and regasification of other petroleum and gaseous materials')","0","0","0"
"('CZ', 'Mining of uranium and thorium ores (12)')","0","0","0"
"('CZ', 'Mining of iron ores')","0","0","0"
"('CZ', 'Mining of copper ores and concentrates')","0","0","0"
"('CZ', 'Mining of nickel ores and concentrates')","0","0","0"
"('CZ', 'Mining of aluminium ores and concentrates')","0","0","0"
"('CZ', 'Mining of precious metal ores and concentrates')","0","0","0"
"('CZ', 'Mining of lead, zinc and tin ores and concentrates')","0","0","0"
"('CZ', 'Mining of other non-ferrous metal ores and concentrates')","0","0","0"
"('CZ', 'Processed rice')","0","0","0"
"('CZ', 'Re-processing of secondary wood material into new wood material')","0","0","0"
"('CZ', 'Re-processing of secondary paper into new pulp')","0","0","0"
"('CZ', 'Re-processing of secondary plastic into new plastic')","0","0","0"
"('CZ', 'Re-processing of secondary glass into new glass')","0","0","0"
"('CZ', 'Re-processing of ash into clinker')","0","0","0"
"('CZ', 'Re-processing of secondary preciuos metals into new preciuos metals')","0","0","0"
"('CZ', 'Re-processing of secondary aluminium into new aluminium')","0","0","0"
"('CZ', 'Re-processing of secondary lead into new lead, zinc and tin')","0","0","0"
"('CZ', 'Re-processing of secondary copper into new copper')","0","0","0"
"('CZ', 'Re-processing of secondary other non-ferrous metals into new other non-ferrous metals')","0","0","0"
"('CZ', 'Manufacture of electrical machinery and apparatus n.e.c. (31)')","0","0","0"
"('CZ', 'Manufacture of radio, television and communication equipment and apparatus (32)')","0","0","0"
"('CZ', 'Manufacture of medical, precision and optical instruments, watches and clocks (33)')","0","0","0"
"('CZ', 'Recycling of bottles by direct reuse')","0","0","0"
"('CZ', 'Production of electricity by hydro')","0","0","0"
"('CZ', 'Production of electricity by wind')","0","0","0"
"('CZ', 'Production of electricity by petroleum and other oil derivatives')","0","0","0"
"('CZ', 'Production of electricity by solar thermal')","0","0","0"
"('CZ', 'Production of electricity by tide, wave, ocean')","0","0","0"
"('CZ', 'Production of electricity by Geothermal')","0","0","0"
"('CZ', 'Production of electricity nec')","0","0","0"
"('CZ', 'Re-processing of secondary construction material into aggregates')","0","0","0"
"('CZ', 'Inland water transport')","0","0","0"
"('CZ', 'Biogasification of food waste, incl. land application')","0","0","0"
"('CZ', 'Biogasification of paper, incl. land application')","0","0","0"
"('CZ', 'Composting of paper and wood, incl. land application')","0","0","0"
"('CZ', 'Extra-territorial organizations and bodies')","0","0","0"
"('DE', 'Cultivation of paddy rice')","0","0","0"
"('DE', 'Cultivation of plant-based fibers')","0","0","0"
"('DE', 'Wool, silk-worm cocoons')","0","0","0"
"('DE', 'Manure treatment (conventional), storage and land application')","0","0","0"
"('DE', 'Manure treatment (biogas), storage and land application')","0","0","0"
"('DE', 'Extraction, liquefaction, and regasification of other petroleum and gaseous materials')","0","0","0"
"('DE', 'Mining of copper ores and concentrates')","0","0","0"
"('DE', 'Mining of nickel ores and concentrates')","0","0","0"
"('DE', 'Mining of aluminium ores and concentrates')","0","0","0"
"('DE', 'Mining of precious metal ores and concentrates')","0","0","0"
"('DE', 'Mining of lead, zinc and tin ores and concentrates')","0","0","0"
"('DE', 'Re-processing of secondary wood material into new wood material')","0","0","0"
"('DE', 'Re-processing of secondary paper into new pulp')","0","0","0"
"('DE', 'Re-processing of secondary plastic into new plastic')","0","0","0"
"('DE', 'N-fertiliser')","0","0","0"
"('DE', 'Re-processing of secondary glass into new glass')","0","0","0"
"('DE', 'Re-processing of ash into clinker')","0","0","0"
"('DE', 'Re-processing of secondary preciuos metals into new preciuos metals')","0","0","0"
"('DE', 'Re-processing of secondary aluminium into new aluminium')","0","0","0"
"('DE', 'Re-processing of secondary lead into new lead, zinc and tin')","0","0","0"
"('DE', 'Re-processing of secondary copper into new copper')","0","0","0"
"('DE', 'Re-processing of secondary other non-ferrous metals into new other non-ferrous metals')","0","0","0"
"('DE', 'Manufacture of medical, precision and optical instruments, watches and clocks (33)')","0","0","0"
"('DE', 'Recycling of bottles by direct reuse')","0","0","0"
"('DE', 'Production of electricity by solar thermal')","0","0","0"
"('DE', 'Production of electricity by tide, wave, ocean')","0","0","0"
"('DE', 'Production of electricity by Geothermal')","0","0","0"
"('DE', 'Re-processing of secondary construction material into aggregates')","0","0","0"
"('DE', 'Landfill of waste: Textiles')","0","0","0"
"('DE', 'Extra-territorial organizations and bodies')","0","0","0"
"('DK', 'Cultivation of paddy rice')","0","0","0"
"('DK', 'Cultivation of plant-based fibers')","0","0","0"
"('DK', 'Cultivation of crops nec')","0","0","0"
"('DK', 'Meat animals nec')","0","0","0"
"('DK', 'Animal products nec')","0","0","0"
"('DK', 'Wool, silk-worm cocoons')","0","0","0"
"('DK', 'Manure treatment (conventional), storage and land application')","0","0","0"
"('DK', 'Manure treatment (biogas), storage and land application')","0","0","0"
"('DK', 'Extraction, liquefaction, and regasification of other petroleum and gaseous materials')","0","0","0"
"('DK', 'Mining of uranium and thorium ores (12)')","0","0","0"
"('DK', 'Mining of iron ores')","0","0","0"
"('DK', 'Mining of copper ores and concentrates')","0","0","0"
"('DK', 'Mining of nickel ores and concentrates')","0","0","0"
"('DK', 'Mining of aluminium ores and concentrates')","0","0","0"
"('DK', 'Mining of precious metal ores and concentrates')","0","0","0"
"('DK', 'Mining of lead, zinc and tin ores and concentrates')","0","0","0"
"('DK', 'Mining of other non-ferrous metal ores and concentrates')","0","0","0"
"('DK', 'Quarrying of stone')","0","0","0"
"('DK', 'Quarrying of sand and clay')","0","0","0"
"('DK', 'Mining of chemical and fertilizer minerals, production of salt, other mining and quarrying n.e.c.')","0","0","0"
"('DK', 'Production of meat products nec')","0","0","0"
"('DK', 'Re-processing of secondary wood material into new wood material')","0","0","0"
"('DK', 'Re-processing of secondary paper into new pulp')","0","0","0"
"('DK', 'Manufacture of coke oven products')","0","0","0"
"('DK', 'Re-processing of secondary plastic into new plastic')","0","0","0"
"('DK', 'N-fertiliser')","0","0","0"
"('DK', 'Re-processing of secondary glass into new glass')","0","0","0"
"('DK', 'Re-processing of ash into clinker')","0","0","0"
"('DK', 'Re-processing of secondary steel into new steel')","0","0","0"
"('DK', 'Re-processing of secondary preciuos metals into new preciuos metals')","0","0","0"
"('DK', 'Re-processing of secondary aluminium into new aluminium')","0","0","0"
"('DK', 'Re-processing of secondary lead into new lead, zinc and tin')","0","0","0"
"('DK', 'Re-processing of secondary copper into new copper')","0","0","0"
"('DK', 'Re-processing of secondary other non-ferrous metals into new other non-ferrous metals')","0","0","0"
"('DK', 'Casting of metals')","0","0","0"
"('DK', 'Manufacture of electrical machinery and apparatus n.e.c. (31)')","0","0","0"
"('DK', 'Manufacture of radio, television and communication equipment and apparatus (32)')","0","0","0"
"('DK', 'Manufacture of medical, precision and optical instruments, watches and clocks (33)')","0","0","0"
"('DK', 'Recycling of waste and scrap')","0","0","0"
"('DK', 'Recycling of bottles by direct reuse')","0","0","0"
"('DK', 'Production of electricity by coal')","0","0","0"
"('DK', 'Production of electricity by nuclear')","0","0","0"
"('DK', 'Production of electricity by hydro')","0","0","0"
"('DK', 'Production of electricity by petroleum and other oil derivatives')","0","0","0"
"('DK', 'Production of electricity by biomass and waste')","0","0","0"
"('DK', 'Production of electricity by solar thermal')","0","0","0"
"('DK', 'Production of electricity by tide, wave, ocean')","0","0","0"
"('DK', 'Production of electricity by Geothermal')","0","0","0"
"('DK', 'Production of electricity nec')","0","0","0"
"('DK', 'Re-processing of secondary construction material into aggregates')","0","0","0"
"('DK', 'Composting of paper and wood, incl. land application')","0","0","0"
"('DK', 'Landfill of waste: Plastic')","0","0","0"
"('DK', 'Landfill of waste: Textiles')","0","0","0"
"('DK', 'Landfill of waste: Wood')","0","0","0"
"('DK', 'Extra-territorial organizations and bodies')","0","0","0"
"('EE', 'Cultivation of paddy rice')","0","0","0"
"('EE', 'Cultivation of sugar cane, sugar beet')","0","0","0"
"('EE', 'Cultivation of plant-based fibers')","0","0","0"
"('EE', 'Cultivation of crops nec')","0","0","0"
"('EE', 'Poultry farming')","0","0","0"
"('EE', 'Meat animals nec')","0","0","0"
"('EE', 'Animal products nec')","0","0","0"
"('EE', 'Wool, silk-worm cocoons')","0","0","0"
"('EE', 'Manure treatment (conventional), storage and land application')","0","0","0"
"('EE', 'Manure treatment (biogas), storage and land application')","0","0","0"
"('EE', 'Mining of coal and lignite; extraction of peat (10)')","0","0","0"
"('EE', 'Extraction of natural gas and services related to natural gas extraction, excluding surveying')","0","0","0"
"('EE', 'Mining of uranium and thorium ores (12)')","0","0","0"
"('EE', 'Mining of iron ores')","0","0","0"
"('EE', 'Mining of copper ores and concentrates')","0","0","0"
"('EE', 'Mining of nickel ores and concentrates')","0","0","0"
"('EE', 'Mining of aluminium ores and concentrates')","0","0","0"
"('EE', 'Mining of precious metal ores and concentrates')","0","0","0"
"('EE', 'Mining of lead, zinc and tin ores and concentrates')","0","0","0"
"('EE', 'Mining of other non-ferrous metal ores and concentrates')","0","0","0"
"('EE', 'Quarrying of stone')","0","0","0"
"('EE', 'Quarrying of sand and clay')","0","0","0"
"('EE', 'Mining of chemical and fertilizer minerals, production of salt, other mining and quarrying n.e.c.')","0","0","0"
"('EE', 'Processing of meat poultry')","0","0","0"
"('EE', 'Production of meat products nec')","0","0","0"
"('EE', 'Processing vegetable oils and fats')","0","0","0"
"('EE', 'Processed rice')","0","0","0"
"('EE', 'Sugar refining')","0","0","0"
"('EE', 'Manufacture of tobacco products (16)')","0","0","0"
"('EE', 'Re-processing of secondary wood material into new wood material')","0","0","0"
"('EE', 'Re-processing of secondary paper into new pulp')","0","0","0"
"('EE', 'Manufacture of coke oven products')","0","0","0"
"('EE', 'Re-processing of secondary plastic into new plastic')","0","0","0"
"('EE', 'N-fertiliser')","0","0","0"
"('EE', 'Manufacture of glass and glass products')","0","0","0"
"('EE', 'Re-processing of secondary glass into new glass')","0","0","0"
"('EE', 'Manufacture of ceramic goods')","0","0","0"
"('EE', 'Manufacture of bricks, tiles and construction products, in baked clay')","0","0","0"
"('EE', 'Re-processing of ash into clinker')","0","0","0"
"('EE', 'Re-processing of secondary steel into new steel')","0","0","0"
"('EE', 'Precious metals production')","0","0","0"
"('EE', 'Re-processing of secondary preciuos metals into new preciuos metals')","0","0","0"
"('EE', 'Re-processing of secondary aluminium into new aluminium')","0","0","0"
"('EE', 'Re-processing of secondary lead into new lead, zinc and tin')","0","0","0"
"('EE', 'Re-processing of secondary copper into new copper')","0","0","0"
"('EE', 'Re-processing of secondary other non-ferrous metals into new other non-ferrous metals')","0","0","0"
"('EE', 'Casting of metals')","0","0","0"
"('EE', 'Manufacture of electrical machinery and apparatus n.e.c. (31)')","0","0","0"
"('EE', 'Manufacture of radio, television and communication equipment and apparatus (32)')","0","0","0"
"('EE', 'Manufacture of medical, precision and optical instruments, watches and clocks (33)')","0","0","0"
"('EE', 'Manufacture of furniture; manufacturing n.e.c. (36)')","0","0","0"
"('EE', 'Recycling of waste and scrap')","0","0","0"
"('EE', 'Recycling of bottles by direct reuse')","0","0","0"
"('EE', 'Production of electricity by coal')","0","0","0"
"('EE', 'Production of electricity by nuclear')","0","0","0"
"('EE', 'Production of electricity by hydro')","0","0","0"
"('EE', 'Production of electricity by biomass and waste')","0","0","0"
"('EE', 'Production of electricity by solar photovoltaic')","0","0","0"
"('EE', 'Production of electricity by solar thermal')","0","0","0"
"('EE', 'Production of electricity by tide, wave, ocean')","0","0","0"
"('EE', 'Production of electricity by Geothermal')","0","0","0"
"('EE', 'Production of electricity nec')","0","0","0"
"('EE', 'Re-processing of secondary construction material into aggregates')","0","0","0"
"('EE', 'Incineration of waste: Food')","0","0","0"
"('EE', 'Incineration of waste: Paper')","0","0","0"
"('EE', 'Incineration of waste: Plastic')","0","0","0"
"('EE', 'Incineration of waste: Metals and Inert materials')","0","0","0"
"('EE', 'Incineration of waste: Textiles')","0","0","0"
"('EE', 'Incineration of waste: Wood')","0","0","0"
"('EE', 'Incineration of waste: Oil/Hazardous waste')","0","0","0"
"('EE', 'Biogasification of food waste, incl. land application')","0","0","0"
"('EE', 'Biogasification of paper, incl. land application')","0","0","0"
"('EE', 'Biogasification of sewage slugde, incl. land application')","0","0","0"
"('EE', 'Composting of paper and wood, incl. land application')","0","0","0"
"('EE', 'Waste water treatment, food')","0","0","0"
"('EE', 'Waste water treatment, other')","0","0","0"
"('EE', 'Landfill of waste: Food')","0","0","0"
"('EE', 'Landfill of waste: Paper')","0","0","0"
"('EE', 'Landfill of waste: Plastic')","0","0","0"
"('EE', 'Landfill of waste: Textiles')","0","0","0"
"('EE', 'Landfill of waste: Wood')","0","0","0"
"('EE', 'Private households with employed persons (95)')","0","0","0"
"('EE', 'Extra-territorial organizations and bodies')","0","0","0"
"('ES', 'Manure treatment (conventional), storage and land application')","0","0","0"
"('ES', 'Manure treatment (biogas), storage and land application')","0","0","0"
"('ES', 'Mining of coal and lignite; extraction of peat (10)')","0","0","0"
"('ES', 'Extraction, liquefaction, and regasification of other petroleum and gaseous materials')","0","0","0"
"('ES', 'Mining of uranium and thorium ores (12)')","0","0","0"
"('ES', 'Mining of iron ores')","0","0","0"
"('ES', 'Mining of aluminium ores and concentrates')","0","0","0"
"('ES', 'Re-processing of secondary wood material into new wood material')","0","0","0"
"('ES', 'Re-processing of secondary paper into new pulp')","0","0","0"
"('ES', 'Re-processing of secondary plastic into new plastic')","0","0","0"
"('ES', 'N-fertiliser')","0","0","0"
"('ES', 'Re-processing of secondary glass into new glass')","0","0","0"
"('ES', 'Re-processing of ash into clinker')","0","0","0"
"('ES', 'Re-processing of secondary preciuos metals into new preciuos metals')","0","0","0"
"('ES', 'Re-processing of secondary aluminium into new aluminium')","0","0","0"
"('ES', 'Re-processing of secondary lead into new lead, zinc and tin')","0","0","0"
"('ES', 'Re-processing of secondary copper into new copper')","0","0","0"
"('ES', 'Re-processing of secondary other non-ferrous metals into new other non-ferrous metals')","0","0","0"
"('ES', 'Manufacture of electrical machinery and apparatus n.e.c. (31)')","0","0","0"
"('ES', 'Manufacture of radio, television and communication equipment and apparatus (32)')","0","0","0"
"('ES', 'Manufacture of medical, precision and optical instruments, watches and clocks (33)')","0","0","0"
"('ES', 'Recycling of bottles by direct reuse')","0","0","0"
"('ES', 'Production of electricity by tide, wave, ocean')","0","0","0"
"('ES', 'Production of electricity by Geothermal')","0","0","0"
"('ES', 'Production of electricity nec')","0","0","0"
"('ES', 'Steam and hot water supply')","0","0","0"
"('ES', 'Re-processing of secondary construction material into aggregates')","0","0","0"
"('ES', 'Composting of paper and wood, incl. land application')","0","0","0"
"('ES', 'Extra-territorial organizations and bodies')","0","0","0"
"('FI', 'Cultivation of paddy rice')","0","0","0"
"('FI', 'Cultivation of plant-based fibers')","0","0","0"
"('FI', 'Meat animals nec')","0","0","0"
"('FI', 'Animal products nec')","0","0","0"
"('FI', 'Wool, silk-worm cocoons')","0","0","0"
"('FI', 'Manure treatment (conventional), storage and land application')","0","0","0"
"('FI', 'Manure treatment (biogas), storage and land application')","0","0","0"
"('FI', 'Extraction of crude petroleum and services related to crude oil extraction, excluding surveying')","0","0","0"
"('FI', 'Extraction of natural gas and services related to natural gas extraction, excluding surveying')","0","0","0"
"('FI', 'Mining of uranium and thorium ores (12)')","0","0","0"
"('FI', 'Mining of iron ores')","0","0","0"
"('FI', 'Mining of aluminium ores and concentrates')","0","0","0"
"('FI', 'Quarrying of stone')","0","0","0"
"('FI', 'Production of meat products nec')","0","0","0"
"('FI', 'Processing vegetable oils and fats')","0","0","0"
"('FI', 'Processed rice')","0","0","0"
"('FI', 'Manufacture of tobacco products (16)')","0","0","0"
"('FI', 'Re-processing of secondary wood material into new wood material')","0","0","0"
"('FI', 'Re-processing of secondary paper into new pulp')","0","0","0"
"('FI', 'Re-processing of secondary plastic into new plastic')","0","0","0"
"('FI', 'N-fertiliser')","0","0","0"
"('FI', 'Re-processing of secondary glass into new glass')","0","0","0"
"('FI', 'Re-processing of ash into clinker')","0","0","0"
"('FI', 'Re-processing of secondary preciuos metals into new preciuos metals')","0","0","0"
"('FI', 'Re-processing of secondary aluminium into new aluminium')","0","0","0"
"('FI', 'Re-processing of secondary lead into new lead, zinc and tin')","0","0","0"
"('FI', 'Re-processing of secondary copper into new copper')","0","0","0"
"('FI', 'Re-processing of secondary other non-ferrous metals into new other non-ferrous metals')","0","0","0"
"('FI', 'Manufacture of electrical machinery and apparatus n.e.c. (31)')","0","0","0"
"('FI', 'Manufacture of radio, television and communication equipment and apparatus (32)')","0","0","0"
"('FI', 'Manufacture of medical, precision and optical instruments, watches and clocks (33)')","0","0","0"
"('FI', 'Recycling of bottles by direct reuse')","0","0","0"
"('FI', 'Production of electricity by petroleum and other oil derivatives')","0","0","0"
"('FI', 'Production of electricity by solar photovoltaic')","0","0","0"
"('FI', 'Production of electricity by solar thermal')","0","0","0"
"('FI', 'Production of electricity by tide, wave, ocean')","0","0","0"
"('FI', 'Production of electricity by Geothermal')","0","0","0"
"('FI', 'Production of electricity nec')","0","0","0"
"('FI', 'Re-processing of secondary construction material into aggregates')","0","0","0"
"('FI', 'Inland water transport')","0","0","0"
"('FI', 'Incineration of waste: Textiles')","0","0","0"
"('FI', 'Biogasification of food waste, incl. land application')","0","0","0"
"('FI', 'Biogasification of paper, incl. land application')","0","0","0"
"('FI', 'Composting of paper and wood, incl. land application')","0","0","0"
"('FI', 'Landfill of waste: Textiles')","0","0","0"
"('FI', 'Extra-territorial organizations and bodies')","0","0","0"
"('FR', 'Wool, silk-worm cocoons')","0","0","0"
"('FR', 'Manure treatment (conventional), storage and land application')","0","0","0"
"('FR', 'Manure treatment (biogas), storage and land application')","0","0","0"
"('FR', 'Mining of coal and lignite; extraction of peat (10)')","0","0","0"
"('FR', 'Extraction, liquefaction, and regasification of other petroleum and gaseous materials')","0","0","0"
"('FR', 'Mining of iron ores')","0","0","0"
"('FR', 'Mining of copper ores and concentrates')","0","0","0"
"('FR', 'Mining of nickel ores and concentrates')","0","0","0"
"('FR', 'Mining of precious metal ores and concentrates')","0","0","0"
"('FR', 'Mining of lead, zinc and tin ores and concentrates')","0","0","0"
"('FR', 'Mining of other non-ferrous metal ores and concentrates')","0","0","0"
"('FR', 'Re-processing of secondary wood material into new wood material')","0","0","0"
"('FR', 'Re-processing of secondary paper into new pulp')","0","0","0"
"('FR', 'Re-processing of secondary plastic into new plastic')","0","0","0"
"('FR', 'N-fertiliser')","0","0","0"
"('FR', 'Re-processing of secondary glass into new glass')","0","0","0"
"('FR', 'Re-processing of ash into clinker')","0","0","0"
"('FR', 'Re-processing of secondary preciuos metals into new preciuos metals')","0","0","0"
"('FR', 'Re-processing of secondary aluminium into new aluminium')","0","0","0"
"('FR', 'Re-processing of secondary lead into new lead, zinc and tin')","0","0","0"
"('FR', 'Re-processing of secondary copper into new copper')","0","0","0"
"('FR', 'Re-processing of secondary other non-ferrous metals into new other non-ferrous metals')","0","0","0"
"('FR', 'Manufacture of electrical machinery and apparatus n.e.c. (31)')","0","0","0"
"('FR', 'Manufacture of radio, television and communication equipment and apparatus (32)')","0","0","0"
"('FR', 'Manufacture of medical, precision and optical instruments, watches and clocks (33)')","0","0","0"
"('FR', 'Recycling of waste and scrap')","0","0","0"
"('FR', 'Recycling of bottles by direct reuse')","0","0","0"
"('FR', 'Production of electricity by solar thermal')","0","0","0"
"('FR', 'Production of electricity by Geothermal')","0","0","0"
"('FR', 'Re-processing of secondary construction material into aggregates')","0","0","0"
"('FR', 'Composting of paper and wood, incl. land application')","0","0","0"
"('FR', 'Extra-territorial organizations and bodies')","0","0","0"
"('GR', 'Cultivation of paddy rice')","0","0","0"
"('GR', 'Cultivation of sugar cane, sugar beet')","0","0","0"
"('GR', 'Animal products nec')","0","0","0"
"('GR', 'Wool, silk-worm cocoons')","0","0","0"
"('GR', 'Manure treatment (conventional), storage and land application')","0","0","0"
"('GR', 'Manure treatment (biogas), storage and land application')","0","0","0"
"('GR', 'Extraction of natural gas and services related to natural gas extraction, excluding surveying')","0","0","0"
"('GR', 'Extraction, liquefaction, and regasification of other petroleum and gaseous materials')","0","0","0"
"('GR', 'Mining of uranium and thorium ores (12)')","0","0","0"
"('GR', 'Mining of copper ores and concentrates')","0","0","0"
"('GR', 'Mining of lead, zinc and tin ores and concentrates')","0","0","0"
"('GR', 'Mining of other non-ferrous metal ores and concentrates')","0","0","0"
"('GR', 'Processed rice')","0","0","0"
"('GR', 'Sugar refining')","0","0","0"
"('GR', 'Re-processing of secondary wood material into new wood material')","0","0","0"
"('GR', 'Re-processing of secondary paper into new pulp')","0","0","0"
"('GR', 'Manufacture of coke oven products')","0","0","0"
"('GR', 'Processing of nuclear fuel')","0","0","0"
"('GR', 'Re-processing of secondary plastic into new plastic')","0","0","0"
"('GR', 'N-fertiliser')","0","0","0"
"('GR', 'Manufacture of glass and glass products')","0","0","0"
"('GR', 'Re-processing of secondary glass into new glass')","0","0","0"
"('GR', 'Re-processing of ash into clinker')","0","0","0"
"('GR', 'Manufacture of basic iron and steel and of ferro-alloys and first products thereof')","0","0","0"
"('GR', 'Precious metals production')","0","0","0"
"('GR', 'Re-processing of secondary preciuos metals into new preciuos metals')","0","0","0"
"('GR', 'Re-processing of secondary aluminium into new aluminium')","0","0","0"
"('GR', 'Lead, zinc and tin production')","0","0","0"
"('GR', 'Re-processing of secondary lead into new lead, zinc and tin')","0","0","0"
"('GR', 'Re-processing of secondary copper into new copper')","0","0","0"
"('GR', 'Other non-ferrous metal production')","0","0","0"
"('GR', 'Re-processing of secondary other non-ferrous metals into new other non-ferrous metals')","0","0","0"
"('GR', 'Casting of metals')","0","0","0"
"('GR', 'Manufacture of machinery and equipment n.e.c. (29)')","0","0","0"
"('GR', 'Recycling of waste and scrap')","0","0","0"
"('GR', 'Recycling of bottles by direct reuse')","0","0","0"
"('GR', 'Production of electricity by nuclear')","0","0","0"
"('GR', 'Production of electricity by hydro')","0","0","0"
"('GR', 'Production of electricity by biomass and waste')","0","0","0"
"('GR', 'Production of electricity by solar thermal')","0","0","0"
"('GR', 'Production of electricity by tide, wave, ocean')","0","0","0"
"('GR', 'Production of electricity by Geothermal')","0","0","0"
"('GR', 'Production of electricity nec')","0","0","0"
"('GR', 'Steam and hot water supply')","0","0","0"
"('GR', 'Collection, purification and distribution of water (41)')","0","0","0"
"('GR', 'Re-processing of secondary construction material into aggregates')","0","0","0"
"('GR', 'Renting of machinery and equipment without operator and of personal and household goods (71)')","0","0","0"
"('GR', 'Incineration of waste: Food')","0","0","0"
"('GR', 'Incineration of waste: Paper')","0","0","0"
"('GR', 'Incineration of waste: Plastic')","0","0","0"
"('GR', 'Incineration of waste: Metals and Inert materials')","0","0","0"
"('GR', 'Incineration of waste: Textiles')","0","0","0"
"('GR', 'Incineration of waste: Wood')","0","0","0"
"('GR', 'Incineration of waste: Oil/Hazardous waste')","0","0","0"
"('GR', 'Biogasification of food waste, incl. land application')","0","0","0"
"('GR', 'Biogasification of paper, incl. land application')","0","0","0"
"('GR', 'Biogasification of sewage slugde, incl. land application')","0","0","0"
"('GR', 'Composting of food waste, incl. land application')","0","0","0"
"('GR', 'Composting of paper and wood, incl. land application')","0","0","0"
"('GR', 'Waste water treatment, food')","0","0","0"
"('GR', 'Waste water treatment, other')","0","0","0"
"('GR', 'Landfill of waste: Food')","0","0","0"
"('GR', 'Landfill of waste: Paper')","0","0","0"
"('GR', 'Landfill of waste: Plastic')","0","0","0"
"('GR', 'Landfill of waste: Inert/metal/hazardous')","0","0","0"
"('GR', 'Landfill of waste: Textiles')","0","0","0"
"('GR', 'Landfill of waste: Wood')","0","0","0"
"('GR', 'Extra-territorial organizations and bodies')","0","0","0"
"('HR', 'Cultivation of paddy rice')","0","0","0"
"('HR', 'Cultivation of oil seeds')","0","0","0"
"('HR', 'Cultivation of plant-based fibers')","0","0","0"
"('HR', 'Cultivation of crops nec')","0","0","0"
"('HR', 'Cattle farming')","0","0","0"
"('HR', 'Pigs farming')","0","0","0"
"('HR', 'Poultry farming')","0","0","0"
"('HR', 'Meat animals nec')","0","0","0"
"('HR', 'Animal products nec')","0","0","0"
"('HR', 'Wool, silk-worm cocoons')","0","0","0"
"('HR', 'Manure treatment (conventional), storage and land application')","0","0","0"
"('HR', 'Manure treatment (biogas), storage and land application')","0","0","0"
"('HR', 'Mining of coal and lignite; extraction of peat (10)')","0","0","0"
"('HR', 'Mining of uranium and thorium ores (12)')","0","0","0"
"('HR', 'Mining of iron ores')","0","0","0"
"('HR', 'Mining of copper ores and concentrates')","0","0","0"
"('HR', 'Mining of nickel ores and concentrates')","0","0","0"
"('HR', 'Mining of aluminium ores and concentrates')","0","0","0"
"('HR', 'Mining of precious metal ores and concentrates')","0","0","0"
"('HR', 'Mining of lead, zinc and tin ores and concentrates')","0","0","0"
"('HR', 'Mining of other non-ferrous metal ores and concentrates')","0","0","0"
"('HR', 'Quarrying of stone')","0","0","0"
"('HR', 'Quarrying of sand and clay')","0","0","0"
"('HR', 'Mining of chemical and fertilizer minerals, production of salt, other mining and quarrying n.e.c.')","0","0","0"
"('HR', 'Processing of meat cattle')","0","0","0"
"('HR', 'Processed rice')","0","0","0"
"('HR', 'Manufacture of fish products')","0","0","0"
"('HR', 'Re-processing of secondary wood material into new wood material')","0","0","0"
"('HR', 'Re-processing of secondary paper into new pulp')","0","0","0"
"('HR', 'Manufacture of coke oven products')","0","0","0"
"('HR', 'Processing of nuclear fuel')","0","0","0"
"('HR', 'Re-processing of secondary plastic into new plastic')","0","0","0"
"('HR', 'N-fertiliser')","0","0","0"
"('HR', 'Manufacture of glass and glass products')","0","0","0"
"('HR', 'Re-processing of secondary glass into new glass')","0","0","0"
"('HR', 'Re-processing of ash into clinker')","0","0","0"
"('HR', 'Manufacture of basic iron and steel and of ferro-alloys and first products thereof')","0","0","0"
"('HR', 'Precious metals production')","0","0","0"
"('HR', 'Re-processing of secondary preciuos metals into new preciuos metals')","0","0","0"
"('HR', 'Re-processing of secondary aluminium into new aluminium')","0","0","0"
"('HR', 'Lead, zinc and tin production')","0","0","0"
"('HR', 'Re-processing of secondary lead into new lead, zinc and tin')","0","0","0"
"('HR', 'Re-processing of secondary copper into new copper')","0","0","0"
"('HR', 'Other non-ferrous metal production')","0","0","0"
"('HR', 'Re-processing of secondary other non-ferrous metals into new other non-ferrous metals')","0","0","0"
"('HR', 'Casting of metals')","0","0","0"
"('HR', 'Manufacture of electrical machinery and apparatus n.e.c. (31)')","0","0","0"
"('HR', 'Manufacture of radio, television and communication equipment and apparatus (32)')","0","0","0"
"('HR', 'Manufacture of medical, precision and optical instruments, watches and clocks (33)')","0","0","0"
"('HR', 'Manufacture of furniture; manufacturing n.e.c. (36)')","0","0","0"
"('HR', 'Recycling of waste and scrap')","0","0","0"
"('HR', 'Recycling of bottles by direct reuse')","0","0","0"
"('HR', 'Production of electricity by nuclear')","0","0","0"
"('HR', 'Production of electricity by petroleum and other oil derivatives')","0","0","0"
"('HR', 'Production of electricity by biomass and waste')","0","0","0"
"('HR', 'Production of electricity by solar photovoltaic')","0","0","0"
"('HR', 'Production of electricity by solar thermal')","0","0","0"
"('HR', 'Production of electricity by tide, wave, ocean')","0","0","0"
"('HR', 'Production of electricity by Geothermal')","0","0","0"
"('HR', 'Production of electricity nec')","0","0","0"
"('HR', 'Re-processing of secondary construction material into aggregates')","0","0","0"
"('HR', 'Incineration of waste: Food')","0","0","0"
"('HR', 'Incineration of waste: Paper')","0","0","0"
"('HR', 'Incineration of waste: Plastic')","0","0","0"
"('HR', 'Incineration of waste: Metals and Inert materials')","0","0","0"
"('HR', 'Incineration of waste: Textiles')","0","0","0"
"('HR', 'Incineration of waste: Wood')","0","0","0"
"('HR', 'Incineration of waste: Oil/Hazardous waste')","0","0","0"
"('HR', 'Biogasification of food waste, incl. land application')","0","0","0"
"('HR', 'Biogasification of paper, incl. land application')","0","0","0"
"('HR', 'Biogasification of sewage slugde, incl. land application')","0","0","0"
"('HR', 'Composting of food waste, incl. land application')","0","0","0"
"('HR', 'Composting of paper and wood, incl. land application')","0","0","0"
"('HR', 'Waste water treatment, food')","0","0","0"
"('HR', 'Waste water treatment, other')","0","0","0"
"('HR', 'Landfill of waste: Food')","0","0","0"
"('HR', 'Landfill of waste: Paper')","0","0","0"
"('HR', 'Landfill of waste: Plastic')","0","0","0"
"('HR', 'Landfill of waste: Inert/metal/hazardous')","0","0","0"
"('HR', 'Landfill of waste: Textiles')","0","0","0"
"('HR', 'Landfill of waste: Wood')","0","0","0"
"('HR', 'Private households with employed persons (95)')","0","0","0"
"('HR', 'Extra-territorial organizations and bodies')","0","0","0"
"('HU', 'Cultivation of paddy rice')","0","0","0"
"('HU', 'Cultivation of plant-based fibers')","0","0","0"
"('HU', 'Cultivation of crops nec')","0","0","0"
"('HU', 'Animal products nec')","0","0","0"
"('HU', 'Wool, silk-worm cocoons')","0","0","0"
"('HU', 'Manure treatment (conventional), storage and land application')","0","0","0"
"('HU', 'Manure treatment (biogas), storage and land application')","0","0","0"
"('HU', 'Mining of uranium and thorium ores (12)')","0","0","0"
"('HU', 'Mining of iron ores')","0","0","0"
"('HU', 'Mining of copper ores and concentrates')","0","0","0"
"('HU', 'Mining of nickel ores and concentrates')","0","0","0"
"('HU', 'Mining of aluminium ores and concentrates')","0","0","0"
"('HU', 'Mining of precious metal ores and concentrates')","0","0","0"
"('HU', 'Mining of lead, zinc and tin ores and concentrates')","0","0","0"
"('HU', 'Mining of other non-ferrous metal ores and concentrates')","0","0","0"
"('HU', 'Mining of chemical and fertilizer minerals, production of salt, other mining and quarrying n.e.c.')","0","0","0"
"('HU', 'Processed rice')","0","0","0"
"('HU', 'Manufacture of fish products')","0","0","0"
"('HU', 'Re-processing of secondary wood material into new wood material')","0","0","0"
"('HU', 'Re-processing of secondary paper into new pulp')","0","0","0"
"('HU', 'Processing of nuclear fuel')","0","0","0"
"('HU', 'Re-processing of secondary plastic into new plastic')","0","0","0"
"('HU', 'N-fertiliser')","0","0","0"
"('HU', 'Re-processing of secondary glass into new glass')","0","0","0"
"('HU', 'Re-processing of ash into clinker')","0","0","0"
"('HU', 'Re-processing of secondary preciuos metals into new preciuos metals')","0","0","0"
"('HU', 'Re-processing of secondary aluminium into new aluminium')","0","0","0"
"('HU', 'Lead, zinc and tin production')","0","0","0"
"('HU', 'Re-processing of secondary lead into new lead, zinc and tin')","0","0","0"
"('HU', 'Re-processing of secondary copper into new copper')","0","0","0"
"('HU', 'Other non-ferrous metal production')","0","0","0"
"('HU', 'Re-processing of secondary other non-ferrous metals into new other non-ferrous metals')","0","0","0"
"('HU', 'Manufacture of electrical machinery and apparatus n.e.c. (31)')","0","0","0"
"('HU', 'Manufacture of radio, television and communication equipment and apparatus (32)')","0","0","0"
"('HU', 'Manufacture of medical, precision and optical instruments, watches and clocks (33)')","0","0","0"
"('HU', 'Recycling of waste and scrap')","0","0","0"
"('HU', 'Recycling of bottles by direct reuse')","0","0","0"
"('HU', 'Production of electricity by hydro')","0","0","0"
"('HU', 'Production of electricity by wind')","0","0","0"
"('HU', 'Production of electricity by petroleum and other oil derivatives')","0","0","0"
"('HU', 'Production of electricity by biomass and waste')","0","0","0"
"('HU', 'Production of electricity by solar thermal')","0","0","0"
"('HU', 'Production of electricity by tide, wave, ocean')","0","0","0"
"('HU', 'Production of electricity by Geothermal')","0","0","0"
"('HU', 'Production of electricity nec')","0","0","0"
"('HU', 'Re-processing of secondary construction material into aggregates')","0","0","0"
"('HU', 'Incineration of waste: Wood')","0","0","0"
"('HU', 'Biogasification of food waste, incl. land application')","0","0","0"
"('HU', 'Biogasification of paper, incl. land application')","0","0","0"
"('HU', 'Composting of paper and wood, incl. land application')","0","0","0"
"('HU', 'Landfill of waste: Textiles')","0","0","0"
"('HU', 'Extra-territorial organizations and bodies')","0","0","0"
"('IE', 'Cultivation of paddy rice')","0","0","0"
"('IE', 'Cultivation of plant-based fibers')","0","0","0"
"('IE', 'Cultivation of crops nec')","0","0","0"
"('IE', 'Animal products nec')","0","0","0"
"('IE', 'Manure treatment (conventional), storage and land application')","0","0","0"
"('IE', 'Manure treatment (biogas), storage and land application')","0","0","0"
"('IE', 'Mining of coal and lignite; extraction of peat (10)')","0","0","0"
"('IE', 'Extraction of crude petroleum and services related to crude oil extraction, excluding surveying')","0","0","0"
"('IE', 'Mining of uranium and thorium ores (12)')","0","0","0"
"('IE', 'Mining of iron ores')","0","0","0"
"('IE', 'Mining of copper ores and concentrates')","0","0","0"
"('IE', 'Mining of nickel ores and concentrates')","0","0","0"
"('IE', 'Mining of aluminium ores and concentrates')","0","0","0"
"('IE', 'Mining of other non-ferrous metal ores and concentrates')","0","0","0"
"('IE', 'Mining of chemical and fertilizer minerals, production of salt, other mining and quarrying n.e.c.')","0","0","0"
"('IE', 'Processing vegetable oils and fats')","0","0","0"
"('IE', 'Processed rice')","0","0","0"
"('IE', 'Sugar refining')","0","0","0"
"('IE', 'Manufacture of tobacco products (16)')","0","0","0"
"('IE', 'Re-processing of secondary wood material into new wood material')","0","0","0"
"('IE', 'Re-processing of secondary paper into new pulp')","0","0","0"
"('IE', 'Manufacture of coke oven products')","0","0","0"
"('IE', 'Re-processing of secondary plastic into new plastic')","0","0","0"
"('IE', 'N-fertiliser')","0","0","0"
"('IE', 'Re-processing of secondary glass into new glass')","0","0","0"
"('IE', 'Manufacture of ceramic goods')","0","0","0"
"('IE', 'Manufacture of bricks, tiles and construction products, in baked clay')","0","0","0"
"('IE', 'Re-processing of ash into clinker')","0","0","0"
"('IE', 'Re-processing of secondary steel into new steel')","0","0","0"
"('IE', 'Re-processing of secondary preciuos metals into new preciuos metals')","0","0","0"
"('IE', 'Re-processing of secondary aluminium into new aluminium')","0","0","0"
"('IE', 'Re-processing of secondary lead into new lead, zinc and tin')","0","0","0"
"('IE', 'Re-processing of secondary copper into new copper')","0","0","0"
"('IE', 'Re-processing of secondary other non-ferrous metals into new other non-ferrous metals')","0","0","0"
"('IE', 'Casting of metals')","0","0","0"
"('IE', 'Manufacture of medical, precision and optical instruments, watches and clocks (33)')","0","0","0"
"('IE', 'Recycling of waste and scrap')","0","0","0"
"('IE', 'Recycling of bottles by direct reuse')","0","0","0"
"('IE', 'Production of electricity by coal')","0","0","0"
"('IE', 'Production of electricity by nuclear')","0","0","0"
"('IE', 'Production of electricity by hydro')","0","0","0"
"('IE', 'Production of electricity by solar photovoltaic')","0","0","0"
"('IE', 'Production of electricity by solar thermal')","0","0","0"
"('IE', 'Production of electricity by tide, wave, ocean')","0","0","0"
"('IE', 'Production of electricity by Geothermal')","0","0","0"
"('IE', 'Production of electricity nec')","0","0","0"
"('IE', 'Steam and hot water supply')","0","0","0"
"('IE', 'Re-processing of secondary construction material into aggregates')","0","0","0"
"('IE', 'Retail sale of automotive fuel')","0","0","0"
"('IE', 'Incineration of waste: Food')","0","0","0"
"('IE', 'Incineration of waste: Paper')","0","0","0"
"('IE', 'Incineration of waste: Plastic')","0","0","0"
"('IE', 'Incineration of waste: Metals and Inert materials')","0","0","0"
"('IE', 'Incineration of waste: Textiles')","0","0","0"
"('IE', 'Incineration of waste: Wood')","0","0","0"
"('IE', 'Incineration of waste: Oil/Hazardous waste')","0","0","0"
"('IE', 'Biogasification of food waste, incl. land application')","0","0","0"
"('IE', 'Biogasification of paper, incl. land application')","0","0","0"
"('IE', 'Biogasification of sewage slugde, incl. land application')","0","0","0"
"('IE', 'Composting of food waste, incl. land application')","0","0","0"
"('IE', 'Composting of paper and wood, incl. land application')","0","0","0"
"('IE', 'Waste water treatment, food')","0","0","0"
"('IE', 'Waste water treatment, other')","0","0","0"
"('IE', 'Landfill of waste: Food')","0","0","0"
"('IE', 'Landfill of waste: Paper')","0","0","0"
"('IE', 'Landfill of waste: Plastic')","0","0","0"
"('IE', 'Landfill of waste: Inert/metal/hazardous')","0","0","0"
"('IE', 'Landfill of waste: Textiles')","0","0","0"
"('IE', 'Landfill of waste: Wood')","0","0","0"
"('IE', 'Extra-territorial organizations and bodies')","0","0","0"
"('IT', 'Cultivation of plant-based fibers')","0","0","0"
"('IT', 'Animal products nec')","0","0","0"
"('IT', 'Wool, silk-worm cocoons')","0","0","0"
"('IT', 'Manure treatment (conventional), storage and land application')","0","0","0"
"('IT', 'Manure treatment (biogas), storage and land application')","0","0","0"
"('IT', 'Mining of coal and lignite; extraction of peat (10)')","0","0","0"
"('IT', 'Mining of uranium and thorium ores (12)')","0","0","0"
"('IT', 'Mining of iron ores')","0","0","0"
"('IT', 'Mining of copper ores and concentrates')","0","0","0"
"('IT', 'Mining of nickel ores and concentrates')","0","0","0"
"('IT', 'Mining of aluminium ores and concentrates')","0","0","0"
"('IT', 'Mining of precious metal ores and concentrates')","0","0","0"
"('IT', 'Mining of lead, zinc and tin ores and concentrates')","0","0","0"
"('IT', 'Mining of other non-ferrous metal ores and concentrates')","0","0","0"
"('IT', 'Re-processing of secondary wood material into new wood material')","0","0","0"
"('IT', 'Re-processing of secondary paper into new pulp')","0","0","0"
"('IT', 'Re-processing of secondary plastic into new plastic')","0","0","0"
"('IT', 'N-fertiliser')","0","0","0"
"('IT', 'Re-processing of secondary glass into new glass')","0","0","0"
"('IT', 'Re-processing of ash into clinker')","0","0","0"
"('IT', 'Re-processing of secondary preciuos metals into new preciuos metals')","0","0","0"
"('IT', 'Re-processing of secondary aluminium into new aluminium')","0","0","0"
"('IT', 'Re-processing of secondary lead into new lead, zinc and tin')","0","0","0"
"('IT', 'Re-processing of secondary copper into new copper')","0","0","0"
"('IT', 'Re-processing of secondary other non-ferrous metals into new other non-ferrous metals')","0","0","0"
"('IT', 'Manufacture of electrical machinery and apparatus n.e.c. (31)')","0","0","0"
"('IT', 'Manufacture of radio, television and communication equipment and apparatus (32)')","0","0","0"
"('IT', 'Manufacture of medical, precision and optical instruments, watches and clocks (33)')","0","0","0"
"('IT', 'Recycling of bottles by direct reuse')","0","0","0"
"('IT', 'Production of electricity by nuclear')","0","0","0"
"('IT', 'Production of electricity by solar thermal')","0","0","0"
"('IT', 'Production of electricity by tide, wave, ocean')","0","0","0"
"('IT', 'Re-processing of secondary construction material into aggregates')","0","0","0"
"('IT', 'Extra-territorial organizations and bodies')","0","0","0"
"('LT', 'Cultivation of paddy rice')","0","0","0"
"('LT', 'Cultivation of plant-based fibers')","0","0","0"
"('LT', 'Meat animals nec')","0","0","0"
"('LT', 'Animal products nec')","0","0","0"
"('LT', 'Wool, silk-worm cocoons')","0","0","0"
"('LT', 'Manure treatment (conventional), storage and land application')","0","0","0"
"('LT', 'Manure treatment (biogas), storage and land application')","0","0","0"
"('LT', 'Mining of coal and lignite; extraction of peat (10)')","0","0","0"
"('LT', 'Extraction of natural gas and services related to natural gas extraction, excluding surveying')","0","0","0"
"('LT', 'Extraction, liquefaction, and regasification of other petroleum and gaseous materials')","0","0","0"
"('LT', 'Mining of uranium and thorium ores (12)')","0","0","0"
"('LT', 'Mining of iron ores')","0","0","0"
"('LT', 'Mining of copper ores and concentrates')","0","0","0"
"('LT', 'Mining of nickel ores and concentrates')","0","0","0"
"('LT', 'Mining of aluminium ores and concentrates')","0","0","0"
"('LT', 'Mining of precious metal ores and concentrates')","0","0","0"
"('LT', 'Mining of lead, zinc and tin ores and concentrates')","0","0","0"
"('LT', 'Mining of other non-ferrous metal ores and concentrates')","0","0","0"
"('LT', 'Mining of chemical and fertilizer minerals, production of salt, other mining and quarrying n.e.c.')","0","0","0"
"('LT', 'Processing of meat poultry')","0","0","0"
"('LT', 'Production of meat products nec')","0","0","0"
"('LT', 'Processing vegetable oils and fats')","0","0","0"
"('LT', 'Processed rice')","0","0","0"
"('LT', 'Processing of Food products nec')","0","0","0"
"('LT', 'Manufacture of beverages')","0","0","0"
"('LT', 'Manufacture of fish products')","0","0","0"
"('LT', 'Manufacture of tobacco products (16)')","0","0","0"
"('LT', 'Manufacture of textiles (17)')","0","0","0"
"('LT', 'Manufacture of wearing apparel; dressing and dyeing of fur (18)')","0","0","0"
"('LT', 'Tanning and dressing of leather; manufacture of luggage, handbags, saddlery, harness and footwear (19)')","0","0","0"
"('LT', 'Re-processing of secondary wood material into new wood material')","0","0","0"
"('LT', 'Pulp')","0","0","0"
"('LT', 'Re-processing of secondary paper into new pulp')","0","0","0"
"('LT', 'Paper')","0","0","0"
"('LT', 'Publishing, printing and reproduction of recorded media (22)')","0","0","0"
"('LT', 'Manufacture of coke oven products')","0","0","0"
"('LT', 'Processing of nuclear fuel')","0","0","0"
"('LT', 'Re-processing of secondary plastic into new plastic')","0","0","0"
"('LT', 'N-fertiliser')","0","0","0"
"('LT', 'Manufacture of glass and glass products')","0","0","0"
"('LT', 'Re-processing of secondary glass into new glass')","0","0","0"
"('LT', 'Manufacture of ceramic goods')","0","0","0"
"('LT', 'Manufacture of bricks, tiles and construction products, in baked clay')","0","0","0"
"('LT', 'Re-processing of ash into clinker')","0","0","0"
"('LT', 'Manufacture of other non-metallic mineral products n.e.c.')","0","0","0"
"('LT', 'Manufacture of basic iron and steel and of ferro-alloys and first products thereof')","0","0","0"
"('LT', 'Re-processing of secondary steel into new steel')","0","0","0"
"('LT', 'Precious metals production')","0","0","0"
"('LT', 'Re-processing of secondary preciuos metals into new preciuos metals')","0","0","0"
"('LT', 'Aluminium production')","0","0","0"
"('LT', 'Re-processing of secondary aluminium into new aluminium')","0","0","0"
"('LT', 'Re-processing of secondary lead into new lead, zinc and tin')","0","0","0"
"('LT', 'Copper production')","0","0","0"
"('LT', 'Re-processing of secondary copper into new copper')","0","0","0"
"('LT', 'Other non-ferrous metal production')","0","0","0"
"('LT', 'Re-processing of secondary other non-ferrous metals into new other non-ferrous metals')","0","0","0"
"('LT', 'Casting of metals')","0","0","0"
"('LT', 'Manufacture of office machinery and computers (30)')","0","0","0"
"('LT', 'Manufacture of electrical machinery and apparatus n.e.c. (31)')","0","0","0"
"('LT', 'Manufacture of radio, television and communication equipment and apparatus (32)')","0","0","0"
"('LT', 'Manufacture of medical, precision and optical instruments, watches and clocks (33)')","0","0","0"
"('LT', 'Manufacture of other transport equipment (35)')","0","0","0"
"('LT', 'Manufacture of furniture; manufacturing n.e.c. (36)')","0","0","0"
"('LT', 'Recycling of waste and scrap')","0","0","0"
"('LT', 'Recycling of bottles by direct reuse')","0","0","0"
"('LT', 'Production of electricity by coal')","0","0","0"
"('LT', 'Production of electricity by nuclear')","0","0","0"
"('LT', 'Production of electricity by hydro')","0","0","0"
"('LT', 'Production of electricity by wind')","0","0","0"
"('LT', 'Production of electricity by petroleum and other oil derivatives')","0","0","0"
"('LT', 'Production of electricity by biomass and waste')","0","0","0"
"('LT', 'Production of electricity by solar photovoltaic')","0","0","0"
"('LT', 'Production of electricity by solar thermal')","0","0","0"
"('LT', 'Production of electricity by tide, wave, ocean')","0","0","0"
"('LT', 'Production of electricity by Geothermal')","0","0","0"
"('LT', 'Production of electricity nec')","0","0","0"
"('LT', 'Transmission of electricity')","0","0","0"
"('LT', 'Steam and hot water supply')","0","0","0"
"('LT', 'Collection, purification and distribution of water (41)')","0","0","0"
"('LT', 'Re-processing of secondary construction material into aggregates')","0","0","0"
"('LT', 'Transport via pipelines')","0","0","0"
"('LT', 'Inland water transport')","0","0","0"
"('LT', 'Incineration of waste: Food')","0","0","0"
"('LT', 'Incineration of waste: Paper')","0","0","0"
"('LT', 'Incineration of waste: Plastic')","0","0","0"
"('LT', 'Incineration of waste: Textiles')","0","0","0"
"('LT', 'Incineration of waste: Wood')","0","0","0"
"('LT', 'Incineration of waste: Oil/Hazardous waste')","0","0","0"
"('LT', 'Biogasification of food waste, incl. land application')","0","0","0"
"('LT', 'Biogasification of paper, incl. land application')","0","0","0"
"('LT', 'Biogasification of sewage slugde, incl. land application')","0","0","0"
"('LT', 'Composting of paper and wood, incl. land application')","0","0","0"
"('LT', 'Waste water treatment, food')","0","0","0"
"('LT', 'Landfill of waste: Plastic')","0","0","0"
"('LT', 'Landfill of waste: Textiles')","0","0","0"
"('LT', 'Landfill of waste: Wood')","0","0","0"
"('LT', 'Private households with employed persons (95)')","0","0","0"
"('LT', 'Extra-territorial organizations and bodies')","0","0","0"
"('LU', 'Cultivation of paddy rice')","0","0","0"
"('LU', 'Cultivation of wheat')","0","0","0"
"('LU', 'Cultivation of cereal grains nec')","0","0","0"
"('LU', 'Cultivation of oil seeds')","0","0","0"
"('LU', 'Cultivation of sugar cane, sugar beet')","0","0","0"
"('LU', 'Cultivation of plant-based fibers')","0","0","0"
"('LU', 'Cultivation of crops nec')","0","0","0"
"('LU', 'Pigs farming')","0","0","0"
"('LU', 'Poultry farming')","0","0","0"
"('LU', 'Meat animals nec')","0","0","0"
"('LU', 'Animal products nec')","0","0","0"
"('LU', 'Wool, silk-worm cocoons')","0","0","0"
"('LU', 'Manure treatment (conventional), storage and land application')","0","0","0"
"('LU', 'Manure treatment (biogas), storage and land application')","0","0","0"
"('LU', 'Forestry, logging and related service activities (02)')","0","0","0"
"('LU', 'Fishing, operating of fish hatcheries and fish farms; service activities incidental to fishing (05)')","0","0","0"
"('LU', 'Mining of coal and lignite; extraction of peat (10)')","0","0","0"
"('LU', 'Extraction of crude petroleum and services related to crude oil extraction, excluding surveying')","0","0","0"
"('LU', 'Extraction of natural gas and services related to natural gas extraction, excluding surveying')","0","0","0"
"('LU', 'Extraction, liquefaction, and regasification of other petroleum and gaseous materials')","0","0","0"
"('LU', 'Mining of uranium and thorium ores (12)')","0","0","0"
"('LU', 'Mining of iron ores')","0","0","0"
"('LU', 'Mining of copper ores and concentrates')","0","0","0"
"('LU', 'Mining of nickel ores and concentrates')","0","0","0"
"('LU', 'Mining of aluminium ores and concentrates')","0","0","0"
"('LU', 'Mining of precious metal ores and concentrates')","0","0","0"
"('LU', 'Mining of lead, zinc and tin ores and concentrates')","0","0","0"
"('LU', 'Mining of other non-ferrous metal ores and concentrates')","0","0","0"
"('LU', 'Mining of chemical and fertilizer minerals, production of salt, other mining and quarrying n.e.c.')","0","0","0"
"('LU', 'Processing of meat poultry')","0","0","0"
"('LU', 'Production of meat products nec')","0","0","0"
"('LU', 'Processing vegetable oils and fats')","0","0","0"
"('LU', 'Processed rice')","0","0","0"
"('LU', 'Sugar refining')","0","0","0"
"('LU', 'Manufacture of wearing apparel; dressing and dyeing of fur (18)')","0","0","0"
"('LU', 'Tanning and dressing of leather; manufacture of luggage, handbags, saddlery, harness and footwear (19)')","0","0","0"
"('LU', 'Re-processing of secondary wood material into new wood material')","0","0","0"
"('LU', 'Pulp')","0","0","0"
"('LU', 'Re-processing of secondary paper into new pulp')","0","0","0"
"('LU', 'Publishing, printing and reproduction of recorded media (22)')","0","0","0"
"('LU', 'Manufacture of coke oven products')","0","0","0"
"('LU', 'Processing of nuclear fuel')","0","0","0"
"('LU', 'Plastics, basic')","0","0","0"
"('LU', 'Re-processing of secondary plastic into new plastic')","0","0","0"
"('LU', 'N-fertiliser')","0","0","0"
"('LU', 'P- and other fertiliser')","0","0","0"
"('LU', 'Manufacture of glass and glass products')","0","0","0"
"('LU', 'Re-processing of secondary glass into new glass')","0","0","0"
"('LU', 'Re-processing of ash into clinker')","0","0","0"
"('LU', 'Manufacture of basic iron and steel and of ferro-alloys and first products thereof')","0","0","0"
"('LU', 'Re-processing of secondary preciuos metals into new preciuos metals')","0","0","0"
"('LU', 'Re-processing of secondary aluminium into new aluminium')","0","0","0"
"('LU', 'Re-processing of secondary lead into new lead, zinc and tin')","0","0","0"
"('LU', 'Re-processing of secondary copper into new copper')","0","0","0"
"('LU', 'Re-processing of secondary other non-ferrous metals into new other non-ferrous metals')","0","0","0"
"('LU', 'Casting of metals')","0","0","0"
"('LU', 'Manufacture of radio, television and communication equipment and apparatus (32)')","0","0","0"
"('LU', 'Recycling of waste and scrap')","0","0","0"
"('LU', 'Recycling of bottles by direct reuse')","0","0","0"
"('LU', 'Production of electricity by coal')","0","0","0"
"('LU', 'Production of electricity by gas')","0","0","0"
"('LU', 'Production of electricity by nuclear')","0","0","0"
"('LU', 'Production of electricity by hydro')","0","0","0"
"('LU', 'Production of electricity by wind')","0","0","0"
"('LU', 'Production of electricity by petroleum and other oil derivatives')","0","0","0"
"('LU', 'Production of electricity by biomass and waste')","0","0","0"
"('LU', 'Production of electricity by solar photovoltaic')","0","0","0"
"('LU', 'Production of electricity by solar thermal')","0","0","0"
"('LU', 'Production of electricity by tide, wave, ocean')","0","0","0"
"('LU', 'Production of electricity by Geothermal')","0","0","0"
"('LU', 'Production of electricity nec')","0","0","0"
"('LU', 'Transmission of electricity')","0","0","0"
"('LU', 'Steam and hot water supply')","0","0","0"
"('LU', 'Collection, purification and distribution of water (41)')","0","0","0"
"('LU', 'Re-processing of secondary construction material into aggregates')","0","0","0"
"('LU', 'Retail sale of automotive fuel')","0","0","0"
"('LU', 'Incineration of waste: Food')","0","0","0"
"('LU', 'Incineration of waste: Paper')","0","0","0"
"('LU', 'Incineration of waste: Plastic')","0","0","0"
"('LU', 'Incineration of waste: Metals and Inert materials')","0","0","0"
"('LU', 'Incineration of waste: Textiles')","0","0","0"
"('LU', 'Incineration of waste: Wood')","0","0","0"
"('LU', 'Incineration of waste: Oil/Hazardous waste')","0","0","0"
"('LU', 'Biogasification of food waste, incl. land application')","0","0","0"
"('LU', 'Biogasification of paper, incl. land application')","0","0","0"
"('LU', 'Biogasification of sewage slugde, incl. land application')","0","0","0"
"('LU', 'Composting of food waste, incl. land application')","0","0","0"
"('LU', 'Composting of paper and wood, incl. land application')","0","0","0"
"('LU', 'Waste water treatment, food')","0","0","0"
"('LU', 'Waste water treatment, other')","0","0","0"
"('LU', 'Landfill of waste: Food')","0","0","0"
"('LU', 'Landfill of waste: Paper')","0","0","0"
"('LU', 'Landfill of waste: Plastic')","0","0","0"
"('LU', 'Landfill of waste: Inert/metal/hazardous')","0","0","0"
"('LU', 'Landfill of waste: Textiles')","0","0","0"
"('LU', 'Landfill of waste: Wood')","0","0","0"
"('LU', 'Extra-territorial organizations and bodies')","0","0","0"
"('LV', 'Cultivation of paddy rice')","0","0","0"
"('LV', 'Cultivation of sugar cane, sugar beet')","0","0","0"
"('LV', 'Cultivation of plant-based fibers')","0","0","0"
"('LV', 'Cultivation of crops nec')","0","0","0"
"('LV', 'Meat animals nec')","0","0","0"
"('LV', 'Animal products nec')","0","0","0"
"('LV', 'Wool, silk-worm cocoons')","0","0","0"
"('LV', 'Manure treatment (conventional), storage and land application')","0","0","0"
"('LV', 'Manure treatment (biogas), storage and land application')","0","0","0"
"('LV', 'Mining of coal and lignite; extraction of peat (10)')","0","0","0"
"('LV', 'Extraction of crude petroleum and services related to crude oil extraction, excluding surveying')","0","0","0"
"('LV', 'Extraction of natural gas and services related to natural gas extraction, excluding surveying')","0","0","0"
"('LV', 'Extraction, liquefaction, and regasification of other petroleum and gaseous materials')","0","0","0"
"('LV', 'Mining of uranium and thorium ores (12)')","0","0","0"
"('LV', 'Mining of iron ores')","0","0","0"
"('LV', 'Mining of copper ores and concentrates')","0","0","0"
"('LV', 'Mining of nickel ores and concentrates')","0","0","0"
"('LV', 'Mining of aluminium ores and concentrates')","0","0","0"
"('LV', 'Mining of precious metal ores and concentrates')","0","0","0"
"('LV', 'Mining of lead, zinc and tin ores and concentrates')","0","0","0"
"('LV', 'Mining of other non-ferrous metal ores and concentrates')","0","0","0"
"('LV', 'Mining of chemical and fertilizer minerals, production of salt, other mining and quarrying n.e.c.')","0","0","0"
"('LV', 'Production of meat products nec')","0","0","0"
"('LV', 'Processed rice')","0","0","0"
"('LV', 'Sugar refining')","0","0","0"
"('LV', 'Tanning and dressing of leather; manufacture of luggage, handbags, saddlery, harness and footwear (19)')","0","0","0"
"('LV', 'Re-processing of secondary wood material into new wood material')","0","0","0"
"('LV', 'Pulp')","0","0","0"
"('LV', 'Re-processing of secondary paper into new pulp')","0","0","0"
"('LV', 'Manufacture of coke oven products')","0","0","0"
"('LV', 'Petroleum Refinery')","0","0","0"
"('LV', 'Re-processing of secondary plastic into new plastic')","0","0","0"
"('LV', 'N-fertiliser')","0","0","0"
"('LV', 'Manufacture of glass and glass products')","0","0","0"
"('LV', 'Re-processing of secondary glass into new glass')","0","0","0"
"('LV', 'Manufacture of ceramic goods')","0","0","0"
"('LV', 'Re-processing of ash into clinker')","0","0","0"
"('LV', 'Re-processing of secondary steel into new steel')","0","0","0"
"('LV', 'Precious metals production')","0","0","0"
"('LV', 'Re-processing of secondary preciuos metals into new preciuos metals')","0","0","0"
"('LV', 'Aluminium production')","0","0","0"
"('LV', 'Re-processing of secondary aluminium into new aluminium')","0","0","0"
"('LV', 'Lead, zinc and tin production')","0","0","0"
"('LV', 'Re-processing of secondary lead into new lead, zinc and tin')","0","0","0"
"('LV', 'Re-processing of secondary copper into new copper')","0","0","0"
"('LV', 'Other non-ferrous metal production')","0","0","0"
"('LV', 'Re-processing of secondary other non-ferrous metals into new other non-ferrous metals')","0","0","0"
"('LV', 'Casting of metals')","0","0","0"
"('LV', 'Manufacture of electrical machinery and apparatus n.e.c. (31)')","0","0","0"
"('LV', 'Manufacture of radio, television and communication equipment and apparatus (32)')","0","0","0"
"('LV', 'Manufacture of medical, precision and optical instruments, watches and clocks (33)')","0","0","0"
"('LV', 'Manufacture of furniture; manufacturing n.e.c. (36)')","0","0","0"
"('LV', 'Recycling of waste and scrap')","0","0","0"
"('LV', 'Recycling of bottles by direct reuse')","0","0","0"
"('LV', 'Production of electricity by coal')","0","0","0"
"('LV', 'Production of electricity by nuclear')","0","0","0"
"('LV', 'Production of electricity by wind')","0","0","0"
"('LV', 'Production of electricity by petroleum and other oil derivatives')","0","0","0"
"('LV', 'Production of electricity by biomass and waste')","0","0","0"
"('LV', 'Production of electricity by solar photovoltaic')","0","0","0"
"('LV', 'Production of electricity by solar thermal')","0","0","0"
"('LV', 'Production of electricity by tide, wave, ocean')","0","0","0"
"('LV', 'Production of electricity by Geothermal')","0","0","0"
"('LV', 'Production of electricity nec')","0","0","0"
"('LV', 'Collection, purification and distribution of water (41)')","0","0","0"
"('LV', 'Re-processing of secondary construction material into aggregates')","0","0","0"
"('LV', 'Inland water transport')","0","0","0"
"('LV', 'Incineration of waste: Food')","0","0","0"
"('LV', 'Incineration of waste: Paper')","0","0","0"
"('LV', 'Incineration of waste: Plastic')","0","0","0"
"('LV', 'Incineration of waste: Metals and Inert materials')","0","0","0"
"('LV', 'Incineration of waste: Textiles')","0","0","0"
"('LV', 'Incineration of waste: Wood')","0","0","0"
"('LV', 'Incineration of waste: Oil/Hazardous waste')","0","0","0"
"('LV', 'Biogasification of food waste, incl. land application')","0","0","0"
"('LV', 'Biogasification of paper, incl. land application')","0","0","0"
"('LV', 'Biogasification of sewage slugde, incl. land application')","0","0","0"
"('LV', 'Composting of food waste, incl. land application')","0","0","0"
"('LV', 'Composting of paper and wood, incl. land application')","0","0","0"
"('LV', 'Waste water treatment, food')","0","0","0"
"('LV', 'Waste water treatment, other')","0","0","0"
"('LV', 'Landfill of waste: Food')","0","0","0"
"('LV', 'Landfill of waste: Paper')","0","0","0"
"('LV', 'Landfill of waste: Plastic')","0","0","0"
"('LV', 'Landfill of waste: Inert/metal/hazardous')","0","0","0"
"('LV', 'Landfill of waste: Textiles')","0","0","0"
"('LV', 'Landfill of waste: Wood')","0","0","0"
"('LV', 'Private households with employed persons (95)')","0","0","0"
"('LV', 'Extra-territorial organizations and bodies')","0","0","0"
"('MT', 'Cultivation of paddy rice')","0","0","0"
"('MT', 'Cultivation of wheat')","0","0","0"
"('MT', 'Cultivation of cereal grains nec')","0","0","0"
"('MT', 'Cultivation of vegetables, fruit, nuts')","0","0","0"
"('MT', 'Cultivation of oil seeds')","0","0","0"
"('MT', 'Cultivation of sugar cane, sugar beet')","0","0","0"
"('MT', 'Cultivation of plant-based fibers')","0","0","0"
"('MT', 'Cultivation of crops nec')","0","0","0"
"('MT', 'Cattle farming')","0","0","0"
"('MT', 'Pigs farming')","0","0","0"
"('MT', 'Poultry farming')","0","0","0"
"('MT', 'Meat animals nec')","0","0","0"
"('MT', 'Animal products nec')","0","0","0"
"('MT', 'Raw milk')","0","0","0"
"('MT', 'Wool, silk-worm cocoons')","0","0","0"
"('MT', 'Manure treatment (conventional), storage and land application')","0","0","0"
"('MT', 'Manure treatment (biogas), storage and land application')","0","0","0"
"('MT', 'Forestry, logging and related service activities (02)')","0","0","0"
"('MT', 'Mining of coal and lignite; extraction of peat (10)')","0","0","0"
"('MT', 'Extraction of crude petroleum and services related to crude oil extraction, excluding surveying')","0","0","0"
"('MT', 'Extraction of natural gas and services related to natural gas extraction, excluding surveying')","0","0","0"
"('MT', 'Extraction, liquefaction, and regasification of other petroleum and gaseous materials')","0","0","0"
"('MT', 'Mining of uranium and thorium ores (12)')","0","0","0"
"('MT', 'Mining of iron ores')","0","0","0"
"('MT', 'Mining of copper ores and concentrates')","0","0","0"
"('MT', 'Mining of nickel ores and concentrates')","0","0","0"
"('MT', 'Mining of aluminium ores and concentrates')","0","0","0"
"('MT', 'Mining of precious metal ores and concentrates')","0","0","0"
"('MT', 'Mining of lead, zinc and tin ores and concentrates')","0","0","0"
"('MT', 'Mining of other non-ferrous metal ores and concentrates')","0","0","0"
"('MT', 'Mining of chemical and fertilizer minerals, production of salt, other mining and quarrying n.e.c.')","0","0","0"
"('MT', 'Processing of meat cattle')","0","0","0"
"('MT', 'Processing of meat pigs')","0","0","0"
"('MT', 'Processing of meat poultry')","0","0","0"
"('MT', 'Production of meat products nec')","0","0","0"
"('MT', 'Processing vegetable oils and fats')","0","0","0"
"('MT', 'Processing of dairy products')","0","0","0"
"('MT', 'Processed rice')","0","0","0"
"('MT', 'Sugar refining')","0","0","0"
"('MT', 'Processing of Food products nec')","0","0","0"
"('MT', 'Manufacture of beverages')","0","0","0"
"('MT', 'Manufacture of fish products')","0","0","0"
"('MT', 'Manufacture of tobacco products (16)')","0","0","0"
"('MT', 'Manufacture of textiles (17)')","0","0","0"
"('MT', 'Manufacture of wearing apparel; dressing and dyeing of fur (18)')","0","0","0"
"('MT', 'Tanning and dressing of leather; manufacture of luggage, handbags, saddlery, harness and footwear (19)')","0","0","0"
"('MT', 'Manufacture of wood and of products of wood and cork, except furniture; manufacture of articles of straw and plaiting materials (20)')","0","0","0"
"('MT', 'Re-processing of secondary wood material into new wood material')","0","0","0"
"('MT', 'Pulp')","0","0","0"
"('MT', 'Re-processing of secondary paper into new pulp')","0","0","0"
"('MT', 'Paper')","0","0","0"
"('MT', 'Publishing, printing and reproduction of recorded media (22)')","0","0","0"
"('MT', 'Manufacture of coke oven products')","0","0","0"
"('MT', 'Petroleum Refinery')","0","0","0"
"('MT', 'Processing of nuclear fuel')","0","0","0"
"('MT', 'Plastics, basic')","0","0","0"
"('MT', 'Re-processing of secondary plastic into new plastic')","0","0","0"
"('MT', 'N-fertiliser')","0","0","0"
"('MT', 'P- and other fertiliser')","0","0","0"
"('MT', 'Chemicals nec')","0","0","0"
"('MT', 'Manufacture of glass and glass products')","0","0","0"
"('MT', 'Re-processing of secondary glass into new glass')","0","0","0"
"('MT', 'Manufacture of ceramic goods')","0","0","0"
"('MT', 'Manufacture of bricks, tiles and construction products, in baked clay')","0","0","0"
"('MT', 'Manufacture of cement, lime and plaster')","0","0","0"
"('MT', 'Re-processing of ash into clinker')","0","0","0"
"('MT', 'Manufacture of other non-metallic mineral products n.e.c.')","0","0","0"
"('MT', 'Manufacture of basic iron and steel and of ferro-alloys and first products thereof')","0","0","0"
"('MT', 'Re-processing of secondary steel into new steel')","0","0","0"
"('MT', 'Precious metals production')","0","0","0"
"('MT', 'Re-processing of secondary preciuos metals into new preciuos metals')","0","0","0"
"('MT', 'Aluminium production')","0","0","0"
"('MT', 'Re-processing of secondary aluminium into new aluminium')","0","0","0"
"('MT', 'Lead, zinc and tin production')","0","0","0"
"('MT', 'Re-processing of secondary lead into new lead, zinc and tin')","0","0","0"
"('MT', 'Copper production')","0","0","0"
"('MT', 'Re-processing of secondary copper into new copper')","0","0","0"
"('MT', 'Other non-ferrous metal production')","0","0","0"
"('MT', 'Re-processing of secondary other non-ferrous metals into new other non-ferrous metals')","0","0","0"
"('MT', 'Casting of metals')","0","0","0"
"('MT', 'Manufacture of fabricated metal products, except machinery and equipment (28)')","0","0","0"
"('MT', 'Manufacture of machinery and equipment n.e.c. (29)')","0","0","0"
"('MT', 'Manufacture of office machinery and computers (30)')","0","0","0"
"('MT', 'Manufacture of electrical machinery and apparatus n.e.c. (31)')","0","0","0"
"('MT', 'Manufacture of radio, television and communication equipment and apparatus (32)')","0","0","0"
"('MT', 'Manufacture of medical, precision and optical instruments, watches and clocks (33)')","0","0","0"
"('MT', 'Manufacture of furniture; manufacturing n.e.c. (36)')","0","0","0"
"('MT', 'Recycling of waste and scrap')","0","0","0"
"('MT', 'Recycling of bottles by direct reuse')","0","0","0"
"('MT', 'Production of electricity by coal')","0","0","0"
"('MT', 'Production of electricity by nuclear')","0","0","0"
"('MT', 'Production of electricity by hydro')","0","0","0"
"('MT', 'Production of electricity by wind')","0","0","0"
"('MT', 'Production of electricity by petroleum and other oil derivatives')","0","0","0"
"('MT', 'Production of electricity by biomass and waste')","0","0","0"
"('MT', 'Production of electricity by solar photovoltaic')","0","0","0"
"('MT', 'Production of electricity by solar thermal')","0","0","0"
"('MT', 'Production of electricity by tide, wave, ocean')","0","0","0"
"('MT', 'Production of electricity by Geothermal')","0","0","0"
"('MT', 'Production of electricity nec')","0","0","0"
"('MT', 'Transmission of electricity')","0","0","0"
"('MT', 'Manufacture of gas; distribution of gaseous fuels through mains')","0","0","0"
"('MT', 'Steam and hot water supply')","0","0","0"
"('MT', 'Collection, purification and distribution of water (41)')","0","0","0"
"('MT', 'Re-processing of secondary construction material into aggregates')","0","0","0"
"('MT', 'Transport via railways')","0","0","0"
"('MT', 'Other land transport')","0","0","0"
"('MT', 'Transport via pipelines')","0","0","0"
"('MT', 'Air transport (62)')","0","0","0"
"('MT', 'Financial intermediation, except insurance and pension funding (65)')","0","0","0"
"('MT', 'Activities auxiliary to financial intermediation (67)')","0","0","0"
"('MT', 'Renting of machinery and equipment without operator and of personal and household goods (71)')","0","0","0"
"('MT', 'Research and development (73)')","0","0","0"
"('MT', 'Health and social work (85)')","0","0","0"
"('MT', 'Incineration of waste: Food')","0","0","0"
"('MT', 'Incineration of waste: Paper')","0","0","0"
"('MT', 'Incineration of waste: Plastic')","0","0","0"
"('MT', 'Incineration of waste: Metals and Inert materials')","0","0","0"
"('MT', 'Incineration of waste: Textiles')","0","0","0"
"('MT', 'Incineration of waste: Wood')","0","0","0"
"('MT', 'Incineration of waste: Oil/Hazardous waste')","0","0","0"
"('MT', 'Biogasification of food waste, incl. land application')","0","0","0"
"('MT', 'Biogasification of paper, incl. land application')","0","0","0"
"('MT', 'Biogasification of sewage slugde, incl. land application')","0","0","0"
"('MT', 'Composting of food waste, incl. land application')","0","0","0"
"('MT', 'Composting of paper and wood, incl. land application')","0","0","0"
"('MT', 'Waste water treatment, food')","0","0","0"
"('MT', 'Waste water treatment, other')","0","0","0"
"('MT', 'Landfill of waste: Food')","0","0","0"
"('MT', 'Landfill of waste: Paper')","0","0","0"
"('MT', 'Landfill of waste: Plastic')","0","0","0"
"('MT', 'Landfill of waste: Inert/metal/hazardous')","0","0","0"
"('MT', 'Landfill of waste: Textiles')","0","0","0"
"('MT', 'Landfill of waste: Wood')","0","0","0"
"('MT', 'Activities of membership organisation n.e.c. (91)')","0","0","0"
"('MT', 'Other service activities (93)')","0","0","0"
"('MT', 'Private households with employed persons (95)')","0","0","0"
"('MT', 'Extra-territorial organizations and bodies')","0","0","0"
"('NL', 'Cultivation of paddy rice')","0","0","0"
"('NL', 'Cultivation of oil seeds')","0","0","0"
"('NL', 'Cultivation of plant-based fibers')","0","0","0"
"('NL', 'Animal products nec')","0","0","0"
"('NL', 'Wool, silk-worm cocoons')","0","0","0"
"('NL', 'Manure treatment (conventional), storage and land application')","0","0","0"
"('NL', 'Manure treatment (biogas), storage and land application')","0","0","0"
"('NL', 'Mining of coal and lignite; extraction of peat (10)')","0","0","0"
"('NL', 'Extraction, liquefaction, and regasification of other petroleum and gaseous materials')","0","0","0"
"('NL', 'Mining of uranium and thorium ores (12)')","0","0","0"
"('NL', 'Mining of iron ores')","0","0","0"
"('NL', 'Mining of copper ores and concentrates')","0","0","0"
"('NL', 'Mining of nickel ores and concentrates')","0","0","0"
"('NL', 'Mining of aluminium ores and concentrates')","0","0","0"
"('NL', 'Mining of precious metal ores and concentrates')","0","0","0"
"('NL', 'Mining of lead, zinc and tin ores and concentrates')","0","0","0"
"('NL', 'Mining of other non-ferrous metal ores and concentrates')","0","0","0"
"('NL', 'Quarrying of stone')","0","0","0"
"('NL', 'Re-processing of secondary wood material into new wood material')","0","0","0"
"('NL', 'Re-processing of secondary paper into new pulp')","0","0","0"
"('NL', 'Re-processing of secondary plastic into new plastic')","0","0","0"
"('NL', 'Re-processing of secondary glass into new glass')","0","0","0"
"('NL', 'Re-processing of ash into clinker')","0","0","0"
"('NL', 'Re-processing of secondary steel into new steel')","0","0","0"
"('NL', 'Re-processing of secondary preciuos metals into new preciuos metals')","0","0","0"
"('NL', 'Re-processing of secondary aluminium into new aluminium')","0","0","0"
"('NL', 'Re-processing of secondary lead into new lead, zinc and tin')","0","0","0"
"('NL', 'Re-processing of secondary copper into new copper')","0","0","0"
"('NL', 'Re-processing of secondary other non-ferrous metals into new other non-ferrous metals')","0","0","0"
"('NL', 'Manufacture of electrical machinery and apparatus n.e.c. (31)')","0","0","0"
"('NL', 'Manufacture of radio, television and communication equipment and apparatus (32)')","0","0","0"
"('NL', 'Manufacture of medical, precision and optical instruments, watches and clocks (33)')","0","0","0"
"('NL', 'Recycling of waste and scrap')","0","0","0"
"('NL', 'Recycling of bottles by direct reuse')","0","0","0"
"('NL', 'Production of electricity by hydro')","0","0","0"
"('NL', 'Production of electricity by biomass and waste')","0","0","0"
"('NL', 'Production of electricity by solar thermal')","0","0","0"
"('NL', 'Production of electricity by tide, wave, ocean')","0","0","0"
"('NL', 'Production of electricity by Geothermal')","0","0","0"
"('NL', 'Production of electricity nec')","0","0","0"
"('NL', 'Re-processing of secondary construction material into aggregates')","0","0","0"
"('NL', 'Retail sale of automotive fuel')","0","0","0"
"('NL', 'Composting of paper and wood, incl. land application')","0","0","0"
"('NL', 'Landfill of waste: Textiles')","0","0","0"
"('NL', 'Extra-territorial organizations and bodies')","0","0","0"
"('PL', 'Cultivation of paddy rice')","0","0","0"
"('PL', 'Cultivation of plant-based fibers')","0","0","0"
"('PL', 'Animal products nec')","0","0","0"
"('PL', 'Wool, silk-worm cocoons')","0","0","0"
"('PL', 'Manure treatment (conventional), storage and land application')","0","0","0"
"('PL', 'Manure treatment (biogas), storage and land application')","0","0","0"
"('PL', 'Mining of uranium and thorium ores (12)')","0","0","0"
"('PL', 'Mining of iron ores')","0","0","0"
"('PL', 'Mining of nickel ores and concentrates')","0","0","0"
"('PL', 'Mining of aluminium ores and concentrates')","0","0","0"
"('PL', 'Mining of lead, zinc and tin ores and concentrates')","0","0","0"
"('PL', 'Mining of other non-ferrous metal ores and concentrates')","0","0","0"
"('PL', 'Quarrying of stone')","0","0","0"
"('PL', 'Quarrying of sand and clay')","0","0","0"
"('PL', 'Mining of chemical and fertilizer minerals, production of salt, other mining and quarrying n.e.c.')","0","0","0"
"('PL', 'Processed rice')","0","0","0"
"('PL', 'Re-processing of secondary wood material into new wood material')","0","0","0"
"('PL', 'Re-processing of secondary paper into new pulp')","0","0","0"
"('PL', 'Processing of nuclear fuel')","0","0","0"
"('PL', 'Re-processing of secondary plastic into new plastic')","0","0","0"
"('PL', 'Re-processing of secondary glass into new glass')","0","0","0"
"('PL', 'Re-processing of ash into clinker')","0","0","0"
"('PL', 'Re-processing of secondary preciuos metals into new preciuos metals')","0","0","0"
"('PL', 'Re-processing of secondary aluminium into new aluminium')","0","0","0"
"('PL', 'Re-processing of secondary lead into new lead, zinc and tin')","0","0","0"
"('PL', 'Re-processing of secondary copper into new copper')","0","0","0"
"('PL', 'Other non-ferrous metal production')","0","0","0"
"('PL', 'Re-processing of secondary other non-ferrous metals into new other non-ferrous metals')","0","0","0"
"('PL', 'Manufacture of electrical machinery and apparatus n.e.c. (31)')","0","0","0"
"('PL', 'Manufacture of radio, television and communication equipment and apparatus (32)')","0","0","0"
"('PL', 'Manufacture of medical, precision and optical instruments, watches and clocks (33)')","0","0","0"
"('PL', 'Recycling of waste and scrap')","0","0","0"
"('PL', 'Recycling of bottles by direct reuse')","0","0","0"
"('PL', 'Production of electricity by nuclear')","0","0","0"
"('PL', 'Production of electricity by solar thermal')","0","0","0"
"('PL', 'Production of electricity by tide, wave, ocean')","0","0","0"
"('PL', 'Production of electricity by Geothermal')","0","0","0"
"('PL', 'Production of electricity nec')","0","0","0"
"('PL', 'Re-processing of secondary construction material into aggregates')","0","0","0"
"('PL', 'Retail sale of automotive fuel')","0","0","0"
"('PL', 'Incineration of waste: Food')","0","0","0"
"('PL', 'Incineration of waste: Textiles')","0","0","0"
"('PL', 'Biogasification of paper, incl. land application')","0","0","0"
"('PL', 'Composting of paper and wood, incl. land application')","0","0","0"
"('PL', 'Extra-territorial organizations and bodies')","0","0","0"
"('PT', 'Cultivation of wheat')","0","0","0"
"('PT', 'Cultivation of oil seeds')","0","0","0"
"('PT', 'Cultivation of sugar cane, sugar beet')","0","0","0"
"('PT', 'Cultivation of plant-based fibers')","0","0","0"
"('PT', 'Cultivation of crops nec')","0","0","0"
"('PT', 'Animal products nec')","0","0","0"
"('PT', 'Wool, silk-worm cocoons')","0","0","0"
"('PT', 'Manure treatment (conventional), storage and land application')","0","0","0"
"('PT', 'Manure treatment (biogas), storage and land application')","0","0","0"
"('PT', 'Mining of coal and lignite; extraction of peat (10)')","0","0","0"
"('PT', 'Extraction of crude petroleum and services related to crude oil extraction, excluding surveying')","0","0","0"
"('PT', 'Extraction of natural gas and services related to natural gas extraction, excluding surveying')","0","0","0"
"('PT', 'Mining of uranium and thorium ores (12)')","0","0","0"
"('PT', 'Mining of iron ores')","0","0","0"
"('PT', 'Mining of nickel ores and concentrates')","0","0","0"
"('PT', 'Mining of aluminium ores and concentrates')","0","0","0"
"('PT', 'Mining of precious metal ores and concentrates')","0","0","0"
"('PT', 'Mining of lead, zinc and tin ores and concentrates')","0","0","0"
"('PT', 'Mining of chemical and fertilizer minerals, production of salt, other mining and quarrying n.e.c.')","0","0","0"
"('PT', 'Sugar refining')","0","0","0"
"('PT', 'Re-processing of secondary wood material into new wood material')","0","0","0"
"('PT', 'Re-processing of secondary paper into new pulp')","0","0","0"
"('PT', 'Manufacture of coke oven products')","0","0","0"
"('PT', 'Processing of nuclear fuel')","0","0","0"
"('PT', 'Re-processing of secondary plastic into new plastic')","0","0","0"
"('PT', 'N-fertiliser')","0","0","0"
"('PT', 'Re-processing of secondary glass into new glass')","0","0","0"
"('PT', 'Re-processing of ash into clinker')","0","0","0"
"('PT', 'Manufacture of basic iron and steel and of ferro-alloys and first products thereof')","0","0","0"
"('PT', 'Re-processing of secondary preciuos metals into new preciuos metals')","0","0","0"
"('PT', 'Re-processing of secondary aluminium into new aluminium')","0","0","0"
"('PT', 'Re-processing of secondary lead into new lead, zinc and tin')","0","0","0"
"('PT', 'Re-processing of secondary copper into new copper')","0","0","0"
"('PT', 'Re-processing of secondary other non-ferrous metals into new other non-ferrous metals')","0","0","0"
"('PT', 'Manufacture of electrical machinery and apparatus n.e.c. (31)')","0","0","0"
"('PT', 'Manufacture of radio, television and communication equipment and apparatus (32)')","0","0","0"
"('PT', 'Manufacture of medical, precision and optical instruments, watches and clocks (33)')","0","0","0"
"('PT', 'Recycling of waste and scrap')","0","0","0"
"('PT', 'Recycling of bottles by direct reuse')","0","0","0"
"('PT', 'Production of electricity by nuclear')","0","0","0"
"('PT', 'Production of electricity by biomass and waste')","0","0","0"
"('PT', 'Production of electricity by solar thermal')","0","0","0"
"('PT', 'Production of electricity by tide, wave, ocean')","0","0","0"
"('PT', 'Production of electricity by Geothermal')","0","0","0"
"('PT', 'Production of electricity nec')","0","0","0"
"('PT', 'Re-processing of secondary construction material into aggregates')","0","0","0"
"('PT', 'Biogasification of sewage slugde, incl. land application')","0","0","0"
"('PT', 'Extra-territorial organizations and bodies')","0","0","0"
"('RO', 'Cultivation of paddy rice')","0","0","0"
"('RO', 'Cultivation of plant-based fibers')","0","0","0"
"('RO', 'Animal products nec')","0","0","0"
"('RO', 'Wool, silk-worm cocoons')","0","0","0"
"('RO', 'Manure treatment (conventional), storage and land application')","0","0","0"
"('RO', 'Manure treatment (biogas), storage and land application')","0","0","0"
"('RO', 'Mining of uranium and thorium ores (12)')","0","0","0"
"('RO', 'Mining of iron ores')","0","0","0"
"('RO', 'Mining of copper ores and concentrates')","0","0","0"
"('RO', 'Mining of nickel ores and concentrates')","0","0","0"
"('RO', 'Mining of aluminium ores and concentrates')","0","0","0"
"('RO', 'Mining of precious metal ores and concentrates')","0","0","0"
"('RO', 'Mining of lead, zinc and tin ores and concentrates')","0","0","0"
"('RO', 'Mining of other non-ferrous metal ores and concentrates')","0","0","0"
"('RO', 'Quarrying of stone')","0","0","0"
"('RO', 'Quarrying of sand and clay')","0","0","0"
"('RO', 'Mining of chemical and fertilizer minerals, production of salt, other mining and quarrying n.e.c.')","0","0","0"
"('RO', 'Processed rice')","0","0","0"
"('RO', 'Sugar refining')","0","0","0"
"('RO', 'Re-processing of secondary wood material into new wood material')","0","0","0"
"('RO', 'Re-processing of secondary paper into new pulp')","0","0","0"
"('RO', 'Manufacture of coke oven products')","0","0","0"
"('RO', 'Processing of nuclear fuel')","0","0","0"
"('RO', 'Re-processing of secondary plastic into new plastic')","0","0","0"
"('RO', 'N-fertiliser')","0","0","0"
"('RO', 'Re-processing of secondary glass into new glass')","0","0","0"
"('RO', 'Re-processing of ash into clinker')","0","0","0"
"('RO', 'Precious metals production')","0","0","0"
"('RO', 'Re-processing of secondary preciuos metals into new preciuos metals')","0","0","0"
"('RO', 'Re-processing of secondary aluminium into new aluminium')","0","0","0"
"('RO', 'Re-processing of secondary lead into new lead, zinc and tin')","0","0","0"
"('RO', 'Re-processing of secondary copper into new copper')","0","0","0"
"('RO', 'Re-processing of secondary other non-ferrous metals into new other non-ferrous metals')","0","0","0"
"('RO', 'Manufacture of electrical machinery and apparatus n.e.c. (31)')","0","0","0"
"('RO', 'Manufacture of radio, television and communication equipment and apparatus (32)')","0","0","0"
"('RO', 'Manufacture of medical, precision and optical instruments, watches and clocks (33)')","0","0","0"
"('RO', 'Recycling of waste and scrap')","0","0","0"
"('RO', 'Recycling of bottles by direct reuse')","0","0","0"
"('RO', 'Production of electricity by biomass and waste')","0","0","0"
"('RO', 'Production of electricity by solar thermal')","0","0","0"
"('RO', 'Production of electricity by tide, wave, ocean')","0","0","0"
"('RO', 'Production of electricity by Geothermal')","0","0","0"
"('RO', 'Production of electricity nec')","0","0","0"
"('RO', 'Re-processing of secondary construction material into aggregates')","0","0","0"
"('RO', 'Retail sale of automotive fuel')","0","0","0"
"('RO', 'Incineration of waste: Food')","0","0","0"
"('RO', 'Incineration of waste: Paper')","0","0","0"
"('RO', 'Incineration of waste: Plastic')","0","0","0"
"('RO', 'Incineration of waste: Textiles')","0","0","0"
"('RO', 'Incineration of waste: Wood')","0","0","0"
"('RO', 'Biogasification of food waste, incl. land application')","0","0","0"
"('RO', 'Biogasification of paper, incl. land application')","0","0","0"
"('RO', 'Biogasification of sewage slugde, incl. land application')","0","0","0"
"('RO', 'Composting of paper and wood, incl. land application')","0","0","0"
"('RO', 'Landfill of waste: Plastic')","0","0","0"
"('RO', 'Private households with employed persons (95)')","0","0","0"
"('RO', 'Extra-territorial organizations and bodies')","0","0","0"
"('SE', 'Cultivation of paddy rice')","0","0","0"
"('SE', 'Cultivation of plant-based fibers')","0","0","0"
"('SE', 'Meat animals nec')","0","0","0"
"('SE', 'Animal products nec')","0","0","0"
"('SE', 'Wool, silk-worm cocoons')","0","0","0"
"('SE', 'Manure treatment (conventional), storage and land application')","0","0","0"
"('SE', 'Manure treatment (biogas), storage and land application')","0","0","0"
"('SE', 'Mining of coal and lignite; extraction of peat (10)')","0","0","0"
"('SE', 'Extraction of crude petroleum and services related to crude oil extraction, excluding surveying')","0","0","0"
"('SE', 'Extraction of natural gas and services related to natural gas extraction, excluding surveying')","0","0","0"
"('SE', 'Mining of uranium and thorium ores (12)')","0","0","0"
"('SE', 'Mining of nickel ores and concentrates')","0","0","0"
"('SE', 'Mining of aluminium ores and concentrates')","0","0","0"
"('SE', 'Mining of other non-ferrous metal ores and concentrates')","0","0","0"
"('SE', 'Mining of chemical and fertilizer minerals, production of salt, other mining and quarrying n.e.c.')","0","0","0"
"('SE', 'Processed rice')","0","0","0"
"('SE', 'Manufacture of tobacco products (16)')","0","0","0"
"('SE', 'Re-processing of secondary wood material into new wood material')","0","0","0"
"('SE', 'Re-processing of secondary paper into new pulp')","0","0","0"
"('SE', 'Re-processing of secondary plastic into new plastic')","0","0","0"
"('SE', 'N-fertiliser')","0","0","0"
"('SE', 'P- and other fertiliser')","0","0","0"
"('SE', 'Re-processing of secondary glass into new glass')","0","0","0"
"('SE', 'Re-processing of ash into clinker')","0","0","0"
"('SE', 'Re-processing of secondary preciuos metals into new preciuos metals')","0","0","0"
"('SE', 'Re-processing of secondary aluminium into new aluminium')","0","0","0"
"('SE', 'Re-processing of secondary lead into new lead, zinc and tin')","0","0","0"
"('SE', 'Re-processing of secondary copper into new copper')","0","0","0"
"('SE', 'Re-processing of secondary other non-ferrous metals into new other non-ferrous metals')","0","0","0"
"('SE', 'Manufacture of electrical machinery and apparatus n.e.c. (31)')","0","0","0"
"('SE', 'Manufacture of radio, television and communication equipment and apparatus (32)')","0","0","0"
"('SE', 'Manufacture of medical, precision and optical instruments, watches and clocks (33)')","0","0","0"
"('SE', 'Recycling of waste and scrap')","0","0","0"
"('SE', 'Recycling of bottles by direct reuse')","0","0","0"
"('SE', 'Production of electricity by coal')","0","0","0"
"('SE', 'Production of electricity by petroleum and other oil derivatives')","0","0","0"
"('SE', 'Production of electricity by biomass and waste')","0","0","0"
"('SE', 'Production of electricity by solar thermal')","0","0","0"
"('SE', 'Production of electricity by tide, wave, ocean')","0","0","0"
"('SE', 'Production of electricity by Geothermal')","0","0","0"
"('SE', 'Production of electricity nec')","0","0","0"
"('SE', 'Re-processing of secondary construction material into aggregates')","0","0","0"
"('SE', 'Biogasification of paper, incl. land application')","0","0","0"
"('SE', 'Composting of paper and wood, incl. land application')","0","0","0"
"('SE', 'Landfill of waste: Textiles')","0","0","0"
"('SE', 'Landfill of waste: Wood')","0","0","0"
"('SE', 'Extra-territorial organizations and bodies')","0","0","0"
"('SI', 'Cultivation of paddy rice')","0","0","0"
"('SI', 'Cultivation of wheat')","0","0","0"
"('SI', 'Cultivation of oil seeds')","0","0","0"
"('SI', 'Cultivation of sugar cane, sugar beet')","0","0","0"
"('SI', 'Cultivation of plant-based fibers')","0","0","0"
"('SI', 'Cultivation of crops nec')","0","0","0"
"('SI', 'Meat animals nec')","0","0","0"
"('SI', 'Wool, silk-worm cocoons')","0","0","0"
"('SI', 'Manure treatment (conventional), storage and land application')","0","0","0"
"('SI', 'Manure treatment (biogas), storage and land application')","0","0","0"
"('SI', 'Fishing, operating of fish hatcheries and fish farms; service activities incidental to fishing (05)')","0","0","0"
"('SI', 'Extraction of crude petroleum and services related to crude oil extraction, excluding surveying')","0","0","0"
"('SI', 'Extraction of natural gas and services related to natural gas extraction, excluding surveying')","0","0","0"
"('SI', 'Extraction, liquefaction, and regasification of other petroleum and gaseous materials')","0","0","0"
"('SI', 'Mining of uranium and thorium ores (12)')","0","0","0"
"('SI', 'Mining of iron ores')","0","0","0"
"('SI', 'Mining of copper ores and concentrates')","0","0","0"
"('SI', 'Mining of nickel ores and concentrates')","0","0","0"
"('SI', 'Mining of aluminium ores and concentrates')","0","0","0"
"('SI', 'Mining of precious metal ores and concentrates')","0","0","0"
"('SI', 'Mining of lead, zinc and tin ores and concentrates')","0","0","0"
"('SI', 'Mining of other non-ferrous metal ores and concentrates')","0","0","0"
"('SI', 'Mining of chemical and fertilizer minerals, production of salt, other mining and quarrying n.e.c.')","0","0","0"
"('SI', 'Production of meat products nec')","0","0","0"
"('SI', 'Processing vegetable oils and fats')","0","0","0"
"('SI', 'Processed rice')","0","0","0"
"('SI', 'Sugar refining')","0","0","0"
"('SI', 'Manufacture of tobacco products (16)')","0","0","0"
"('SI', 'Re-processing of secondary wood material into new wood material')","0","0","0"
"('SI', 'Re-processing of secondary paper into new pulp')","0","0","0"
"('SI', 'Manufacture of coke oven products')","0","0","0"
"('SI', 'Petroleum Refinery')","0","0","0"
"('SI', 'Re-processing of secondary plastic into new plastic')","0","0","0"
"('SI', 'N-fertiliser')","0","0","0"
"('SI', 'Manufacture of glass and glass products')","0","0","0"
"('SI', 'Re-processing of secondary glass into new glass')","0","0","0"
"('SI', 'Re-processing of ash into clinker')","0","0","0"
"('SI', 'Manufacture of basic iron and steel and of ferro-alloys and first products thereof')","0","0","0"
"('SI', 'Precious metals production')","0","0","0"
"('SI', 'Re-processing of secondary preciuos metals into new preciuos metals')","0","0","0"
"('SI', 'Re-processing of secondary aluminium into new aluminium')","0","0","0"
"('SI', 'Re-processing of secondary lead into new lead, zinc and tin')","0","0","0"
"('SI', 'Re-processing of secondary copper into new copper')","0","0","0"
"('SI', 'Re-processing of secondary other non-ferrous metals into new other non-ferrous metals')","0","0","0"
"('SI', 'Manufacture of electrical machinery and apparatus n.e.c. (31)')","0","0","0"
"('SI', 'Manufacture of radio, television and communication equipment and apparatus (32)')","0","0","0"
"('SI', 'Manufacture of medical, precision and optical instruments, watches and clocks (33)')","0","0","0"
"('SI', 'Manufacture of furniture; manufacturing n.e.c. (36)')","0","0","0"
"('SI', 'Recycling of waste and scrap')","0","0","0"
"('SI', 'Recycling of bottles by direct reuse')","0","0","0"
"('SI', 'Production of electricity by gas')","0","0","0"
"('SI', 'Production of electricity by wind')","0","0","0"
"('SI', 'Production of electricity by petroleum and other oil derivatives')","0","0","0"
"('SI', 'Production of electricity by biomass and waste')","0","0","0"
"('SI', 'Production of electricity by solar photovoltaic')","0","0","0"
"('SI', 'Production of electricity by solar thermal')","0","0","0"
"('SI', 'Production of electricity by tide, wave, ocean')","0","0","0"
"('SI', 'Production of electricity by Geothermal')","0","0","0"
"('SI', 'Production of electricity nec')","0","0","0"
"('SI', 'Steam and hot water supply')","0","0","0"
"('SI', 'Re-processing of secondary construction material into aggregates')","0","0","0"
"('SI', 'Inland water transport')","0","0","0"
"('SI', 'Incineration of waste: Food')","0","0","0"
"('SI', 'Incineration of waste: Paper')","0","0","0"
"('SI', 'Incineration of waste: Plastic')","0","0","0"
"('SI', 'Incineration of waste: Textiles')","0","0","0"
"('SI', 'Incineration of waste: Wood')","0","0","0"
"('SI', 'Biogasification of food waste, incl. land application')","0","0","0"
"('SI', 'Biogasification of paper, incl. land application')","0","0","0"
"('SI', 'Biogasification of sewage slugde, incl. land application')","0","0","0"
"('SI', 'Composting of food waste, incl. land application')","0","0","0"
"('SI', 'Composting of paper and wood, incl. land application')","0","0","0"
"('SI', 'Landfill of waste: Plastic')","0","0","0"
"('SI', 'Extra-territorial organizations and bodies')","0","0","0"
"('SK', 'Cultivation of paddy rice')","0","0","0"
"('SK', 'Cultivation of plant-based fibers')","0","0","0"
"('SK', 'Cultivation of crops nec')","0","0","0"
"('SK', 'Meat animals nec')","0","0","0"
"('SK', 'Animal products nec')","0","0","0"
"('SK', 'Wool, silk-worm cocoons')","0","0","0"
"('SK', 'Manure treatment (conventional), storage and land application')","0","0","0"
"('SK', 'Manure treatment (biogas), storage and land application')","0","0","0"
"('SK', 'Fishing, operating of fish hatcheries and fish farms; service activities incidental to fishing (05)')","0","0","0"
"('SK', 'Mining of coal and lignite; extraction of peat (10)')","0","0","0"
"('SK', 'Extraction of crude petroleum and services related to crude oil extraction, excluding surveying')","0","0","0"
"('SK', 'Extraction of natural gas and services related to natural gas extraction, excluding surveying')","0","0","0"
"('SK', 'Mining of uranium and thorium ores (12)')","0","0","0"
"('SK', 'Mining of iron ores')","0","0","0"
"('SK', 'Mining of copper ores and concentrates')","0","0","0"
"('SK', 'Mining of nickel ores and concentrates')","0","0","0"
"('SK', 'Mining of aluminium ores and concentrates')","0","0","0"
"('SK', 'Mining of lead, zinc and tin ores and concentrates')","0","0","0"
"('SK', 'Mining of other non-ferrous metal ores and concentrates')","0","0","0"
"('SK', 'Processing of meat pigs')","0","0","0"
"('SK', 'Production of meat products nec')","0","0","0"
"('SK', 'Processing vegetable oils and fats')","0","0","0"
"('SK', 'Processed rice')","0","0","0"
"('SK', 'Manufacture of fish products')","0","0","0"
"('SK', 'Manufacture of tobacco products (16)')","0","0","0"
"('SK', 'Re-processing of secondary wood material into new wood material')","0","0","0"
"('SK', 'Re-processing of secondary paper into new pulp')","0","0","0"
"('SK', 'Processing of nuclear fuel')","0","0","0"
"('SK', 'Re-processing of secondary plastic into new plastic')","0","0","0"
"('SK', 'N-fertiliser')","0","0","0"
"('SK', 'P- and other fertiliser')","0","0","0"
"('SK', 'Re-processing of secondary glass into new glass')","0","0","0"
"('SK', 'Re-processing of ash into clinker')","0","0","0"
"('SK', 'Re-processing of secondary preciuos metals into new preciuos metals')","0","0","0"
"('SK', 'Re-processing of secondary aluminium into new aluminium')","0","0","0"
"('SK', 'Re-processing of secondary lead into new lead, zinc and tin')","0","0","0"
"('SK', 'Re-processing of secondary copper into new copper')","0","0","0"
"('SK', 'Re-processing of secondary other non-ferrous metals into new other non-ferrous metals')","0","0","0"
"('SK', 'Manufacture of electrical machinery and apparatus n.e.c. (31)')","0","0","0"
"('SK', 'Manufacture of radio, television and communication equipment and apparatus (32)')","0","0","0"
"('SK', 'Manufacture of medical, precision and optical instruments, watches and clocks (33)')","0","0","0"
"('SK', 'Recycling of waste and scrap')","0","0","0"
"('SK', 'Recycling of bottles by direct reuse')","0","0","0"
"('SK', 'Production of electricity by wind')","0","0","0"
"('SK', 'Production of electricity by biomass and waste')","0","0","0"
"('SK', 'Production of electricity by solar thermal')","0","0","0"
"('SK', 'Production of electricity by tide, wave, ocean')","0","0","0"
"('SK', 'Production of electricity by Geothermal')","0","0","0"
"('SK', 'Production of electricity nec')","0","0","0"
"('SK', 'Re-processing of secondary construction material into aggregates')","0","0","0"
"('SK', 'Retail sale of automotive fuel')","0","0","0"
"('SK', 'Inland water transport')","0","0","0"
"('SK', 'Real estate activities (70)')","0","0","0"
"('SK', 'Biogasification of food waste, incl. land application')","0","0","0"
"('SK', 'Biogasification of paper, incl. land application')","0","0","0"
"('SK', 'Composting of paper and wood, incl. land application')","0","0","0"
"('SK', 'Extra-territorial organizations and bodies')","0","0","0"
"('GB', 'Cultivation of paddy rice')","0","0","0"
"('GB', 'Cultivation of plant-based fibers')","0","0","0"
"('GB', 'Cultivation of crops nec')","0","0","0"
"('GB', 'Wool, silk-worm cocoons')","0","0","0"
"('GB', 'Manure treatment (conventional), storage and land application')","0","0","0"
"('GB', 'Manure treatment (biogas), storage and land application')","0","0","0"
"('GB', 'Extraction, liquefaction, and regasification of other petroleum and gaseous materials')","0","0","0"
"('GB', 'Mining of uranium and thorium ores (12)')","0","0","0"
"('GB', 'Mining of iron ores')","0","0","0"
"('GB', 'Mining of copper ores and concentrates')","0","0","0"
"('GB', 'Mining of nickel ores and concentrates')","0","0","0"
"('GB', 'Mining of aluminium ores and concentrates')","0","0","0"
"('GB', 'Mining of precious metal ores and concentrates')","0","0","0"
"('GB', 'Mining of lead, zinc and tin ores and concentrates')","0","0","0"
"('GB', 'Mining of other non-ferrous metal ores and concentrates')","0","0","0"
"('GB', 'Quarrying of stone')","0","0","0"
"('GB', 'Quarrying of sand and clay')","0","0","0"
"('GB', 'Mining of chemical and fertilizer minerals, production of salt, other mining and quarrying n.e.c.')","0","0","0"
"('GB', 'Re-processing of secondary wood material into new wood material')","0","0","0"
"('GB', 'Re-processing of secondary paper into new pulp')","0","0","0"
"('GB', 'Re-processing of secondary plastic into new plastic')","0","0","0"
"('GB', 'N-fertiliser')","0","0","0"
"('GB', 'Re-processing of secondary glass into new glass')","0","0","0"
"('GB', 'Re-processing of ash into clinker')","0","0","0"
"('GB', 'Re-processing of secondary preciuos metals into new preciuos metals')","0","0","0"
"('GB', 'Re-processing of secondary aluminium into new aluminium')","0","0","0"
"('GB', 'Re-processing of secondary lead into new lead, zinc and tin')","0","0","0"
"('GB', 'Re-processing of secondary copper into new copper')","0","0","0"
"('GB', 'Re-processing of secondary other non-ferrous metals into new other non-ferrous metals')","0","0","0"
"('GB', 'Manufacture of electrical machinery and apparatus n.e.c. (31)')","0","0","0"
"('GB', 'Manufacture of radio, television and communication equipment and apparatus (32)')","0","0","0"
"('GB', 'Manufacture of medical, precision and optical instruments, watches and clocks (33)')","0","0","0"
"('GB', 'Recycling of waste and scrap')","0","0","0"
"('GB', 'Recycling of bottles by direct reuse')","0","0","0"
"('GB', 'Production of electricity by solar thermal')","0","0","0"
"('GB', 'Production of electricity by tide, wave, ocean')","0","0","0"
"('GB', 'Production of electricity by Geothermal')","0","0","0"
"('GB', 'Production of electricity nec')","0","0","0"
"('GB', 'Re-processing of secondary construction material into aggregates')","0","0","0"
"('GB', 'Biogasification of paper, incl. land application')","0","0","0"
"('GB', 'Composting of paper and wood, incl. land application')","0","0","0"
"('GB', 'Extra-territorial organizations and bodies')","0","0","0"
"('US', 'Manure treatment (conventional), storage and land application')","0","0","0"
"('US', 'Manure treatment (biogas), storage and land application')","0","0","0"
"('US', 'Mining of uranium and thorium ores (12)')","0","0","0"
"('US', 'Mining of copper ores and concentrates')","0","0","0"
"('US', 'Mining of nickel ores and concentrates')","0","0","0"
"('US', 'Mining of aluminium ores and concentrates')","0","0","0"
"('US', 'Mining of lead, zinc and tin ores and concentrates')","0","0","0"
"('US', 'Quarrying of stone')","0","0","0"
"('US', 'Quarrying of sand and clay')","0","0","0"
"('US', 'Processing vegetable oils and fats')","0","0","0"
"('US', 'Re-processing of secondary wood material into new wood material')","0","0","0"
"('US', 'Re-processing of secondary paper into new pulp')","0","0","0"
"('US', 'Processing of nuclear fuel')","0","0","0"
"('US', 'Re-processing of secondary plastic into new plastic')","0","0","0"
"('US', 'Re-processing of secondary glass into new glass')","0","0","0"
"('US', 'Re-processing of ash into clinker')","0","0","0"
"('US', 'Re-processing of secondary preciuos metals into new preciuos metals')","0","0","0"
"('US', 'Re-processing of secondary aluminium into new aluminium')","0","0","0"
"('US', 'Re-processing of secondary lead into new lead, zinc and tin')","0","0","0"
"('US', 'Re-processing of secondary copper into new copper')","0","0","0"
"('US', 'Re-processing of secondary other non-ferrous metals into new other non-ferrous metals')","0","0","0"
"('US', 'Recycling of bottles by direct reuse')","0","0","0"
"('US', 'Production of electricity by tide, wave, ocean')","0","0","0"
"('US', 'Collection, purification and distribution of water (41)')","0","0","0"
"('US', 'Re-processing of secondary construction material into aggregates')","0","0","0"
"('US', 'Incineration of waste: Oil/Hazardous waste')","0","0","0"
"('US', 'Biogasification of food waste, incl. land application')","0","0","0"
"('US', 'Biogasification of paper, incl. land application')","0","0","0"
"('US', 'Extra-territorial organizations and bodies')","0","0","0"
"('JP', 'Cultivation of plant-based fibers')","0","0","0"
"('JP', 'Wool, silk-worm cocoons')","0","0","0"
"('JP', 'Manure treatment (conventional), storage and land application')","0","0","0"
"('JP', 'Manure treatment (biogas), storage and land application')","0","0","0"
"('JP', 'Extraction, liquefaction, and regasification of other petroleum and gaseous materials')","0","0","0"
"('JP', 'Mining of uranium and thorium ores (12)')","0","0","0"
"('JP', 'Mining of copper ores and concentrates')","0","0","0"
"('JP', 'Mining of nickel ores and concentrates')","0","0","0"
"('JP', 'Mining of aluminium ores and concentrates')","0","0","0"
"('JP', 'Mining of lead, zinc and tin ores and concentrates')","0","0","0"
"('JP', 'Re-processing of secondary wood material into new wood material')","0","0","0"
"('JP', 'Re-processing of secondary paper into new pulp')","0","0","0"
"('JP', 'Re-processing of secondary plastic into new plastic')","0","0","0"
"('JP', 'Re-processing of secondary glass into new glass')","0","0","0"
"('JP', 'Re-processing of ash into clinker')","0","0","0"
"('JP', 'Re-processing of secondary preciuos metals into new preciuos metals')","0","0","0"
"('JP', 'Re-processing of secondary aluminium into new aluminium')","0","0","0"
"('JP', 'Re-processing of secondary lead into new lead, zinc and tin')","0","0","0"
"('JP', 'Re-processing of secondary copper into new copper')","0","0","0"
"('JP', 'Re-processing of secondary other non-ferrous metals into new other non-ferrous metals')","0","0","0"
"('JP', 'Manufacture of machinery and equipment n.e.c. (29)')","0","0","0"
"('JP', 'Recycling of waste and scrap')","0","0","0"
"('JP', 'Recycling of bottles by direct reuse')","0","0","0"
"('JP', 'Production of electricity by biomass and waste')","0","0","0"
"('JP', 'Production of electricity by solar thermal')","0","0","0"
"('JP', 'Production of electricity by tide, wave, ocean')","0","0","0"
"('JP', 'Collection, purification and distribution of water (41)')","0","0","0"
"('JP', 'Re-processing of secondary construction material into aggregates')","0","0","0"
"('JP', 'Renting of machinery and equipment without operator and of personal and household goods (71)')","0","0","0"
"('JP', 'Incineration of waste: Food')","0","0","0"
"('JP', 'Incineration of waste: Paper')","0","0","0"
"('JP', 'Incineration of waste: Plastic')","0","0","0"
"('JP', 'Incineration of waste: Metals and Inert materials')","0","0","0"
"('JP', 'Incineration of waste: Textiles')","0","0","0"
"('JP', 'Incineration of waste: Wood')","0","0","0"
"('JP', 'Incineration of waste: Oil/Hazardous waste')","0","0","0"
"('JP', 'Biogasification of food waste, incl. land application')","0","0","0"
"('JP', 'Biogasification of paper, incl. land application')","0","0","0"
"('JP', 'Biogasification of sewage slugde, incl. land application')","0","0","0"
"('JP', 'Composting of food waste, incl. land application')","0","0","0"
"('JP', 'Composting of paper and wood, incl. land application')","0","0","0"
"('JP', 'Waste water treatment, food')","0","0","0"
"('JP', 'Waste water treatment, other')","0","0","0"
"('JP', 'Landfill of waste: Food')","0","0","0"
"('JP', 'Landfill of waste: Paper')","0","0","0"
"('JP', 'Landfill of waste: Plastic')","0","0","0"
"('JP', 'Landfill of waste: Inert/metal/hazardous')","0","0","0"
"('JP', 'Landfill of waste: Textiles')","0","0","0"
"('JP', 'Landfill of waste: Wood')","0","0","0"
"('JP', 'Extra-territorial organizations and bodies')","0","0","0"
"('CN', 'Manure treatment (conventional), storage and land application')","0","0","0"
"('CN', 'Manure treatment (biogas), storage and land application')","0","0","0"
"('CN', 'Mining of uranium and thorium ores (12)')","0","0","0"
"('CN', 'Quarrying of stone')","0","0","0"
"('CN', 'Re-processing of secondary wood material into new wood material')","0","0","0"
"('CN', 'Re-processing of secondary paper into new pulp')","0","0","0"
"('CN', 'Processing of nuclear fuel')","0","0","0"
"('CN', 'Re-processing of secondary plastic into new plastic')","0","0","0"
"('CN', 'Re-processing of secondary glass into new glass')","0","0","0"
"('CN', 'Re-processing of ash into clinker')","0","0","0"
"('CN', 'Re-processing of secondary preciuos metals into new preciuos metals')","0","0","0"
"('CN', 'Re-processing of secondary aluminium into new aluminium')","0","0","0"
"('CN', 'Re-processing of secondary lead into new lead, zinc and tin')","0","0","0"
"('CN', 'Re-processing of secondary copper into new copper')","0","0","0"
"('CN', 'Re-processing of secondary other non-ferrous metals into new other non-ferrous metals')","0","0","0"
"('CN', 'Recycling of bottles by direct reuse')","0","0","0"
"('CN', 'Production of electricity by biomass and waste')","0","0","0"
"('CN', 'Production of electricity by tide, wave, ocean')","0","0","0"
"('CN', 'Production of electricity by Geothermal')","0","0","0"
"('CN', 'Production of electricity nec')","0","0","0"
"('CN', 'Re-processing of secondary construction material into aggregates')","0","0","0"
"('CN', 'Renting of machinery and equipment without operator and of personal and household goods (71)')","0","0","0"
"('CN', 'Incineration of waste: Food')","0","0","0"
"('CN', 'Incineration of waste: Paper')","0","0","0"
"('CN', 'Incineration of waste: Plastic')","0","0","0"
"('CN', 'Incineration of waste: Metals and Inert materials')","0","0","0"
"('CN', 'Incineration of waste: Textiles')","0","0","0"
"('CN', 'Incineration of waste: Wood')","0","0","0"
"('CN', 'Incineration of waste: Oil/Hazardous waste')","0","0","0"
"('CN', 'Biogasification of food waste, incl. land application')","0","0","0"
"('CN', 'Biogasification of paper, incl. land application')","0","0","0"
"('CN', 'Biogasification of sewage slugde, incl. land application')","0","0","0"
"('CN', 'Composting of food waste, incl. land application')","0","0","0"
"('CN', 'Composting of paper and wood, incl. land application')","0","0","0"
"('CN', 'Waste water treatment, food')","0","0","0"
"('CN', 'Waste water treatment, other')","0","0","0"
"('CN', 'Landfill of waste: Paper')","0","0","0"
"('CN', 'Landfill of waste: Plastic')","0","0","0"
"('CN', 'Landfill of waste: Inert/metal/hazardous')","0","0","0"
"('CN', 'Landfill of waste: Textiles')","0","0","0"
"('CN', 'Landfill of waste: Wood')","0","0","0"
"('CN', 'Extra-territorial organizations and bodies')","0","0","0"
"('CA', 'Cultivation of paddy rice')","0","0","0"
"('CA', 'Wool, silk-worm cocoons')","0","0","0"
"('CA', 'Manure treatment (conventional), storage and land application')","0","0","0"
"('CA', 'Manure treatment (biogas), storage and land application')","0","0","0"
"('CA', 'Mining of uranium and thorium ores (12)')","0","0","0"
"('CA', 'Mining of iron ores')","0","0","0"
"('CA', 'Mining of nickel ores and concentrates')","0","0","0"
"('CA', 'Mining of aluminium ores and concentrates')","0","0","0"
"('CA', 'Mining of precious metal ores and concentrates')","0","0","0"
"('CA', 'Mining of other non-ferrous metal ores and concentrates')","0","0","0"
"('CA', 'Processed rice')","0","0","0"
"('CA', 'Sugar refining')","0","0","0"
"('CA', 'Re-processing of secondary wood material into new wood material')","0","0","0"
"('CA', 'Re-processing of secondary paper into new pulp')","0","0","0"
"('CA', 'Processing of nuclear fuel')","0","0","0"
"('CA', 'Plastics, basic')","0","0","0"
"('CA', 'Re-processing of secondary plastic into new plastic')","0","0","0"
"('CA', 'Re-processing of secondary glass into new glass')","0","0","0"
"('CA', 'Re-processing of ash into clinker')","0","0","0"
"('CA', 'Re-processing of secondary preciuos metals into new preciuos metals')","0","0","0"
"('CA', 'Re-processing of secondary aluminium into new aluminium')","0","0","0"
"('CA', 'Re-processing of secondary lead into new lead, zinc and tin')","0","0","0"
"('CA', 'Re-processing of secondary copper into new copper')","0","0","0"
"('CA', 'Re-processing of secondary other non-ferrous metals into new other non-ferrous metals')","0","0","0"
"('CA', 'Manufacture of machinery and equipment n.e.c. (29)')","0","0","0"
"('CA', 'Recycling of waste and scrap')","0","0","0"
"('CA', 'Recycling of bottles by direct reuse')","0","0","0"
"('CA', 'Production of electricity by biomass and waste')","0","0","0"
"('CA', 'Production of electricity by solar thermal')","0","0","0"
"('CA', 'Production of electricity by tide, wave, ocean')","0","0","0"
"('CA', 'Production of electricity by Geothermal')","0","0","0"
"('CA', 'Production of electricity nec')","0","0","0"
"('CA', 'Collection, purification and distribution of water (41)')","0","0","0"
"('CA', 'Re-processing of secondary construction material into aggregates')","0","0","0"
"('CA', 'Renting of machinery and equipment without operator and of personal and household goods (71)')","0","0","0"
"('CA', 'Incineration of waste: Food')","0","0","0"
"('CA', 'Incineration of waste: Paper')","0","0","0"
"('CA', 'Incineration of waste: Plastic')","0","0","0"
"('CA', 'Incineration of waste: Metals and Inert materials')","0","0","0"
"('CA', 'Incineration of waste: Textiles')","0","0","0"
"('CA', 'Incineration of waste: Wood')","0","0","0"
"('CA', 'Incineration of waste: Oil/Hazardous waste')","0","0","0"
"('CA', 'Biogasification of food waste, incl. land application')","0","0","0"
"('CA', 'Biogasification of paper, incl. land application')","0","0","0"
"('CA', 'Biogasification of sewage slugde, incl. land application')","0","0","0"
"('CA', 'Composting of food waste, incl. land application')","0","0","0"
"('CA', 'Composting of paper and wood, incl. land application')","0","0","0"
"('CA', 'Waste water treatment, food')","0","0","0"
"('CA', 'Waste water treatment, other')","0","0","0"
"('CA', 'Landfill of waste: Food')","0","0","0"
"('CA', 'Landfill of waste: Paper')","0","0","0"
"('CA', 'Landfill of waste: Plastic')","0","0","0"
"('CA', 'Landfill of waste: Inert/metal/hazardous')","0","0","0"
"('CA', 'Landfill of waste: Textiles')","0","0","0"
"('CA', 'Landfill of waste: Wood')","0","0","0"
"('CA', 'Extra-territorial organizations and bodies')","0","0","0"
"('KR', 'Cultivation of sugar cane, sugar beet')","0","0","0"
"('KR', 'Cultivation of plant-based fibers')","0","0","0"
"('KR', 'Manure treatment (conventional), storage and land application')","0","0","0"
"('KR', 'Manure treatment (biogas), storage and land application')","0","0","0"
"('KR', 'Extraction, liquefaction, and regasification of other petroleum and gaseous materials')","0","0","0"
"('KR', 'Mining of uranium and thorium ores (12)')","0","0","0"
"('KR', 'Mining of copper ores and concentrates')","0","0","0"
"('KR', 'Mining of aluminium ores and concentrates')","0","0","0"
"('KR', 'Re-processing of secondary wood material into new wood material')","0","0","0"
"('KR', 'Re-processing of secondary paper into new pulp')","0","0","0"
"('KR', 'Processing of nuclear fuel')","0","0","0"
"('KR', 'Re-processing of secondary plastic into new plastic')","0","0","0"
"('KR', 'Re-processing of secondary glass into new glass')","0","0","0"
"('KR', 'Re-processing of ash into clinker')","0","0","0"
"('KR', 'Re-processing of secondary preciuos metals into new preciuos metals')","0","0","0"
"('KR', 'Re-processing of secondary aluminium into new aluminium')","0","0","0"
"('KR', 'Re-processing of secondary lead into new lead, zinc and tin')","0","0","0"
"('KR', 'Re-processing of secondary copper into new copper')","0","0","0"
"('KR', 'Re-processing of secondary other non-ferrous metals into new other non-ferrous metals')","0","0","0"
"('KR', 'Recycling of waste and scrap')","0","0","0"
"('KR', 'Recycling of bottles by direct reuse')","0","0","0"
"('KR', 'Production of electricity by solar thermal')","0","0","0"
"('KR', 'Production of electricity by tide, wave, ocean')","0","0","0"
"('KR', 'Production of electricity by Geothermal')","0","0","0"
"('KR', 'Collection, purification and distribution of water (41)')","0","0","0"
"('KR', 'Re-processing of secondary construction material into aggregates')","0","0","0"
"('KR', 'Incineration of waste: Food')","0","0","0"
"('KR', 'Incineration of waste: Paper')","0","0","0"
"('KR', 'Incineration of waste: Plastic')","0","0","0"
"('KR', 'Incineration of waste: Metals and Inert materials')","0","0","0"
"('KR', 'Incineration of waste: Textiles')","0","0","0"
"('KR', 'Incineration of waste: Wood')","0","0","0"
"('KR', 'Incineration of waste: Oil/Hazardous waste')","0","0","0"
"('KR', 'Biogasification of food waste, incl. land application')","0","0","0"
"('KR', 'Biogasification of paper, incl. land application')","0","0","0"
"('KR', 'Biogasification of sewage slugde, incl. land application')","0","0","0"
"('KR', 'Composting of food waste, incl. land application')","0","0","0"
"('KR', 'Composting of paper and wood, incl. land application')","0","0","0"
"('KR', 'Waste water treatment, food')","0","0","0"
"('KR', 'Waste water treatment, other')","0","0","0"
"('KR', 'Landfill of waste: Food')","0","0","0"
"('KR', 'Landfill of waste: Paper')","0","0","0"
"('KR', 'Landfill of waste: Plastic')","0","0","0"
"('KR', 'Landfill of waste: Inert/metal/hazardous')","0","0","0"
"('KR', 'Landfill of waste: Textiles')","0","0","0"
"('KR', 'Landfill of waste: Wood')","0","0","0"
"('KR', 'Extra-territorial organizations and bodies')","0","0","0"
"('BR', 'Wool, silk-worm cocoons')","0","0","0"
"('BR', 'Manure treatment (conventional), storage and land application')","0","0","0"
"('BR', 'Manure treatment (biogas), storage and land application')","0","0","0"
"('BR', 'Mining of uranium and thorium ores (12)')","0","0","0"
"('BR', 'Mining of iron ores')","0","0","0"
"('BR', 'Mining of copper ores and concentrates')","0","0","0"
"('BR', 'Mining of nickel ores and concentrates')","0","0","0"
"('BR', 'Mining of aluminium ores and concentrates')","0","0","0"
"('BR', 'Mining of lead, zinc and tin ores and concentrates')","0","0","0"
"('BR', 'Quarrying of stone')","0","0","0"
"('BR', 'Quarrying of sand and clay')","0","0","0"
"('BR', 'Mining of chemical and fertilizer minerals, production of salt, other mining and quarrying n.e.c.')","0","0","0"
"('BR', 'Re-processing of secondary wood material into new wood material')","0","0","0"
"('BR', 'Re-processing of secondary paper into new pulp')","0","0","0"
"('BR', 'Processing of nuclear fuel')","0","0","0"
"('BR', 'Re-processing of secondary plastic into new plastic')","0","0","0"
"('BR', 'Re-processing of secondary glass into new glass')","0","0","0"
"('BR', 'Re-processing of ash into clinker')","0","0","0"
"('BR', 'Re-processing of secondary preciuos metals into new preciuos metals')","0","0","0"
"('BR', 'Re-processing of secondary aluminium into new aluminium')","0","0","0"
"('BR', 'Re-processing of secondary lead into new lead, zinc and tin')","0","0","0"
"('BR', 'Re-processing of secondary copper into new copper')","0","0","0"
"('BR', 'Re-processing of secondary other non-ferrous metals into new other non-ferrous metals')","0","0","0"
"('BR', 'Manufacture of machinery and equipment n.e.c. (29)')","0","0","0"
"('BR', 'Recycling of waste and scrap')","0","0","0"
"('BR', 'Recycling of bottles by direct reuse')","0","0","0"
"('BR', 'Production of electricity by solar thermal')","0","0","0"
"('BR', 'Production of electricity by tide, wave, ocean')","0","0","0"
"('BR', 'Production of electricity by Geothermal')","0","0","0"
"('BR', 'Production of electricity nec')","0","0","0"
"('BR', 'Steam and hot water supply')","0","0","0"
"('BR', 'Collection, purification and distribution of water (41)')","0","0","0"
"('BR', 'Re-processing of secondary construction material into aggregates')","0","0","0"
"('BR', 'Renting of machinery and equipment without operator and of personal and household goods (71)')","0","0","0"
"('BR', 'Incineration of waste: Food')","0","0","0"
"('BR', 'Incineration of waste: Paper')","0","0","0"
"('BR', 'Incineration of waste: Plastic')","0","0","0"
"('BR', 'Incineration of waste: Metals and Inert materials')","0","0","0"
"('BR', 'Incineration of waste: Textiles')","0","0","0"
"('BR', 'Incineration of waste: Wood')","0","0","0"
"('BR', 'Incineration of waste: Oil/Hazardous waste')","0","0","0"
"('BR', 'Biogasification of food waste, incl. land application')","0","0","0"
"('BR', 'Biogasification of paper, incl. land application')","0","0","0"
"('BR', 'Biogasification of sewage slugde, incl. land application')","0","0","0"
"('BR', 'Composting of food waste, incl. land application')","0","0","0"
"('BR', 'Composting of paper and wood, incl. land application')","0","0","0"
"('BR', 'Waste water treatment, food')","0","0","0"
"('BR', 'Waste water treatment, other')","0","0","0"
"('BR', 'Landfill of waste: Food')","0","0","0"
"('BR', 'Landfill of waste: Paper')","0","0","0"
"('BR', 'Landfill of waste: Plastic')","0","0","0"
"('BR', 'Landfill of waste: Inert/metal/hazardous')","0","0","0"
"('BR', 'Landfill of waste: Textiles')","0","0","0"
"('BR', 'Landfill of waste: Wood')","0","0","0"
"('BR', 'Extra-territorial organizations and bodies')","0","0","0"
"('IN', 'Manure treatment (conventional), storage and land application')","0","0","0"
"('IN', 'Manure treatment (biogas), storage and land application')","0","0","0"
"('IN', 'Extraction, liquefaction, and regasification of other petroleum and gaseous materials')","0","0","0"
"('IN', 'Mining of uranium and thorium ores (12)')","0","0","0"
"('IN', 'Mining of copper ores and concentrates')","0","0","0"
"('IN', 'Mining of nickel ores and concentrates')","0","0","0"
"('IN', 'Mining of aluminium ores and concentrates')","0","0","0"
"('IN', 'Mining of lead, zinc and tin ores and concentrates')","0","0","0"
"('IN', 'Mining of other non-ferrous metal ores and concentrates')","0","0","0"
"('IN', 'Quarrying of stone')","0","0","0"
"('IN', 'Quarrying of sand and clay')","0","0","0"
"('IN', 'Mining of chemical and fertilizer minerals, production of salt, other mining and quarrying n.e.c.')","0","0","0"
"('IN', 'Re-processing of secondary wood material into new wood material')","0","0","0"
"('IN', 'Re-processing of secondary paper into new pulp')","0","0","0"
"('IN', 'Processing of nuclear fuel')","0","0","0"
"('IN', 'Re-processing of secondary plastic into new plastic')","0","0","0"
"('IN', 'Re-processing of secondary glass into new glass')","0","0","0"
"('IN', 'Re-processing of ash into clinker')","0","0","0"
"('IN', 'Re-processing of secondary preciuos metals into new preciuos metals')","0","0","0"
"('IN', 'Re-processing of secondary aluminium into new aluminium')","0","0","0"
"('IN', 'Re-processing of secondary lead into new lead, zinc and tin')","0","0","0"
"('IN', 'Re-processing of secondary copper into new copper')","0","0","0"
"('IN', 'Re-processing of secondary other non-ferrous metals into new other non-ferrous metals')","0","0","0"
"('IN', 'Recycling of waste and scrap')","0","0","0"
"('IN', 'Recycling of bottles by direct reuse')","0","0","0"
"('IN', 'Production of electricity by solar thermal')","0","0","0"
"('IN', 'Production of electricity by tide, wave, ocean')","0","0","0"
"('IN', 'Production of electricity by Geothermal')","0","0","0"
"('IN', 'Production of electricity nec')","0","0","0"
"('IN', 'Steam and hot water supply')","0","0","0"
"('IN', 'Collection, purification and distribution of water (41)')","0","0","0"
"('IN', 'Re-processing of secondary construction material into aggregates')","0","0","0"
"('IN', 'Renting of machinery and equipment without operator and of personal and household goods (71)')","0","0","0"
"('IN', 'Incineration of waste: Food')","0","0","0"
"('IN', 'Incineration of waste: Paper')","0","0","0"
"('IN', 'Incineration of waste: Plastic')","0","0","0"
"('IN', 'Incineration of waste: Metals and Inert materials')","0","0","0"
"('IN', 'Incineration of waste: Textiles')","0","0","0"
"('IN', 'Incineration of waste: Wood')","0","0","0"
"('IN', 'Incineration of waste: Oil/Hazardous waste')","0","0","0"
"('IN', 'Biogasification of food waste, incl. land application')","0","0","0"
"('IN', 'Biogasification of paper, incl. land application')","0","0","0"
"('IN', 'Biogasification of sewage slugde, incl. land application')","0","0","0"
"('IN', 'Composting of food waste, incl. land application')","0","0","0"
"('IN', 'Composting of paper and wood, incl. land application')","0","0","0"
"('IN', 'Waste water treatment, food')","0","0","0"
"('IN', 'Waste water treatment, other')","0","0","0"
"('IN', 'Landfill of waste: Food')","0","0","0"
"('IN', 'Landfill of waste: Paper')","0","0","0"
"('IN', 'Landfill of waste: Plastic')","0","0","0"
"('IN', 'Landfill of waste: Inert/metal/hazardous')","0","0","0"
"('IN', 'Landfill of waste: Textiles')","0","0","0"
"('IN', 'Landfill of waste: Wood')","0","0","0"
"('IN', 'Extra-territorial organizations and bodies')","0","0","0"
"('MX', 'Wool, silk-worm cocoons')","0","0","0"
"('MX', 'Manure treatment (conventional), storage and land application')","0","0","0"
"('MX', 'Manure treatment (biogas), storage and land application')","0","0","0"
"('MX', 'Extraction, liquefaction, and regasification of other petroleum and gaseous materials')","0","0","0"
"('MX', 'Mining of uranium and thorium ores (12)')","0","0","0"
"('MX', 'Mining of iron ores')","0","0","0"
"('MX', 'Mining of copper ores and concentrates')","0","0","0"
"('MX', 'Mining of nickel ores and concentrates')","0","0","0"
"('MX', 'Mining of aluminium ores and concentrates')","0","0","0"
"('MX', 'Mining of lead, zinc and tin ores and concentrates')","0","0","0"
"('MX', 'Mining of other non-ferrous metal ores and concentrates')","0","0","0"
"('MX', 'Quarrying of stone')","0","0","0"
"('MX', 'Quarrying of sand and clay')","0","0","0"
"('MX', 'Mining of chemical and fertilizer minerals, production of salt, other mining and quarrying n.e.c.')","0","0","0"
"('MX', 'Re-processing of secondary wood material into new wood material')","0","0","0"
"('MX', 'Re-processing of secondary paper into new pulp')","0","0","0"
"('MX', 'Processing of nuclear fuel')","0","0","0"
"('MX', 'Re-processing of secondary plastic into new plastic')","0","0","0"
"('MX', 'Re-processing of secondary glass into new glass')","0","0","0"
"('MX', 'Re-processing of ash into clinker')","0","0","0"
"('MX', 'Re-processing of secondary preciuos metals into new preciuos metals')","0","0","0"
"('MX', 'Re-processing of secondary aluminium into new aluminium')","0","0","0"
"('MX', 'Re-processing of secondary lead into new lead, zinc and tin')","0","0","0"
"('MX', 'Re-processing of secondary copper into new copper')","0","0","0"
"('MX', 'Re-processing of secondary other non-ferrous metals into new other non-ferrous metals')","0","0","0"
"('MX', 'Manufacture of machinery and equipment n.e.c. (29)')","0","0","0"
"('MX', 'Recycling of waste and scrap')","0","0","0"
"('MX', 'Recycling of bottles by direct reuse')","0","0","0"
"('MX', 'Production of electricity by nuclear')","0","0","0"
"('MX', 'Production of electricity by biomass and waste')","0","0","0"
"('MX', 'Production of electricity by solar photovoltaic')","0","0","0"
"('MX', 'Production of electricity by solar thermal')","0","0","0"
"('MX', 'Production of electricity by tide, wave, ocean')","0","0","0"
"('MX', 'Production of electricity by Geothermal')","0","0","0"
"('MX', 'Production of electricity nec')","0","0","0"
"('MX', 'Steam and hot water supply')","0","0","0"
"('MX', 'Collection, purification and distribution of water (41)')","0","0","0"
"('MX', 'Re-processing of secondary construction material into aggregates')","0","0","0"
"('MX', 'Renting of machinery and equipment without operator and of personal and household goods (71)')","0","0","0"
"('MX', 'Incineration of waste: Food')","0","0","0"
"('MX', 'Incineration of waste: Paper')","0","0","0"
"('MX', 'Incineration of waste: Plastic')","0","0","0"
"('MX', 'Incineration of waste: Metals and Inert materials')","0","0","0"
"('MX', 'Incineration of waste: Textiles')","0","0","0"
"('MX', 'Incineration of waste: Wood')","0","0","0"
"('MX', 'Incineration of waste: Oil/Hazardous waste')","0","0","0"
"('MX', 'Biogasification of food waste, incl. land application')","0","0","0"
"('MX', 'Biogasification of paper, incl. land application')","0","0","0"
"('MX', 'Biogasification of sewage slugde, incl. land application')","0","0","0"
"('MX', 'Composting of food waste, incl. land application')","0","0","0"
"('MX', 'Composting of paper and wood, incl. land application')","0","0","0"
"('MX', 'Waste water treatment, food')","0","0","0"
"('MX', 'Waste water treatment, other')","0","0","0"
"('MX', 'Landfill of waste: Food')","0","0","0"
"('MX', 'Landfill of waste: Paper')","0","0","0"
"('MX', 'Landfill of waste: Plastic')","0","0","0"
"('MX', 'Landfill of waste: Inert/metal/hazardous')","0","0","0"
"('MX', 'Landfill of waste: Textiles')","0","0","0"
"('MX', 'Landfill of waste: Wood')","0","0","0"
"('MX', 'Extra-territorial organizations and bodies')","0","0","0"
"('RU', 'Cultivation of crops nec')","0","0","0"
"('RU', 'Wool, silk-worm cocoons')","0","0","0"
"('RU', 'Manure treatment (conventional), storage and land application')","0","0","0"
"('RU', 'Manure treatment (biogas), storage and land application')","0","0","0"
"('RU', 'Extraction, liquefaction, and regasification of other petroleum and gaseous materials')","0","0","0"
"('RU', 'Mining of uranium and thorium ores (12)')","0","0","0"
"('RU', 'Mining of iron ores')","0","0","0"
"('RU', 'Mining of copper ores and concentrates')","0","0","0"
"('RU', 'Mining of nickel ores and concentrates')","0","0","0"
"('RU', 'Mining of aluminium ores and concentrates')","0","0","0"
"('RU', 'Mining of lead, zinc and tin ores and concentrates')","0","0","0"
"('RU', 'Mining of other non-ferrous metal ores and concentrates')","0","0","0"
"('RU', 'Quarrying of stone')","0","0","0"
"('RU', 'Quarrying of sand and clay')","0","0","0"
"('RU', 'Mining of chemical and fertilizer minerals, production of salt, other mining and quarrying n.e.c.')","0","0","0"
"('RU', 'Re-processing of secondary wood material into new wood material')","0","0","0"
"('RU', 'Re-processing of secondary paper into new pulp')","0","0","0"
"('RU', 'Processing of nuclear fuel')","0","0","0"
"('RU', 'Re-processing of secondary plastic into new plastic')","0","0","0"
"('RU', 'Re-processing of secondary glass into new glass')","0","0","0"
"('RU', 'Re-processing of ash into clinker')","0","0","0"
"('RU', 'Re-processing of secondary preciuos metals into new preciuos metals')","0","0","0"
"('RU', 'Re-processing of secondary aluminium into new aluminium')","0","0","0"
"('RU', 'Re-processing of secondary lead into new lead, zinc and tin')","0","0","0"
"('RU', 'Re-processing of secondary copper into new copper')","0","0","0"
"('RU', 'Re-processing of secondary other non-ferrous metals into new other non-ferrous metals')","0","0","0"
"('RU', 'Manufacture of machinery and equipment n.e.c. (29)')","0","0","0"
"('RU', 'Recycling of waste and scrap')","0","0","0"
"('RU', 'Recycling of bottles by direct reuse')","0","0","0"
"('RU', 'Production of electricity by biomass and waste')","0","0","0"
"('RU', 'Production of electricity by solar photovoltaic')","0","0","0"
"('RU', 'Production of electricity by solar thermal')","0","0","0"
"('RU', 'Production of electricity by tide, wave, ocean')","0","0","0"
"('RU', 'Production of electricity by Geothermal')","0","0","0"
"('RU', 'Production of electricity nec')","0","0","0"
"('RU', 'Collection, purification and distribution of water (41)')","0","0","0"
"('RU', 'Re-processing of secondary construction material into aggregates')","0","0","0"
"('RU', 'Renting of machinery and equipment without operator and of personal and household goods (71)')","0","0","0"
"('RU', 'Incineration of waste: Food')","0","0","0"
"('RU', 'Incineration of waste: Paper')","0","0","0"
"('RU', 'Incineration of waste: Plastic')","0","0","0"
"('RU', 'Incineration of waste: Metals and Inert materials')","0","0","0"
"('RU', 'Incineration of waste: Textiles')","0","0","0"
"('RU', 'Incineration of waste: Wood')","0","0","0"
"('RU', 'Incineration of waste: Oil/Hazardous waste')","0","0","0"
"('RU', 'Biogasification of food waste, incl. land application')","0","0","0"
"('RU', 'Biogasification of paper, incl. land application')","0","0","0"
"('RU', 'Biogasification of sewage slugde, incl. land application')","0","0","0"
"('RU', 'Composting of food waste, incl. land application')","0","0","0"
"('RU', 'Composting of paper and wood, incl. land application')","0","0","0"
"('RU', 'Waste water treatment, food')","0","0","0"
"('RU', 'Waste water treatment, other')","0","0","0"
"('RU', 'Landfill of waste: Food')","0","0","0"
"('RU', 'Landfill of waste: Paper')","0","0","0"
"('RU', 'Landfill of waste: Plastic')","0","0","0"
"('RU', 'Landfill of waste: Inert/metal/hazardous')","0","0","0"
"('RU', 'Landfill of waste: Textiles')","0","0","0"
"('RU', 'Landfill of waste: Wood')","0","0","0"
"('RU', 'Extra-territorial organizations and bodies')","0","0","0"
"('AU', 'Manure treatment (conventional), storage and land application')","0","0","0"
"('AU', 'Manure treatment (biogas), storage and land application')","0","0","0"
"('AU', 'Extraction, liquefaction, and regasification of other petroleum and gaseous materials')","0","0","0"
"('AU', 'Quarrying of stone')","0","0","0"
"('AU', 'Mining of chemical and fertilizer minerals, production of salt, other mining and quarrying n.e.c.')","0","0","0"
"('AU', 'Re-processing of secondary wood material into new wood material')","0","0","0"
"('AU', 'Re-processing of secondary paper into new pulp')","0","0","0"
"('AU', 'Processing of nuclear fuel')","0","0","0"
"('AU', 'Re-processing of secondary plastic into new plastic')","0","0","0"
"('AU', 'Re-processing of secondary glass into new glass')","0","0","0"
"('AU', 'Re-processing of ash into clinker')","0","0","0"
"('AU', 'Re-processing of secondary preciuos metals into new preciuos metals')","0","0","0"
"('AU', 'Re-processing of secondary aluminium into new aluminium')","0","0","0"
"('AU', 'Re-processing of secondary lead into new lead, zinc and tin')","0","0","0"
"('AU', 'Re-processing of secondary copper into new copper')","0","0","0"
"('AU', 'Re-processing of secondary other non-ferrous metals into new other non-ferrous metals')","0","0","0"
"('AU', 'Manufacture of machinery and equipment n.e.c. (29)')","0","0","0"
"('AU', 'Recycling of waste and scrap')","0","0","0"
"('AU', 'Recycling of bottles by direct reuse')","0","0","0"
"('AU', 'Production of electricity by nuclear')","0","0","0"
"('AU', 'Production of electricity by biomass and waste')","0","0","0"
"('AU', 'Production of electricity by solar thermal')","0","0","0"
"('AU', 'Production of electricity by tide, wave, ocean')","0","0","0"
"('AU', 'Production of electricity by Geothermal')","0","0","0"
"('AU', 'Production of electricity nec')","0","0","0"
"('AU', 'Steam and hot water supply')","0","0","0"
"('AU', 'Collection, purification and distribution of water (41)')","0","0","0"
"('AU', 'Re-processing of secondary construction material into aggregates')","0","0","0"
"('AU', 'Renting of machinery and equipment without operator and of personal and household goods (71)')","0","0","0"
"('AU', 'Incineration of waste: Food')","0","0","0"
"('AU', 'Incineration of waste: Paper')","0","0","0"
"('AU', 'Incineration of waste: Plastic')","0","0","0"
"('AU', 'Incineration of waste: Metals and Inert materials')","0","0","0"
"('AU', 'Incineration of waste: Textiles')","0","0","0"
"('AU', 'Incineration of waste: Wood')","0","0","0"
"('AU', 'Incineration of waste: Oil/Hazardous waste')","0","0","0"
"('AU', 'Biogasification of food waste, incl. land application')","0","0","0"
"('AU', 'Biogasification of paper, incl. land application')","0","0","0"
"('AU', 'Biogasification of sewage slugde, incl. land application')","0","0","0"
"('AU', 'Composting of food waste, incl. land application')","0","0","0"
"('AU', 'Composting of paper and wood, incl. land application')","0","0","0"
"('AU', 'Waste water treatment, food')","0","0","0"
"('AU', 'Waste water treatment, other')","0","0","0"
"('AU', 'Landfill of waste: Food')","0","0","0"
"('AU', 'Landfill of waste: Paper')","0","0","0"
"('AU', 'Landfill of waste: Plastic')","0","0","0"
"('AU', 'Landfill of waste: Inert/metal/hazardous')","0","0","0"
"('AU', 'Landfill of waste: Textiles')","0","0","0"
"('AU', 'Landfill of waste: Wood')","0","0","0"
"('AU', 'Extra-territorial organizations and bodies')","0","0","0"
"('CH', 'Cultivation of paddy rice')","0","0","0"
"('CH', 'Cultivation of wheat')","0","0","0"
"('CH', 'Cultivation of cereal grains nec')","0","0","0"
"('CH', 'Cultivation of vegetables, fruit, nuts')","0","0","0"
"('CH', 'Cultivation of oil seeds')","0","0","0"
"('CH', 'Cultivation of sugar cane, sugar beet')","0","0","0"
"('CH', 'Cultivation of plant-based fibers')","0","0","0"
"('CH', 'Cultivation of crops nec')","0","0","0"
"('CH', 'Cattle farming')","0","0","0"
"('CH', 'Pigs farming')","0","0","0"
"('CH', 'Poultry farming')","0","0","0"
"('CH', 'Meat animals nec')","0","0","0"
"('CH', 'Animal products nec')","0","0","0"
"('CH', 'Raw milk')","0","0","0"
"('CH', 'Wool, silk-worm cocoons')","0","0","0"
"('CH', 'Manure treatment (conventional), storage and land application')","0","0","0"
"('CH', 'Manure treatment (biogas), storage and land application')","0","0","0"
"('CH', 'Forestry, logging and related service activities (02)')","0","0","0"
"('CH', 'Mining of coal and lignite; extraction of peat (10)')","0","0","0"
"('CH', 'Extraction of crude petroleum and services related to crude oil extraction, excluding surveying')","0","0","0"
"('CH', 'Extraction, liquefaction, and regasification of other petroleum and gaseous materials')","0","0","0"
"('CH', 'Mining of uranium and thorium ores (12)')","0","0","0"
"('CH', 'Mining of iron ores')","0","0","0"
"('CH', 'Mining of copper ores and concentrates')","0","0","0"
"('CH', 'Mining of nickel ores and concentrates')","0","0","0"
"('CH', 'Mining of aluminium ores and concentrates')","0","0","0"
"('CH', 'Mining of precious metal ores and concentrates')","0","0","0"
"('CH', 'Mining of lead, zinc and tin ores and concentrates')","0","0","0"
"('CH', 'Mining of other non-ferrous metal ores and concentrates')","0","0","0"
"('CH', 'Processing vegetable oils and fats')","0","0","0"
"('CH', 'Re-processing of secondary wood material into new wood material')","0","0","0"
"('CH', 'Re-processing of secondary paper into new pulp')","0","0","0"
"('CH', 'Manufacture of coke oven products')","0","0","0"
"('CH', 'Processing of nuclear fuel')","0","0","0"
"('CH', 'Re-processing of secondary plastic into new plastic')","0","0","0"
"('CH', 'N-fertiliser')","0","0","0"
"('CH', 'Re-processing of secondary glass into new glass')","0","0","0"
"('CH', 'Re-processing of ash into clinker')","0","0","0"
"('CH', 'Manufacture of basic iron and steel and of ferro-alloys and first products thereof')","0","0","0"
"('CH', 'Re-processing of secondary preciuos metals into new preciuos metals')","0","0","0"
"('CH', 'Re-processing of secondary aluminium into new aluminium')","0","0","0"
"('CH', 'Re-processing of secondary lead into new lead, zinc and tin')","0","0","0"
"('CH', 'Re-processing of secondary copper into new copper')","0","0","0"
"('CH', 'Re-processing of secondary other non-ferrous metals into new other non-ferrous metals')","0","0","0"
"('CH', 'Manufacture of machinery and equipment n.e.c. (29)')","0","0","0"
"('CH', 'Manufacture of electrical machinery and apparatus n.e.c. (31)')","0","0","0"
"('CH', 'Manufacture of radio, television and communication equipment and apparatus (32)')","0","0","0"
"('CH', 'Manufacture of medical, precision and optical instruments, watches and clocks (33)')","0","0","0"
"('CH', 'Recycling of bottles by direct reuse')","0","0","0"
"('CH', 'Production of electricity by coal')","0","0","0"
"('CH', 'Production of electricity by gas')","0","0","0"
"('CH', 'Production of electricity by wind')","0","0","0"
"('CH', 'Production of electricity by petroleum and other oil derivatives')","0","0","0"
"('CH', 'Production of electricity by biomass and waste')","0","0","0"
"('CH', 'Production of electricity by solar thermal')","0","0","0"
"('CH', 'Production of electricity by tide, wave, ocean')","0","0","0"
"('CH', 'Production of electricity by Geothermal')","0","0","0"
"('CH', 'Production of electricity nec')","0","0","0"
"('CH', 'Re-processing of secondary construction material into aggregates')","0","0","0"
"('CH', 'Activities auxiliary to financial intermediation (67)')","0","0","0"
"('CH', 'Renting of machinery and equipment without operator and of personal and household goods (71)')","0","0","0"
"('CH', 'Incineration of waste: Food')","0","0","0"
"('CH', 'Incineration of waste: Paper')","0","0","0"
"('CH', 'Incineration of waste: Plastic')","0","0","0"
"('CH', 'Incineration of waste: Metals and Inert materials')","0","0","0"
"('CH', 'Incineration of waste: Textiles')","0","0","0"
"('CH', 'Incineration of waste: Wood')","0","0","0"
"('CH', 'Incineration of waste: Oil/Hazardous waste')","0","0","0"
"('CH', 'Biogasification of food waste, incl. land application')","0","0","0"
"('CH', 'Biogasification of paper, incl. land application')","0","0","0"
"('CH', 'Biogasification of sewage slugde, incl. land application')","0","0","0"
"('CH', 'Composting of food waste, incl. land application')","0","0","0"
"('CH', 'Composting of paper and wood, incl. land application')","0","0","0"
"('CH', 'Waste water treatment, food')","0","0","0"
"('CH', 'Waste water treatment, other')","0","0","0"
"('CH', 'Landfill of waste: Food')","0","0","0"
"('CH', 'Landfill of waste: Paper')","0","0","0"
"('CH', 'Landfill of waste: Plastic')","0","0","0"
"('CH', 'Landfill of waste: Inert/metal/hazardous')","0","0","0"
"('CH', 'Landfill of waste: Textiles')","0","0","0"
"('CH', 'Landfill of waste: Wood')","0","0","0"
"('CH', 'Extra-territorial organizations and bodies')","0","0","0"
"('TR', 'Pigs farming')","0","0","0"
"('TR', 'Wool, silk-worm cocoons')","0","0","0"
"('TR', 'Manure treatment (conventional), storage and land application')","0","0","0"
"('TR', 'Manure treatment (biogas), storage and land application')","0","0","0"
"('TR', 'Mining of uranium and thorium ores (12)')","0","0","0"
"('TR', 'Mining of aluminium ores and concentrates')","0","0","0"
"('TR', 'Processing of meat pigs')","0","0","0"
"('TR', 'Re-processing of secondary wood material into new wood material')","0","0","0"
"('TR', 'Re-processing of secondary paper into new pulp')","0","0","0"
"('TR', 'Processing of nuclear fuel')","0","0","0"
"('TR', 'Re-processing of secondary plastic into new plastic')","0","0","0"
"('TR', 'Re-processing of secondary glass into new glass')","0","0","0"
"('TR', 'Re-processing of ash into clinker')","0","0","0"
"('TR', 'Re-processing of secondary preciuos metals into new preciuos metals')","0","0","0"
"('TR', 'Re-processing of secondary aluminium into new aluminium')","0","0","0"
"('TR', 'Re-processing of secondary lead into new lead, zinc and tin')","0","0","0"
"('TR', 'Re-processing of secondary copper into new copper')","0","0","0"
"('TR', 'Re-processing of secondary other non-ferrous metals into new other non-ferrous metals')","0","0","0"
"('TR', 'Manufacture of medical, precision and optical instruments, watches and clocks (33)')","0","0","0"
"('TR', 'Recycling of waste and scrap')","0","0","0"
"('TR', 'Recycling of bottles by direct reuse')","0","0","0"
"('TR', 'Production of electricity by nuclear')","0","0","0"
"('TR', 'Production of electricity by petroleum and other oil derivatives')","0","0","0"
"('TR', 'Production of electricity by solar thermal')","0","0","0"
"('TR', 'Production of electricity by tide, wave, ocean')","0","0","0"
"('TR', 'Production of electricity nec')","0","0","0"
"('TR', 'Collection, purification and distribution of water (41)')","0","0","0"
"('TR', 'Re-processing of secondary construction material into aggregates')","0","0","0"
"('TR', 'Renting of machinery and equipment without operator and of personal and household goods (71)')","0","0","0"
"('TR', 'Incineration of waste: Food')","0","0","0"
"('TR', 'Incineration of waste: Paper')","0","0","0"
"('TR', 'Incineration of waste: Plastic')","0","0","0"
"('TR', 'Incineration of waste: Metals and Inert materials')","0","0","0"
"('TR', 'Incineration of waste: Textiles')","0","0","0"
"('TR', 'Incineration of waste: Wood')","0","0","0"
"('TR', 'Incineration of waste: Oil/Hazardous waste')","0","0","0"
"('TR', 'Biogasification of food waste, incl. land application')","0","0","0"
"('TR', 'Biogasification of paper, incl. land application')","0","0","0"
"('TR', 'Biogasification of sewage slugde, incl. land application')","0","0","0"
"('TR', 'Composting of food waste, incl. land application')","0","0","0"
"('TR', 'Composting of paper and wood, incl. land application')","0","0","0"
"('TR', 'Waste water treatment, food')","0","0","0"
"('TR', 'Waste water treatment, other')","0","0","0"
"('TR', 'Landfill of waste: Food')","0","0","0"
"('TR', 'Landfill of waste: Paper')","0","0","0"
"('TR', 'Landfill of waste: Plastic')","0","0","0"
"('TR', 'Landfill of waste: Inert/metal/hazardous')","0","0","0"
"('TR', 'Landfill of waste: Textiles')","0","0","0"
"('TR', 'Landfill of waste: Wood')","0","0","0"
"('TR', 'Extra-territorial organizations and bodies')","0","0","0"
"('TW', 'Cultivation of plant-based fibers')","0","0","0"
"('TW', 'Wool, silk-worm cocoons')","0","0","0"
"('TW', 'Manure treatment (conventional), storage and land application')","0","0","0"
"('TW', 'Manure treatment (biogas), storage and land application')","0","0","0"
"('TW', 'Mining of coal and lignite; extraction of peat (10)')","0","0","0"
"('TW', 'Extraction of crude petroleum and services related to crude oil extraction, excluding surveying')","0","0","0"
"('TW', 'Extraction, liquefaction, and regasification of other petroleum and gaseous materials')","0","0","0"
"('TW', 'Mining of uranium and thorium ores (12)')","0","0","0"
"('TW', 'Mining of nickel ores and concentrates')","0","0","0"
"('TW', 'Re-processing of secondary wood material into new wood material')","0","0","0"
"('TW', 'Re-processing of secondary paper into new pulp')","0","0","0"
"('TW', 'Processing of nuclear fuel')","0","0","0"
"('TW', 'Re-processing of secondary plastic into new plastic')","0","0","0"
"('TW', 'N-fertiliser')","0","0","0"
"('TW', 'Re-processing of secondary glass into new glass')","0","0","0"
"('TW', 'Re-processing of ash into clinker')","0","0","0"
"('TW', 'Re-processing of secondary preciuos metals into new preciuos metals')","0","0","0"
"('TW', 'Re-processing of secondary aluminium into new aluminium')","0","0","0"
"('TW', 'Re-processing of secondary lead into new lead, zinc and tin')","0","0","0"
"('TW', 'Re-processing of secondary copper into new copper')","0","0","0"
"('TW', 'Re-processing of secondary other non-ferrous metals into new other non-ferrous metals')","0","0","0"
"('TW', 'Recycling of waste and scrap')","0","0","0"
"('TW', 'Recycling of bottles by direct reuse')","0","0","0"
"('TW', 'Production of electricity by wind')","0","0","0"
"('TW', 'Production of electricity by biomass and waste')","0","0","0"
"('TW', 'Production of electricity by solar thermal')","0","0","0"
"('TW', 'Production of electricity by tide, wave, ocean')","0","0","0"
"('TW', 'Production of electricity by Geothermal')","0","0","0"
"('TW', 'Production of electricity nec')","0","0","0"
"('TW', 'Collection, purification and distribution of water (41)')","0","0","0"
"('TW', 'Re-processing of secondary construction material into aggregates')","0","0","0"
"('TW', 'Renting of machinery and equipment without operator and of personal and household goods (71)')","0","0","0"
"('TW', 'Incineration of waste: Food')","0","0","0"
"('TW', 'Incineration of waste: Paper')","0","0","0"
"('TW', 'Incineration of waste: Plastic')","0","0","0"
"('TW', 'Incineration of waste: Metals and Inert materials')","0","0","0"
"('TW', 'Incineration of waste: Textiles')","0","0","0"
"('TW', 'Incineration of waste: Wood')","0","0","0"
"('TW', 'Incineration of waste: Oil/Hazardous waste')","0","0","0"
"('TW', 'Biogasification of food waste, incl. land application')","0","0","0"
"('TW', 'Biogasification of paper, incl. land application')","0","0","0"
"('TW', 'Biogasification of sewage slugde, incl. land application')","0","0","0"
"('TW', 'Composting of food waste, incl. land application')","0","0","0"
"('TW', 'Composting of paper and wood, incl. land application')","0","0","0"
"('TW', 'Waste water treatment, food')","0","0","0"
"('TW', 'Waste water treatment, other')","0","0","0"
"('TW', 'Landfill of waste: Food')","0","0","0"
"('TW', 'Landfill of waste: Paper')","0","0","0"
"('TW', 'Landfill of waste: Plastic')","0","0","0"
"('TW', 'Landfill of waste: Inert/metal/hazardous')","0","0","0"
"('TW', 'Landfill of waste: Textiles')","0","0","0"
"('TW', 'Landfill of waste: Wood')","0","0","0"
"('TW', 'Extra-territorial organizations and bodies')","0","0","0"
"('NO', 'Cultivation of paddy rice')","0","0","0"
"('NO', 'Cultivation of oil seeds')","0","0","0"
"('NO', 'Cultivation of sugar cane, sugar beet')","0","0","0"
"('NO', 'Cultivation of plant-based fibers')","0","0","0"
"('NO', 'Animal products nec')","0","0","0"
"('NO', 'Wool, silk-worm cocoons')","0","0","0"
"('NO', 'Manure treatment (conventional), storage and land application')","0","0","0"
"('NO', 'Manure treatment (biogas), storage and land application')","0","0","0"
"('NO', 'Extraction, liquefaction, and regasification of other petroleum and gaseous materials')","0","0","0"
"('NO', 'Mining of uranium and thorium ores (12)')","0","0","0"
"('NO', 'Mining of copper ores and concentrates')","0","0","0"
"('NO', 'Mining of nickel ores and concentrates')","0","0","0"
"('NO', 'Mining of aluminium ores and concentrates')","0","0","0"
"('NO', 'Mining of precious metal ores and concentrates')","0","0","0"
"('NO', 'Mining of lead, zinc and tin ores and concentrates')","0","0","0"
"('NO', 'Quarrying of stone')","0","0","0"
"('NO', 'Quarrying of sand and clay')","0","0","0"
"('NO', 'Mining of chemical and fertilizer minerals, production of salt, other mining and quarrying n.e.c.')","0","0","0"
"('NO', 'Processed rice')","0","0","0"
"('NO', 'Sugar refining')","0","0","0"
"('NO', 'Re-processing of secondary wood material into new wood material')","0","0","0"
"('NO', 'Re-processing of secondary paper into new pulp')","0","0","0"
"('NO', 'Manufacture of coke oven products')","0","0","0"
"('NO', 'Processing of nuclear fuel')","0","0","0"
"('NO', 'Re-processing of secondary plastic into new plastic')","0","0","0"
"('NO', 'Re-processing of secondary glass into new glass')","0","0","0"
"('NO', 'Re-processing of ash into clinker')","0","0","0"
"('NO', 'Manufacture of basic iron and steel and of ferro-alloys and first products thereof')","0","0","0"
"('NO', 'Re-processing of secondary preciuos metals into new preciuos metals')","0","0","0"
"('NO', 'Re-processing of secondary aluminium into new aluminium')","0","0","0"
"('NO', 'Re-processing of secondary lead into new lead, zinc and tin')","0","0","0"
"('NO', 'Re-processing of secondary copper into new copper')","0","0","0"
"('NO', 'Re-processing of secondary other non-ferrous metals into new other non-ferrous metals')","0","0","0"
"('NO', 'Manufacture of electrical machinery and apparatus n.e.c. (31)')","0","0","0"
"('NO', 'Manufacture of radio, television and communication equipment and apparatus (32)')","0","0","0"
"('NO', 'Manufacture of medical, precision and optical instruments, watches and clocks (33)')","0","0","0"
"('NO', 'Recycling of bottles by direct reuse')","0","0","0"
"('NO', 'Production of electricity by coal')","0","0","0"
"('NO', 'Production of electricity by nuclear')","0","0","0"
"('NO', 'Production of electricity by petroleum and other oil derivatives')","0","0","0"
"('NO', 'Production of electricity by biomass and waste')","0","0","0"
"('NO', 'Production of electricity by solar photovoltaic')","0","0","0"
"('NO', 'Production of electricity by solar thermal')","0","0","0"
"('NO', 'Production of electricity by tide, wave, ocean')","0","0","0"
"('NO', 'Production of electricity by Geothermal')","0","0","0"
"('NO', 'Production of electricity nec')","0","0","0"
"('NO', 'Re-processing of secondary construction material into aggregates')","0","0","0"
"('NO', 'Inland water transport')","0","0","0"
"('NO', 'Biogasification of food waste, incl. land application')","0","0","0"
"('NO', 'Biogasification of paper, incl. land application')","0","0","0"
"('NO', 'Biogasification of sewage slugde, incl. land application')","0","0","0"
"('NO', 'Composting of paper and wood, incl. land application')","0","0","0"
"('NO', 'Extra-territorial organizations and bodies')","0","0","0"
"('ID', 'Cultivation of wheat')","0","0","0"
"('ID', 'Cultivation of plant-based fibers')","0","0","0"
"('ID', 'Manure treatment (conventional), storage and land application')","0","0","0"
"('ID', 'Manure treatment (biogas), storage and land application')","0","0","0"
"('ID', 'Extraction, liquefaction, and regasification of other petroleum and gaseous materials')","0","0","0"
"('ID', 'Mining of uranium and thorium ores (12)')","0","0","0"
"('ID', 'Mining of iron ores')","0","0","0"
"('ID', 'Mining of nickel ores and concentrates')","0","0","0"
"('ID', 'Mining of aluminium ores and concentrates')","0","0","0"
"('ID', 'Mining of other non-ferrous metal ores and concentrates')","0","0","0"
"('ID', 'Quarrying of stone')","0","0","0"
"('ID', 'Quarrying of sand and clay')","0","0","0"
"('ID', 'Mining of chemical and fertilizer minerals, production of salt, other mining and quarrying n.e.c.')","0","0","0"
"('ID', 'Re-processing of secondary wood material into new wood material')","0","0","0"
"('ID', 'Re-processing of secondary paper into new pulp')","0","0","0"
"('ID', 'Manufacture of coke oven products')","0","0","0"
"('ID', 'Processing of nuclear fuel')","0","0","0"
"('ID', 'Re-processing of secondary plastic into new plastic')","0","0","0"
"('ID', 'N-fertiliser')","0","0","0"
"('ID', 'Re-processing of secondary glass into new glass')","0","0","0"
"('ID', 'Re-processing of ash into clinker')","0","0","0"
"('ID', 'Re-processing of secondary preciuos metals into new preciuos metals')","0","0","0"
"('ID', 'Re-processing of secondary aluminium into new aluminium')","0","0","0"
"('ID', 'Re-processing of secondary lead into new lead, zinc and tin')","0","0","0"
"('ID', 'Re-processing of secondary copper into new copper')","0","0","0"
"('ID', 'Re-processing of secondary other non-ferrous metals into new other non-ferrous metals')","0","0","0"
"('ID', 'Manufacture of machinery and equipment n.e.c. (29)')","0","0","0"
"('ID', 'Recycling of waste and scrap')","0","0","0"
"('ID', 'Recycling of bottles by direct reuse')","0","0","0"
"('ID', 'Production of electricity by nuclear')","0","0","0"
"('ID', 'Production of electricity by biomass and waste')","0","0","0"
"('ID', 'Production of electricity by solar photovoltaic')","0","0","0"
"('ID', 'Production of electricity by solar thermal')","0","0","0"
"('ID', 'Production of electricity by tide, wave, ocean')","0","0","0"
"('ID', 'Production of electricity nec')","0","0","0"
"('ID', 'Steam and hot water supply')","0","0","0"
"('ID', 'Collection, purification and distribution of water (41)')","0","0","0"
"('ID', 'Re-processing of secondary construction material into aggregates')","0","0","0"
"('ID', 'Renting of machinery and equipment without operator and of personal and household goods (71)')","0","0","0"
"('ID', 'Incineration of waste: Food')","0","0","0"
"('ID', 'Incineration of waste: Paper')","0","0","0"
"('ID', 'Incineration of waste: Plastic')","0","0","0"
"('ID', 'Incineration of waste: Metals and Inert materials')","0","0","0"
"('ID', 'Incineration of waste: Textiles')","0","0","0"
"('ID', 'Incineration of waste: Wood')","0","0","0"
"('ID', 'Incineration of waste: Oil/Hazardous waste')","0","0","0"
"('ID', 'Biogasification of food waste, incl. land application')","0","0","0"
"('ID', 'Biogasification of paper, incl. land application')","0","0","0"
"('ID', 'Biogasification of sewage slugde, incl. land application')","0","0","0"
"('ID', 'Composting of food waste, incl. land application')","0","0","0"
"('ID', 'Composting of paper and wood, incl. land application')","0","0","0"
"('ID', 'Waste water treatment, food')","0","0","0"
"('ID', 'Waste water treatment, other')","0","0","0"
"('ID', 'Landfill of waste: Food')","0","0","0"
"('ID', 'Landfill of waste: Paper')","0","0","0"
"('ID', 'Landfill of waste: Plastic')","0","0","0"
"('ID', 'Landfill of waste: Inert/metal/hazardous')","0","0","0"
"('ID', 'Landfill of waste: Textiles')","0","0","0"
"('ID', 'Landfill of waste: Wood')","0","0","0"
"('ID', 'Extra-territorial organizations and bodies')","0","0","0"
"('ZA', 'Cultivation of paddy rice')","0","0","0"
"('ZA', 'Animal products nec')","0","0","0"
"('ZA', 'Manure treatment (conventional), storage and land application')","0","0","0"
"('ZA', 'Manure treatment (biogas), storage and land application')","0","0","0"
"('ZA', 'Mining of uranium and thorium ores (12)')","0","0","0"
"('ZA', 'Mining of iron ores')","0","0","0"
"('ZA', 'Mining of copper ores and concentrates')","0","0","0"
"('ZA', 'Mining of nickel ores and concentrates')","0","0","0"
"('ZA', 'Mining of aluminium ores and concentrates')","0","0","0"
"('ZA', 'Mining of lead, zinc and tin ores and concentrates')","0","0","0"
"('ZA', 'Quarrying of stone')","0","0","0"
"('ZA', 'Quarrying of sand and clay')","0","0","0"
"('ZA', 'Mining of chemical and fertilizer minerals, production of salt, other mining and quarrying n.e.c.')","0","0","0"
"('ZA', 'Processed rice')","0","0","0"
"('ZA', 'Re-processing of secondary wood material into new wood material')","0","0","0"
"('ZA', 'Re-processing of secondary paper into new pulp')","0","0","0"
"('ZA', 'Processing of nuclear fuel')","0","0","0"
"('ZA', 'Re-processing of secondary plastic into new plastic')","0","0","0"
"('ZA', 'Re-processing of secondary glass into new glass')","0","0","0"
"('ZA', 'Re-processing of ash into clinker')","0","0","0"
"('ZA', 'Re-processing of secondary preciuos metals into new preciuos metals')","0","0","0"
"('ZA', 'Re-processing of secondary aluminium into new aluminium')","0","0","0"
"('ZA', 'Re-processing of secondary lead into new lead, zinc and tin')","0","0","0"
"('ZA', 'Re-processing of secondary copper into new copper')","0","0","0"
"('ZA', 'Re-processing of secondary other non-ferrous metals into new other non-ferrous metals')","0","0","0"
"('ZA', 'Manufacture of machinery and equipment n.e.c. (29)')","0","0","0"
"('ZA', 'Recycling of waste and scrap')","0","0","0"
"('ZA', 'Recycling of bottles by direct reuse')","0","0","0"
"('ZA', 'Production of electricity by gas')","0","0","0"
"('ZA', 'Production of electricity by hydro')","0","0","0"
"('ZA', 'Production of electricity by petroleum and other oil derivatives')","0","0","0"
"('ZA', 'Production of electricity by biomass and waste')","0","0","0"
"('ZA', 'Production of electricity by tide, wave, ocean')","0","0","0"
"('ZA', 'Production of electricity by Geothermal')","0","0","0"
"('ZA', 'Production of electricity nec')","0","0","0"
"('ZA', 'Steam and hot water supply')","0","0","0"
"('ZA', 'Collection, purification and distribution of water (41)')","0","0","0"
"('ZA', 'Re-processing of secondary construction material into aggregates')","0","0","0"
"('ZA', 'Renting of machinery and equipment without operator and of personal and household goods (71)')","0","0","0"
"('ZA', 'Incineration of waste: Food')","0","0","0"
"('ZA', 'Incineration of waste: Paper')","0","0","0"
"('ZA', 'Incineration of waste: Plastic')","0","0","0"
"('ZA', 'Incineration of waste: Metals and Inert materials')","0","0","0"
"('ZA', 'Incineration of waste: Textiles')","0","0","0"
"('ZA', 'Incineration of waste: Wood')","0","0","0"
"('ZA', 'Incineration of waste: Oil/Hazardous waste')","0","0","0"
"('ZA', 'Biogasification of food waste, incl. land application')","0","0","0"
"('ZA', 'Biogasification of paper, incl. land application')","0","0","0"
"('ZA', 'Biogasification of sewage slugde, incl. land application')","0","0","0"
"('ZA', 'Composting of food waste, incl. land application')","0","0","0"
"('ZA', 'Composting of paper and wood, incl. land application')","0","0","0"
"('ZA', 'Waste water treatment, food')","0","0","0"
"('ZA', 'Waste water treatment, other')","0","0","0"
"('ZA', 'Landfill of waste: Food')","0","0","0"
"('ZA', 'Landfill of waste: Paper')","0","0","0"
"('ZA', 'Landfill of waste: Plastic')","0","0","0"
"('ZA', 'Landfill of waste: Inert/metal/hazardous')","0","0","0"
"('ZA', 'Landfill of waste: Textiles')","0","0","0"
"('ZA', 'Landfill of waste: Wood')","0","0","0"
"('ZA', 'Extra-territorial organizations and bodies')","0","0","0"
"('WA', 'Manure treatment (conventional), storage and land application')","0","0","0"
"('WA', 'Manure treatment (biogas), storage and land application')","0","0","0"
"('WA', 'Mining of uranium and thorium ores (12)')","0","0","0"
"('WA', 'Mining of iron ores')","0","0","0"
"('WA', 'Mining of copper ores and concentrates')","0","0","0"
"('WA', 'Mining of nickel ores and concentrates')","0","0","0"
"('WA', 'Mining of aluminium ores and concentrates')","0","0","0"
"('WA', 'Mining of precious metal ores and concentrates')","0","0","0"
"('WA', 'Mining of lead, zinc and tin ores and concentrates')","0","0","0"
"('WA', 'Mining of other non-ferrous metal ores and concentrates')","0","0","0"
"('WA', 'Quarrying of stone')","0","0","0"
"('WA', 'Quarrying of sand and clay')","0","0","0"
"('WA', 'Mining of chemical and fertilizer minerals, production of salt, other mining and quarrying n.e.c.')","0","0","0"
"('WA', 'Re-processing of secondary wood material into new wood material')","0","0","0"
"('WA', 'Re-processing of secondary paper into new pulp')","0","0","0"
"('WA', 'Processing of nuclear fuel')","0","0","0"
"('WA', 'Re-processing of secondary plastic into new plastic')","0","0","0"
"('WA', 'Re-processing of secondary glass into new glass')","0","0","0"
"('WA', 'Re-processing of ash into clinker')","0","0","0"
"('WA', 'Re-processing of secondary steel into new steel')","0","0","0"
"('WA', 'Re-processing of secondary preciuos metals into new preciuos metals')","0","0","0"
"('WA', 'Re-processing of secondary aluminium into new aluminium')","0","0","0"
"('WA', 'Re-processing of secondary lead into new lead, zinc and tin')","0","0","0"
"('WA', 'Re-processing of secondary copper into new copper')","0","0","0"
"('WA', 'Re-processing of secondary other non-ferrous metals into new other non-ferrous metals')","0","0","0"
"('WA', 'Manufacture of machinery and equipment n.e.c. (29)')","0","0","0"
"('WA', 'Recycling of waste and scrap')","0","0","0"
"('WA', 'Recycling of bottles by direct reuse')","0","0","0"
"('WA', 'Production of electricity by solar thermal')","0","0","0"
"('WA', 'Production of electricity by tide, wave, ocean')","0","0","0"
"('WA', 'Production of electricity nec')","0","0","0"
"('WA', 'Collection, purification and distribution of water (41)')","0","0","0"
"('WA', 'Re-processing of secondary construction material into aggregates')","0","0","0"
"('WA', 'Renting of machinery and equipment without operator and of personal and household goods (71)')","0","0","0"
"('WA', 'Incineration of waste: Food')","0","0","0"
"('WA', 'Incineration of waste: Paper')","0","0","0"
"('WA', 'Incineration of waste: Plastic')","0","0","0"
"('WA', 'Incineration of waste: Metals and Inert materials')","0","0","0"
"('WA', 'Incineration of waste: Textiles')","0","0","0"
"('WA', 'Incineration of waste: Wood')","0","0","0"
"('WA', 'Incineration of waste: Oil/Hazardous waste')","0","0","0"
"('WA', 'Biogasification of food waste, incl. land application')","0","0","0"
"('WA', 'Biogasification of paper, incl. land application')","0","0","0"
"('WA', 'Biogasification of sewage slugde, incl. land application')","0","0","0"
"('WA', 'Composting of food waste, incl. land application')","0","0","0"
"('WA', 'Composting of paper and wood, incl. land application')","0","0","0"
"('WA', 'Waste water treatment, food')","0","0","0"
"('WA', 'Waste water treatment, other')","0","0","0"
"('WA', 'Landfill of waste: Food')","0","0","0"
"('WA', 'Landfill of waste: Paper')","0","0","0"
"('WA', 'Landfill of waste: Plastic')","0","0","0"
"('WA', 'Landfill of waste: Inert/metal/hazardous')","0","0","0"
"('WA', 'Landfill of waste: Textiles')","0","0","0"
"('WA', 'Landfill of waste: Wood')","0","0","0"
"('WA', 'Extra-territorial organizations and bodies')","0","0","0"
"('WL', 'Manure treatment (conventional), storage and land application')","0","0","0"
"('WL', 'Manure treatment (biogas), storage and land application')","0","0","0"
"('WL', 'Extraction, liquefaction, and regasification of other petroleum and gaseous materials')","0","0","0"
"('WL', 'Mining of uranium and thorium ores (12)')","0","0","0"
"('WL', 'Mining of nickel ores and concentrates')","0","0","0"
"('WL', 'Mining of aluminium ores and concentrates')","0","0","0"
"('WL', 'Mining of precious metal ores and concentrates')","0","0","0"
"('WL', 'Mining of lead, zinc and tin ores and concentrates')","0","0","0"
"('WL', 'Mining of other non-ferrous metal ores and concentrates')","0","0","0"
"('WL', 'Quarrying of stone')","0","0","0"
"('WL', 'Quarrying of sand and clay')","0","0","0"
"('WL', 'Mining of chemical and fertilizer minerals, production of salt, other mining and quarrying n.e.c.')","0","0","0"
"('WL', 'Re-processing of secondary wood material into new wood material')","0","0","0"
"('WL', 'Re-processing of secondary paper into new pulp')","0","0","0"
"('WL', 'Processing of nuclear fuel')","0","0","0"
"('WL', 'Re-processing of secondary plastic into new plastic')","0","0","0"
"('WL', 'Re-processing of secondary glass into new glass')","0","0","0"
"('WL', 'Re-processing of ash into clinker')","0","0","0"
"('WL', 'Re-processing of secondary steel into new steel')","0","0","0"
"('WL', 'Re-processing of secondary preciuos metals into new preciuos metals')","0","0","0"
"('WL', 'Re-processing of secondary aluminium into new aluminium')","0","0","0"
"('WL', 'Re-processing of secondary lead into new lead, zinc and tin')","0","0","0"
"('WL', 'Re-processing of secondary copper into new copper')","0","0","0"
"('WL', 'Re-processing of secondary other non-ferrous metals into new other non-ferrous metals')","0","0","0"
"('WL', 'Manufacture of machinery and equipment n.e.c. (29)')","0","0","0"
"('WL', 'Recycling of waste and scrap')","0","0","0"
"('WL', 'Recycling of bottles by direct reuse')","0","0","0"
"('WL', 'Production of electricity by biomass and waste')","0","0","0"
"('WL', 'Production of electricity by solar thermal')","0","0","0"
"('WL', 'Production of electricity by tide, wave, ocean')","0","0","0"
"('WL', 'Production of electricity nec')","0","0","0"
"('WL', 'Steam and hot water supply')","0","0","0"
"('WL', 'Collection, purification and distribution of water (41)')","0","0","0"
"('WL', 'Re-processing of secondary construction material into aggregates')","0","0","0"
"('WL', 'Renting of machinery and equipment without operator and of personal and household goods (71)')","0","0","0"
"('WL', 'Incineration of waste: Food')","0","0","0"
"('WL', 'Incineration of waste: Paper')","0","0","0"
"('WL', 'Incineration of waste: Plastic')","0","0","0"
"('WL', 'Incineration of waste: Metals and Inert materials')","0","0","0"
"('WL', 'Incineration of waste: Textiles')","0","0","0"
"('WL', 'Incineration of waste: Wood')","0","0","0"
"('WL', 'Incineration of waste: Oil/Hazardous waste')","0","0","0"
"('WL', 'Biogasification of food waste, incl. land application')","0","0","0"
"('WL', 'Biogasification of paper, incl. land application')","0","0","0"
"('WL', 'Biogasification of sewage slugde, incl. land application')","0","0","0"
"('WL', 'Composting of food waste, incl. land application')","0","0","0"
"('WL', 'Composting of paper and wood, incl. land application')","0","0","0"
"('WL', 'Waste water treatment, food')","0","0","0"
"('WL', 'Waste water treatment, other')","0","0","0"
"('WL', 'Landfill of waste: Food')","0","0","0"
"('WL', 'Landfill of waste: Paper')","0","0","0"
"('WL', 'Landfill of waste: Plastic')","0","0","0"
"('WL', 'Landfill of waste: Inert/metal/hazardous')","0","0","0"
"('WL', 'Landfill of waste: Textiles')","0","0","0"
"('WL', 'Landfill of waste: Wood')","0","0","0"
"('WL', 'Extra-territorial organizations and bodies')","0","0","0"
"('WE', 'Cultivation of paddy rice')","0","0","0"
"('WE', 'Cultivation of plant-based fibers')","0","0","0"
"('WE', 'Cultivation of crops nec')","0","0","0"
"('WE', 'Animal products nec')","0","0","0"
"('WE', 'Wool, silk-worm cocoons')","0","0","0"
"('WE', 'Manure treatment (conventional), storage and land application')","0","0","0"
"('WE', 'Manure treatment (biogas), storage and land application')","0","0","0"
"('WE', 'Forestry, logging and related service activities (02)')","0","0","0"
"('WE', 'Mining of uranium and thorium ores (12)')","0","0","0"
"('WE', 'Mining of aluminium ores and concentrates')","0","0","0"
"('WE', 'Mining of precious metal ores and concentrates')","0","0","0"
"('WE', 'Mining of lead, zinc and tin ores and concentrates')","0","0","0"
"('WE', 'Mining of other non-ferrous metal ores and concentrates')","0","0","0"
"('WE', 'Mining of chemical and fertilizer minerals, production of salt, other mining and quarrying n.e.c.')","0","0","0"
"('WE', 'Re-processing of secondary wood material into new wood material')","0","0","0"
"('WE', 'Re-processing of secondary paper into new pulp')","0","0","0"
"('WE', 'Processing of nuclear fuel')","0","0","0"
"('WE', 'Re-processing of secondary plastic into new plastic')","0","0","0"
"('WE', 'Re-processing of secondary glass into new glass')","0","0","0"
"('WE', 'Re-processing of ash into clinker')","0","0","0"
"('WE', 'Re-processing of secondary steel into new steel')","0","0","0"
"('WE', 'Re-processing of secondary preciuos metals into new preciuos metals')","0","0","0"
"('WE', 'Re-processing of secondary aluminium into new aluminium')","0","0","0"
"('WE', 'Re-processing of secondary lead into new lead, zinc and tin')","0","0","0"
"('WE', 'Re-processing of secondary copper into new copper')","0","0","0"
"('WE', 'Re-processing of secondary other non-ferrous metals into new other non-ferrous metals')","0","0","0"
"('WE', 'Manufacture of machinery and equipment n.e.c. (29)')","0","0","0"
"('WE', 'Recycling of waste and scrap')","0","0","0"
"('WE', 'Recycling of bottles by direct reuse')","0","0","0"
"('WE', 'Production of electricity by biomass and waste')","0","0","0"
"('WE', 'Production of electricity by solar thermal')","0","0","0"
"('WE', 'Production of electricity by tide, wave, ocean')","0","0","0"
"('WE', 'Production of electricity nec')","0","0","0"
"('WE', 'Collection, purification and distribution of water (41)')","0","0","0"
"('WE', 'Re-processing of secondary construction material into aggregates')","0","0","0"
"('WE', 'Renting of machinery and equipment without operator and of personal and household goods (71)')","0","0","0"
"('WE', 'Incineration of waste: Food')","0","0","0"
"('WE', 'Incineration of waste: Paper')","0","0","0"
"('WE', 'Incineration of waste: Plastic')","0","0","0"
"('WE', 'Incineration of waste: Metals and Inert materials')","0","0","0"
"('WE', 'Incineration of waste: Textiles')","0","0","0"
"('WE', 'Incineration of waste: Wood')","0","0","0"
"('WE', 'Incineration of waste: Oil/Hazardous waste')","0","0","0"
"('WE', 'Biogasification of food waste, incl. land application')","0","0","0"
"('WE', 'Biogasification of paper, incl. land application')","0","0","0"
"('WE', 'Biogasification of sewage slugde, incl. land application')","0","0","0"
"('WE', 'Composting of food waste, incl. land application')","0","0","0"
"('WE', 'Composting of paper and wood, incl. land application')","0","0","0"
"('WE', 'Waste water treatment, food')","0","0","0"
"('WE', 'Waste water treatment, other')","0","0","0"
"('WE', 'Landfill of waste: Food')","0","0","0"
"('WE', 'Landfill of waste: Paper')","0","0","0"
"('WE', 'Landfill of waste: Plastic')","0","0","0"
"('WE', 'Landfill of waste: Inert/metal/hazardous')","0","0","0"
"('WE', 'Landfill of waste: Textiles')","0","0","0"
"('WE', 'Landfill of waste: Wood')","0","0","0"
"('WE', 'Extra-territorial organizations and bodies')","0","0","0"
"('WF', 'Manure treatment (conventional), storage and land application')","0","0","0"
"('WF', 'Manure treatment (biogas), storage and land application')","0","0","0"
"('WF', 'Mining of iron ores')","0","0","0"
"('WF', 'Mining of copper ores and concentrates')","0","0","0"
"('WF', 'Mining of nickel ores and concentrates')","0","0","0"
"('WF', 'Mining of lead, zinc and tin ores and concentrates')","0","0","0"
"('WF', 'Mining of other non-ferrous metal ores and concentrates')","0","0","0"
"('WF', 'Quarrying of stone')","0","0","0"
"('WF', 'Mining of chemical and fertilizer minerals, production of salt, other mining and quarrying n.e.c.')","0","0","0"
"('WF', 'Re-processing of secondary wood material into new wood material')","0","0","0"
"('WF', 'Re-processing of secondary paper into new pulp')","0","0","0"
"('WF', 'Processing of nuclear fuel')","0","0","0"
"('WF', 'Re-processing of secondary plastic into new plastic')","0","0","0"
"('WF', 'Re-processing of secondary glass into new glass')","0","0","0"
"('WF', 'Re-processing of ash into clinker')","0","0","0"
"('WF', 'Re-processing of secondary preciuos metals into new preciuos metals')","0","0","0"
"('WF', 'Re-processing of secondary aluminium into new aluminium')","0","0","0"
"('WF', 'Re-processing of secondary lead into new lead, zinc and tin')","0","0","0"
"('WF', 'Re-processing of secondary copper into new copper')","0","0","0"
"('WF', 'Re-processing of secondary other non-ferrous metals into new other non-ferrous metals')","0","0","0"
"('WF', 'Manufacture of machinery and equipment n.e.c. (29)')","0","0","0"
"('WF', 'Recycling of waste and scrap')","0","0","0"
"('WF', 'Recycling of bottles by direct reuse')","0","0","0"
"('WF', 'Production of electricity by nuclear')","0","0","0"
"('WF', 'Production of electricity by biomass and waste')","0","0","0"
"('WF', 'Production of electricity by tide, wave, ocean')","0","0","0"
"('WF', 'Production of electricity nec')","0","0","0"
"('WF', 'Steam and hot water supply')","0","0","0"
"('WF', 'Collection, purification and distribution of water (41)')","0","0","0"
"('WF', 'Re-processing of secondary construction material into aggregates')","0","0","0"
"('WF', 'Renting of machinery and equipment without operator and of personal and household goods (71)')","0","0","0"
"('WF', 'Incineration of waste: Food')","0","0","0"
"('WF', 'Incineration of waste: Paper')","0","0","0"
"('WF', 'Incineration of waste: Plastic')","0","0","0"
"('WF', 'Incineration of waste: Metals and Inert materials')","0","0","0"
"('WF', 'Incineration of waste: Textiles')","0","0","0"
"('WF', 'Incineration of waste: Wood')","0","0","0"
"('WF', 'Incineration of waste: Oil/Hazardous waste')","0","0","0"
"('WF', 'Biogasification of food waste, incl. land application')","0","0","0"
"('WF', 'Biogasification of paper, incl. land application')","0","0","0"
"('WF', 'Biogasification of sewage slugde, incl. land application')","0","0","0"
"('WF', 'Composting of food waste, incl. land application')","0","0","0"
"('WF', 'Composting of paper and wood, incl. land application')","0","0","0"
"('WF', 'Waste water treatment, food')","0","0","0"
"('WF', 'Waste water treatment, other')","0","0","0"
"('WF', 'Landfill of waste: Food')","0","0","0"
"('WF', 'Landfill of waste: Paper')","0","0","0"
"('WF', 'Landfill of waste: Plastic')","0","0","0"
"('WF', 'Landfill of waste: Inert/metal/hazardous')","0","0","0"
"('WF', 'Landfill of waste: Textiles')","0","0","0"
"('WF', 'Landfill of waste: Wood')","0","0","0"
"('WF', 'Extra-territorial organizations and bodies')","0","0","0"
"('WM', 'Manure treatment (conventional), storage and land application')","0","0","0"
"('WM', 'Manure treatment (biogas), storage and land application')","0","0","0"
"('WM', 'Mining of uranium and thorium ores (12)')","0","0","0"
"('WM', 'Mining of iron ores')","0","0","0"
"('WM', 'Mining of nickel ores and concentrates')","0","0","0"
"('WM', 'Mining of aluminium ores and concentrates')","0","0","0"
"('WM', 'Mining of precious metal ores and concentrates')","0","0","0"
"('WM', 'Mining of lead, zinc and tin ores and concentrates')","0","0","0"
"('WM', 'Mining of other non-ferrous metal ores and concentrates')","0","0","0"
"('WM', 'Quarrying of stone')","0","0","0"
"('WM', 'Quarrying of sand and clay')","0","0","0"
"('WM', 'Mining of chemical and fertilizer minerals, production of salt, other mining and quarrying n.e.c.')","0","0","0"
"('WM', 'Re-processing of secondary wood material into new wood material')","0","0","0"
"('WM', 'Re-processing of secondary paper into new pulp')","0","0","0"
"('WM', 'Processing of nuclear fuel')","0","0","0"
"('WM', 'Re-processing of secondary plastic into new plastic')","0","0","0"
"('WM', 'Re-processing of secondary glass into new glass')","0","0","0"
"('WM', 'Re-processing of ash into clinker')","0","0","0"
"('WM', 'Re-processing of secondary preciuos metals into new preciuos metals')","0","0","0"
"('WM', 'Re-processing of secondary aluminium into new aluminium')","0","0","0"
"('WM', 'Re-processing of secondary lead into new lead, zinc and tin')","0","0","0"
"('WM', 'Re-processing of secondary copper into new copper')","0","0","0"
"('WM', 'Re-processing of secondary other non-ferrous metals into new other non-ferrous metals')","0","0","0"
"('WM', 'Manufacture of machinery and equipment n.e.c. (29)')","0","0","0"
"('WM', 'Recycling of waste and scrap')","0","0","0"
"('WM', 'Recycling of bottles by direct reuse')","0","0","0"
"('WM', 'Production of electricity by biomass and waste')","0","0","0"
"('WM', 'Production of electricity by solar thermal')","0","0","0"
"('WM', 'Production of electricity by tide, wave, ocean')","0","0","0"
"('WM', 'Production of electricity by Geothermal')","0","0","0"
"('WM', 'Production of electricity nec')","0","0","0"
"('WM', 'Steam and hot water supply')","0","0","0"
"('WM', 'Re-processing of secondary construction material into aggregates')","0","0","0"
"('WM', 'Renting of machinery and equipment without operator and of personal and household goods (71)')","0","0","0"
"('WM', 'Incineration of waste: Food')","0","0","0"
"('WM', 'Incineration of waste: Paper')","0","0","0"
"('WM', 'Incineration of waste: Plastic')","0","0","0"
"('WM', 'Incineration of waste: Metals and Inert materials')","0","0","0"
"('WM', 'Incineration of waste: Textiles')","0","0","0"
"('WM', 'Incineration of waste: Wood')","0","0","0"
"('WM', 'Incineration of waste: Oil/Hazardous waste')","0","0","0"
"('WM', 'Biogasification of food waste, incl. land application')","0","0","0"
"('WM', 'Biogasification of paper, incl. land application')","0","0","0"
"('WM', 'Biogasification of sewage slugde, incl. land application')","0","0","0"
"('WM', 'Composting of food waste, incl. land application')","0","0","0"
"('WM', 'Composting of paper and wood, incl. land application')","0","0","0"
"('WM', 'Waste water treatment, food')","0","0","0"
"('WM', 'Waste water treatment, other')","0","0","0"
"('WM', 'Landfill of waste: Food')","0","0","0"
"('WM', 'Landfill of waste: Paper')","0","0","0"
"('WM', 'Landfill of waste: Plastic')","0","0","0"
"('WM', 'Landfill of waste: Inert/metal/hazardous')","0","0","0"
"('WM', 'Landfill of waste: Textiles')","0","0","0"
"('WM', 'Landfill of waste: Wood')","0","0","0"
"('WM', 'Extra-territorial organizations and bodies')","0","0","0"
